{
  "type": "FeatureCollection",
  "features": [
    {
      "id": "feature_00",
      "type": "Feature",
      "properties": {
        "id": "LK-11",
        "name": "Colombo",
        "area_sqkm": 688.17,
        "center_lat": 6.869822,
        "center_lng": 80.018487,
        "province_id": "LK-1",
        "ed_id": "EC-01",
        "pd_id": null
      },
      "geometry": {
        "type": "Polygon",
        "coordinates": [
          [
            [
              80.1793,
              6.9776
            ],
            [
              80.1241,
              6.9745
            ],
            [
              80.0987,
              6.9516
            ],
            [
              80.0933,
              6.9124
            ],
            [
              80.0599,
              6.907
            ],
            [
              80.0201,
              6.9247
            ],
            [
              80.0133,
              6.947
            ],
            [
              79.9856,
              6.9354
            ],
            [
              79.9001,
              6.9473
            ],
            [
              79.8797,
              6.9574
            ],
            [
              79.8839,
              6.9784
            ],
            [
              79.8692,
              6.9781
            ],
            [
              79.8473,
              6.938
            ],
            [
              79.8399,
              6.9608
            ],
            [
              79.8422,
              6.9458
            ],
            [
              79.8238,
              6.9446
            ],
            [
              79.8303,
              6.9655
            ],
            [
              79.8227,
              6.9577
            ],
            [
              79.8201,
              6.9317
            ],
            [
              79.8431,
              6.928
            ],
            [
              79.9011,
              6.7153
            ],
            [
              79.8889,
              6.7762
            ],
            [
              79.927,
              6.7475
            ],
            [
              79.9978,
              6.7705
            ],
            [
              79.9977,
              6.7704
            ],
            [
              79.9978,
              6.7705
            ],
            [
              80.0362,
              6.8064
            ],
            [
              80.0617,
              6.7904
            ],
            [
              80.0761,
              6.8158
            ],
            [
              80.0907,
              6.811
            ],
            [
              80.0908,
              6.811
            ],
            [
              80.0907,
              6.811
            ],
            [
              80.1022,
              6.7855
            ],
            [
              80.1021,
              6.7855
            ],
            [
              80.1022,
              6.7855
            ],
            [
              80.1234,
              6.7708
            ],
            [
              80.1164,
              6.8054
            ],
            [
              80.1489,
              6.8265
            ],
            [
              80.1777,
              6.8159
            ],
            [
              80.203,
              6.8225
            ],
            [
              80.1948,
              6.8515
            ],
            [
              80.1756,
              6.8578
            ],
            [
              80.1847,
              6.8871
            ],
            [
              80.1847,
              6.887
            ],
            [
              80.1847,
              6.8871
            ],
            [
              80.2111,
              6.9168
            ],
            [
              80.2082,
              6.9377
            ],
            [
              80.2239,
              6.9416
            ],
            [
              80.2172,
              6.9751
            ],
            [
              80.1793,
              6.9776
            ]
          ]
        ]
      }
    },
    {
      "id": "feature_01",
      "type": "Feature",
      "properties": {
        "id": "LK-12",
        "name": "Gampaha",
        "area_sqkm": 1385.23,
        "center_lat": 7.123406,
        "center_lng": 80.018206,
        "province_id": "LK-1",
        "ed_id": "EC-02",
        "pd_id": null
      },
      "geometry": {
        "type": "Polygon",
        "coordinates": [
          [
            [
              80.196,
              7.2582
            ],
            [
              80.1245,
              7.3303
            ],
            [
              80.0591,
              7.2838
            ],
            [
              80.0078,
              7.3218
            ],
            [
              79.9416,
              7.2762
            ],
            [
              79.841,
              7.2729
            ],
            [
              79.8337,
              7.1993
            ],
            [
              79.8169,
              7.2031
            ],
            [
              79.8692,
              6.9781
            ],
            [
              79.8839,
              6.9784
            ],
            [
              79.8797,
              6.9574
            ],
            [
              79.9001,
              6.9473
            ],
            [
              79.9856,
              6.9354
            ],
            [
              80.0133,
              6.947
            ],
            [
              80.0201,
              6.9247
            ],
            [
              80.0599,
              6.907
            ],
            [
              80.0933,
              6.9124
            ],
            [
              80.0987,
              6.9516
            ],
            [
              80.1241,
              6.9745
            ],
            [
              80.1793,
              6.9776
            ],
            [
              80.1643,
              7.0586
            ],
            [
              80.2128,
              7.1314
            ],
            [
              80.163,
              7.1255
            ],
            [
              80.1462,
              7.1891
            ],
            [
              80.1739,
              7.194
            ],
            [
              80.1739,
              7.1939
            ],
            [
              80.1739,
              7.194
            ],
            [
              80.196,
              7.2582
            ]
          ],
          [
            [
              80.1612,
              7.1985
            ],
            [
              80.1606,
              7.2026
            ],
            [
              80.1669,
              7.2019
            ],
            [
              80.1671,
              7.2001
            ],
            [
              80.1612,
              7.1985
            ]
          ]
        ]
      }
    },
    {
      "id": "feature_02",
      "type": "Feature",
      "properties": {
        "id": "LK-13",
        "name": "Kalutara",
        "area_sqkm": 1646.99,
        "center_lat": 6.577185,
        "center_lng": 80.127744,
        "province_id": "LK-1",
        "ed_id": "EC-03",
        "pd_id": null
      },
      "geometry": {
        "type": "MultiPolygon",
        "coordinates": [
          [
            [
              [
                80.1777,
                6.8159
              ],
              [
                80.1489,
                6.8265
              ],
              [
                80.1164,
                6.8054
              ],
              [
                80.1234,
                6.7708
              ],
              [
                80.1022,
                6.7855
              ],
              [
                80.1021,
                6.7855
              ],
              [
                80.1022,
                6.7855
              ],
              [
                80.0907,
                6.811
              ],
              [
                80.0908,
                6.811
              ],
              [
                80.0907,
                6.811
              ],
              [
                80.0761,
                6.8158
              ],
              [
                80.0617,
                6.7904
              ],
              [
                80.0362,
                6.8064
              ],
              [
                79.9978,
                6.7705
              ],
              [
                79.9977,
                6.7704
              ],
              [
                79.9978,
                6.7705
              ],
              [
                79.927,
                6.7475
              ],
              [
                79.8889,
                6.7762
              ],
              [
                79.9011,
                6.7153
              ],
              [
                79.9801,
                6.5165
              ],
              [
                79.9733,
                6.4701
              ],
              [
                79.9855,
                6.4436
              ],
              [
                79.9981,
                6.4263
              ],
              [
                80.0129,
                6.4366
              ],
              [
                80.069,
                6.3982
              ],
              [
                80.0883,
                6.4007
              ],
              [
                80.1308,
                6.3657
              ],
              [
                80.1901,
                6.3546
              ],
              [
                80.2179,
                6.3803
              ],
              [
                80.239,
                6.377
              ],
              [
                80.2956,
                6.3249
              ],
              [
                80.2915,
                6.3942
              ],
              [
                80.3809,
                6.4261
              ],
              [
                80.3057,
                6.5382
              ],
              [
                80.3041,
                6.5955
              ],
              [
                80.255,
                6.6271
              ],
              [
                80.2496,
                6.6584
              ],
              [
                80.2161,
                6.6914
              ],
              [
                80.1777,
                6.8159
              ]
            ]
          ],
          [
            [
              [
                79.9708,
                6.4722
              ],
              [
                79.9701,
                6.4723
              ],
              [
                79.9703,
                6.4706
              ],
              [
                79.9709,
                6.4708
              ],
              [
                79.9708,
                6.4722
              ]
            ]
          ],
          [
            [
              [
                79.9716,
                6.4698
              ],
              [
                79.9713,
                6.4694
              ],
              [
                79.9718,
                6.4688
              ],
              [
                79.9721,
                6.4695
              ],
              [
                79.9716,
                6.4698
              ]
            ]
          ],
          [
            [
              [
                79.9697,
                6.4619
              ],
              [
                79.9702,
                6.4633
              ],
              [
                79.9681,
                6.4643
              ],
              [
                79.9675,
                6.4627
              ],
              [
                79.9697,
                6.4619
              ]
            ]
          ],
          [
            [
              [
                79.9796,
                6.4484
              ],
              [
                79.9793,
                6.4496
              ],
              [
                79.9769,
                6.4526
              ],
              [
                79.977,
                6.452
              ],
              [
                79.9792,
                6.4491
              ],
              [
                79.9795,
                6.4479
              ],
              [
                79.9796,
                6.4484
              ]
            ]
          ],
          [
            [
              [
                79.9794,
                6.447
              ],
              [
                79.9785,
                6.4471
              ],
              [
                79.9783,
                6.4467
              ],
              [
                79.9791,
                6.4465
              ],
              [
                79.9794,
                6.447
              ]
            ]
          ],
          [
            [
              [
                79.9792,
                6.4415
              ],
              [
                79.9793,
                6.4415
              ],
              [
                79.9793,
                6.4417
              ],
              [
                79.979,
                6.4416
              ],
              [
                79.9792,
                6.4415
              ]
            ]
          ]
        ]
      }
    },
    {
      "id": "feature_03",
      "type": "Feature",
      "properties": {
        "id": "LK-21",
        "name": "Kandy",
        "area_sqkm": 1927.69,
        "center_lat": 7.273178,
        "center_lng": 80.708811,
        "province_id": "LK-2",
        "ed_id": "EC-04",
        "pd_id": null
      },
      "geometry": {
        "type": "Polygon",
        "coordinates": [
          [
            [
              80.9739,
              7.4884
            ],
            [
              80.9316,
              7.4897
            ],
            [
              80.9071,
              7.4579
            ],
            [
              80.8987,
              7.4748
            ],
            [
              80.8517,
              7.4728
            ],
            [
              80.7904,
              7.4268
            ],
            [
              80.7291,
              7.475
            ],
            [
              80.7021,
              7.4576
            ],
            [
              80.7075,
              7.3962
            ],
            [
              80.6709,
              7.3843
            ],
            [
              80.624,
              7.4034
            ],
            [
              80.5656,
              7.4584
            ],
            [
              80.5407,
              7.4494
            ],
            [
              80.5571,
              7.4193
            ],
            [
              80.5173,
              7.4141
            ],
            [
              80.5189,
              7.3889
            ],
            [
              80.4617,
              7.4109
            ],
            [
              80.4722,
              7.3933
            ],
            [
              80.4545,
              7.3567
            ],
            [
              80.4545,
              7.3566
            ],
            [
              80.4545,
              7.3567
            ],
            [
              80.4406,
              7.3551
            ],
            [
              80.4406,
              7.3552
            ],
            [
              80.4406,
              7.3551
            ],
            [
              80.4212,
              7.3562
            ],
            [
              80.427,
              7.33
            ],
            [
              80.4813,
              7.285
            ],
            [
              80.4813,
              7.2849
            ],
            [
              80.4813,
              7.285
            ],
            [
              80.4788,
              7.268
            ],
            [
              80.5203,
              7.2388
            ],
            [
              80.5127,
              7.2109
            ],
            [
              80.5487,
              7.1679
            ],
            [
              80.5321,
              7.1687
            ],
            [
              80.534,
              7.1536
            ],
            [
              80.5109,
              7.14
            ],
            [
              80.5108,
              7.14
            ],
            [
              80.5109,
              7.14
            ],
            [
              80.4352,
              7.1111
            ],
            [
              80.4352,
              7.092
            ],
            [
              80.4641,
              7.0876
            ],
            [
              80.4628,
              7.0539
            ],
            [
              80.4629,
              7.0539
            ],
            [
              80.4628,
              7.0539
            ],
            [
              80.4671,
              7.0223
            ],
            [
              80.4748,
              7.0367
            ],
            [
              80.5055,
              7.0224
            ],
            [
              80.5168,
              6.9817
            ],
            [
              80.5512,
              6.9415
            ],
            [
              80.5786,
              6.9446
            ],
            [
              80.6016,
              6.9954
            ],
            [
              80.541,
              7.073
            ],
            [
              80.6274,
              7.0811
            ],
            [
              80.6503,
              7.1047
            ],
            [
              80.6503,
              7.1046
            ],
            [
              80.6503,
              7.1047
            ],
            [
              80.6701,
              7.0983
            ],
            [
              80.67,
              7.0983
            ],
            [
              80.6701,
              7.0983
            ],
            [
              80.691,
              7.0937
            ],
            [
              80.7713,
              7.1999
            ],
            [
              80.7518,
              7.2747
            ],
            [
              80.8112,
              7.1988
            ],
            [
              80.9477,
              7.2002
            ],
            [
              80.9722,
              7.1971
            ],
            [
              81.0164,
              7.2326
            ],
            [
              80.9759,
              7.3652
            ],
            [
              80.9739,
              7.4884
            ]
          ]
        ]
      }
    },
    {
      "id": "feature_04",
      "type": "Feature",
      "properties": {
        "id": "LK-22",
        "name": "Matale",
        "area_sqkm": 2058.75,
        "center_lat": 7.667651,
        "center_lng": 80.730702,
        "province_id": "LK-2",
        "ed_id": "EC-05",
        "pd_id": null
      },
      "geometry": {
        "type": "Polygon",
        "coordinates": [
          [
            [
              80.9885,
              7.7205
            ],
            [
              80.8853,
              7.7147
            ],
            [
              80.8778,
              7.6815
            ],
            [
              80.8523,
              7.7018
            ],
            [
              80.8104,
              7.6718
            ],
            [
              80.7795,
              7.679
            ],
            [
              80.7615,
              7.7921
            ],
            [
              80.7963,
              7.8043
            ],
            [
              80.8178,
              7.9248
            ],
            [
              80.8527,
              7.9628
            ],
            [
              80.8139,
              7.9828
            ],
            [
              80.7996,
              7.9582
            ],
            [
              80.7862,
              7.9619
            ],
            [
              80.7781,
              7.9968
            ],
            [
              80.7556,
              8.0115
            ],
            [
              80.7053,
              7.9906
            ],
            [
              80.6818,
              7.9556
            ],
            [
              80.6576,
              7.9594
            ],
            [
              80.6538,
              7.9135
            ],
            [
              80.6142,
              7.8607
            ],
            [
              80.5744,
              7.8691
            ],
            [
              80.5638,
              7.8487
            ],
            [
              80.5013,
              7.8169
            ],
            [
              80.4979,
              7.7833
            ],
            [
              80.5368,
              7.7402
            ],
            [
              80.5461,
              7.6547
            ],
            [
              80.5779,
              7.605
            ],
            [
              80.5748,
              7.5748
            ],
            [
              80.5525,
              7.5509
            ],
            [
              80.5738,
              7.4919
            ],
            [
              80.5739,
              7.4919
            ],
            [
              80.5738,
              7.4919
            ],
            [
              80.5656,
              7.4584
            ],
            [
              80.624,
              7.4034
            ],
            [
              80.6709,
              7.3843
            ],
            [
              80.7075,
              7.3962
            ],
            [
              80.7021,
              7.4576
            ],
            [
              80.7291,
              7.475
            ],
            [
              80.7904,
              7.4268
            ],
            [
              80.8517,
              7.4728
            ],
            [
              80.8987,
              7.4748
            ],
            [
              80.9071,
              7.4579
            ],
            [
              80.9316,
              7.4897
            ],
            [
              80.9739,
              7.4884
            ],
            [
              80.9795,
              7.6216
            ],
            [
              80.9967,
              7.6597
            ],
            [
              80.9885,
              7.7205
            ]
          ]
        ]
      }
    },
    {
      "id": "feature_05",
      "type": "Feature",
      "properties": {
        "id": "LK-23",
        "name": "Nuwara Eliya",
        "area_sqkm": 1744.81,
        "center_lat": 6.974738,
        "center_lng": 80.711186,
        "province_id": "LK-2",
        "ed_id": "EC-06",
        "pd_id": null
      },
      "geometry": {
        "type": "Polygon",
        "coordinates": [
          [
            [
              80.9477,
              7.2002
            ],
            [
              80.8112,
              7.1988
            ],
            [
              80.7518,
              7.2747
            ],
            [
              80.7713,
              7.1999
            ],
            [
              80.691,
              7.0937
            ],
            [
              80.6701,
              7.0983
            ],
            [
              80.67,
              7.0983
            ],
            [
              80.6701,
              7.0983
            ],
            [
              80.6503,
              7.1047
            ],
            [
              80.6503,
              7.1046
            ],
            [
              80.6503,
              7.1047
            ],
            [
              80.6274,
              7.0811
            ],
            [
              80.541,
              7.073
            ],
            [
              80.6016,
              6.9954
            ],
            [
              80.5786,
              6.9446
            ],
            [
              80.5512,
              6.9415
            ],
            [
              80.5168,
              6.9817
            ],
            [
              80.5055,
              7.0224
            ],
            [
              80.4748,
              7.0367
            ],
            [
              80.4671,
              7.0223
            ],
            [
              80.4321,
              6.9932
            ],
            [
              80.445,
              6.9646
            ],
            [
              80.431,
              6.9123
            ],
            [
              80.5001,
              6.885
            ],
            [
              80.5113,
              6.8479
            ],
            [
              80.4951,
              6.832
            ],
            [
              80.5016,
              6.809
            ],
            [
              80.4856,
              6.7959
            ],
            [
              80.4999,
              6.7792
            ],
            [
              80.6515,
              6.7517
            ],
            [
              80.6609,
              6.7623
            ],
            [
              80.7462,
              6.7572
            ],
            [
              80.8086,
              6.7917
            ],
            [
              80.8087,
              6.7917
            ],
            [
              80.8339,
              6.7999
            ],
            [
              80.8149,
              6.8287
            ],
            [
              80.8374,
              6.8433
            ],
            [
              80.8145,
              6.8918
            ],
            [
              80.7763,
              6.9139
            ],
            [
              80.8261,
              6.9246
            ],
            [
              80.8449,
              6.963
            ],
            [
              80.8448,
              6.963
            ],
            [
              80.8449,
              6.963
            ],
            [
              80.9199,
              6.9903
            ],
            [
              80.9314,
              7.0371
            ],
            [
              80.9647,
              7.0777
            ],
            [
              80.9524,
              7.0907
            ],
            [
              80.9662,
              7.1223
            ],
            [
              80.951,
              7.1297
            ],
            [
              80.9627,
              7.159
            ],
            [
              80.9477,
              7.2002
            ]
          ]
        ]
      }
    },
    {
      "id": "feature_06",
      "type": "Feature",
      "properties": {
        "id": "LK-31",
        "name": "Galle",
        "area_sqkm": 1613.49,
        "center_lat": 6.222792,
        "center_lng": 80.251811,
        "province_id": "LK-3",
        "ed_id": "EC-07",
        "pd_id": null
      },
      "geometry": {
        "type": "MultiPolygon",
        "coordinates": [
          [
            [
              [
                80.3809,
                6.4261
              ],
              [
                80.2915,
                6.3942
              ],
              [
                80.2956,
                6.3249
              ],
              [
                80.239,
                6.377
              ],
              [
                80.2179,
                6.3803
              ],
              [
                80.1901,
                6.3546
              ],
              [
                80.1308,
                6.3657
              ],
              [
                80.0883,
                6.4007
              ],
              [
                80.069,
                6.3982
              ],
              [
                80.0129,
                6.4366
              ],
              [
                79.9981,
                6.4263
              ],
              [
                79.9855,
                6.4436
              ],
              [
                80.0619,
                6.1933
              ],
              [
                80.1235,
                6.1011
              ],
              [
                80.2175,
                6.0236
              ],
              [
                80.2393,
                6.0319
              ],
              [
                80.2431,
                6.0056
              ],
              [
                80.3819,
                5.965
              ],
              [
                80.3904,
                6.0105
              ],
              [
                80.4241,
                6.0192
              ],
              [
                80.3894,
                6.036
              ],
              [
                80.3874,
                6.0547
              ],
              [
                80.4049,
                6.0551
              ],
              [
                80.4377,
                6.0923
              ],
              [
                80.3848,
                6.1384
              ],
              [
                80.3872,
                6.1864
              ],
              [
                80.4027,
                6.1919
              ],
              [
                80.3862,
                6.2199
              ],
              [
                80.4282,
                6.2147
              ],
              [
                80.4412,
                6.2562
              ],
              [
                80.3764,
                6.3244
              ],
              [
                80.4067,
                6.3349
              ],
              [
                80.4296,
                6.3175
              ],
              [
                80.4296,
                6.3176
              ],
              [
                80.4296,
                6.3175
              ],
              [
                80.4537,
                6.2876
              ],
              [
                80.4858,
                6.2843
              ],
              [
                80.4959,
                6.3
              ],
              [
                80.4601,
                6.351
              ],
              [
                80.4958,
                6.3682
              ],
              [
                80.4911,
                6.3803
              ],
              [
                80.4213,
                6.391
              ],
              [
                80.3809,
                6.4261
              ]
            ]
          ],
          [
            [
              [
                80.0988,
                6.1396
              ],
              [
                80.0977,
                6.137
              ],
              [
                80.0985,
                6.1332
              ],
              [
                80.0991,
                6.1355
              ],
              [
                80.098,
                6.1372
              ],
              [
                80.0988,
                6.1396
              ]
            ]
          ]
        ]
      }
    },
    {
      "id": "feature_07",
      "type": "Feature",
      "properties": {
        "id": "LK-32",
        "name": "Matara",
        "area_sqkm": 1306.37,
        "center_lat": 6.142725,
        "center_lng": 80.539846,
        "province_id": "LK-3",
        "ed_id": "EC-08",
        "pd_id": null
      },
      "geometry": {
        "type": "MultiPolygon",
        "coordinates": [
          [
            [
              [
                80.6707,
                6.3055
              ],
              [
                80.6624,
                6.3543
              ],
              [
                80.612,
                6.3458
              ],
              [
                80.6192,
                6.3969
              ],
              [
                80.5454,
                6.3952
              ],
              [
                80.5336,
                6.3743
              ],
              [
                80.4958,
                6.3682
              ],
              [
                80.4601,
                6.351
              ],
              [
                80.4959,
                6.3
              ],
              [
                80.4858,
                6.2843
              ],
              [
                80.4537,
                6.2876
              ],
              [
                80.4296,
                6.3175
              ],
              [
                80.4296,
                6.3176
              ],
              [
                80.4296,
                6.3175
              ],
              [
                80.4067,
                6.3349
              ],
              [
                80.3764,
                6.3244
              ],
              [
                80.4412,
                6.2562
              ],
              [
                80.4282,
                6.2147
              ],
              [
                80.3862,
                6.2199
              ],
              [
                80.4027,
                6.1919
              ],
              [
                80.3872,
                6.1864
              ],
              [
                80.3848,
                6.1384
              ],
              [
                80.4377,
                6.0923
              ],
              [
                80.4049,
                6.0551
              ],
              [
                80.3874,
                6.0547
              ],
              [
                80.3894,
                6.036
              ],
              [
                80.4241,
                6.0192
              ],
              [
                80.3904,
                6.0105
              ],
              [
                80.3819,
                5.965
              ],
              [
                80.4187,
                5.9548
              ],
              [
                80.4379,
                5.9727
              ],
              [
                80.4538,
                5.9412
              ],
              [
                80.5551,
                5.9421
              ],
              [
                80.5913,
                5.9187
              ],
              [
                80.6494,
                5.9551
              ],
              [
                80.722,
                5.96
              ],
              [
                80.7238,
                5.9789
              ],
              [
                80.7041,
                5.9933
              ],
              [
                80.7042,
                5.9934
              ],
              [
                80.7041,
                5.9933
              ],
              [
                80.6923,
                5.9895
              ],
              [
                80.6922,
                5.9895
              ],
              [
                80.6923,
                5.9895
              ],
              [
                80.6946,
                6.0255
              ],
              [
                80.6673,
                6.0238
              ],
              [
                80.655,
                6.0407
              ],
              [
                80.6696,
                6.0528
              ],
              [
                80.6696,
                6.0527
              ],
              [
                80.6696,
                6.0528
              ],
              [
                80.691,
                6.0636
              ],
              [
                80.6833,
                6.0868
              ],
              [
                80.6834,
                6.0868
              ],
              [
                80.6927,
                6.1218
              ],
              [
                80.6926,
                6.1218
              ],
              [
                80.6927,
                6.1218
              ],
              [
                80.6628,
                6.1187
              ],
              [
                80.6456,
                6.1381
              ],
              [
                80.6617,
                6.1719
              ],
              [
                80.6272,
                6.1817
              ],
              [
                80.6273,
                6.1817
              ],
              [
                80.6272,
                6.1817
              ],
              [
                80.6079,
                6.199
              ],
              [
                80.6371,
                6.2506
              ],
              [
                80.662,
                6.26
              ],
              [
                80.657,
                6.3027
              ],
              [
                80.6707,
                6.3055
              ]
            ]
          ],
          [
            [
              [
                80.4257,
                5.9682
              ],
              [
                80.4256,
                5.9677
              ],
              [
                80.4259,
                5.9676
              ],
              [
                80.4261,
                5.9681
              ],
              [
                80.4257,
                5.9682
              ]
            ]
          ],
          [
            [
              [
                80.6114,
                5.928
              ],
              [
                80.6118,
                5.9274
              ],
              [
                80.6126,
                5.9284
              ],
              [
                80.612,
                5.9284
              ],
              [
                80.6114,
                5.928
              ]
            ]
          ]
        ]
      }
    },
    {
      "id": "feature_08",
      "type": "Feature",
      "properties": {
        "id": "LK-33",
        "name": "Hambantota",
        "area_sqkm": 2625.06,
        "center_lat": 6.254039,
        "center_lng": 81.091281,
        "province_id": "LK-3",
        "ed_id": "EC-09",
        "pd_id": null
      },
      "geometry": {
        "type": "Polygon",
        "coordinates": [
          [
            [
              81.707,
              6.5107
            ],
            [
              81.6389,
              6.5419
            ],
            [
              81.6085,
              6.5801
            ],
            [
              81.5997,
              6.5604
            ],
            [
              81.5658,
              6.5543
            ],
            [
              81.4812,
              6.4955
            ],
            [
              81.4755,
              6.4086
            ],
            [
              81.3944,
              6.417
            ],
            [
              81.3819,
              6.3971
            ],
            [
              81.2348,
              6.3399
            ],
            [
              81.1848,
              6.4065
            ],
            [
              81.1576,
              6.3927
            ],
            [
              81.138,
              6.4234
            ],
            [
              81.0732,
              6.4227
            ],
            [
              81.0632,
              6.4101
            ],
            [
              81.0503,
              6.4206
            ],
            [
              81.0461,
              6.3982
            ],
            [
              81.0101,
              6.3886
            ],
            [
              81.0196,
              6.3517
            ],
            [
              80.953,
              6.3168
            ],
            [
              80.9321,
              6.2862
            ],
            [
              80.9531,
              6.2365
            ],
            [
              80.905,
              6.2415
            ],
            [
              80.905,
              6.2414
            ],
            [
              80.905,
              6.2415
            ],
            [
              80.8737,
              6.2587
            ],
            [
              80.8738,
              6.2587
            ],
            [
              80.8737,
              6.2587
            ],
            [
              80.8636,
              6.275
            ],
            [
              80.8059,
              6.268
            ],
            [
              80.8059,
              6.2679
            ],
            [
              80.8059,
              6.268
            ],
            [
              80.7045,
              6.3065
            ],
            [
              80.6707,
              6.3055
            ],
            [
              80.657,
              6.3027
            ],
            [
              80.662,
              6.26
            ],
            [
              80.6371,
              6.2506
            ],
            [
              80.6079,
              6.199
            ],
            [
              80.6272,
              6.1817
            ],
            [
              80.6273,
              6.1817
            ],
            [
              80.6272,
              6.1817
            ],
            [
              80.6617,
              6.1719
            ],
            [
              80.6456,
              6.1381
            ],
            [
              80.6628,
              6.1187
            ],
            [
              80.6927,
              6.1218
            ],
            [
              80.6926,
              6.1218
            ],
            [
              80.6927,
              6.1218
            ],
            [
              80.6834,
              6.0868
            ],
            [
              80.6833,
              6.0868
            ],
            [
              80.691,
              6.0636
            ],
            [
              80.6696,
              6.0528
            ],
            [
              80.6696,
              6.0527
            ],
            [
              80.6696,
              6.0528
            ],
            [
              80.655,
              6.0407
            ],
            [
              80.6673,
              6.0238
            ],
            [
              80.6946,
              6.0255
            ],
            [
              80.6923,
              5.9895
            ],
            [
              80.6922,
              5.9895
            ],
            [
              80.6923,
              5.9895
            ],
            [
              80.7041,
              5.9933
            ],
            [
              80.7042,
              5.9934
            ],
            [
              80.7041,
              5.9933
            ],
            [
              80.7238,
              5.9789
            ],
            [
              80.7377,
              5.9721
            ],
            [
              80.7487,
              5.9988
            ],
            [
              80.7813,
              6.0064
            ],
            [
              80.8087,
              6.038
            ],
            [
              80.8609,
              6.0423
            ],
            [
              80.8736,
              6.0594
            ],
            [
              81.0009,
              6.1012
            ],
            [
              81.1275,
              6.12
            ],
            [
              81.2355,
              6.1792
            ],
            [
              81.3242,
              6.1988
            ],
            [
              81.4397,
              6.2946
            ],
            [
              81.4811,
              6.3105
            ],
            [
              81.5022,
              6.349
            ],
            [
              81.5999,
              6.3996
            ],
            [
              81.707,
              6.5107
            ]
          ]
        ]
      }
    },
    {
      "id": "feature_09",
      "type": "Feature",
      "properties": {
        "id": "LK-41",
        "name": "Jaffna",
        "area_sqkm": 1091.24,
        "center_lat": 9.687873,
        "center_lng": 80.116157,
        "province_id": "LK-4",
        "ed_id": "EC-10",
        "pd_id": null
      },
      "geometry": {
        "type": "MultiPolygon",
        "coordinates": [
          [
            [
              [
                80.6228,
                9.4588
              ],
              [
                80.3581,
                9.6683
              ],
              [
                80.2471,
                9.8285
              ],
              [
                80.2097,
                9.8359
              ],
              [
                80.1009,
                9.8089
              ],
              [
                80.0267,
                9.823
              ],
              [
                80.0361,
                9.8175
              ],
              [
                79.9105,
                9.7749
              ],
              [
                79.92,
                9.7443
              ],
              [
                79.8941,
                9.7412
              ],
              [
                79.9012,
                9.7672
              ],
              [
                79.8635,
                9.7622
              ],
              [
                79.85,
                9.7127
              ],
              [
                79.88,
                9.704
              ],
              [
                79.8939,
                9.7409
              ],
              [
                79.92,
                9.7441
              ],
              [
                79.9397,
                9.693
              ],
              [
                79.9663,
                9.7062
              ],
              [
                79.9806,
                9.6847
              ],
              [
                79.9977,
                9.6883
              ],
              [
                80.0053,
                9.6632
              ],
              [
                79.9839,
                9.6198
              ],
              [
                79.9834,
                9.6211
              ],
              [
                79.9809,
                9.6218
              ],
              [
                79.9809,
                9.6224
              ],
              [
                79.9846,
                9.6351
              ],
              [
                79.9804,
                9.6319
              ],
              [
                79.9837,
                9.6358
              ],
              [
                79.9241,
                9.6598
              ],
              [
                79.9304,
                9.6815
              ],
              [
                79.8995,
                9.67
              ],
              [
                79.8868,
                9.6991
              ],
              [
                79.8414,
                9.7033
              ],
              [
                79.8689,
                9.639
              ],
              [
                79.8925,
                9.6237
              ],
              [
                79.8623,
                9.6072
              ],
              [
                79.8447,
                9.6194
              ],
              [
                79.8223,
                9.61
              ],
              [
                79.8126,
                9.627
              ],
              [
                79.8088,
                9.5901
              ],
              [
                79.8,
                9.5891
              ],
              [
                79.7898,
                9.6011
              ],
              [
                79.7897,
                9.6007
              ],
              [
                79.7922,
                9.5978
              ],
              [
                79.7921,
                9.5898
              ],
              [
                79.7966,
                9.5922
              ],
              [
                79.7956,
                9.5892
              ],
              [
                79.7919,
                9.5885
              ],
              [
                79.7918,
                9.584
              ],
              [
                79.8565,
                9.568
              ],
              [
                79.8622,
                9.607
              ],
              [
                79.9198,
                9.6332
              ],
              [
                79.9704,
                9.6125
              ],
              [
                79.983,
                9.6211
              ],
              [
                79.9779,
                9.6054
              ],
              [
                79.9648,
                9.6083
              ],
              [
                79.9673,
                9.6049
              ],
              [
                79.9754,
                9.6001
              ],
              [
                79.988,
                9.5973
              ],
              [
                80.0062,
                9.615
              ],
              [
                80.0015,
                9.6439
              ],
              [
                80.0015,
                9.644
              ],
              [
                80.0052,
                9.6627
              ],
              [
                80.1353,
                9.6096
              ],
              [
                80.0774,
                9.6442
              ],
              [
                80.0768,
                9.6599
              ],
              [
                80.2003,
                9.5806
              ],
              [
                80.17,
                9.6085
              ],
              [
                80.1819,
                9.6231
              ],
              [
                80.1749,
                9.6179
              ],
              [
                80.1593,
                9.6241
              ],
              [
                80.1613,
                9.6255
              ],
              [
                80.172,
                9.6229
              ],
              [
                80.1551,
                9.646
              ],
              [
                80.1644,
                9.6565
              ],
              [
                80.2575,
                9.6132
              ],
              [
                80.2994,
                9.6849
              ],
              [
                80.442,
                9.5774
              ],
              [
                80.4511,
                9.5228
              ],
              [
                80.6172,
                9.452
              ],
              [
                80.6228,
                9.4588
              ]
            ]
          ],
          [
            [
              [
                79.906,
                9.7516
              ],
              [
                79.9036,
                9.7497
              ],
              [
                79.908,
                9.7454
              ],
              [
                79.9098,
                9.7483
              ],
              [
                79.906,
                9.7516
              ]
            ]
          ],
          [
            [
              [
                79.812,
                9.6854
              ],
              [
                79.8143,
                9.6891
              ],
              [
                79.8144,
                9.7161
              ],
              [
                79.8076,
                9.6959
              ],
              [
                79.812,
                9.6854
              ]
            ]
          ],
          [
            [
              [
                79.8479,
                9.7112
              ],
              [
                79.8484,
                9.7112
              ],
              [
                79.848,
                9.712
              ],
              [
                79.8477,
                9.7119
              ],
              [
                79.8479,
                9.7112
              ]
            ]
          ],
          [
            [
              [
                79.8649,
                9.7075
              ],
              [
                79.865,
                9.7074
              ],
              [
                79.8644,
                9.7082
              ],
              [
                79.8644,
                9.7081
              ],
              [
                79.8649,
                9.7075
              ]
            ]
          ],
          [
            [
              [
                79.791,
                9.6868
              ],
              [
                79.7914,
                9.6823
              ],
              [
                79.7935,
                9.6783
              ],
              [
                79.7935,
                9.6888
              ],
              [
                79.791,
                9.6868
              ]
            ]
          ],
          [
            [
              [
                79.7762,
                9.6447
              ],
              [
                79.787,
                9.6658
              ],
              [
                79.7827,
                9.6873
              ],
              [
                79.7636,
                9.6586
              ],
              [
                79.7762,
                9.6447
              ]
            ]
          ],
          [
            [
              [
                79.9154,
                9.6799
              ],
              [
                79.9159,
                9.68
              ],
              [
                79.9172,
                9.6794
              ],
              [
                79.9168,
                9.6808
              ],
              [
                79.9154,
                9.6799
              ]
            ]
          ],
          [
            [
              [
                79.9357,
                9.6783
              ],
              [
                79.9366,
                9.6773
              ],
              [
                79.9382,
                9.6772
              ],
              [
                79.9352,
                9.6795
              ],
              [
                79.9357,
                9.6783
              ]
            ]
          ],
          [
            [
              [
                79.9369,
                9.6769
              ],
              [
                79.9342,
                9.6729
              ],
              [
                79.9357,
                9.6651
              ],
              [
                79.9373,
                9.6678
              ],
              [
                79.9369,
                9.6769
              ]
            ]
          ],
          [
            [
              [
                79.9057,
                9.6773
              ],
              [
                79.9058,
                9.6776
              ],
              [
                79.9052,
                9.6778
              ],
              [
                79.9053,
                9.6775
              ],
              [
                79.9057,
                9.6773
              ]
            ]
          ],
          [
            [
              [
                79.9389,
                9.6771
              ],
              [
                79.9391,
                9.6767
              ],
              [
                79.9397,
                9.6766
              ],
              [
                79.9388,
                9.6777
              ],
              [
                79.9389,
                9.6771
              ]
            ]
          ],
          [
            [
              [
                79.9378,
                9.6742
              ],
              [
                79.9392,
                9.6746
              ],
              [
                79.9384,
                9.6762
              ],
              [
                79.9375,
                9.6752
              ],
              [
                79.9378,
                9.6742
              ]
            ]
          ],
          [
            [
              [
                79.9388,
                9.6736
              ],
              [
                79.9393,
                9.6737
              ],
              [
                79.9397,
                9.6743
              ],
              [
                79.9391,
                9.6743
              ],
              [
                79.9388,
                9.6736
              ]
            ]
          ],
          [
            [
              [
                79.9339,
                9.6704
              ],
              [
                79.9336,
                9.6708
              ],
              [
                79.9331,
                9.6697
              ],
              [
                79.9336,
                9.6699
              ],
              [
                79.9339,
                9.6704
              ]
            ]
          ],
          [
            [
              [
                79.9335,
                9.6673
              ],
              [
                79.9346,
                9.6696
              ],
              [
                79.9341,
                9.6704
              ],
              [
                79.9326,
                9.6664
              ],
              [
                79.9335,
                9.6673
              ]
            ]
          ],
          [
            [
              [
                79.9346,
                9.6688
              ],
              [
                79.9351,
                9.6693
              ],
              [
                79.935,
                9.6696
              ],
              [
                79.9345,
                9.6691
              ],
              [
                79.9346,
                9.6688
              ]
            ]
          ],
          [
            [
              [
                79.9344,
                9.6673
              ],
              [
                79.9341,
                9.6671
              ],
              [
                79.9342,
                9.6664
              ],
              [
                79.9346,
                9.6668
              ],
              [
                79.9344,
                9.6673
              ]
            ]
          ],
          [
            [
              [
                80.1653,
                9.6555
              ],
              [
                80.1651,
                9.6562
              ],
              [
                80.1641,
                9.6552
              ],
              [
                80.165,
                9.6551
              ],
              [
                80.1653,
                9.6555
              ]
            ]
          ],
          [
            [
              [
                79.9916,
                9.6527
              ],
              [
                79.9932,
                9.6532
              ],
              [
                79.9897,
                9.6537
              ],
              [
                79.9903,
                9.6527
              ],
              [
                79.9916,
                9.6527
              ]
            ]
          ],
          [
            [
              [
                80.0794,
                9.6528
              ],
              [
                80.079,
                9.6528
              ],
              [
                80.0789,
                9.6526
              ],
              [
                80.0792,
                9.6525
              ],
              [
                80.0794,
                9.6528
              ]
            ]
          ],
          [
            [
              [
                80.077,
                9.6524
              ],
              [
                80.0768,
                9.6512
              ],
              [
                80.077,
                9.6509
              ],
              [
                80.0771,
                9.6523
              ],
              [
                80.077,
                9.6524
              ]
            ]
          ],
          [
            [
              [
                80.1617,
                9.6521
              ],
              [
                80.1613,
                9.6522
              ],
              [
                80.1613,
                9.6517
              ],
              [
                80.1619,
                9.6519
              ],
              [
                80.1617,
                9.6521
              ]
            ]
          ],
          [
            [
              [
                80.1636,
                9.648
              ],
              [
                80.1647,
                9.6488
              ],
              [
                80.1629,
                9.6497
              ],
              [
                80.1624,
                9.6488
              ],
              [
                80.1636,
                9.648
              ]
            ]
          ],
          [
            [
              [
                80.0133,
                9.6412
              ],
              [
                80.0079,
                9.6474
              ],
              [
                80.0029,
                9.6489
              ],
              [
                80.0041,
                9.646
              ],
              [
                80.0133,
                9.6412
              ]
            ]
          ],
          [
            [
              [
                80.1647,
                9.6485
              ],
              [
                80.1655,
                9.6485
              ],
              [
                80.1656,
                9.6487
              ],
              [
                80.165,
                9.6487
              ],
              [
                80.1647,
                9.6485
              ]
            ]
          ],
          [
            [
              [
                80.1603,
                9.6464
              ],
              [
                80.1614,
                9.6472
              ],
              [
                80.1608,
                9.648
              ],
              [
                80.1597,
                9.6477
              ],
              [
                80.1603,
                9.6464
              ]
            ]
          ],
          [
            [
              [
                80.0925,
                9.6425
              ],
              [
                80.0813,
                9.647
              ],
              [
                80.0862,
                9.6425
              ],
              [
                80.0914,
                9.6411
              ],
              [
                80.0925,
                9.6425
              ]
            ]
          ],
          [
            [
              [
                80.1651,
                9.6395
              ],
              [
                80.1701,
                9.64
              ],
              [
                80.1734,
                9.6432
              ],
              [
                80.1683,
                9.6471
              ],
              [
                80.1651,
                9.6395
              ]
            ]
          ],
          [
            [
              [
                80.1645,
                9.6451
              ],
              [
                80.1656,
                9.6457
              ],
              [
                80.1642,
                9.6466
              ],
              [
                80.1637,
                9.6461
              ],
              [
                80.1645,
                9.6451
              ]
            ]
          ],
          [
            [
              [
                80.1624,
                9.6449
              ],
              [
                80.1618,
                9.6461
              ],
              [
                80.1601,
                9.6455
              ],
              [
                80.1605,
                9.6448
              ],
              [
                80.1624,
                9.6449
              ]
            ]
          ],
          [
            [
              [
                80.0015,
                9.6439
              ],
              [
                80.0015,
                9.6439
              ],
              [
                80.0015,
                9.644
              ],
              [
                80.0015,
                9.6439
              ]
            ]
          ],
          [
            [
              [
                80.1632,
                9.6449
              ],
              [
                80.1627,
                9.645
              ],
              [
                80.1625,
                9.6448
              ],
              [
                80.1628,
                9.6447
              ],
              [
                80.1632,
                9.6449
              ]
            ]
          ],
          [
            [
              [
                80.195,
                9.6433
              ],
              [
                80.1956,
                9.6426
              ],
              [
                80.1947,
                9.6444
              ],
              [
                80.1947,
                9.6439
              ],
              [
                80.195,
                9.6433
              ]
            ]
          ],
          [
            [
              [
                80.0831,
                9.6443
              ],
              [
                80.0823,
                9.6442
              ],
              [
                80.0822,
                9.6438
              ],
              [
                80.0829,
                9.6437
              ],
              [
                80.0831,
                9.6443
              ]
            ]
          ],
          [
            [
              [
                79.9901,
                9.6435
              ],
              [
                79.9907,
                9.6435
              ],
              [
                79.9898,
                9.6442
              ],
              [
                79.9898,
                9.6437
              ],
              [
                79.9901,
                9.6435
              ]
            ]
          ],
          [
            [
              [
                79.9845,
                9.6422
              ],
              [
                79.9873,
                9.6389
              ],
              [
                79.9884,
                9.6397
              ],
              [
                79.9878,
                9.642
              ],
              [
                79.9845,
                9.6422
              ]
            ]
          ],
          [
            [
              [
                80.1956,
                9.6424
              ],
              [
                80.1962,
                9.6417
              ],
              [
                80.1988,
                9.6395
              ],
              [
                80.1986,
                9.6399
              ],
              [
                80.1956,
                9.6424
              ]
            ]
          ],
          [
            [
              [
                79.8587,
                9.642
              ],
              [
                79.8572,
                9.6416
              ],
              [
                79.86,
                9.6402
              ],
              [
                79.8604,
                9.6408
              ],
              [
                79.8587,
                9.642
              ]
            ]
          ],
          [
            [
              [
                80.0058,
                9.6411
              ],
              [
                80.005,
                9.6416
              ],
              [
                80.0048,
                9.6417
              ],
              [
                80.0043,
                9.6417
              ],
              [
                80.0058,
                9.6411
              ]
            ]
          ],
          [
            [
              [
                80.1655,
                9.6389
              ],
              [
                80.1619,
                9.6405
              ],
              [
                80.1612,
                9.64
              ],
              [
                80.163,
                9.6366
              ],
              [
                80.1655,
                9.6389
              ]
            ]
          ],
          [
            [
              [
                80.2027,
                9.6402
              ],
              [
                80.199,
                9.6393
              ],
              [
                80.1995,
                9.6391
              ],
              [
                80.2004,
                9.6392
              ],
              [
                80.2011,
                9.6389
              ],
              [
                80.2015,
                9.6389
              ],
              [
                80.2026,
                9.6397
              ],
              [
                80.2029,
                9.6405
              ],
              [
                80.2027,
                9.6402
              ]
            ]
          ],
          [
            [
              [
                79.8585,
                9.6398
              ],
              [
                79.8579,
                9.6395
              ],
              [
                79.8573,
                9.64
              ],
              [
                79.8578,
                9.6394
              ],
              [
                79.8585,
                9.6398
              ]
            ]
          ],
          [
            [
              [
                79.8531,
                9.627
              ],
              [
                79.8608,
                9.6181
              ],
              [
                79.8558,
                9.6349
              ],
              [
                79.8518,
                9.6338
              ],
              [
                79.8531,
                9.627
              ]
            ]
          ],
          [
            [
              [
                80.0052,
                9.6334
              ],
              [
                80.001,
                9.6349
              ],
              [
                79.9984,
                9.6341
              ],
              [
                80.004,
                9.6292
              ],
              [
                80.0052,
                9.6334
              ]
            ]
          ],
          [
            [
              [
                80.1747,
                9.6326
              ],
              [
                80.1743,
                9.6315
              ],
              [
                80.1739,
                9.6312
              ],
              [
                80.1749,
                9.6317
              ],
              [
                80.1747,
                9.6326
              ]
            ]
          ],
          [
            [
              [
                79.9844,
                9.6323
              ],
              [
                79.9828,
                9.6305
              ],
              [
                79.9837,
                9.6296
              ],
              [
                79.985,
                9.6305
              ],
              [
                79.9844,
                9.6323
              ]
            ]
          ],
          [
            [
              [
                80.1768,
                9.6302
              ],
              [
                80.1767,
                9.6293
              ],
              [
                80.1784,
                9.6292
              ],
              [
                80.1782,
                9.6295
              ],
              [
                80.1773,
                9.6296
              ],
              [
                80.1768,
                9.6302
              ]
            ]
          ],
          [
            [
              [
                80.1812,
                9.6286
              ],
              [
                80.18,
                9.6302
              ],
              [
                80.1799,
                9.63
              ],
              [
                80.1801,
                9.6296
              ],
              [
                80.1812,
                9.6286
              ]
            ]
          ],
          [
            [
              [
                80.1752,
                9.6282
              ],
              [
                80.1757,
                9.6288
              ],
              [
                80.1754,
                9.6287
              ],
              [
                80.1751,
                9.628
              ],
              [
                80.1752,
                9.6282
              ]
            ]
          ],
          [
            [
              [
                80.1815,
                9.6282
              ],
              [
                80.1815,
                9.6279
              ],
              [
                80.1818,
                9.6279
              ],
              [
                80.1818,
                9.6281
              ],
              [
                80.1815,
                9.6282
              ]
            ]
          ],
          [
            [
              [
                80.2022,
                9.6276
              ],
              [
                80.2005,
                9.6267
              ],
              [
                80.1988,
                9.6269
              ],
              [
                80.2008,
                9.6255
              ],
              [
                80.2022,
                9.6276
              ]
            ]
          ],
          [
            [
              [
                80.1781,
                9.6263
              ],
              [
                80.1779,
                9.626
              ],
              [
                80.1783,
                9.6256
              ],
              [
                80.1785,
                9.6261
              ],
              [
                80.1781,
                9.6263
              ]
            ]
          ],
          [
            [
              [
                79.8618,
                9.6248
              ],
              [
                79.8622,
                9.6229
              ],
              [
                79.864,
                9.6252
              ],
              [
                79.8626,
                9.6261
              ],
              [
                79.8618,
                9.6248
              ]
            ]
          ],
          [
            [
              [
                79.8387,
                9.6236
              ],
              [
                79.8386,
                9.6248
              ],
              [
                79.8374,
                9.6246
              ],
              [
                79.8378,
                9.6239
              ],
              [
                79.8387,
                9.6236
              ]
            ]
          ],
          [
            [
              [
                80.1917,
                9.6237
              ],
              [
                80.1929,
                9.6237
              ],
              [
                80.1942,
                9.6229
              ],
              [
                80.1938,
                9.6242
              ],
              [
                80.1917,
                9.6237
              ]
            ]
          ],
          [
            [
              [
                80.1911,
                9.6229
              ],
              [
                80.1905,
                9.6225
              ],
              [
                80.1879,
                9.6237
              ],
              [
                80.191,
                9.6218
              ],
              [
                80.1911,
                9.6229
              ]
            ]
          ],
          [
            [
              [
                80.1867,
                9.6222
              ],
              [
                80.1873,
                9.6229
              ],
              [
                80.1858,
                9.6234
              ],
              [
                80.1856,
                9.6229
              ],
              [
                80.1867,
                9.6222
              ]
            ]
          ],
          [
            [
              [
                79.9827,
                9.6224
              ],
              [
                79.9822,
                9.6223
              ],
              [
                79.9822,
                9.6221
              ],
              [
                79.9827,
                9.6219
              ],
              [
                79.9827,
                9.6224
              ]
            ]
          ],
          [
            [
              [
                79.9815,
                9.6222
              ],
              [
                79.9813,
                9.6222
              ],
              [
                79.9817,
                9.622
              ],
              [
                79.9817,
                9.6221
              ],
              [
                79.9815,
                9.6222
              ]
            ]
          ],
          [
            [
              [
                79.7733,
                9.5846
              ],
              [
                79.7773,
                9.6186
              ],
              [
                79.7705,
                9.6221
              ],
              [
                79.7616,
                9.6068
              ],
              [
                79.7733,
                9.5846
              ]
            ]
          ],
          [
            [
              [
                79.9824,
                9.6217
              ],
              [
                79.9825,
                9.6218
              ],
              [
                79.9823,
                9.6217
              ],
              [
                79.9824,
                9.6217
              ]
            ]
          ],
          [
            [
              [
                80.1932,
                9.6182
              ],
              [
                80.1905,
                9.6205
              ],
              [
                80.1908,
                9.6195
              ],
              [
                80.1915,
                9.6187
              ],
              [
                80.1932,
                9.6182
              ]
            ]
          ],
          [
            [
              [
                79.8426,
                9.6203
              ],
              [
                79.8429,
                9.62
              ],
              [
                79.843,
                9.62
              ],
              [
                79.8429,
                9.6202
              ],
              [
                79.8426,
                9.6203
              ]
            ]
          ],
          [
            [
              [
                80.0075,
                9.6198
              ],
              [
                80.0066,
                9.6202
              ],
              [
                80.0067,
                9.6197
              ],
              [
                80.0071,
                9.6194
              ],
              [
                80.0075,
                9.6198
              ]
            ]
          ],
          [
            [
              [
                79.8617,
                9.6184
              ],
              [
                79.8591,
                9.6181
              ],
              [
                79.8603,
                9.6168
              ],
              [
                79.8609,
                9.6166
              ],
              [
                79.862,
                9.6179
              ],
              [
                79.862,
                9.6185
              ],
              [
                79.8617,
                9.6184
              ]
            ]
          ],
          [
            [
              [
                80.0062,
                9.6186
              ],
              [
                80.0049,
                9.6183
              ],
              [
                80.0056,
                9.618
              ],
              [
                80.0059,
                9.618
              ],
              [
                80.0063,
                9.6184
              ],
              [
                80.0062,
                9.6186
              ]
            ]
          ],
          [
            [
              [
                80.1926,
                9.618
              ],
              [
                80.1924,
                9.6182
              ],
              [
                80.1922,
                9.6181
              ],
              [
                80.1923,
                9.618
              ],
              [
                80.1926,
                9.618
              ]
            ]
          ],
          [
            [
              [
                80.1931,
                9.6179
              ],
              [
                80.1931,
                9.6181
              ],
              [
                80.1929,
                9.6181
              ],
              [
                80.1929,
                9.6179
              ],
              [
                80.1931,
                9.6179
              ]
            ]
          ],
          [
            [
              [
                80.1786,
                9.6087
              ],
              [
                80.188,
                9.6146
              ],
              [
                80.1919,
                9.6151
              ],
              [
                80.187,
                9.6178
              ],
              [
                80.1786,
                9.6087
              ]
            ]
          ],
          [
            [
              [
                80.2017,
                9.618
              ],
              [
                80.2015,
                9.6174
              ],
              [
                80.2016,
                9.6173
              ],
              [
                80.202,
                9.6176
              ],
              [
                80.2017,
                9.618
              ]
            ]
          ],
          [
            [
              [
                80.1813,
                9.6173
              ],
              [
                80.1809,
                9.618
              ],
              [
                80.1811,
                9.6162
              ],
              [
                80.1814,
                9.6167
              ],
              [
                80.1813,
                9.6173
              ]
            ]
          ],
          [
            [
              [
                79.8551,
                9.6167
              ],
              [
                79.855,
                9.6173
              ],
              [
                79.852,
                9.6178
              ],
              [
                79.8532,
                9.6167
              ],
              [
                79.8551,
                9.6167
              ]
            ]
          ],
          [
            [
              [
                79.8587,
                9.6168
              ],
              [
                79.8583,
                9.6177
              ],
              [
                79.8583,
                9.6174
              ],
              [
                79.8586,
                9.6168
              ],
              [
                79.8587,
                9.6168
              ]
            ]
          ],
          [
            [
              [
                79.9824,
                9.617
              ],
              [
                79.9825,
                9.617
              ],
              [
                79.9825,
                9.6173
              ],
              [
                79.9824,
                9.6172
              ],
              [
                79.9824,
                9.617
              ]
            ]
          ],
          [
            [
              [
                79.9823,
                9.617
              ],
              [
                79.9822,
                9.6172
              ],
              [
                79.982,
                9.6168
              ],
              [
                79.9821,
                9.6168
              ],
              [
                79.9823,
                9.617
              ]
            ]
          ],
          [
            [
              [
                79.8605,
                9.6167
              ],
              [
                79.86,
                9.617
              ],
              [
                79.86,
                9.6166
              ],
              [
                79.8602,
                9.6164
              ],
              [
                79.8605,
                9.6167
              ]
            ]
          ],
          [
            [
              [
                79.9823,
                9.6167
              ],
              [
                79.9821,
                9.6165
              ],
              [
                79.982,
                9.6162
              ],
              [
                79.9823,
                9.6164
              ],
              [
                79.9823,
                9.6167
              ]
            ]
          ],
          [
            [
              [
                80.1831,
                9.6158
              ],
              [
                80.1805,
                9.616
              ],
              [
                80.1801,
                9.6141
              ],
              [
                80.1828,
                9.6139
              ],
              [
                80.1831,
                9.6158
              ]
            ]
          ],
          [
            [
              [
                79.9821,
                9.6134
              ],
              [
                79.9821,
                9.6134
              ],
              [
                79.9823,
                9.6134
              ],
              [
                79.9821,
                9.6134
              ]
            ]
          ],
          [
            [
              [
                80.1795,
                9.6067
              ],
              [
                80.1869,
                9.6051
              ],
              [
                80.1924,
                9.6134
              ],
              [
                80.1881,
                9.6139
              ],
              [
                80.1795,
                9.6067
              ]
            ]
          ],
          [
            [
              [
                79.9821,
                9.6134
              ],
              [
                79.9821,
                9.6134
              ],
              [
                79.9823,
                9.6134
              ],
              [
                79.9821,
                9.6134
              ]
            ]
          ],
          [
            [
              [
                79.9672,
                9.6091
              ],
              [
                79.9684,
                9.6082
              ],
              [
                79.9684,
                9.6086
              ],
              [
                79.9677,
                9.609
              ],
              [
                79.9675,
                9.6091
              ],
              [
                79.9672,
                9.6091
              ]
            ]
          ],
          [
            [
              [
                79.9696,
                9.608
              ],
              [
                79.9698,
                9.6079
              ],
              [
                79.9703,
                9.6079
              ],
              [
                79.9694,
                9.6083
              ],
              [
                79.9696,
                9.608
              ]
            ]
          ],
          [
            [
              [
                80.1777,
                9.6067
              ],
              [
                80.1778,
                9.6067
              ],
              [
                80.1776,
                9.6068
              ],
              [
                80.1777,
                9.6067
              ]
            ]
          ],
          [
            [
              [
                80.1786,
                9.6065
              ],
              [
                80.179,
                9.6065
              ],
              [
                80.179,
                9.6066
              ],
              [
                80.1786,
                9.6067
              ],
              [
                80.1786,
                9.6065
              ]
            ]
          ],
          [
            [
              [
                80.1778,
                9.6063
              ],
              [
                80.178,
                9.6062
              ],
              [
                80.1778,
                9.6066
              ],
              [
                80.1777,
                9.6064
              ],
              [
                80.1778,
                9.6063
              ]
            ]
          ],
          [
            [
              [
                80.1771,
                9.6056
              ],
              [
                80.1774,
                9.6059
              ],
              [
                80.1773,
                9.6062
              ],
              [
                80.1771,
                9.606
              ],
              [
                80.1771,
                9.6056
              ]
            ]
          ],
          [
            [
              [
                80.1804,
                9.6059
              ],
              [
                80.1805,
                9.606
              ],
              [
                80.1803,
                9.6059
              ],
              [
                80.1804,
                9.6059
              ]
            ]
          ],
          [
            [
              [
                80.1809,
                9.6059
              ],
              [
                80.181,
                9.6055
              ],
              [
                80.1812,
                9.6055
              ],
              [
                80.1812,
                9.6056
              ],
              [
                80.1809,
                9.6059
              ]
            ]
          ],
          [
            [
              [
                80.1802,
                9.605
              ],
              [
                80.1807,
                9.6054
              ],
              [
                80.1798,
                9.6059
              ],
              [
                80.1795,
                9.6054
              ],
              [
                80.1802,
                9.605
              ]
            ]
          ],
          [
            [
              [
                80.1785,
                9.6057
              ],
              [
                80.1787,
                9.6057
              ],
              [
                80.1785,
                9.6058
              ],
              [
                80.1785,
                9.6057
              ]
            ]
          ],
          [
            [
              [
                80.1789,
                9.6048
              ],
              [
                80.1791,
                9.6047
              ],
              [
                80.1786,
                9.6053
              ],
              [
                80.1786,
                9.6052
              ],
              [
                80.1789,
                9.6048
              ]
            ]
          ],
          [
            [
              [
                80.1808,
                9.6051
              ],
              [
                80.1808,
                9.6052
              ],
              [
                80.1805,
                9.605
              ],
              [
                80.1806,
                9.605
              ],
              [
                80.1808,
                9.6051
              ]
            ]
          ],
          [
            [
              [
                80.1783,
                9.6046
              ],
              [
                80.1779,
                9.6046
              ],
              [
                80.1777,
                9.605
              ],
              [
                80.1777,
                9.6044
              ],
              [
                80.1783,
                9.6046
              ]
            ]
          ],
          [
            [
              [
                80.1809,
                9.6049
              ],
              [
                80.1805,
                9.6049
              ],
              [
                80.1805,
                9.6048
              ],
              [
                80.1808,
                9.6048
              ],
              [
                80.1809,
                9.6049
              ]
            ]
          ],
          [
            [
              [
                80.1809,
                9.6048
              ],
              [
                80.1808,
                9.6047
              ],
              [
                80.1808,
                9.6046
              ],
              [
                80.181,
                9.6047
              ],
              [
                80.1809,
                9.6048
              ]
            ]
          ],
          [
            [
              [
                80.1817,
                9.6043
              ],
              [
                80.1816,
                9.6044
              ],
              [
                80.1813,
                9.6043
              ],
              [
                80.1816,
                9.6041
              ],
              [
                80.1817,
                9.6043
              ]
            ]
          ],
          [
            [
              [
                80.1971,
                9.6023
              ],
              [
                80.1945,
                9.6021
              ],
              [
                80.1942,
                9.5995
              ],
              [
                80.199,
                9.602
              ],
              [
                80.1971,
                9.6023
              ]
            ]
          ],
          [
            [
              [
                80.187,
                9.595
              ],
              [
                80.1931,
                9.602
              ],
              [
                80.1858,
                9.5994
              ],
              [
                80.1846,
                9.596
              ],
              [
                80.187,
                9.595
              ]
            ]
          ],
          [
            [
              [
                80.1932,
                9.6002
              ],
              [
                80.1928,
                9.6002
              ],
              [
                80.1929,
                9.5996
              ],
              [
                80.1931,
                9.5998
              ],
              [
                80.1932,
                9.6002
              ]
            ]
          ],
          [
            [
              [
                80.1968,
                9.5993
              ],
              [
                80.1957,
                9.5987
              ],
              [
                80.1962,
                9.5988
              ],
              [
                80.1974,
                9.5994
              ],
              [
                80.1968,
                9.5993
              ]
            ]
          ],
          [
            [
              [
                80.1956,
                9.5989
              ],
              [
                80.1959,
                9.5991
              ],
              [
                80.195,
                9.599
              ],
              [
                80.1945,
                9.5984
              ],
              [
                80.1948,
                9.5987
              ],
              [
                80.1956,
                9.5989
              ]
            ]
          ],
          [
            [
              [
                80.1964,
                9.5958
              ],
              [
                80.1998,
                9.5942
              ],
              [
                80.201,
                9.5949
              ],
              [
                80.1978,
                9.597
              ],
              [
                80.1964,
                9.5958
              ]
            ]
          ],
          [
            [
              [
                79.8019,
                9.5943
              ],
              [
                79.8023,
                9.5949
              ],
              [
                79.8013,
                9.5956
              ],
              [
                79.8012,
                9.5948
              ],
              [
                79.8019,
                9.5943
              ]
            ]
          ],
          [
            [
              [
                80.1915,
                9.5945
              ],
              [
                80.1878,
                9.595
              ],
              [
                80.1901,
                9.5943
              ],
              [
                80.1907,
                9.5943
              ],
              [
                80.1913,
                9.5944
              ],
              [
                80.1915,
                9.5945
              ]
            ]
          ],
          [
            [
              [
                80.2024,
                9.5923
              ],
              [
                80.2034,
                9.5928
              ],
              [
                80.1961,
                9.5946
              ],
              [
                80.1998,
                9.5928
              ],
              [
                80.2024,
                9.5923
              ]
            ]
          ],
          [
            [
              [
                80.1956,
                9.5922
              ],
              [
                80.1936,
                9.592
              ],
              [
                80.1994,
                9.5898
              ],
              [
                80.1978,
                9.5915
              ],
              [
                80.1956,
                9.5922
              ]
            ]
          ],
          [
            [
              [
                79.801,
                9.5797
              ],
              [
                79.8006,
                9.5801
              ],
              [
                79.8002,
                9.5791
              ],
              [
                79.8006,
                9.5789
              ],
              [
                79.801,
                9.5797
              ]
            ]
          ],
          [
            [
              [
                79.7238,
                9.4769
              ],
              [
                79.7235,
                9.5273
              ],
              [
                79.6557,
                9.5538
              ],
              [
                79.6549,
                9.5052
              ],
              [
                79.7238,
                9.4769
              ]
            ]
          ],
          [
            [
              [
                79.5254,
                9.3933
              ],
              [
                79.5214,
                9.3887
              ],
              [
                79.5283,
                9.3833
              ],
              [
                79.5302,
                9.388
              ],
              [
                79.5254,
                9.3933
              ]
            ]
          ]
        ]
      }
    },
    {
      "id": "feature_10",
      "type": "Feature",
      "properties": {
        "id": "LK-42",
        "name": "Mannar",
        "area_sqkm": 2010.83,
        "center_lat": 8.878476,
        "center_lng": 80.091433,
        "province_id": "LK-4",
        "ed_id": "EC-11",
        "pd_id": "EC-11A"
      },
      "geometry": {
        "type": "MultiPolygon",
        "coordinates": [
          [
            [
              [
                80.34,
                8.959
              ],
              [
                80.1746,
                8.9503
              ],
              [
                80.19,
                8.9793
              ],
              [
                80.1762,
                8.9966
              ],
              [
                80.1947,
                9.0455
              ],
              [
                80.2199,
                9.0554
              ],
              [
                80.2257,
                9.1132
              ],
              [
                80.1954,
                9.176
              ],
              [
                80.1917,
                9.2372
              ],
              [
                80.1496,
                9.2113
              ],
              [
                80.1187,
                9.2117
              ],
              [
                80.0411,
                9.0159
              ],
              [
                79.9909,
                8.9955
              ],
              [
                79.9542,
                8.9434
              ],
              [
                79.9313,
                8.9424
              ],
              [
                79.9231,
                8.9474
              ],
              [
                79.9252,
                8.9322
              ],
              [
                79.9046,
                8.9482
              ],
              [
                79.9146,
                8.9246
              ],
              [
                79.9145,
                8.9246
              ],
              [
                79.9118,
                8.9386
              ],
              [
                79.9188,
                8.9346
              ],
              [
                79.9331,
                8.8983
              ],
              [
                79.9131,
                8.8204
              ],
              [
                79.9596,
                8.726
              ],
              [
                79.9464,
                8.6299
              ],
              [
                79.9184,
                8.5893
              ],
              [
                79.9205,
                8.567
              ],
              [
                80.033,
                8.5264
              ],
              [
                80.0533,
                8.529
              ],
              [
                80.044,
                8.6746
              ],
              [
                80.1151,
                8.6496
              ],
              [
                80.2352,
                8.6804
              ],
              [
                80.1688,
                8.7507
              ],
              [
                80.181,
                8.7733
              ],
              [
                80.1991,
                8.7654
              ],
              [
                80.2172,
                8.809
              ],
              [
                80.2173,
                8.809
              ],
              [
                80.2172,
                8.809
              ],
              [
                80.2288,
                8.8271
              ],
              [
                80.2979,
                8.8201
              ],
              [
                80.3966,
                8.855
              ],
              [
                80.3797,
                8.9366
              ],
              [
                80.34,
                8.959
              ]
            ]
          ],
          [
            [
              [
                80.1083,
                9.1984
              ],
              [
                80.1078,
                9.1976
              ],
              [
                80.1079,
                9.197
              ],
              [
                80.1082,
                9.1975
              ],
              [
                80.1083,
                9.1984
              ]
            ]
          ],
          [
            [
              [
                79.8888,
                8.9609
              ],
              [
                79.8833,
                8.971
              ],
              [
                79.8949,
                8.9618
              ],
              [
                79.9273,
                8.9801
              ],
              [
                79.8732,
                9.0347
              ],
              [
                79.9269,
                9.011
              ],
              [
                79.8623,
                9.0725
              ],
              [
                79.7302,
                9.1099
              ],
              [
                79.6959,
                9.0986
              ],
              [
                79.7017,
                9.0799
              ],
              [
                79.6855,
                9.0761
              ],
              [
                79.7961,
                9.0452
              ],
              [
                79.8888,
                8.9609
              ]
            ]
          ],
          [
            [
              [
                79.6987,
                9.0982
              ],
              [
                79.6989,
                9.0982
              ],
              [
                79.6991,
                9.099
              ],
              [
                79.6984,
                9.0984
              ],
              [
                79.6987,
                9.0982
              ]
            ]
          ],
          [
            [
              [
                79.698,
                9.0981
              ],
              [
                79.698,
                9.0983
              ],
              [
                79.6979,
                9.0984
              ],
              [
                79.6977,
                9.0981
              ],
              [
                79.698,
                9.0981
              ]
            ]
          ],
          [
            [
              [
                79.6963,
                9.095
              ],
              [
                79.6976,
                9.0978
              ],
              [
                79.6971,
                9.0979
              ],
              [
                79.6971,
                9.0969
              ],
              [
                79.6962,
                9.0956
              ],
              [
                79.6963,
                9.095
              ]
            ]
          ],
          [
            [
              [
                79.6977,
                9.0945
              ],
              [
                79.6981,
                9.0946
              ],
              [
                79.6982,
                9.095
              ],
              [
                79.6976,
                9.0949
              ],
              [
                79.6977,
                9.0945
              ]
            ]
          ],
          [
            [
              [
                79.6979,
                9.0941
              ],
              [
                79.6976,
                9.0927
              ],
              [
                79.6992,
                9.0948
              ],
              [
                79.6989,
                9.0949
              ],
              [
                79.6979,
                9.0941
              ]
            ]
          ],
          [
            [
              [
                79.6975,
                9.0941
              ],
              [
                79.6976,
                9.094
              ],
              [
                79.6976,
                9.0943
              ],
              [
                79.6975,
                9.0942
              ],
              [
                79.6975,
                9.0941
              ]
            ]
          ],
          [
            [
              [
                79.6967,
                9.0895
              ],
              [
                79.6971,
                9.0903
              ],
              [
                79.6964,
                9.0909
              ],
              [
                79.696,
                9.0903
              ],
              [
                79.6967,
                9.0895
              ]
            ]
          ],
          [
            [
              [
                79.6955,
                9.0879
              ],
              [
                79.6959,
                9.0883
              ],
              [
                79.6956,
                9.0897
              ],
              [
                79.6952,
                9.0887
              ],
              [
                79.6955,
                9.0879
              ]
            ]
          ],
          [
            [
              [
                79.6959,
                9.0876
              ],
              [
                79.6956,
                9.0876
              ],
              [
                79.6952,
                9.0879
              ],
              [
                79.6955,
                9.0875
              ],
              [
                79.6959,
                9.0876
              ]
            ]
          ],
          [
            [
              [
                79.6961,
                9.0863
              ],
              [
                79.6957,
                9.0869
              ],
              [
                79.6956,
                9.0867
              ],
              [
                79.6957,
                9.0863
              ],
              [
                79.6958,
                9.0862
              ],
              [
                79.6961,
                9.0862
              ],
              [
                79.6961,
                9.0863
              ]
            ]
          ],
          [
            [
              [
                79.6949,
                9.0795
              ],
              [
                79.6952,
                9.0795
              ],
              [
                79.6952,
                9.08
              ],
              [
                79.6946,
                9.0798
              ],
              [
                79.6949,
                9.0795
              ]
            ]
          ],
          [
            [
              [
                79.9156,
                8.9721
              ],
              [
                79.9165,
                8.9719
              ],
              [
                79.9157,
                8.9743
              ],
              [
                79.9153,
                8.9732
              ],
              [
                79.9156,
                8.9721
              ]
            ]
          ],
          [
            [
              [
                79.8943,
                8.9576
              ],
              [
                79.9016,
                8.9466
              ],
              [
                79.9079,
                8.9584
              ],
              [
                79.9021,
                8.9619
              ],
              [
                79.8943,
                8.9576
              ]
            ]
          ],
          [
            [
              [
                79.9161,
                8.9587
              ],
              [
                79.9184,
                8.9584
              ],
              [
                79.92,
                8.9604
              ],
              [
                79.9173,
                8.9613
              ],
              [
                79.9161,
                8.9587
              ]
            ]
          ],
          [
            [
              [
                79.9199,
                8.9589
              ],
              [
                79.9167,
                8.9577
              ],
              [
                79.9203,
                8.9538
              ],
              [
                79.9208,
                8.9559
              ],
              [
                79.9199,
                8.9589
              ]
            ]
          ],
          [
            [
              [
                79.9166,
                8.9582
              ],
              [
                79.9168,
                8.9581
              ],
              [
                79.9174,
                8.9586
              ],
              [
                79.9163,
                8.9588
              ],
              [
                79.9166,
                8.9582
              ]
            ]
          ],
          [
            [
              [
                79.9165,
                8.9582
              ],
              [
                79.9165,
                8.9584
              ],
              [
                79.9163,
                8.9585
              ],
              [
                79.9163,
                8.9584
              ],
              [
                79.9165,
                8.9582
              ]
            ]
          ],
          [
            [
              [
                79.9166,
                8.9581
              ],
              [
                79.9157,
                8.9582
              ],
              [
                79.9165,
                8.9571
              ],
              [
                79.9177,
                8.9566
              ],
              [
                79.9167,
                8.9574
              ],
              [
                79.9166,
                8.9581
              ]
            ]
          ],
          [
            [
              [
                79.8912,
                8.9566
              ],
              [
                79.8922,
                8.9575
              ],
              [
                79.8908,
                8.9579
              ],
              [
                79.8908,
                8.9571
              ],
              [
                79.8912,
                8.9566
              ]
            ]
          ],
          [
            [
              [
                79.9255,
                8.9023
              ],
              [
                79.9259,
                8.9044
              ],
              [
                79.9217,
                8.9117
              ],
              [
                79.9111,
                8.9259
              ],
              [
                79.9091,
                8.9347
              ],
              [
                79.89,
                8.9573
              ],
              [
                79.9255,
                8.9023
              ]
            ]
          ],
          [
            [
              [
                79.9203,
                8.9537
              ],
              [
                79.9201,
                8.9541
              ],
              [
                79.9196,
                8.9544
              ],
              [
                79.9196,
                8.9533
              ],
              [
                79.9203,
                8.9537
              ]
            ]
          ],
          [
            [
              [
                79.9535,
                8.9539
              ],
              [
                79.9533,
                8.9525
              ],
              [
                79.9538,
                8.9519
              ],
              [
                79.954,
                8.9544
              ],
              [
                79.9535,
                8.9539
              ]
            ]
          ],
          [
            [
              [
                79.9232,
                8.9531
              ],
              [
                79.9225,
                8.953
              ],
              [
                79.9226,
                8.9525
              ],
              [
                79.9232,
                8.9528
              ],
              [
                79.9232,
                8.9531
              ]
            ]
          ],
          [
            [
              [
                79.953,
                8.9516
              ],
              [
                79.9509,
                8.9497
              ],
              [
                79.9509,
                8.9482
              ],
              [
                79.9532,
                8.9507
              ],
              [
                79.953,
                8.9516
              ]
            ]
          ],
          [
            [
              [
                79.9196,
                8.9507
              ],
              [
                79.9192,
                8.9508
              ],
              [
                79.919,
                8.9511
              ],
              [
                79.919,
                8.9507
              ],
              [
                79.9196,
                8.9507
              ]
            ]
          ],
          [
            [
              [
                79.9525,
                8.9499
              ],
              [
                79.9528,
                8.9501
              ],
              [
                79.9523,
                8.9503
              ],
              [
                79.9523,
                8.9501
              ],
              [
                79.9525,
                8.9499
              ]
            ]
          ],
          [
            [
              [
                79.9218,
                8.9493
              ],
              [
                79.9216,
                8.9493
              ],
              [
                79.9217,
                8.949
              ],
              [
                79.9219,
                8.949
              ],
              [
                79.9218,
                8.9493
              ]
            ]
          ],
          [
            [
              [
                79.9498,
                8.9487
              ],
              [
                79.949,
                8.9487
              ],
              [
                79.9478,
                8.9471
              ],
              [
                79.9504,
                8.9481
              ],
              [
                79.9498,
                8.9487
              ]
            ]
          ],
          [
            [
              [
                79.9211,
                8.948
              ],
              [
                79.9213,
                8.9479
              ],
              [
                79.921,
                8.9486
              ],
              [
                79.9211,
                8.9482
              ],
              [
                79.9211,
                8.948
              ]
            ]
          ],
          [
            [
              [
                79.9218,
                8.9484
              ],
              [
                79.9218,
                8.9481
              ],
              [
                79.922,
                8.9481
              ],
              [
                79.922,
                8.9485
              ],
              [
                79.9218,
                8.9484
              ]
            ]
          ],
          [
            [
              [
                79.9168,
                8.9476
              ],
              [
                79.9167,
                8.9484
              ],
              [
                79.9162,
                8.9484
              ],
              [
                79.9164,
                8.9475
              ],
              [
                79.9168,
                8.9476
              ]
            ]
          ],
          [
            [
              [
                79.9216,
                8.9483
              ],
              [
                79.9215,
                8.9484
              ],
              [
                79.9215,
                8.9482
              ],
              [
                79.9216,
                8.9483
              ]
            ]
          ],
          [
            [
              [
                79.9174,
                8.9479
              ],
              [
                79.9172,
                8.9477
              ],
              [
                79.9175,
                8.9476
              ],
              [
                79.9175,
                8.9478
              ],
              [
                79.9174,
                8.9479
              ]
            ]
          ],
          [
            [
              [
                79.9477,
                8.947
              ],
              [
                79.9471,
                8.9471
              ],
              [
                79.9464,
                8.9466
              ],
              [
                79.9479,
                8.9465
              ],
              [
                79.9477,
                8.947
              ]
            ]
          ],
          [
            [
              [
                79.9458,
                8.9462
              ],
              [
                79.9461,
                8.946
              ],
              [
                79.9461,
                8.9462
              ],
              [
                79.9458,
                8.9463
              ],
              [
                79.9458,
                8.9462
              ]
            ]
          ],
          [
            [
              [
                79.9023,
                8.9418
              ],
              [
                79.9024,
                8.9424
              ],
              [
                79.9019,
                8.9427
              ],
              [
                79.9018,
                8.9421
              ],
              [
                79.9023,
                8.9418
              ]
            ]
          ],
          [
            [
              [
                79.9146,
                8.9246
              ],
              [
                79.9146,
                8.9246
              ],
              [
                79.9145,
                8.9246
              ],
              [
                79.9146,
                8.9246
              ]
            ]
          ],
          [
            [
              [
                79.9136,
                8.9235
              ],
              [
                79.9139,
                8.9234
              ],
              [
                79.9141,
                8.9237
              ],
              [
                79.9135,
                8.9239
              ],
              [
                79.9136,
                8.9235
              ]
            ]
          ],
          [
            [
              [
                79.9188,
                8.9172
              ],
              [
                79.9199,
                8.9175
              ],
              [
                79.9197,
                8.917
              ],
              [
                79.919,
                8.917
              ],
              [
                79.9186,
                8.9172
              ],
              [
                79.9182,
                8.9159
              ],
              [
                79.9249,
                8.9072
              ],
              [
                79.9258,
                8.9115
              ],
              [
                79.9196,
                8.9148
              ],
              [
                79.9217,
                8.915
              ],
              [
                79.9185,
                8.9161
              ],
              [
                79.9186,
                8.9171
              ],
              [
                79.9196,
                8.9168
              ],
              [
                79.9201,
                8.9176
              ],
              [
                79.9158,
                8.9218
              ],
              [
                79.9159,
                8.9214
              ],
              [
                79.9172,
                8.9204
              ],
              [
                79.9174,
                8.9193
              ],
              [
                79.9179,
                8.9182
              ],
              [
                79.9188,
                8.9172
              ]
            ]
          ],
          [
            [
              [
                79.9288,
                8.9076
              ],
              [
                79.9292,
                8.9084
              ],
              [
                79.9283,
                8.9092
              ],
              [
                79.9283,
                8.908
              ],
              [
                79.9288,
                8.9076
              ]
            ]
          ],
          [
            [
              [
                79.9258,
                8.9035
              ],
              [
                79.9259,
                8.9035
              ],
              [
                79.9259,
                8.9039
              ],
              [
                79.9256,
                8.9037
              ],
              [
                79.9258,
                8.9035
              ]
            ]
          ],
          [
            [
              [
                79.9282,
                8.9001
              ],
              [
                79.9282,
                8.9003
              ],
              [
                79.9281,
                8.9003
              ],
              [
                79.9281,
                8.9002
              ],
              [
                79.9282,
                8.9001
              ]
            ]
          ],
          [
            [
              [
                79.919,
                8.833
              ],
              [
                79.9186,
                8.8332
              ],
              [
                79.9189,
                8.8322
              ],
              [
                79.919,
                8.8322
              ],
              [
                79.919,
                8.833
              ]
            ]
          ],
          [
            [
              [
                79.9194,
                8.8314
              ],
              [
                79.9204,
                8.8318
              ],
              [
                79.9197,
                8.833
              ],
              [
                79.9188,
                8.83
              ],
              [
                79.9194,
                8.8314
              ]
            ]
          ],
          [
            [
              [
                79.9183,
                8.8283
              ],
              [
                79.9185,
                8.8283
              ],
              [
                79.9185,
                8.8284
              ],
              [
                79.9182,
                8.8285
              ],
              [
                79.9183,
                8.8283
              ]
            ]
          ],
          [
            [
              [
                79.9187,
                8.8283
              ],
              [
                79.9183,
                8.8273
              ],
              [
                79.9189,
                8.8267
              ],
              [
                79.9195,
                8.8275
              ],
              [
                79.9187,
                8.8283
              ]
            ]
          ],
          [
            [
              [
                79.9173,
                8.8266
              ],
              [
                79.9173,
                8.8283
              ],
              [
                79.9169,
                8.825
              ],
              [
                79.9175,
                8.8261
              ],
              [
                79.9173,
                8.8266
              ]
            ]
          ],
          [
            [
              [
                79.9169,
                8.8218
              ],
              [
                79.9174,
                8.8241
              ],
              [
                79.9163,
                8.8227
              ],
              [
                79.9166,
                8.822
              ],
              [
                79.9169,
                8.8218
              ]
            ]
          ],
          [
            [
              [
                79.9182,
                8.8233
              ],
              [
                79.9183,
                8.8228
              ],
              [
                79.918,
                8.822
              ],
              [
                79.9187,
                8.8234
              ],
              [
                79.9182,
                8.8233
              ]
            ]
          ],
          [
            [
              [
                79.9178,
                8.8232
              ],
              [
                79.9173,
                8.8223
              ],
              [
                79.9175,
                8.8212
              ],
              [
                79.9179,
                8.8208
              ],
              [
                79.9175,
                8.8218
              ],
              [
                79.9178,
                8.8232
              ]
            ]
          ],
          [
            [
              [
                79.9183,
                8.821
              ],
              [
                79.9189,
                8.8202
              ],
              [
                79.9204,
                8.8202
              ],
              [
                79.919,
                8.8212
              ],
              [
                79.9183,
                8.821
              ]
            ]
          ],
          [
            [
              [
                79.9169,
                8.8206
              ],
              [
                79.9159,
                8.8209
              ],
              [
                79.9166,
                8.818
              ],
              [
                79.918,
                8.8184
              ],
              [
                79.9169,
                8.8206
              ]
            ]
          ],
          [
            [
              [
                79.9181,
                8.8187
              ],
              [
                79.9187,
                8.8177
              ],
              [
                79.9199,
                8.8182
              ],
              [
                79.9177,
                8.82
              ],
              [
                79.9181,
                8.8187
              ]
            ]
          ],
          [
            [
              [
                79.9174,
                8.8111
              ],
              [
                79.917,
                8.8126
              ],
              [
                79.9162,
                8.8126
              ],
              [
                79.9167,
                8.8115
              ],
              [
                79.9174,
                8.8111
              ]
            ]
          ],
          [
            [
              [
                79.9162,
                8.8103
              ],
              [
                79.9166,
                8.8105
              ],
              [
                79.9157,
                8.8125
              ],
              [
                79.9157,
                8.8106
              ],
              [
                79.9162,
                8.8103
              ]
            ]
          ],
          [
            [
              [
                79.9203,
                8.8116
              ],
              [
                79.9214,
                8.8115
              ],
              [
                79.9217,
                8.8117
              ],
              [
                79.9208,
                8.8121
              ],
              [
                79.9203,
                8.8116
              ]
            ]
          ],
          [
            [
              [
                79.9187,
                8.8095
              ],
              [
                79.9195,
                8.8098
              ],
              [
                79.918,
                8.8102
              ],
              [
                79.9183,
                8.8096
              ],
              [
                79.9187,
                8.8095
              ]
            ]
          ],
          [
            [
              [
                79.9203,
                8.8096
              ],
              [
                79.9202,
                8.81
              ],
              [
                79.9196,
                8.8102
              ],
              [
                79.92,
                8.8093
              ],
              [
                79.9203,
                8.8096
              ]
            ]
          ]
        ]
      }
    },
    {
      "id": "feature_11",
      "type": "Feature",
      "properties": {
        "id": "LK-43",
        "name": "Vavuniya",
        "area_sqkm": 1934.91,
        "center_lat": 8.853162,
        "center_lng": 80.470869,
        "province_id": "LK-4",
        "ed_id": "EC-11",
        "pd_id": "EC-11B"
      },
      "geometry": {
        "type": "Polygon",
        "coordinates": [
          [
            [
              80.745,
              8.9032
            ],
            [
              80.7032,
              8.9843
            ],
            [
              80.7434,
              9.0358
            ],
            [
              80.7175,
              9.0505
            ],
            [
              80.6782,
              9.0297
            ],
            [
              80.6923,
              9.0745
            ],
            [
              80.6515,
              9.078
            ],
            [
              80.6433,
              9.1179
            ],
            [
              80.582,
              9.1261
            ],
            [
              80.5853,
              9.1121
            ],
            [
              80.5291,
              9.0764
            ],
            [
              80.5128,
              9.0755
            ],
            [
              80.4951,
              9.1138
            ],
            [
              80.4051,
              9.1156
            ],
            [
              80.4051,
              9.0907
            ],
            [
              80.405,
              9.0907
            ],
            [
              80.4259,
              9.0909
            ],
            [
              80.4344,
              9.031
            ],
            [
              80.34,
              8.959
            ],
            [
              80.3797,
              8.9366
            ],
            [
              80.3966,
              8.855
            ],
            [
              80.2979,
              8.8201
            ],
            [
              80.2288,
              8.8271
            ],
            [
              80.2172,
              8.809
            ],
            [
              80.2173,
              8.809
            ],
            [
              80.2172,
              8.809
            ],
            [
              80.1991,
              8.7654
            ],
            [
              80.181,
              8.7733
            ],
            [
              80.1688,
              8.7507
            ],
            [
              80.2352,
              8.6804
            ],
            [
              80.2361,
              8.6289
            ],
            [
              80.2745,
              8.6099
            ],
            [
              80.2878,
              8.5593
            ],
            [
              80.2878,
              8.5594
            ],
            [
              80.34,
              8.5472
            ],
            [
              80.3527,
              8.5724
            ],
            [
              80.3788,
              8.5805
            ],
            [
              80.3805,
              8.6219
            ],
            [
              80.4501,
              8.6932
            ],
            [
              80.5085,
              8.658
            ],
            [
              80.5688,
              8.7001
            ],
            [
              80.6523,
              8.794
            ],
            [
              80.6253,
              8.8386
            ],
            [
              80.5921,
              8.8469
            ],
            [
              80.5963,
              8.8699
            ],
            [
              80.6649,
              8.8711
            ],
            [
              80.745,
              8.9032
            ]
          ]
        ]
      }
    },
    {
      "id": "feature_12",
      "type": "Feature",
      "properties": {
        "id": "LK-44",
        "name": "Mullaitivu",
        "area_sqkm": 2681.15,
        "center_lat": 9.170128,
        "center_lng": 80.552726,
        "province_id": "LK-4",
        "ed_id": "EC-11",
        "pd_id": null
      },
      "geometry": {
        "type": "Polygon",
        "coordinates": [
          [
            [
              80.9672,
              8.9867
            ],
            [
              80.8778,
              9.1356
            ],
            [
              80.8096,
              9.2938
            ],
            [
              80.6228,
              9.4588
            ],
            [
              80.6172,
              9.452
            ],
            [
              80.5853,
              9.4081
            ],
            [
              80.5853,
              9.3627
            ],
            [
              80.5315,
              9.3984
            ],
            [
              80.5316,
              9.3984
            ],
            [
              80.5315,
              9.3984
            ],
            [
              80.5135,
              9.3451
            ],
            [
              80.4082,
              9.3398
            ],
            [
              80.4069,
              9.3052
            ],
            [
              80.2417,
              9.3003
            ],
            [
              80.214,
              9.2714
            ],
            [
              80.218,
              9.2326
            ],
            [
              80.1917,
              9.2372
            ],
            [
              80.1954,
              9.176
            ],
            [
              80.2257,
              9.1132
            ],
            [
              80.2199,
              9.0554
            ],
            [
              80.1947,
              9.0455
            ],
            [
              80.1762,
              8.9966
            ],
            [
              80.19,
              8.9793
            ],
            [
              80.1746,
              8.9503
            ],
            [
              80.34,
              8.959
            ],
            [
              80.4344,
              9.031
            ],
            [
              80.4259,
              9.0909
            ],
            [
              80.405,
              9.0907
            ],
            [
              80.4051,
              9.0907
            ],
            [
              80.4051,
              9.1156
            ],
            [
              80.4951,
              9.1138
            ],
            [
              80.5128,
              9.0755
            ],
            [
              80.5291,
              9.0764
            ],
            [
              80.5853,
              9.1121
            ],
            [
              80.582,
              9.1261
            ],
            [
              80.6433,
              9.1179
            ],
            [
              80.6515,
              9.078
            ],
            [
              80.6923,
              9.0745
            ],
            [
              80.6782,
              9.0297
            ],
            [
              80.7175,
              9.0505
            ],
            [
              80.7434,
              9.0358
            ],
            [
              80.7032,
              8.9843
            ],
            [
              80.745,
              8.9032
            ],
            [
              80.7551,
              8.9058
            ],
            [
              80.7757,
              8.9473
            ],
            [
              80.8659,
              8.9587
            ],
            [
              80.9071,
              8.9865
            ],
            [
              80.9672,
              8.9867
            ]
          ]
        ]
      }
    },
    {
      "id": "feature_13",
      "type": "Feature",
      "properties": {
        "id": "LK-45",
        "name": "Kilinochchi",
        "area_sqkm": 1319.29,
        "center_lat": 9.421424,
        "center_lng": 80.309356,
        "province_id": "LK-4",
        "ed_id": "EC-10",
        "pd_id": "EC-10K"
      },
      "geometry": {
        "type": "MultiPolygon",
        "coordinates": [
          [
            [
              [
                80.6172,
                9.452
              ],
              [
                80.4511,
                9.5228
              ],
              [
                80.442,
                9.5774
              ],
              [
                80.2994,
                9.6849
              ],
              [
                80.2575,
                9.6132
              ],
              [
                80.3572,
                9.5489
              ],
              [
                80.3931,
                9.5141
              ],
              [
                80.3924,
                9.483
              ],
              [
                80.3492,
                9.4624
              ],
              [
                80.3399,
                9.4739
              ],
              [
                80.3366,
                9.4554
              ],
              [
                80.2796,
                9.4554
              ],
              [
                80.2497,
                9.4692
              ],
              [
                80.278,
                9.4758
              ],
              [
                80.2489,
                9.496
              ],
              [
                80.2482,
                9.5063
              ],
              [
                80.2845,
                9.4958
              ],
              [
                80.2643,
                9.5137
              ],
              [
                80.1963,
                9.5375
              ],
              [
                80.1965,
                9.5526
              ],
              [
                80.1676,
                9.5447
              ],
              [
                80.0614,
                9.6116
              ],
              [
                80.0518,
                9.5989
              ],
              [
                80.1415,
                9.5403
              ],
              [
                80.1858,
                9.4866
              ],
              [
                80.1469,
                9.4373
              ],
              [
                80.0537,
                9.3909
              ],
              [
                80.0632,
                9.3311
              ],
              [
                80.1222,
                9.2995
              ],
              [
                80.11,
                9.2752
              ],
              [
                80.1187,
                9.2117
              ],
              [
                80.1496,
                9.2113
              ],
              [
                80.1917,
                9.2372
              ],
              [
                80.218,
                9.2326
              ],
              [
                80.214,
                9.2714
              ],
              [
                80.2417,
                9.3003
              ],
              [
                80.4069,
                9.3052
              ],
              [
                80.4082,
                9.3398
              ],
              [
                80.5135,
                9.3451
              ],
              [
                80.5315,
                9.3984
              ],
              [
                80.5316,
                9.3984
              ],
              [
                80.5315,
                9.3984
              ],
              [
                80.5853,
                9.3627
              ],
              [
                80.5853,
                9.4081
              ],
              [
                80.6172,
                9.452
              ]
            ]
          ],
          [
            [
              [
                80.0805,
                9.6102
              ],
              [
                80.0843,
                9.609
              ],
              [
                80.076,
                9.612
              ],
              [
                80.076,
                9.6117
              ],
              [
                80.0805,
                9.6102
              ]
            ]
          ],
          [
            [
              [
                80.0684,
                9.6098
              ],
              [
                80.066,
                9.6095
              ],
              [
                80.0777,
                9.6019
              ],
              [
                80.087,
                9.5986
              ],
              [
                80.0776,
                9.6028
              ],
              [
                80.0684,
                9.6098
              ]
            ]
          ],
          [
            [
              [
                80.0896,
                9.5994
              ],
              [
                80.0905,
                9.5977
              ],
              [
                80.099,
                9.5948
              ],
              [
                80.1045,
                9.5943
              ],
              [
                80.1017,
                9.5946
              ],
              [
                80.0896,
                9.5994
              ]
            ]
          ],
          [
            [
              [
                80.3006,
                9.5861
              ],
              [
                80.3008,
                9.5871
              ],
              [
                80.2973,
                9.587
              ],
              [
                80.2984,
                9.586
              ],
              [
                80.3006,
                9.5861
              ]
            ]
          ],
          [
            [
              [
                80.3012,
                9.5858
              ],
              [
                80.3015,
                9.5855
              ],
              [
                80.3018,
                9.5856
              ],
              [
                80.301,
                9.5861
              ],
              [
                80.3012,
                9.5858
              ]
            ]
          ],
          [
            [
              [
                80.301,
                9.5848
              ],
              [
                80.3005,
                9.5858
              ],
              [
                80.2994,
                9.5857
              ],
              [
                80.3007,
                9.5847
              ],
              [
                80.301,
                9.5848
              ]
            ]
          ],
          [
            [
              [
                80.3034,
                9.5849
              ],
              [
                80.3039,
                9.5849
              ],
              [
                80.3038,
                9.5853
              ],
              [
                80.3035,
                9.5853
              ],
              [
                80.3034,
                9.5849
              ]
            ]
          ],
          [
            [
              [
                80.306,
                9.5847
              ],
              [
                80.3051,
                9.5849
              ],
              [
                80.3044,
                9.5848
              ],
              [
                80.3061,
                9.5839
              ],
              [
                80.306,
                9.5847
              ]
            ]
          ],
          [
            [
              [
                80.3489,
                9.5505
              ],
              [
                80.349,
                9.5507
              ],
              [
                80.3482,
                9.5515
              ],
              [
                80.3477,
                9.5515
              ],
              [
                80.3489,
                9.5506
              ],
              [
                80.3489,
                9.5505
              ]
            ]
          ],
          [
            [
              [
                80.3497,
                9.5498
              ],
              [
                80.3498,
                9.5499
              ],
              [
                80.3496,
                9.5501
              ],
              [
                80.3495,
                9.55
              ],
              [
                80.3497,
                9.5498
              ]
            ]
          ],
          [
            [
              [
                80.3524,
                9.5498
              ],
              [
                80.3504,
                9.5497
              ],
              [
                80.3588,
                9.5443
              ],
              [
                80.3585,
                9.545
              ],
              [
                80.3524,
                9.5498
              ]
            ]
          ],
          [
            [
              [
                80.1945,
                9.5452
              ],
              [
                80.1945,
                9.5449
              ],
              [
                80.1947,
                9.5449
              ],
              [
                80.1947,
                9.5452
              ],
              [
                80.1945,
                9.5452
              ]
            ]
          ],
          [
            [
              [
                80.3581,
                9.5427
              ],
              [
                80.359,
                9.5422
              ],
              [
                80.3599,
                9.5425
              ],
              [
                80.3586,
                9.5436
              ],
              [
                80.3581,
                9.5427
              ]
            ]
          ],
          [
            [
              [
                80.2017,
                9.5423
              ],
              [
                80.1988,
                9.5421
              ],
              [
                80.2008,
                9.5391
              ],
              [
                80.2014,
                9.5395
              ],
              [
                80.2017,
                9.5423
              ]
            ]
          ],
          [
            [
              [
                80.2181,
                9.5391
              ],
              [
                80.2181,
                9.5385
              ],
              [
                80.2184,
                9.5382
              ],
              [
                80.2189,
                9.5394
              ],
              [
                80.2181,
                9.5391
              ]
            ]
          ],
          [
            [
              [
                80.2201,
                9.5391
              ],
              [
                80.2231,
                9.5366
              ],
              [
                80.2233,
                9.5376
              ],
              [
                80.2229,
                9.538
              ],
              [
                80.2201,
                9.5391
              ]
            ]
          ],
          [
            [
              [
                80.2029,
                9.537
              ],
              [
                80.2032,
                9.5375
              ],
              [
                80.2026,
                9.5382
              ],
              [
                80.2021,
                9.5375
              ],
              [
                80.2029,
                9.537
              ]
            ]
          ],
          [
            [
              [
                80.2238,
                9.5365
              ],
              [
                80.2246,
                9.5361
              ],
              [
                80.2249,
                9.5363
              ],
              [
                80.2239,
                9.5373
              ],
              [
                80.2238,
                9.5365
              ]
            ]
          ],
          [
            [
              [
                80.2086,
                9.5365
              ],
              [
                80.2035,
                9.5368
              ],
              [
                80.2121,
                9.5313
              ],
              [
                80.2098,
                9.5362
              ],
              [
                80.2086,
                9.5365
              ]
            ]
          ],
          [
            [
              [
                80.2249,
                9.5345
              ],
              [
                80.2271,
                9.5339
              ],
              [
                80.2264,
                9.535
              ],
              [
                80.2249,
                9.535
              ],
              [
                80.2249,
                9.5345
              ]
            ]
          ],
          [
            [
              [
                80.2575,
                9.4986
              ],
              [
                80.2579,
                9.4989
              ],
              [
                80.2579,
                9.4993
              ],
              [
                80.2576,
                9.4993
              ],
              [
                80.2575,
                9.4986
              ]
            ]
          ],
          [
            [
              [
                80.2573,
                9.4985
              ],
              [
                80.2573,
                9.499
              ],
              [
                80.2567,
                9.4984
              ],
              [
                80.2571,
                9.4983
              ],
              [
                80.2573,
                9.4985
              ]
            ]
          ],
          [
            [
              [
                80.2617,
                9.4983
              ],
              [
                80.2622,
                9.4984
              ],
              [
                80.2623,
                9.4986
              ],
              [
                80.2616,
                9.4986
              ],
              [
                80.2617,
                9.4983
              ]
            ]
          ],
          [
            [
              [
                80.2598,
                9.4975
              ],
              [
                80.261,
                9.4975
              ],
              [
                80.2614,
                9.4985
              ],
              [
                80.2604,
                9.4983
              ],
              [
                80.2598,
                9.4975
              ]
            ]
          ],
          [
            [
              [
                80.2642,
                9.4982
              ],
              [
                80.2644,
                9.498
              ],
              [
                80.2645,
                9.4983
              ],
              [
                80.2643,
                9.4982
              ],
              [
                80.2642,
                9.4982
              ]
            ]
          ],
          [
            [
              [
                80.2626,
                9.4982
              ],
              [
                80.2625,
                9.4981
              ],
              [
                80.2627,
                9.498
              ],
              [
                80.2627,
                9.4981
              ],
              [
                80.2626,
                9.4982
              ]
            ]
          ],
          [
            [
              [
                80.2534,
                9.4962
              ],
              [
                80.2528,
                9.4978
              ],
              [
                80.2523,
                9.4979
              ],
              [
                80.2521,
                9.4969
              ],
              [
                80.2534,
                9.4962
              ]
            ]
          ],
          [
            [
              [
                80.2607,
                9.4973
              ],
              [
                80.2605,
                9.4972
              ],
              [
                80.2603,
                9.4968
              ],
              [
                80.261,
                9.4969
              ],
              [
                80.2607,
                9.4973
              ]
            ]
          ],
          [
            [
              [
                80.2861,
                9.4958
              ],
              [
                80.2812,
                9.4918
              ],
              [
                80.2654,
                9.4952
              ],
              [
                80.279,
                9.4896
              ],
              [
                80.2861,
                9.4958
              ]
            ]
          ],
          [
            [
              [
                80.2627,
                9.4953
              ],
              [
                80.2621,
                9.4948
              ],
              [
                80.265,
                9.4949
              ],
              [
                80.2633,
                9.4962
              ],
              [
                80.2627,
                9.4953
              ]
            ]
          ],
          [
            [
              [
                80.2622,
                9.4959
              ],
              [
                80.2618,
                9.4957
              ],
              [
                80.2618,
                9.4956
              ],
              [
                80.2621,
                9.4957
              ],
              [
                80.2622,
                9.4959
              ]
            ]
          ],
          [
            [
              [
                80.2555,
                9.4912
              ],
              [
                80.256,
                9.4933
              ],
              [
                80.2595,
                9.4943
              ],
              [
                80.2536,
                9.4952
              ],
              [
                80.2555,
                9.4912
              ]
            ]
          ],
          [
            [
              [
                80.2618,
                9.4951
              ],
              [
                80.2617,
                9.4952
              ],
              [
                80.2613,
                9.495
              ],
              [
                80.2617,
                9.4948
              ],
              [
                80.2618,
                9.4951
              ]
            ]
          ],
          [
            [
              [
                80.2609,
                9.4948
              ],
              [
                80.2606,
                9.4947
              ],
              [
                80.2605,
                9.4945
              ],
              [
                80.261,
                9.4946
              ],
              [
                80.2609,
                9.4948
              ]
            ]
          ],
          [
            [
              [
                80.2772,
                9.493
              ],
              [
                80.2773,
                9.493
              ],
              [
                80.2773,
                9.4931
              ],
              [
                80.2772,
                9.4931
              ],
              [
                80.2772,
                9.493
              ]
            ]
          ],
          [
            [
              [
                80.2586,
                9.4919
              ],
              [
                80.2576,
                9.491
              ],
              [
                80.2577,
                9.4908
              ],
              [
                80.2588,
                9.4911
              ],
              [
                80.2586,
                9.4919
              ]
            ]
          ],
          [
            [
              [
                80.2575,
                9.4918
              ],
              [
                80.2567,
                9.4914
              ],
              [
                80.2569,
                9.491
              ],
              [
                80.2576,
                9.491
              ],
              [
                80.2575,
                9.4918
              ]
            ]
          ],
          [
            [
              [
                80.2546,
                9.4909
              ],
              [
                80.2551,
                9.4912
              ],
              [
                80.2549,
                9.4914
              ],
              [
                80.2544,
                9.4912
              ],
              [
                80.2546,
                9.4909
              ]
            ]
          ],
          [
            [
              [
                80.2556,
                9.4904
              ],
              [
                80.2566,
                9.4905
              ],
              [
                80.2569,
                9.4908
              ],
              [
                80.2551,
                9.4909
              ],
              [
                80.2556,
                9.4904
              ]
            ]
          ],
          [
            [
              [
                80.2572,
                9.4906
              ],
              [
                80.2566,
                9.4904
              ],
              [
                80.2565,
                9.4901
              ],
              [
                80.2571,
                9.49
              ],
              [
                80.2572,
                9.4906
              ]
            ]
          ],
          [
            [
              [
                80.261,
                9.4877
              ],
              [
                80.2609,
                9.4874
              ],
              [
                80.2618,
                9.488
              ],
              [
                80.2615,
                9.4881
              ],
              [
                80.261,
                9.4877
              ]
            ]
          ],
          [
            [
              [
                80.2633,
                9.4874
              ],
              [
                80.263,
                9.4867
              ],
              [
                80.2635,
                9.4869
              ],
              [
                80.2637,
                9.4872
              ],
              [
                80.2633,
                9.4874
              ]
            ]
          ],
          [
            [
              [
                80.2668,
                9.4867
              ],
              [
                80.2669,
                9.4856
              ],
              [
                80.2679,
                9.486
              ],
              [
                80.2671,
                9.4868
              ],
              [
                80.2668,
                9.4867
              ]
            ]
          ],
          [
            [
              [
                80.2667,
                9.4846
              ],
              [
                80.2662,
                9.4839
              ],
              [
                80.2661,
                9.4833
              ],
              [
                80.2678,
                9.4839
              ],
              [
                80.2667,
                9.4846
              ]
            ]
          ],
          [
            [
              [
                80.3039,
                9.4845
              ],
              [
                80.312,
                9.4682
              ],
              [
                80.325,
                9.4653
              ],
              [
                80.3248,
                9.466
              ],
              [
                80.3075,
                9.4785
              ],
              [
                80.3039,
                9.4845
              ]
            ],
            [
              [
                80.3079,
                9.4769
              ],
              [
                80.3068,
                9.4781
              ],
              [
                80.3065,
                9.479
              ],
              [
                80.3081,
                9.4773
              ],
              [
                80.3079,
                9.4769
              ]
            ]
          ],
          [
            [
              [
                80.266,
                9.4845
              ],
              [
                80.2655,
                9.4842
              ],
              [
                80.2656,
                9.4835
              ],
              [
                80.2662,
                9.4839
              ],
              [
                80.266,
                9.4845
              ]
            ]
          ],
          [
            [
              [
                80.3812,
                9.484
              ],
              [
                80.3811,
                9.4816
              ],
              [
                80.3836,
                9.4824
              ],
              [
                80.3824,
                9.4841
              ],
              [
                80.3812,
                9.484
              ]
            ]
          ],
          [
            [
              [
                80.3786,
                9.4835
              ],
              [
                80.3799,
                9.4839
              ],
              [
                80.3787,
                9.4838
              ],
              [
                80.3782,
                9.4832
              ],
              [
                80.3786,
                9.4835
              ]
            ]
          ],
          [
            [
              [
                80.3879,
                9.4836
              ],
              [
                80.3873,
                9.4835
              ],
              [
                80.389,
                9.4835
              ],
              [
                80.389,
                9.4836
              ],
              [
                80.3879,
                9.4836
              ]
            ]
          ],
          [
            [
              [
                80.3868,
                9.4835
              ],
              [
                80.3852,
                9.4832
              ],
              [
                80.3833,
                9.4831
              ],
              [
                80.3865,
                9.4829
              ],
              [
                80.3868,
                9.4835
              ]
            ]
          ],
          [
            [
              [
                80.3791,
                9.4829
              ],
              [
                80.3779,
                9.4829
              ],
              [
                80.3779,
                9.4827
              ],
              [
                80.379,
                9.4823
              ],
              [
                80.3791,
                9.4829
              ]
            ]
          ],
          [
            [
              [
                80.3036,
                9.4824
              ],
              [
                80.3031,
                9.4815
              ],
              [
                80.3041,
                9.4809
              ],
              [
                80.3042,
                9.4814
              ],
              [
                80.3036,
                9.4824
              ]
            ]
          ],
          [
            [
              [
                80.3844,
                9.4823
              ],
              [
                80.385,
                9.4815
              ],
              [
                80.387,
                9.482
              ],
              [
                80.3866,
                9.4824
              ],
              [
                80.3844,
                9.4823
              ]
            ]
          ],
          [
            [
              [
                80.3836,
                9.482
              ],
              [
                80.3827,
                9.4821
              ],
              [
                80.3824,
                9.4813
              ],
              [
                80.3831,
                9.481
              ],
              [
                80.3836,
                9.482
              ]
            ]
          ],
          [
            [
              [
                80.3774,
                9.4815
              ],
              [
                80.3753,
                9.4802
              ],
              [
                80.3748,
                9.4782
              ],
              [
                80.3773,
                9.4796
              ],
              [
                80.3774,
                9.4815
              ]
            ]
          ],
          [
            [
              [
                80.3724,
                9.4773
              ],
              [
                80.3755,
                9.4814
              ],
              [
                80.3737,
                9.481
              ],
              [
                80.3732,
                9.4806
              ],
              [
                80.372,
                9.4779
              ],
              [
                80.3726,
                9.4767
              ],
              [
                80.3724,
                9.4773
              ]
            ]
          ],
          [
            [
              [
                80.3782,
                9.4807
              ],
              [
                80.3772,
                9.4791
              ],
              [
                80.3777,
                9.4786
              ],
              [
                80.3787,
                9.4797
              ],
              [
                80.3782,
                9.4807
              ]
            ]
          ],
          [
            [
              [
                80.3789,
                9.48
              ],
              [
                80.379,
                9.4795
              ],
              [
                80.3801,
                9.4794
              ],
              [
                80.3797,
                9.4802
              ],
              [
                80.3789,
                9.48
              ]
            ]
          ],
          [
            [
              [
                80.3772,
                9.479
              ],
              [
                80.3755,
                9.4777
              ],
              [
                80.3754,
                9.4769
              ],
              [
                80.3776,
                9.4786
              ],
              [
                80.3772,
                9.479
              ]
            ]
          ],
          [
            [
              [
                80.3772,
                9.4786
              ],
              [
                80.3767,
                9.4779
              ],
              [
                80.3769,
                9.4776
              ],
              [
                80.3776,
                9.4778
              ],
              [
                80.3772,
                9.4786
              ]
            ]
          ],
          [
            [
              [
                80.2783,
                9.4778
              ],
              [
                80.2782,
                9.478
              ],
              [
                80.2779,
                9.478
              ],
              [
                80.2784,
                9.4774
              ],
              [
                80.2783,
                9.4778
              ]
            ]
          ],
          [
            [
              [
                80.2823,
                9.4777
              ],
              [
                80.281,
                9.4779
              ],
              [
                80.283,
                9.4765
              ],
              [
                80.2831,
                9.4767
              ],
              [
                80.2823,
                9.4777
              ]
            ]
          ],
          [
            [
              [
                80.3767,
                9.4776
              ],
              [
                80.3763,
                9.4775
              ],
              [
                80.3759,
                9.4771
              ],
              [
                80.3764,
                9.4769
              ],
              [
                80.3767,
                9.4776
              ]
            ]
          ],
          [
            [
              [
                80.3741,
                9.4769
              ],
              [
                80.3733,
                9.4772
              ],
              [
                80.3702,
                9.4746
              ],
              [
                80.3731,
                9.4768
              ],
              [
                80.3741,
                9.4769
              ]
            ]
          ],
          [
            [
              [
                80.2699,
                9.4758
              ],
              [
                80.2701,
                9.4764
              ],
              [
                80.2697,
                9.4766
              ],
              [
                80.2695,
                9.4756
              ],
              [
                80.2699,
                9.4758
              ]
            ]
          ],
          [
            [
              [
                80.2829,
                9.4742
              ],
              [
                80.2868,
                9.4754
              ],
              [
                80.2802,
                9.4752
              ],
              [
                80.2805,
                9.4743
              ],
              [
                80.2829,
                9.4742
              ]
            ]
          ],
          [
            [
              [
                80.3692,
                9.4743
              ],
              [
                80.369,
                9.4741
              ],
              [
                80.3691,
                9.4736
              ],
              [
                80.3697,
                9.4744
              ],
              [
                80.3692,
                9.4743
              ]
            ]
          ],
          [
            [
              [
                80.2901,
                9.4722
              ],
              [
                80.2938,
                9.4683
              ],
              [
                80.2935,
                9.4717
              ],
              [
                80.2903,
                9.4742
              ],
              [
                80.29,
                9.4741
              ],
              [
                80.2901,
                9.4722
              ]
            ]
          ],
          [
            [
              [
                80.3691,
                9.4742
              ],
              [
                80.3687,
                9.4741
              ],
              [
                80.3678,
                9.4732
              ],
              [
                80.368,
                9.4731
              ],
              [
                80.3691,
                9.4742
              ]
            ]
          ],
          [
            [
              [
                80.3108,
                9.4741
              ],
              [
                80.3107,
                9.4736
              ],
              [
                80.3111,
                9.4734
              ],
              [
                80.3112,
                9.4737
              ],
              [
                80.3108,
                9.4741
              ]
            ]
          ],
          [
            [
              [
                80.2773,
                9.4736
              ],
              [
                80.2769,
                9.4736
              ],
              [
                80.2759,
                9.4739
              ],
              [
                80.2763,
                9.4729
              ],
              [
                80.2773,
                9.4736
              ]
            ]
          ],
          [
            [
              [
                80.3683,
                9.4732
              ],
              [
                80.3689,
                9.4733
              ],
              [
                80.3689,
                9.4734
              ],
              [
                80.3684,
                9.4735
              ],
              [
                80.3683,
                9.4732
              ]
            ]
          ],
          [
            [
              [
                80.2572,
                9.4715
              ],
              [
                80.2538,
                9.4731
              ],
              [
                80.2556,
                9.472
              ],
              [
                80.2569,
                9.4714
              ],
              [
                80.2572,
                9.4715
              ]
            ]
          ],
          [
            [
              [
                80.3623,
                9.4705
              ],
              [
                80.3613,
                9.47
              ],
              [
                80.3677,
                9.4725
              ],
              [
                80.367,
                9.4726
              ],
              [
                80.3623,
                9.4705
              ]
            ]
          ],
          [
            [
              [
                80.2594,
                9.4718
              ],
              [
                80.26,
                9.472
              ],
              [
                80.26,
                9.4723
              ],
              [
                80.2594,
                9.4723
              ],
              [
                80.2594,
                9.4718
              ]
            ]
          ],
          [
            [
              [
                80.2587,
                9.471
              ],
              [
                80.2591,
                9.4712
              ],
              [
                80.2591,
                9.4718
              ],
              [
                80.2589,
                9.4718
              ],
              [
                80.2587,
                9.471
              ]
            ]
          ],
          [
            [
              [
                80.2583,
                9.4718
              ],
              [
                80.2578,
                9.4714
              ],
              [
                80.2583,
                9.4715
              ],
              [
                80.2584,
                9.4718
              ],
              [
                80.2583,
                9.4718
              ]
            ]
          ],
          [
            [
              [
                80.274,
                9.4701
              ],
              [
                80.2748,
                9.4707
              ],
              [
                80.2723,
                9.4712
              ],
              [
                80.2733,
                9.4698
              ],
              [
                80.274,
                9.4701
              ]
            ]
          ],
          [
            [
              [
                80.2599,
                9.4711
              ],
              [
                80.2583,
                9.4707
              ],
              [
                80.259,
                9.4706
              ],
              [
                80.2595,
                9.4707
              ],
              [
                80.2599,
                9.4711
              ]
            ]
          ],
          [
            [
              [
                80.2537,
                9.4705
              ],
              [
                80.2536,
                9.4709
              ],
              [
                80.2533,
                9.471
              ],
              [
                80.2534,
                9.4705
              ],
              [
                80.2537,
                9.4705
              ]
            ]
          ],
          [
            [
              [
                80.2694,
                9.4699
              ],
              [
                80.2658,
                9.4692
              ],
              [
                80.2691,
                9.4669
              ],
              [
                80.2722,
                9.4682
              ],
              [
                80.2694,
                9.4699
              ]
            ]
          ],
          [
            [
              [
                80.2641,
                9.4653
              ],
              [
                80.2617,
                9.4704
              ],
              [
                80.2592,
                9.4665
              ],
              [
                80.2633,
                9.4632
              ],
              [
                80.2644,
                9.4636
              ],
              [
                80.2641,
                9.4653
              ]
            ]
          ],
          [
            [
              [
                80.2739,
                9.4687
              ],
              [
                80.2758,
                9.4699
              ],
              [
                80.2755,
                9.4701
              ],
              [
                80.2753,
                9.4696
              ],
              [
                80.2746,
                9.4694
              ],
              [
                80.2745,
                9.4691
              ],
              [
                80.2739,
                9.4689
              ],
              [
                80.2738,
                9.4687
              ],
              [
                80.2739,
                9.4687
              ]
            ]
          ],
          [
            [
              [
                80.3182,
                9.4699
              ],
              [
                80.3174,
                9.47
              ],
              [
                80.3174,
                9.4698
              ],
              [
                80.3183,
                9.4696
              ],
              [
                80.3182,
                9.4699
              ]
            ]
          ],
          [
            [
              [
                80.3605,
                9.4699
              ],
              [
                80.3598,
                9.4695
              ],
              [
                80.3612,
                9.4693
              ],
              [
                80.3609,
                9.4698
              ],
              [
                80.3605,
                9.4699
              ]
            ]
          ],
          [
            [
              [
                80.2732,
                9.4678
              ],
              [
                80.2739,
                9.4691
              ],
              [
                80.2732,
                9.4696
              ],
              [
                80.2728,
                9.4679
              ],
              [
                80.2732,
                9.4678
              ]
            ]
          ],
          [
            [
              [
                80.3599,
                9.4693
              ],
              [
                80.3592,
                9.4693
              ],
              [
                80.3598,
                9.4683
              ],
              [
                80.3603,
                9.4687
              ],
              [
                80.3599,
                9.4693
              ]
            ]
          ],
          [
            [
              [
                80.3385,
                9.4687
              ],
              [
                80.3378,
                9.4694
              ],
              [
                80.3376,
                9.4693
              ],
              [
                80.3378,
                9.469
              ],
              [
                80.3385,
                9.4687
              ]
            ]
          ],
          [
            [
              [
                80.2995,
                9.469
              ],
              [
                80.3038,
                9.4655
              ],
              [
                80.3043,
                9.4665
              ],
              [
                80.303,
                9.4682
              ],
              [
                80.3008,
                9.4691
              ],
              [
                80.2995,
                9.469
              ]
            ]
          ],
          [
            [
              [
                80.2946,
                9.4673
              ],
              [
                80.2951,
                9.4673
              ],
              [
                80.2952,
                9.4689
              ],
              [
                80.2938,
                9.4678
              ],
              [
                80.2946,
                9.4673
              ]
            ]
          ],
          [
            [
              [
                80.2748,
                9.4674
              ],
              [
                80.2752,
                9.4675
              ],
              [
                80.2751,
                9.4685
              ],
              [
                80.2742,
                9.4681
              ],
              [
                80.2748,
                9.4674
              ]
            ]
          ],
          [
            [
              [
                80.273,
                9.4685
              ],
              [
                80.2728,
                9.4684
              ],
              [
                80.2728,
                9.4681
              ],
              [
                80.273,
                9.4683
              ],
              [
                80.273,
                9.4685
              ]
            ]
          ],
          [
            [
              [
                80.2962,
                9.4676
              ],
              [
                80.2965,
                9.4676
              ],
              [
                80.2963,
                9.4682
              ],
              [
                80.296,
                9.4679
              ],
              [
                80.2962,
                9.4676
              ]
            ]
          ],
          [
            [
              [
                80.313,
                9.4681
              ],
              [
                80.3146,
                9.4671
              ],
              [
                80.3184,
                9.4671
              ],
              [
                80.3179,
                9.4679
              ],
              [
                80.313,
                9.4681
              ]
            ]
          ],
          [
            [
              [
                80.2969,
                9.4676
              ],
              [
                80.2972,
                9.4677
              ],
              [
                80.2966,
                9.4681
              ],
              [
                80.2966,
                9.4678
              ],
              [
                80.2969,
                9.4676
              ]
            ]
          ],
          [
            [
              [
                80.3114,
                9.4675
              ],
              [
                80.3105,
                9.4676
              ],
              [
                80.3105,
                9.4674
              ],
              [
                80.3106,
                9.4673
              ],
              [
                80.3114,
                9.4675
              ]
            ]
          ],
          [
            [
              [
                80.2869,
                9.4681
              ],
              [
                80.2864,
                9.468
              ],
              [
                80.2862,
                9.4668
              ],
              [
                80.2864,
                9.4668
              ],
              [
                80.2869,
                9.4681
              ]
            ]
          ],
          [
            [
              [
                80.2901,
                9.4674
              ],
              [
                80.2901,
                9.4674
              ],
              [
                80.2901,
                9.4673
              ],
              [
                80.2901,
                9.4674
              ]
            ]
          ],
          [
            [
              [
                80.2901,
                9.4673
              ],
              [
                80.2901,
                9.4673
              ],
              [
                80.2901,
                9.4674
              ],
              [
                80.2901,
                9.4673
              ]
            ]
          ],
          [
            [
              [
                80.3509,
                9.4673
              ],
              [
                80.3511,
                9.4671
              ],
              [
                80.3516,
                9.4672
              ],
              [
                80.3513,
                9.4675
              ],
              [
                80.3509,
                9.4673
              ]
            ]
          ],
          [
            [
              [
                80.297,
                9.4673
              ],
              [
                80.2963,
                9.4674
              ],
              [
                80.2962,
                9.4671
              ],
              [
                80.2966,
                9.467
              ],
              [
                80.297,
                9.4673
              ]
            ]
          ],
          [
            [
              [
                80.3518,
                9.4672
              ],
              [
                80.3519,
                9.4672
              ],
              [
                80.3519,
                9.4674
              ],
              [
                80.3517,
                9.4673
              ],
              [
                80.3518,
                9.4672
              ]
            ]
          ],
          [
            [
              [
                80.2757,
                9.4674
              ],
              [
                80.2755,
                9.4669
              ],
              [
                80.2763,
                9.466
              ],
              [
                80.2764,
                9.4663
              ],
              [
                80.2757,
                9.4674
              ]
            ]
          ],
          [
            [
              [
                80.3506,
                9.4671
              ],
              [
                80.3507,
                9.4671
              ],
              [
                80.3507,
                9.4673
              ],
              [
                80.3506,
                9.4673
              ],
              [
                80.3506,
                9.4671
              ]
            ]
          ],
          [
            [
              [
                80.3501,
                9.4671
              ],
              [
                80.35,
                9.4671
              ],
              [
                80.3498,
                9.4672
              ],
              [
                80.3502,
                9.4668
              ],
              [
                80.3501,
                9.4671
              ]
            ]
          ],
          [
            [
              [
                80.2993,
                9.4649
              ],
              [
                80.2993,
                9.4669
              ],
              [
                80.297,
                9.4665
              ],
              [
                80.297,
                9.4649
              ],
              [
                80.2993,
                9.4649
              ]
            ]
          ],
          [
            [
              [
                80.3505,
                9.4668
              ],
              [
                80.3504,
                9.4667
              ],
              [
                80.3504,
                9.4666
              ],
              [
                80.3506,
                9.4666
              ],
              [
                80.3505,
                9.4668
              ]
            ]
          ],
          [
            [
              [
                80.3507,
                9.4666
              ],
              [
                80.3509,
                9.4665
              ],
              [
                80.3511,
                9.4668
              ],
              [
                80.3509,
                9.4669
              ],
              [
                80.3507,
                9.4666
              ]
            ]
          ],
          [
            [
              [
                80.2715,
                9.4663
              ],
              [
                80.2685,
                9.4668
              ],
              [
                80.2688,
                9.4664
              ],
              [
                80.2696,
                9.4662
              ],
              [
                80.2715,
                9.4663
              ]
            ]
          ],
          [
            [
              [
                80.3517,
                9.4668
              ],
              [
                80.3515,
                9.4659
              ],
              [
                80.352,
                9.4656
              ],
              [
                80.3521,
                9.4664
              ],
              [
                80.3517,
                9.4668
              ]
            ]
          ],
          [
            [
              [
                80.3085,
                9.4664
              ],
              [
                80.3057,
                9.4648
              ],
              [
                80.3073,
                9.4651
              ],
              [
                80.3091,
                9.4665
              ],
              [
                80.3085,
                9.4664
              ]
            ]
          ],
          [
            [
              [
                80.2745,
                9.4664
              ],
              [
                80.2759,
                9.4655
              ],
              [
                80.2764,
                9.4654
              ],
              [
                80.2756,
                9.4659
              ],
              [
                80.2745,
                9.4664
              ]
            ]
          ],
          [
            [
              [
                80.3052,
                9.4651
              ],
              [
                80.3057,
                9.4655
              ],
              [
                80.3046,
                9.4664
              ],
              [
                80.3042,
                9.4656
              ],
              [
                80.3052,
                9.4651
              ]
            ]
          ],
          [
            [
              [
                80.2851,
                9.4661
              ],
              [
                80.2838,
                9.4648
              ],
              [
                80.2847,
                9.4626
              ],
              [
                80.286,
                9.4656
              ],
              [
                80.2851,
                9.4661
              ]
            ]
          ],
          [
            [
              [
                80.3194,
                9.4626
              ],
              [
                80.3173,
                9.4661
              ],
              [
                80.3114,
                9.4636
              ],
              [
                80.3187,
                9.4609
              ],
              [
                80.3194,
                9.4626
              ]
            ]
          ],
          [
            [
              [
                80.2782,
                9.4622
              ],
              [
                80.2782,
                9.4622
              ],
              [
                80.2782,
                9.4624
              ],
              [
                80.2782,
                9.4622
              ]
            ],
            [
              [
                80.2782,
                9.4624
              ],
              [
                80.2782,
                9.4622
              ],
              [
                80.2782,
                9.4624
              ],
              [
                80.2782,
                9.4624
              ]
            ]
          ],
          [
            [
              [
                80.2997,
                9.4654
              ],
              [
                80.3003,
                9.4652
              ],
              [
                80.3002,
                9.466
              ],
              [
                80.2999,
                9.4659
              ],
              [
                80.2997,
                9.4654
              ]
            ]
          ],
          [
            [
              [
                80.3267,
                9.4652
              ],
              [
                80.3267,
                9.4652
              ],
              [
                80.3267,
                9.4651
              ],
              [
                80.3267,
                9.4652
              ]
            ]
          ],
          [
            [
              [
                80.2922,
                9.465
              ],
              [
                80.2923,
                9.4651
              ],
              [
                80.2923,
                9.4654
              ],
              [
                80.292,
                9.4652
              ],
              [
                80.2922,
                9.465
              ]
            ]
          ],
          [
            [
              [
                80.3495,
                9.4653
              ],
              [
                80.3493,
                9.4652
              ],
              [
                80.3493,
                9.465
              ],
              [
                80.3498,
                9.4654
              ],
              [
                80.3495,
                9.4653
              ]
            ]
          ],
          [
            [
              [
                80.3277,
                9.4649
              ],
              [
                80.3267,
                9.4652
              ],
              [
                80.3267,
                9.4651
              ],
              [
                80.3274,
                9.4642
              ],
              [
                80.3274,
                9.4643
              ],
              [
                80.3277,
                9.4648
              ],
              [
                80.3277,
                9.4649
              ]
            ]
          ],
          [
            [
              [
                80.3274,
                9.4642
              ],
              [
                80.3274,
                9.4643
              ],
              [
                80.3277,
                9.4648
              ],
              [
                80.3277,
                9.4649
              ],
              [
                80.3274,
                9.4642
              ]
            ]
          ],
          [
            [
              [
                80.2999,
                9.4644
              ],
              [
                80.3004,
                9.4645
              ],
              [
                80.3006,
                9.4647
              ],
              [
                80.3001,
                9.465
              ],
              [
                80.2999,
                9.4644
              ]
            ]
          ],
          [
            [
              [
                80.3091,
                9.4648
              ],
              [
                80.309,
                9.4642
              ],
              [
                80.3062,
                9.4638
              ],
              [
                80.3106,
                9.4641
              ],
              [
                80.3091,
                9.4648
              ]
            ]
          ],
          [
            [
              [
                80.2866,
                9.464
              ],
              [
                80.2867,
                9.4645
              ],
              [
                80.2863,
                9.4646
              ],
              [
                80.2863,
                9.4644
              ],
              [
                80.2866,
                9.464
              ]
            ]
          ],
          [
            [
              [
                80.2965,
                9.4633
              ],
              [
                80.2972,
                9.4641
              ],
              [
                80.2973,
                9.4646
              ],
              [
                80.2957,
                9.4626
              ],
              [
                80.2965,
                9.4633
              ]
            ]
          ],
          [
            [
              [
                80.3002,
                9.4638
              ],
              [
                80.3,
                9.4633
              ],
              [
                80.3006,
                9.4633
              ],
              [
                80.3007,
                9.4635
              ],
              [
                80.3002,
                9.4638
              ]
            ]
          ],
          [
            [
              [
                80.2872,
                9.4641
              ],
              [
                80.2875,
                9.4637
              ],
              [
                80.2876,
                9.4638
              ],
              [
                80.2875,
                9.4642
              ],
              [
                80.2872,
                9.4641
              ]
            ]
          ],
          [
            [
              [
                80.3357,
                9.4637
              ],
              [
                80.3358,
                9.4636
              ],
              [
                80.3358,
                9.4638
              ],
              [
                80.3357,
                9.4638
              ],
              [
                80.3357,
                9.4637
              ]
            ]
          ],
          [
            [
              [
                80.3051,
                9.4635
              ],
              [
                80.3042,
                9.4632
              ],
              [
                80.3045,
                9.463
              ],
              [
                80.305,
                9.4633
              ],
              [
                80.3053,
                9.4636
              ],
              [
                80.3051,
                9.4635
              ]
            ]
          ],
          [
            [
              [
                80.2875,
                9.4629
              ],
              [
                80.2877,
                9.4628
              ],
              [
                80.2876,
                9.4636
              ],
              [
                80.2873,
                9.4634
              ],
              [
                80.2875,
                9.4629
              ]
            ]
          ],
          [
            [
              [
                80.3354,
                9.4633
              ],
              [
                80.3355,
                9.4634
              ],
              [
                80.3353,
                9.4635
              ],
              [
                80.3353,
                9.4633
              ],
              [
                80.3354,
                9.4633
              ]
            ]
          ],
          [
            [
              [
                80.3362,
                9.4634
              ],
              [
                80.3362,
                9.463
              ],
              [
                80.3365,
                9.4629
              ],
              [
                80.3364,
                9.4635
              ],
              [
                80.3362,
                9.4634
              ]
            ]
          ],
          [
            [
              [
                80.3357,
                9.4631
              ],
              [
                80.3359,
                9.4631
              ],
              [
                80.3359,
                9.4634
              ],
              [
                80.3357,
                9.4634
              ],
              [
                80.3357,
                9.4631
              ]
            ]
          ],
          [
            [
              [
                80.2999,
                9.4629
              ],
              [
                80.2986,
                9.4632
              ],
              [
                80.2984,
                9.4627
              ],
              [
                80.2994,
                9.4626
              ],
              [
                80.2999,
                9.4629
              ]
            ]
          ],
          [
            [
              [
                80.3349,
                9.4631
              ],
              [
                80.3351,
                9.4631
              ],
              [
                80.3351,
                9.4632
              ],
              [
                80.335,
                9.4633
              ],
              [
                80.3349,
                9.4631
              ]
            ]
          ],
          [
            [
              [
                80.3346,
                9.4631
              ],
              [
                80.3346,
                9.4631
              ],
              [
                80.3346,
                9.4631
              ],
              [
                80.3346,
                9.4631
              ]
            ]
          ],
          [
            [
              [
                80.3357,
                9.463
              ],
              [
                80.3356,
                9.4629
              ],
              [
                80.3356,
                9.4627
              ],
              [
                80.3357,
                9.4627
              ],
              [
                80.3357,
                9.463
              ]
            ]
          ],
          [
            [
              [
                80.3351,
                9.4628
              ],
              [
                80.3351,
                9.4627
              ],
              [
                80.3352,
                9.4628
              ],
              [
                80.3352,
                9.4629
              ],
              [
                80.3351,
                9.4628
              ]
            ]
          ],
          [
            [
              [
                80.2881,
                9.4628
              ],
              [
                80.2877,
                9.4612
              ],
              [
                80.2889,
                9.4599
              ],
              [
                80.2887,
                9.4627
              ],
              [
                80.2881,
                9.4628
              ]
            ]
          ],
          [
            [
              [
                80.2973,
                9.4627
              ],
              [
                80.2972,
                9.4625
              ],
              [
                80.2973,
                9.4623
              ],
              [
                80.2976,
                9.4623
              ],
              [
                80.2973,
                9.4625
              ],
              [
                80.2974,
                9.4627
              ],
              [
                80.2973,
                9.4627
              ]
            ]
          ],
          [
            [
              [
                80.2881,
                9.4599
              ],
              [
                80.2854,
                9.4619
              ],
              [
                80.2852,
                9.4625
              ],
              [
                80.2852,
                9.4618
              ],
              [
                80.2881,
                9.4599
              ]
            ]
          ],
          [
            [
              [
                80.3001,
                9.4623
              ],
              [
                80.3014,
                9.4619
              ],
              [
                80.3023,
                9.4623
              ],
              [
                80.2998,
                9.4625
              ],
              [
                80.3001,
                9.4623
              ]
            ]
          ],
          [
            [
              [
                80.3029,
                9.462
              ],
              [
                80.3024,
                9.4618
              ],
              [
                80.3029,
                9.4618
              ],
              [
                80.303,
                9.462
              ],
              [
                80.3029,
                9.462
              ]
            ]
          ],
          [
            [
              [
                80.2951,
                9.4616
              ],
              [
                80.2947,
                9.4603
              ],
              [
                80.2975,
                9.4595
              ],
              [
                80.2959,
                9.4615
              ],
              [
                80.2949,
                9.4605
              ],
              [
                80.2951,
                9.4616
              ]
            ]
          ],
          [
            [
              [
                80.292,
                9.4602
              ],
              [
                80.2915,
                9.4609
              ],
              [
                80.2907,
                9.4597
              ],
              [
                80.2909,
                9.4597
              ],
              [
                80.292,
                9.4602
              ]
            ]
          ],
          [
            [
              [
                80.2806,
                9.4606
              ],
              [
                80.2801,
                9.4608
              ],
              [
                80.28,
                9.4605
              ],
              [
                80.2805,
                9.4604
              ],
              [
                80.2806,
                9.4606
              ]
            ]
          ],
          [
            [
              [
                80.2929,
                9.4602
              ],
              [
                80.2932,
                9.4602
              ],
              [
                80.2933,
                9.4603
              ],
              [
                80.2928,
                9.4603
              ],
              [
                80.2929,
                9.4602
              ]
            ]
          ],
          [
            [
              [
                80.2828,
                9.4595
              ],
              [
                80.2809,
                9.4596
              ],
              [
                80.2813,
                9.4592
              ],
              [
                80.2822,
                9.4591
              ],
              [
                80.2828,
                9.4595
              ]
            ]
          ],
          [
            [
              [
                80.2894,
                9.4592
              ],
              [
                80.2889,
                9.4592
              ],
              [
                80.2889,
                9.4584
              ],
              [
                80.2896,
                9.4591
              ],
              [
                80.2894,
                9.4592
              ]
            ]
          ],
          [
            [
              [
                80.3358,
                9.4588
              ],
              [
                80.336,
                9.4589
              ],
              [
                80.336,
                9.4591
              ],
              [
                80.3359,
                9.4591
              ],
              [
                80.3358,
                9.4588
              ]
            ]
          ],
          [
            [
              [
                80.3361,
                9.4588
              ],
              [
                80.336,
                9.4588
              ],
              [
                80.336,
                9.4586
              ],
              [
                80.3361,
                9.4587
              ],
              [
                80.3361,
                9.4588
              ]
            ]
          ],
          [
            [
              [
                80.3306,
                9.4552
              ],
              [
                80.3308,
                9.4553
              ],
              [
                80.3305,
                9.4555
              ],
              [
                80.3304,
                9.4553
              ],
              [
                80.3306,
                9.4552
              ]
            ]
          ],
          [
            [
              [
                80.1573,
                9.455
              ],
              [
                80.1569,
                9.4549
              ],
              [
                80.1569,
                9.4544
              ],
              [
                80.1574,
                9.4549
              ],
              [
                80.1573,
                9.455
              ]
            ]
          ],
          [
            [
              [
                80.1571,
                9.4538
              ],
              [
                80.1569,
                9.4538
              ],
              [
                80.1568,
                9.4536
              ],
              [
                80.1569,
                9.4536
              ],
              [
                80.1571,
                9.4538
              ]
            ]
          ],
          [
            [
              [
                80.1573,
                9.4488
              ],
              [
                80.1578,
                9.4489
              ],
              [
                80.1564,
                9.4503
              ],
              [
                80.1562,
                9.4494
              ],
              [
                80.1573,
                9.4488
              ]
            ]
          ],
          [
            [
              [
                80.1568,
                9.4487
              ],
              [
                80.1561,
                9.4486
              ],
              [
                80.1564,
                9.448
              ],
              [
                80.1568,
                9.4483
              ],
              [
                80.1568,
                9.4487
              ]
            ]
          ],
          [
            [
              [
                80.1258,
                9.43
              ],
              [
                80.1252,
                9.4293
              ],
              [
                80.1254,
                9.4285
              ],
              [
                80.1256,
                9.4289
              ],
              [
                80.1258,
                9.43
              ]
            ]
          ],
          [
            [
              [
                80.0595,
                9.3302
              ],
              [
                80.0594,
                9.3407
              ],
              [
                80.0563,
                9.3482
              ],
              [
                80.0526,
                9.3343
              ],
              [
                80.0595,
                9.3302
              ]
            ]
          ],
          [
            [
              [
                80.0895,
                9.3115
              ],
              [
                80.0833,
                9.3209
              ],
              [
                80.0732,
                9.3223
              ],
              [
                80.0792,
                9.313
              ],
              [
                80.0895,
                9.3115
              ]
            ]
          ],
          [
            [
              [
                80.0846,
                9.3195
              ],
              [
                80.0845,
                9.3191
              ],
              [
                80.0845,
                9.3192
              ],
              [
                80.0846,
                9.3194
              ],
              [
                80.0846,
                9.3195
              ]
            ]
          ],
          [
            [
              [
                80.0845,
                9.3191
              ],
              [
                80.0845,
                9.3192
              ],
              [
                80.0846,
                9.3194
              ],
              [
                80.0846,
                9.3195
              ],
              [
                80.0845,
                9.3191
              ]
            ]
          ],
          [
            [
              [
                80.0884,
                9.3137
              ],
              [
                80.0887,
                9.3138
              ],
              [
                80.0885,
                9.3142
              ],
              [
                80.0884,
                9.3142
              ],
              [
                80.0884,
                9.3137
              ]
            ]
          ],
          [
            [
              [
                79.9986,
                9.2806
              ],
              [
                79.988,
                9.3069
              ],
              [
                79.9727,
                9.2946
              ],
              [
                79.9775,
                9.2807
              ],
              [
                80.0012,
                9.2705
              ],
              [
                80.004,
                9.2779
              ],
              [
                80.004,
                9.2782
              ],
              [
                79.9984,
                9.2833
              ],
              [
                79.9985,
                9.2824
              ],
              [
                79.9984,
                9.2823
              ],
              [
                79.9984,
                9.2822
              ],
              [
                79.9985,
                9.2806
              ],
              [
                79.9986,
                9.2806
              ]
            ]
          ],
          [
            [
              [
                80.0026,
                9.2867
              ],
              [
                80.0024,
                9.2864
              ],
              [
                80.0032,
                9.2873
              ],
              [
                80.0029,
                9.2872
              ],
              [
                80.0026,
                9.2867
              ]
            ]
          ],
          [
            [
              [
                79.9982,
                9.2835
              ],
              [
                79.9983,
                9.2834
              ],
              [
                79.9981,
                9.2837
              ],
              [
                79.9981,
                9.2836
              ],
              [
                79.9982,
                9.2835
              ]
            ]
          ],
          [
            [
              [
                79.9983,
                9.283
              ],
              [
                79.9983,
                9.2828
              ],
              [
                79.9984,
                9.2822
              ],
              [
                79.9984,
                9.2823
              ],
              [
                79.9985,
                9.2824
              ],
              [
                79.9984,
                9.2833
              ],
              [
                79.9983,
                9.283
              ]
            ]
          ],
          [
            [
              [
                79.9983,
                9.283
              ],
              [
                79.9983,
                9.283
              ],
              [
                79.9983,
                9.2828
              ],
              [
                79.9983,
                9.283
              ]
            ]
          ],
          [
            [
              [
                80.0042,
                9.2791
              ],
              [
                80.0047,
                9.2792
              ],
              [
                80.0049,
                9.2812
              ],
              [
                80.0044,
                9.2806
              ],
              [
                80.0042,
                9.2791
              ]
            ]
          ],
          [
            [
              [
                79.9985,
                9.2806
              ],
              [
                79.9985,
                9.2806
              ],
              [
                79.9986,
                9.2806
              ],
              [
                79.9985,
                9.2806
              ]
            ]
          ],
          [
            [
              [
                80.0041,
                9.279
              ],
              [
                80.0039,
                9.2789
              ],
              [
                80.0039,
                9.2788
              ],
              [
                80.0042,
                9.2789
              ],
              [
                80.0041,
                9.279
              ]
            ]
          ],
          [
            [
              [
                80.0035,
                9.2789
              ],
              [
                80.0034,
                9.2789
              ],
              [
                80.0033,
                9.2787
              ],
              [
                80.0035,
                9.2787
              ],
              [
                80.0035,
                9.2789
              ]
            ]
          ],
          [
            [
              [
                80.0041,
                9.2783
              ],
              [
                80.0043,
                9.2779
              ],
              [
                80.0044,
                9.2779
              ],
              [
                80.0044,
                9.2781
              ],
              [
                80.0041,
                9.2783
              ]
            ]
          ],
          [
            [
              [
                80.004,
                9.2779
              ],
              [
                80.004,
                9.2779
              ],
              [
                80.004,
                9.2782
              ],
              [
                80.004,
                9.2779
              ]
            ]
          ]
        ]
      }
    },
    {
      "id": "feature_14",
      "type": "Feature",
      "properties": {
        "id": "LK-51",
        "name": "Batticaloa",
        "area_sqkm": 2480.5,
        "center_lat": 7.795426,
        "center_lng": 81.478872,
        "province_id": "LK-5",
        "ed_id": "EC-12",
        "pd_id": null
      },
      "geometry": {
        "type": "MultiPolygon",
        "coordinates": [
          [
            [
              [
                81.4037,
                8.266
              ],
              [
                81.3963,
                8.2483
              ],
              [
                81.3933,
                8.2614
              ],
              [
                81.3713,
                8.2531
              ],
              [
                81.3536,
                8.2689
              ],
              [
                81.3114,
                8.2519
              ],
              [
                81.3066,
                8.0292
              ],
              [
                81.3398,
                7.9365
              ],
              [
                81.2889,
                7.9477
              ],
              [
                81.2371,
                7.9217
              ],
              [
                81.2248,
                7.821
              ],
              [
                81.2404,
                7.7395
              ],
              [
                81.2404,
                7.7394
              ],
              [
                81.3208,
                7.7349
              ],
              [
                81.33,
                7.7227
              ],
              [
                81.3299,
                7.7227
              ],
              [
                81.33,
                7.7227
              ],
              [
                81.3388,
                7.706
              ],
              [
                81.3388,
                7.7061
              ],
              [
                81.3388,
                7.706
              ],
              [
                81.3778,
                7.6591
              ],
              [
                81.4452,
                7.6412
              ],
              [
                81.4324,
                7.5713
              ],
              [
                81.4945,
                7.5136
              ],
              [
                81.6174,
                7.5076
              ],
              [
                81.6502,
                7.5235
              ],
              [
                81.664,
                7.3994
              ],
              [
                81.7259,
                7.4551
              ],
              [
                81.7534,
                7.458
              ],
              [
                81.769,
                7.4833
              ],
              [
                81.7461,
                7.5097
              ],
              [
                81.7671,
                7.5018
              ],
              [
                81.7817,
                7.5201
              ],
              [
                81.7429,
                7.5307
              ],
              [
                81.7412,
                7.547
              ],
              [
                81.7622,
                7.5352
              ],
              [
                81.7712,
                7.5468
              ],
              [
                81.7456,
                7.5621
              ],
              [
                81.7705,
                7.5798
              ],
              [
                81.7494,
                7.5903
              ],
              [
                81.7424,
                7.6207
              ],
              [
                81.7276,
                7.6213
              ],
              [
                81.7207,
                7.648
              ],
              [
                81.7115,
                7.6285
              ],
              [
                81.7048,
                7.6414
              ],
              [
                81.689,
                7.6329
              ],
              [
                81.6853,
                7.679
              ],
              [
                81.6703,
                7.6683
              ],
              [
                81.6506,
                7.7076
              ],
              [
                81.6352,
                7.7043
              ],
              [
                81.6569,
                7.7214
              ],
              [
                81.6196,
                7.7348
              ],
              [
                81.6097,
                7.7115
              ],
              [
                81.5771,
                7.729
              ],
              [
                81.5674,
                7.7208
              ],
              [
                81.6007,
                7.7712
              ],
              [
                81.6667,
                7.7335
              ],
              [
                81.6721,
                7.6923
              ],
              [
                81.6875,
                7.7014
              ],
              [
                81.6775,
                7.7295
              ],
              [
                81.7002,
                7.7142
              ],
              [
                81.7061,
                7.726
              ],
              [
                81.6202,
                7.8287
              ],
              [
                81.6037,
                7.8248
              ],
              [
                81.5792,
                7.8484
              ],
              [
                81.5639,
                7.9013
              ],
              [
                81.5828,
                7.9206
              ],
              [
                81.5572,
                7.9431
              ],
              [
                81.5157,
                7.9217
              ],
              [
                81.5196,
                7.8792
              ],
              [
                81.5512,
                7.8269
              ],
              [
                81.5142,
                7.8161
              ],
              [
                81.5137,
                7.8311
              ],
              [
                81.5475,
                7.8274
              ],
              [
                81.5237,
                7.8578
              ],
              [
                81.5043,
                7.9053
              ],
              [
                81.5216,
                7.9334
              ],
              [
                81.5498,
                7.9405
              ],
              [
                81.5498,
                7.9414
              ],
              [
                81.5443,
                7.9487
              ],
              [
                81.541,
                7.956
              ],
              [
                81.5395,
                7.9687
              ],
              [
                81.5537,
                7.9879
              ],
              [
                81.5267,
                7.9852
              ],
              [
                81.4778,
                8.0325
              ],
              [
                81.4037,
                8.266
              ]
            ],
            [
              [
                81.3867,
                8.198
              ],
              [
                81.4342,
                8.0971
              ],
              [
                81.4339,
                8.1537
              ],
              [
                81.4473,
                8.1166
              ],
              [
                81.4356,
                8.0731
              ],
              [
                81.4463,
                8.0653
              ],
              [
                81.431,
                8.0705
              ],
              [
                81.4352,
                8.0933
              ],
              [
                81.4076,
                8.1057
              ],
              [
                81.4048,
                8.1328
              ],
              [
                81.3861,
                8.1399
              ],
              [
                81.3867,
                8.198
              ]
            ]
          ],
          [
            [
              [
                81.4418,
                8.1097
              ],
              [
                81.4451,
                8.1151
              ],
              [
                81.4444,
                8.1183
              ],
              [
                81.4404,
                8.1136
              ],
              [
                81.4418,
                8.1097
              ]
            ]
          ],
          [
            [
              [
                81.4633,
                8.1101
              ],
              [
                81.4644,
                8.1114
              ],
              [
                81.4632,
                8.1125
              ],
              [
                81.4622,
                8.1104
              ],
              [
                81.4633,
                8.1101
              ]
            ]
          ],
          [
            [
              [
                81.524,
                7.9314
              ],
              [
                81.5246,
                7.9322
              ],
              [
                81.5242,
                7.9323
              ],
              [
                81.5228,
                7.9314
              ],
              [
                81.5217,
                7.929
              ],
              [
                81.5232,
                7.9299
              ],
              [
                81.524,
                7.9314
              ]
            ]
          ],
          [
            [
              [
                81.5228,
                7.929
              ],
              [
                81.5279,
                7.9282
              ],
              [
                81.53,
                7.9285
              ],
              [
                81.5253,
                7.931
              ],
              [
                81.5228,
                7.929
              ]
            ]
          ],
          [
            [
              [
                81.5135,
                7.9125
              ],
              [
                81.515,
                7.9077
              ],
              [
                81.5162,
                7.9073
              ],
              [
                81.5176,
                7.912
              ],
              [
                81.5135,
                7.9125
              ]
            ]
          ],
          [
            [
              [
                81.5131,
                7.9124
              ],
              [
                81.513,
                7.9117
              ],
              [
                81.5134,
                7.9111
              ],
              [
                81.5135,
                7.9114
              ],
              [
                81.5131,
                7.9124
              ]
            ]
          ],
          [
            [
              [
                81.5189,
                7.9073
              ],
              [
                81.5179,
                7.9061
              ],
              [
                81.5189,
                7.9062
              ],
              [
                81.5192,
                7.9068
              ],
              [
                81.5189,
                7.9073
              ]
            ]
          ],
          [
            [
              [
                81.517,
                7.904
              ],
              [
                81.5167,
                7.9031
              ],
              [
                81.5183,
                7.9051
              ],
              [
                81.5172,
                7.9046
              ],
              [
                81.517,
                7.904
              ]
            ]
          ],
          [
            [
              [
                81.5099,
                7.9027
              ],
              [
                81.5096,
                7.9027
              ],
              [
                81.5092,
                7.902
              ],
              [
                81.5105,
                7.902
              ],
              [
                81.5099,
                7.9027
              ]
            ]
          ],
          [
            [
              [
                81.516,
                7.8979
              ],
              [
                81.5159,
                7.891
              ],
              [
                81.5176,
                7.894
              ],
              [
                81.517,
                7.8966
              ],
              [
                81.5164,
                7.8976
              ],
              [
                81.516,
                7.8979
              ]
            ]
          ],
          [
            [
              [
                81.5187,
                7.8915
              ],
              [
                81.519,
                7.8885
              ],
              [
                81.521,
                7.884
              ],
              [
                81.5224,
                7.8869
              ],
              [
                81.5187,
                7.8915
              ]
            ]
          ],
          [
            [
              [
                81.8186,
                7.4576
              ],
              [
                81.7801,
                7.6161
              ],
              [
                81.7085,
                7.7397
              ],
              [
                81.6868,
                7.7611
              ],
              [
                81.7116,
                7.7299
              ],
              [
                81.7207,
                7.6573
              ],
              [
                81.7521,
                7.6363
              ],
              [
                81.7807,
                7.5834
              ],
              [
                81.7831,
                7.5203
              ],
              [
                81.7699,
                7.497
              ],
              [
                81.7954,
                7.4747
              ],
              [
                81.805,
                7.4989
              ],
              [
                81.7955,
                7.4398
              ],
              [
                81.8078,
                7.432
              ],
              [
                81.8186,
                7.4576
              ]
            ],
            [
              [
                81.8077,
                7.4976
              ],
              [
                81.8163,
                7.4645
              ],
              [
                81.8153,
                7.4652
              ],
              [
                81.8134,
                7.4682
              ],
              [
                81.8115,
                7.4762
              ],
              [
                81.8095,
                7.4773
              ],
              [
                81.8054,
                7.4994
              ],
              [
                81.8077,
                7.4976
              ]
            ]
          ],
          [
            [
              [
                81.6963,
                7.7151
              ],
              [
                81.6852,
                7.7126
              ],
              [
                81.6899,
                7.7031
              ],
              [
                81.7027,
                7.7115
              ],
              [
                81.6963,
                7.7151
              ]
            ]
          ],
          [
            [
              [
                81.6944,
                7.703
              ],
              [
                81.6903,
                7.6873
              ],
              [
                81.6963,
                7.6705
              ],
              [
                81.7095,
                7.6878
              ],
              [
                81.6944,
                7.703
              ]
            ]
          ],
          [
            [
              [
                81.6647,
                7.6999
              ],
              [
                81.6653,
                7.7033
              ],
              [
                81.6587,
                7.701
              ],
              [
                81.6623,
                7.6966
              ],
              [
                81.6647,
                7.6999
              ]
            ]
          ],
          [
            [
              [
                81.6992,
                7.6547
              ],
              [
                81.7004,
                7.6488
              ],
              [
                81.7049,
                7.6493
              ],
              [
                81.7028,
                7.656
              ],
              [
                81.6992,
                7.6547
              ]
            ]
          ],
          [
            [
              [
                81.6951,
                7.6489
              ],
              [
                81.6942,
                7.6476
              ],
              [
                81.6956,
                7.647
              ],
              [
                81.6958,
                7.6478
              ],
              [
                81.6951,
                7.6489
              ]
            ]
          ],
          [
            [
              [
                81.7276,
                7.6364
              ],
              [
                81.7286,
                7.6376
              ],
              [
                81.7278,
                7.6425
              ],
              [
                81.7259,
                7.6407
              ],
              [
                81.7276,
                7.6364
              ]
            ]
          ],
          [
            [
              [
                81.7317,
                7.634
              ],
              [
                81.7327,
                7.6346
              ],
              [
                81.7318,
                7.6363
              ],
              [
                81.731,
                7.6343
              ],
              [
                81.7317,
                7.634
              ]
            ]
          ],
          [
            [
              [
                81.7708,
                7.5367
              ],
              [
                81.7713,
                7.5364
              ],
              [
                81.7715,
                7.5372
              ],
              [
                81.771,
                7.5371
              ],
              [
                81.7708,
                7.5367
              ]
            ]
          ]
        ]
      }
    },
    {
      "id": "feature_15",
      "type": "Feature",
      "properties": {
        "id": "LK-52",
        "name": "Ampara",
        "area_sqkm": 4474.66,
        "center_lat": 7.233261,
        "center_lng": 81.553888,
        "province_id": "LK-5",
        "ed_id": "EC-13",
        "pd_id": null
      },
      "geometry": {
        "type": "Polygon",
        "coordinates": [
          [
            [
              81.3388,
              7.706
            ],
            [
              81.3778,
              7.6591
            ],
            [
              81.4452,
              7.6412
            ],
            [
              81.4324,
              7.5713
            ],
            [
              81.4945,
              7.5136
            ],
            [
              81.6174,
              7.5076
            ],
            [
              81.6502,
              7.5235
            ],
            [
              81.664,
              7.3994
            ],
            [
              81.7259,
              7.4551
            ],
            [
              81.7534,
              7.458
            ],
            [
              81.7745,
              7.4841
            ],
            [
              81.795,
              7.4663
            ],
            [
              81.7955,
              7.4398
            ],
            [
              81.8078,
              7.432
            ],
            [
              81.8186,
              7.4576
            ],
            [
              81.8661,
              7.3231
            ],
            [
              81.8572,
              7.1215
            ],
            [
              81.879,
              7.0227
            ],
            [
              81.8333,
              6.8568
            ],
            [
              81.8404,
              6.8367
            ],
            [
              81.8226,
              6.8136
            ],
            [
              81.8266,
              6.764
            ],
            [
              81.7728,
              6.6708
            ],
            [
              81.7632,
              6.5957
            ],
            [
              81.707,
              6.5107
            ],
            [
              81.6389,
              6.5419
            ],
            [
              81.6085,
              6.5801
            ],
            [
              81.6377,
              6.9599
            ],
            [
              81.6177,
              6.9804
            ],
            [
              81.6134,
              7.0679
            ],
            [
              81.5153,
              7.1029
            ],
            [
              81.5016,
              7.1579
            ],
            [
              81.5232,
              7.1978
            ],
            [
              81.556,
              7.2192
            ],
            [
              81.521,
              7.2431
            ],
            [
              81.52,
              7.2879
            ],
            [
              81.4784,
              7.3243
            ],
            [
              81.4912,
              7.3357
            ],
            [
              81.478,
              7.422
            ],
            [
              81.4622,
              7.4279
            ],
            [
              81.4781,
              7.4566
            ],
            [
              81.4551,
              7.4589
            ],
            [
              81.4071,
              7.4317
            ],
            [
              81.4063,
              7.416
            ],
            [
              81.3747,
              7.4094
            ],
            [
              81.3865,
              7.3696
            ],
            [
              81.3632,
              7.3555
            ],
            [
              81.367,
              7.3433
            ],
            [
              81.3191,
              7.3345
            ],
            [
              81.3214,
              7.2651
            ],
            [
              81.2851,
              7.2423
            ],
            [
              81.2708,
              7.278
            ],
            [
              81.2464,
              7.3347
            ],
            [
              81.2204,
              7.3327
            ],
            [
              81.1945,
              7.3765
            ],
            [
              81.2023,
              7.3914
            ],
            [
              81.183,
              7.4425
            ],
            [
              81.1993,
              7.4701
            ],
            [
              81.205,
              7.558
            ],
            [
              81.1887,
              7.5731
            ],
            [
              81.1613,
              7.5673
            ],
            [
              81.0771,
              7.5105
            ],
            [
              81.0404,
              7.5044
            ],
            [
              81.0144,
              7.5513
            ],
            [
              81.0144,
              7.594
            ],
            [
              80.9795,
              7.6216
            ],
            [
              80.9967,
              7.6597
            ],
            [
              80.9885,
              7.7205
            ],
            [
              80.9926,
              7.7234
            ],
            [
              80.9926,
              7.7233
            ],
            [
              80.9926,
              7.7234
            ],
            [
              81.0015,
              7.7235
            ],
            [
              81.0015,
              7.7234
            ],
            [
              81.0015,
              7.7235
            ],
            [
              81.0366,
              7.7179
            ],
            [
              81.0385,
              7.7032
            ],
            [
              81.0508,
              7.7355
            ],
            [
              81.0507,
              7.7355
            ],
            [
              81.0508,
              7.7355
            ],
            [
              81.0511,
              7.7368
            ],
            [
              81.0511,
              7.7369
            ],
            [
              81.0511,
              7.7368
            ],
            [
              81.0672,
              7.7179
            ],
            [
              81.0672,
              7.7178
            ],
            [
              81.0672,
              7.7179
            ],
            [
              81.1018,
              7.7218
            ],
            [
              81.1018,
              7.7219
            ],
            [
              81.1018,
              7.7218
            ],
            [
              81.1012,
              7.663
            ],
            [
              81.149,
              7.6529
            ],
            [
              81.149,
              7.653
            ],
            [
              81.1489,
              7.653
            ],
            [
              81.1489,
              7.6529
            ],
            [
              81.149,
              7.6529
            ],
            [
              81.1542,
              7.6443
            ],
            [
              81.1542,
              7.6442
            ],
            [
              81.1542,
              7.6443
            ],
            [
              81.1718,
              7.6435
            ],
            [
              81.1755,
              7.6636
            ],
            [
              81.1756,
              7.6636
            ],
            [
              81.1755,
              7.6636
            ],
            [
              81.2146,
              7.6424
            ],
            [
              81.241,
              7.6814
            ],
            [
              81.2404,
              7.7395
            ],
            [
              81.2404,
              7.7394
            ],
            [
              81.3208,
              7.7349
            ],
            [
              81.33,
              7.7227
            ],
            [
              81.3299,
              7.7227
            ],
            [
              81.33,
              7.7227
            ],
            [
              81.3388,
              7.706
            ],
            [
              81.3388,
              7.7061
            ],
            [
              81.3388,
              7.706
            ]
          ]
        ]
      }
    },
    {
      "id": "feature_16",
      "type": "Feature",
      "properties": {
        "id": "LK-53",
        "name": "Trincomalee",
        "area_sqkm": 2692.11,
        "center_lat": 8.553962,
        "center_lng": 81.091548,
        "province_id": "LK-5",
        "ed_id": "EC-14",
        "pd_id": null
      },
      "geometry": {
        "type": "Polygon",
        "coordinates": [
          [
            [
              80.9672,
              8.9867
            ],
            [
              80.9071,
              8.9865
            ],
            [
              80.8659,
              8.9587
            ],
            [
              80.7757,
              8.9473
            ],
            [
              80.7551,
              8.9058
            ],
            [
              80.7863,
              8.9216
            ],
            [
              80.8156,
              8.9124
            ],
            [
              80.8854,
              8.8692
            ],
            [
              80.9126,
              8.8327
            ],
            [
              80.8801,
              8.7662
            ],
            [
              80.913,
              8.6825
            ],
            [
              80.8941,
              8.6221
            ],
            [
              80.9468,
              8.5561
            ],
            [
              80.9489,
              8.5081
            ],
            [
              80.9653,
              8.4874
            ],
            [
              80.9934,
              8.4835
            ],
            [
              80.929,
              8.3902
            ],
            [
              80.9412,
              8.3423
            ],
            [
              80.9806,
              8.3126
            ],
            [
              80.9878,
              8.2729
            ],
            [
              81.0193,
              8.2779
            ],
            [
              81.0194,
              8.2779
            ],
            [
              81.0193,
              8.2779
            ],
            [
              81.0632,
              8.2714
            ],
            [
              81.0632,
              8.2713
            ],
            [
              81.0632,
              8.2714
            ],
            [
              81.0695,
              8.2721
            ],
            [
              81.0695,
              8.2722
            ],
            [
              81.0695,
              8.2721
            ],
            [
              81.1128,
              8.2595
            ],
            [
              81.1128,
              8.2594
            ],
            [
              81.1128,
              8.2595
            ],
            [
              81.2026,
              8.2277
            ],
            [
              81.213,
              8.1794
            ],
            [
              81.1917,
              8.1541
            ],
            [
              81.2061,
              8.1481
            ],
            [
              81.2319,
              8.1562
            ],
            [
              81.2499,
              8.2262
            ],
            [
              81.2805,
              8.257
            ],
            [
              81.3114,
              8.2519
            ],
            [
              81.3536,
              8.2689
            ],
            [
              81.3713,
              8.2531
            ],
            [
              81.3933,
              8.2614
            ],
            [
              81.3963,
              8.2483
            ],
            [
              81.4037,
              8.266
            ],
            [
              81.3535,
              8.4958
            ],
            [
              81.3213,
              8.5251
            ],
            [
              81.2805,
              8.5074
            ],
            [
              81.2875,
              8.4806
            ],
            [
              81.2706,
              8.4637
            ],
            [
              81.2174,
              8.4626
            ],
            [
              81.1708,
              8.514
            ],
            [
              81.1386,
              8.4887
            ],
            [
              81.125,
              8.497
            ],
            [
              81.12,
              8.5088
            ],
            [
              81.1525,
              8.5464
            ],
            [
              81.1776,
              8.5258
            ],
            [
              81.1848,
              8.5361
            ],
            [
              81.1857,
              8.512
            ],
            [
              81.2131,
              8.5094
            ],
            [
              81.1916,
              8.5443
            ],
            [
              81.2064,
              8.554
            ],
            [
              81.1917,
              8.556
            ],
            [
              81.2002,
              8.5789
            ],
            [
              81.2035,
              8.5683
            ],
            [
              81.22,
              8.5844
            ],
            [
              81.2075,
              8.5654
            ],
            [
              81.2241,
              8.5759
            ],
            [
              81.2331,
              8.5656
            ],
            [
              81.2273,
              8.5356
            ],
            [
              81.2459,
              8.546
            ],
            [
              81.246,
              8.5827
            ],
            [
              81.2329,
              8.5802
            ],
            [
              81.2195,
              8.611
            ],
            [
              81.2251,
              8.6541
            ],
            [
              81.1107,
              8.8047
            ],
            [
              81.0797,
              8.8687
            ],
            [
              81.066,
              8.8575
            ],
            [
              81.0402,
              8.8794
            ],
            [
              80.9672,
              8.9867
            ]
          ]
        ]
      }
    },
    {
      "id": "feature_17",
      "type": "Feature",
      "properties": {
        "id": "LK-61",
        "name": "Kurunegala",
        "area_sqkm": 4905.71,
        "center_lat": 7.664511,
        "center_lng": 80.236804,
        "province_id": "LK-6",
        "ed_id": "EC-15",
        "pd_id": null
      },
      "geometry": {
        "type": "Polygon",
        "coordinates": [
          [
            [
              80.5013,
              7.8169
            ],
            [
              80.4688,
              7.85
            ],
            [
              80.4799,
              7.881
            ],
            [
              80.4603,
              7.9456
            ],
            [
              80.4177,
              7.9496
            ],
            [
              80.4197,
              8.0433
            ],
            [
              80.3704,
              8.057
            ],
            [
              80.3241,
              8.1013
            ],
            [
              80.3242,
              8.1013
            ],
            [
              80.3241,
              8.1013
            ],
            [
              80.1002,
              8.1979
            ],
            [
              80.1094,
              8.1317
            ],
            [
              80.1093,
              8.1317
            ],
            [
              80.1094,
              8.1317
            ],
            [
              80.115,
              8.0966
            ],
            [
              80.1528,
              8.0674
            ],
            [
              80.1497,
              7.9985
            ],
            [
              80.1332,
              7.9662
            ],
            [
              80.1483,
              7.942
            ],
            [
              80.1327,
              7.9343
            ],
            [
              80.1099,
              7.9501
            ],
            [
              80.0986,
              7.9145
            ],
            [
              80.0725,
              7.914
            ],
            [
              80.0662,
              7.873
            ],
            [
              80.0056,
              7.8299
            ],
            [
              80.0004,
              7.7461
            ],
            [
              79.9557,
              7.7205
            ],
            [
              79.9389,
              7.6925
            ],
            [
              79.9629,
              7.6872
            ],
            [
              79.9599,
              7.6745
            ],
            [
              79.9284,
              7.6749
            ],
            [
              79.9334,
              7.6497
            ],
            [
              79.9064,
              7.6198
            ],
            [
              79.9022,
              7.5215
            ],
            [
              79.9416,
              7.2762
            ],
            [
              80.0078,
              7.3218
            ],
            [
              80.0591,
              7.2838
            ],
            [
              80.1245,
              7.3303
            ],
            [
              80.196,
              7.2582
            ],
            [
              80.2789,
              7.3181
            ],
            [
              80.3384,
              7.3212
            ],
            [
              80.3558,
              7.3574
            ],
            [
              80.3473,
              7.3872
            ],
            [
              80.393,
              7.3963
            ],
            [
              80.4212,
              7.3562
            ],
            [
              80.4406,
              7.3551
            ],
            [
              80.4406,
              7.3552
            ],
            [
              80.4406,
              7.3551
            ],
            [
              80.4545,
              7.3567
            ],
            [
              80.4545,
              7.3566
            ],
            [
              80.4545,
              7.3567
            ],
            [
              80.4722,
              7.3933
            ],
            [
              80.4617,
              7.4109
            ],
            [
              80.5189,
              7.3889
            ],
            [
              80.5173,
              7.4141
            ],
            [
              80.5571,
              7.4193
            ],
            [
              80.5407,
              7.4494
            ],
            [
              80.5656,
              7.4584
            ],
            [
              80.5738,
              7.4919
            ],
            [
              80.5739,
              7.4919
            ],
            [
              80.5738,
              7.4919
            ],
            [
              80.5525,
              7.5509
            ],
            [
              80.5748,
              7.5748
            ],
            [
              80.5779,
              7.605
            ],
            [
              80.5461,
              7.6547
            ],
            [
              80.5368,
              7.7402
            ],
            [
              80.4979,
              7.7833
            ],
            [
              80.5013,
              7.8169
            ]
          ]
        ]
      }
    },
    {
      "id": "feature_18",
      "type": "Feature",
      "properties": {
        "id": "LK-62",
        "name": "Puttalam",
        "area_sqkm": 3133.88,
        "center_lat": 7.975263,
        "center_lng": 79.910874,
        "province_id": "LK-6",
        "ed_id": "EC-16",
        "pd_id": null
      },
      "geometry": {
        "type": "MultiPolygon",
        "coordinates": [
          [
            [
              [
                80.033,
                8.5264
              ],
              [
                79.9205,
                8.567
              ],
              [
                79.915,
                8.5488
              ],
              [
                79.8705,
                8.5356
              ],
              [
                79.8645,
                8.4524
              ],
              [
                79.8429,
                8.4221
              ],
              [
                79.8336,
                8.2913
              ],
              [
                79.8102,
                8.2382
              ],
              [
                79.7895,
                8.2331
              ],
              [
                79.8107,
                8.2241
              ],
              [
                79.7987,
                8.222
              ],
              [
                79.7929,
                8.2281
              ],
              [
                79.7928,
                8.2267
              ],
              [
                79.7945,
                8.2237
              ],
              [
                79.8191,
                8.2057
              ],
              [
                79.8191,
                8.1634
              ],
              [
                79.8337,
                8.1505
              ],
              [
                79.8142,
                8.0985
              ],
              [
                79.7901,
                8.0866
              ],
              [
                79.8343,
                8.0182
              ],
              [
                79.8178,
                7.9935
              ],
              [
                79.8241,
                7.9761
              ],
              [
                79.746,
                7.9941
              ],
              [
                79.7364,
                8.0179
              ],
              [
                79.7551,
                8.0634
              ],
              [
                79.731,
                8.0854
              ],
              [
                79.727,
                8.1232
              ],
              [
                79.7494,
                8.1821
              ],
              [
                79.7376,
                8.2017
              ],
              [
                79.756,
                8.2248
              ],
              [
                79.7693,
                8.2177
              ],
              [
                79.7768,
                8.2614
              ],
              [
                79.7312,
                8.2284
              ],
              [
                79.7637,
                8.2683
              ],
              [
                79.7564,
                8.2732
              ],
              [
                79.7504,
                8.2641
              ],
              [
                79.7526,
                8.2853
              ],
              [
                79.7892,
                8.3838
              ],
              [
                79.7843,
                8.3834
              ],
              [
                79.7747,
                8.3766
              ],
              [
                79.7341,
                8.2339
              ],
              [
                79.6924,
                8.209
              ],
              [
                79.706,
                8.0573
              ],
              [
                79.7958,
                7.7126
              ],
              [
                79.7886,
                7.5458
              ],
              [
                79.841,
                7.2729
              ],
              [
                79.9416,
                7.2762
              ],
              [
                79.9022,
                7.5215
              ],
              [
                79.9064,
                7.6198
              ],
              [
                79.9334,
                7.6497
              ],
              [
                79.9284,
                7.6749
              ],
              [
                79.9599,
                7.6745
              ],
              [
                79.9629,
                7.6872
              ],
              [
                79.9389,
                7.6925
              ],
              [
                79.9557,
                7.7205
              ],
              [
                80.0004,
                7.7461
              ],
              [
                80.0056,
                7.8299
              ],
              [
                80.0662,
                7.873
              ],
              [
                80.0725,
                7.914
              ],
              [
                80.0986,
                7.9145
              ],
              [
                80.1099,
                7.9501
              ],
              [
                80.1327,
                7.9343
              ],
              [
                80.1483,
                7.942
              ],
              [
                80.1332,
                7.9662
              ],
              [
                80.1497,
                7.9985
              ],
              [
                80.1528,
                8.0674
              ],
              [
                80.115,
                8.0966
              ],
              [
                80.1094,
                8.1317
              ],
              [
                80.1093,
                8.1317
              ],
              [
                80.1094,
                8.1317
              ],
              [
                80.1002,
                8.1979
              ],
              [
                80.0796,
                8.2229
              ],
              [
                80.0382,
                8.2364
              ],
              [
                80.0,
                8.2278
              ],
              [
                79.9748,
                8.3384
              ],
              [
                79.9519,
                8.3692
              ],
              [
                79.9554,
                8.395
              ],
              [
                79.9813,
                8.3996
              ],
              [
                80.0323,
                8.4663
              ],
              [
                80.0432,
                8.499
              ],
              [
                80.033,
                8.5264
              ]
            ]
          ],
          [
            [
              [
                79.8056,
                8.1751
              ],
              [
                79.8081,
                8.1645
              ],
              [
                79.8107,
                8.1619
              ],
              [
                79.8125,
                8.1652
              ],
              [
                79.8056,
                8.1751
              ]
            ]
          ],
          [
            [
              [
                79.7487,
                8.1725
              ],
              [
                79.7515,
                8.1762
              ],
              [
                79.7508,
                8.1776
              ],
              [
                79.7482,
                8.1767
              ],
              [
                79.7487,
                8.1725
              ]
            ]
          ],
          [
            [
              [
                79.749,
                8.1787
              ],
              [
                79.7494,
                8.1792
              ],
              [
                79.7493,
                8.1801
              ],
              [
                79.7487,
                8.1794
              ],
              [
                79.749,
                8.1787
              ]
            ]
          ],
          [
            [
              [
                79.7567,
                8.1776
              ],
              [
                79.7572,
                8.1792
              ],
              [
                79.7554,
                8.1807
              ],
              [
                79.7547,
                8.1795
              ],
              [
                79.7567,
                8.1776
              ]
            ]
          ],
          [
            [
              [
                79.7791,
                8.1893
              ],
              [
                79.7751,
                8.1928
              ],
              [
                79.7553,
                8.1732
              ],
              [
                79.7681,
                8.1801
              ],
              [
                79.7791,
                8.1893
              ]
            ]
          ],
          [
            [
              [
                79.7708,
                8.2141
              ],
              [
                79.7651,
                8.2128
              ],
              [
                79.7688,
                8.2075
              ],
              [
                79.7672,
                8.2125
              ],
              [
                79.7708,
                8.2141
              ]
            ]
          ],
          [
            [
              [
                79.7833,
                8.219
              ],
              [
                79.7819,
                8.2159
              ],
              [
                79.7855,
                8.215
              ],
              [
                79.7847,
                8.2174
              ],
              [
                79.7833,
                8.219
              ]
            ]
          ],
          [
            [
              [
                79.7795,
                8.2375
              ],
              [
                79.7781,
                8.236
              ],
              [
                79.7783,
                8.2331
              ],
              [
                79.7801,
                8.2348
              ],
              [
                79.7795,
                8.2375
              ]
            ]
          ],
          [
            [
              [
                79.7813,
                8.2408
              ],
              [
                79.7809,
                8.2415
              ],
              [
                79.7797,
                8.2406
              ],
              [
                79.78,
                8.2408
              ],
              [
                79.7813,
                8.2408
              ]
            ]
          ],
          [
            [
              [
                79.776,
                8.2444
              ],
              [
                79.7764,
                8.2455
              ],
              [
                79.7756,
                8.2458
              ],
              [
                79.775,
                8.245
              ],
              [
                79.776,
                8.2444
              ]
            ]
          ],
          [
            [
              [
                79.7804,
                8.2714
              ],
              [
                79.7746,
                8.2711
              ],
              [
                79.7803,
                8.2622
              ],
              [
                79.7859,
                8.2675
              ],
              [
                79.7804,
                8.2714
              ]
            ]
          ],
          [
            [
              [
                79.7869,
                8.2745
              ],
              [
                79.7858,
                8.2753
              ],
              [
                79.7854,
                8.2745
              ],
              [
                79.7866,
                8.2739
              ],
              [
                79.7869,
                8.2745
              ]
            ]
          ],
          [
            [
              [
                79.7614,
                8.2785
              ],
              [
                79.7629,
                8.2745
              ],
              [
                79.7688,
                8.276
              ],
              [
                79.7682,
                8.2785
              ],
              [
                79.7614,
                8.2785
              ]
            ]
          ],
          [
            [
              [
                79.7741,
                8.2727
              ],
              [
                79.774,
                8.2743
              ],
              [
                79.772,
                8.2788
              ],
              [
                79.7725,
                8.273
              ],
              [
                79.7741,
                8.2727
              ]
            ]
          ],
          [
            [
              [
                79.7928,
                8.2823
              ],
              [
                79.7951,
                8.284
              ],
              [
                79.7899,
                8.2861
              ],
              [
                79.7901,
                8.2841
              ],
              [
                79.7928,
                8.2823
              ]
            ]
          ],
          [
            [
              [
                79.7965,
                8.3054
              ],
              [
                79.7937,
                8.299
              ],
              [
                79.7987,
                8.2942
              ],
              [
                79.8023,
                8.3045
              ],
              [
                79.7965,
                8.3054
              ]
            ]
          ],
          [
            [
              [
                79.8027,
                8.339
              ],
              [
                79.8068,
                8.3204
              ],
              [
                79.8139,
                8.3202
              ],
              [
                79.8103,
                8.3389
              ],
              [
                79.8027,
                8.339
              ]
            ]
          ],
          [
            [
              [
                79.788,
                8.5474
              ],
              [
                79.7763,
                8.5021
              ],
              [
                79.8105,
                8.4033
              ],
              [
                79.809,
                8.4484
              ],
              [
                79.7802,
                8.493
              ],
              [
                79.788,
                8.5103
              ],
              [
                79.788,
                8.5474
              ]
            ]
          ]
        ]
      }
    },
    {
      "id": "feature_19",
      "type": "Feature",
      "properties": {
        "id": "LK-71",
        "name": "Anuradhapura",
        "area_sqkm": 7218.29,
        "center_lat": 8.392067,
        "center_lng": 80.51313,
        "province_id": "LK-7",
        "ed_id": "EC-17",
        "pd_id": null
      },
      "geometry": {
        "type": "Polygon",
        "coordinates": [
          [
            [
              80.9412,
              8.3423
            ],
            [
              80.929,
              8.3902
            ],
            [
              80.9934,
              8.4835
            ],
            [
              80.9653,
              8.4874
            ],
            [
              80.9489,
              8.5081
            ],
            [
              80.9468,
              8.5561
            ],
            [
              80.8941,
              8.6221
            ],
            [
              80.913,
              8.6825
            ],
            [
              80.8801,
              8.7662
            ],
            [
              80.9126,
              8.8327
            ],
            [
              80.8854,
              8.8692
            ],
            [
              80.8156,
              8.9124
            ],
            [
              80.7863,
              8.9216
            ],
            [
              80.7551,
              8.9058
            ],
            [
              80.745,
              8.9032
            ],
            [
              80.6649,
              8.8711
            ],
            [
              80.5963,
              8.8699
            ],
            [
              80.5921,
              8.8469
            ],
            [
              80.6253,
              8.8386
            ],
            [
              80.6523,
              8.794
            ],
            [
              80.5688,
              8.7001
            ],
            [
              80.5085,
              8.658
            ],
            [
              80.4501,
              8.6932
            ],
            [
              80.3805,
              8.6219
            ],
            [
              80.3788,
              8.5805
            ],
            [
              80.3527,
              8.5724
            ],
            [
              80.34,
              8.5472
            ],
            [
              80.2878,
              8.5594
            ],
            [
              80.2878,
              8.5593
            ],
            [
              80.2745,
              8.6099
            ],
            [
              80.2361,
              8.6289
            ],
            [
              80.2352,
              8.6804
            ],
            [
              80.1151,
              8.6496
            ],
            [
              80.044,
              8.6746
            ],
            [
              80.0533,
              8.529
            ],
            [
              80.033,
              8.5264
            ],
            [
              80.0432,
              8.499
            ],
            [
              80.0323,
              8.4663
            ],
            [
              79.9813,
              8.3996
            ],
            [
              79.9554,
              8.395
            ],
            [
              79.9519,
              8.3692
            ],
            [
              79.9748,
              8.3384
            ],
            [
              80.0,
              8.2278
            ],
            [
              80.0382,
              8.2364
            ],
            [
              80.0796,
              8.2229
            ],
            [
              80.1002,
              8.1979
            ],
            [
              80.3241,
              8.1013
            ],
            [
              80.3242,
              8.1013
            ],
            [
              80.3241,
              8.1013
            ],
            [
              80.3704,
              8.057
            ],
            [
              80.4197,
              8.0433
            ],
            [
              80.4177,
              7.9496
            ],
            [
              80.4603,
              7.9456
            ],
            [
              80.4799,
              7.881
            ],
            [
              80.4688,
              7.85
            ],
            [
              80.5013,
              7.8169
            ],
            [
              80.5638,
              7.8487
            ],
            [
              80.5744,
              7.8691
            ],
            [
              80.6142,
              7.8607
            ],
            [
              80.6538,
              7.9135
            ],
            [
              80.6576,
              7.9594
            ],
            [
              80.6818,
              7.9556
            ],
            [
              80.7053,
              7.9906
            ],
            [
              80.7556,
              8.0115
            ],
            [
              80.7765,
              8.0683
            ],
            [
              80.757,
              8.0701
            ],
            [
              80.7602,
              8.151
            ],
            [
              80.8057,
              8.2786
            ],
            [
              80.9,
              8.2799
            ],
            [
              80.9116,
              8.3255
            ],
            [
              80.9412,
              8.3423
            ]
          ]
        ]
      }
    },
    {
      "id": "feature_20",
      "type": "Feature",
      "properties": {
        "id": "LK-72",
        "name": "Polonnaruwa",
        "area_sqkm": 3469.72,
        "center_lat": 7.994209,
        "center_lng": 81.028281,
        "province_id": "LK-7",
        "ed_id": "EC-18",
        "pd_id": null
      },
      "geometry": {
        "type": "Polygon",
        "coordinates": [
          [
            [
              80.9412,
              8.3423
            ],
            [
              80.9116,
              8.3255
            ],
            [
              80.9,
              8.2799
            ],
            [
              80.8057,
              8.2786
            ],
            [
              80.7602,
              8.151
            ],
            [
              80.757,
              8.0701
            ],
            [
              80.7765,
              8.0683
            ],
            [
              80.7556,
              8.0115
            ],
            [
              80.7781,
              7.9968
            ],
            [
              80.7862,
              7.9619
            ],
            [
              80.7996,
              7.9582
            ],
            [
              80.8139,
              7.9828
            ],
            [
              80.8527,
              7.9628
            ],
            [
              80.8178,
              7.9248
            ],
            [
              80.7963,
              7.8043
            ],
            [
              80.7615,
              7.7921
            ],
            [
              80.7795,
              7.679
            ],
            [
              80.8104,
              7.6718
            ],
            [
              80.8523,
              7.7018
            ],
            [
              80.8778,
              7.6815
            ],
            [
              80.8853,
              7.7147
            ],
            [
              80.9885,
              7.7205
            ],
            [
              80.9926,
              7.7234
            ],
            [
              80.9926,
              7.7233
            ],
            [
              80.9926,
              7.7234
            ],
            [
              81.0015,
              7.7235
            ],
            [
              81.0015,
              7.7234
            ],
            [
              81.0015,
              7.7235
            ],
            [
              81.0366,
              7.7179
            ],
            [
              81.0385,
              7.7032
            ],
            [
              81.0508,
              7.7355
            ],
            [
              81.0507,
              7.7355
            ],
            [
              81.0508,
              7.7355
            ],
            [
              81.0511,
              7.7368
            ],
            [
              81.0511,
              7.7369
            ],
            [
              81.0511,
              7.7368
            ],
            [
              81.0672,
              7.7179
            ],
            [
              81.0672,
              7.7178
            ],
            [
              81.0672,
              7.7179
            ],
            [
              81.1018,
              7.7218
            ],
            [
              81.1018,
              7.7219
            ],
            [
              81.1018,
              7.7218
            ],
            [
              81.1012,
              7.663
            ],
            [
              81.149,
              7.6529
            ],
            [
              81.149,
              7.653
            ],
            [
              81.1489,
              7.653
            ],
            [
              81.1489,
              7.6529
            ],
            [
              81.149,
              7.6529
            ],
            [
              81.1542,
              7.6443
            ],
            [
              81.1542,
              7.6442
            ],
            [
              81.1542,
              7.6443
            ],
            [
              81.1718,
              7.6435
            ],
            [
              81.1755,
              7.6636
            ],
            [
              81.1756,
              7.6636
            ],
            [
              81.1755,
              7.6636
            ],
            [
              81.2146,
              7.6424
            ],
            [
              81.241,
              7.6814
            ],
            [
              81.2404,
              7.7394
            ],
            [
              81.2404,
              7.7395
            ],
            [
              81.2248,
              7.821
            ],
            [
              81.2371,
              7.9217
            ],
            [
              81.2889,
              7.9477
            ],
            [
              81.3398,
              7.9365
            ],
            [
              81.3066,
              8.0292
            ],
            [
              81.3114,
              8.2519
            ],
            [
              81.2805,
              8.257
            ],
            [
              81.2499,
              8.2262
            ],
            [
              81.2319,
              8.1562
            ],
            [
              81.2061,
              8.1481
            ],
            [
              81.1917,
              8.1541
            ],
            [
              81.213,
              8.1794
            ],
            [
              81.2026,
              8.2277
            ],
            [
              81.1128,
              8.2595
            ],
            [
              81.1128,
              8.2594
            ],
            [
              81.1128,
              8.2595
            ],
            [
              81.0695,
              8.2721
            ],
            [
              81.0695,
              8.2722
            ],
            [
              81.0695,
              8.2721
            ],
            [
              81.0632,
              8.2714
            ],
            [
              81.0632,
              8.2713
            ],
            [
              81.0632,
              8.2714
            ],
            [
              81.0193,
              8.2779
            ],
            [
              81.0194,
              8.2779
            ],
            [
              81.0193,
              8.2779
            ],
            [
              80.9878,
              8.2729
            ],
            [
              80.9806,
              8.3126
            ],
            [
              80.9412,
              8.3423
            ]
          ]
        ]
      }
    },
    {
      "id": "feature_21",
      "type": "Feature",
      "properties": {
        "id": "LK-81",
        "name": "Badulla",
        "area_sqkm": 2871.96,
        "center_lat": 7.073578,
        "center_lng": 81.044926,
        "province_id": "LK-8",
        "ed_id": "EC-19",
        "pd_id": null
      },
      "geometry": {
        "type": "Polygon",
        "coordinates": [
          [
            [
              81.2708,
              7.278
            ],
            [
              81.2464,
              7.3347
            ],
            [
              81.2204,
              7.3327
            ],
            [
              81.1945,
              7.3765
            ],
            [
              81.2023,
              7.3914
            ],
            [
              81.183,
              7.4425
            ],
            [
              81.1993,
              7.4701
            ],
            [
              81.205,
              7.558
            ],
            [
              81.1887,
              7.5731
            ],
            [
              81.1613,
              7.5673
            ],
            [
              81.0771,
              7.5105
            ],
            [
              81.0404,
              7.5044
            ],
            [
              81.0144,
              7.5513
            ],
            [
              81.0144,
              7.594
            ],
            [
              80.9795,
              7.6216
            ],
            [
              80.9739,
              7.4884
            ],
            [
              80.9759,
              7.3652
            ],
            [
              81.0164,
              7.2326
            ],
            [
              80.9722,
              7.1971
            ],
            [
              80.9477,
              7.2002
            ],
            [
              80.9627,
              7.159
            ],
            [
              80.951,
              7.1297
            ],
            [
              80.9662,
              7.1223
            ],
            [
              80.9524,
              7.0907
            ],
            [
              80.9647,
              7.0777
            ],
            [
              80.9314,
              7.0371
            ],
            [
              80.9199,
              6.9903
            ],
            [
              80.8449,
              6.963
            ],
            [
              80.8448,
              6.963
            ],
            [
              80.8449,
              6.963
            ],
            [
              80.8261,
              6.9246
            ],
            [
              80.7763,
              6.9139
            ],
            [
              80.8145,
              6.8918
            ],
            [
              80.8374,
              6.8433
            ],
            [
              80.8149,
              6.8287
            ],
            [
              80.8339,
              6.7999
            ],
            [
              80.8087,
              6.7917
            ],
            [
              80.8086,
              6.7917
            ],
            [
              80.8087,
              6.7917
            ],
            [
              80.8141,
              6.7545
            ],
            [
              80.8583,
              6.7412
            ],
            [
              80.8532,
              6.7194
            ],
            [
              80.814,
              6.7035
            ],
            [
              80.8296,
              6.669
            ],
            [
              80.8569,
              6.6571
            ],
            [
              80.9179,
              6.6959
            ],
            [
              80.9269,
              6.6889
            ],
            [
              80.9392,
              6.6929
            ],
            [
              80.9535,
              6.6557
            ],
            [
              80.9762,
              6.6425
            ],
            [
              80.978,
              6.6163
            ],
            [
              80.9994,
              6.6144
            ],
            [
              80.9955,
              6.577
            ],
            [
              81.0231,
              6.5427
            ],
            [
              81.0357,
              6.5837
            ],
            [
              81.0603,
              6.5834
            ],
            [
              81.0602,
              6.5834
            ],
            [
              81.0603,
              6.5834
            ],
            [
              81.0672,
              6.6056
            ],
            [
              81.0868,
              6.6074
            ],
            [
              81.0614,
              6.6467
            ],
            [
              81.085,
              6.7284
            ],
            [
              81.0529,
              6.7393
            ],
            [
              81.0658,
              6.813
            ],
            [
              81.0895,
              6.8078
            ],
            [
              81.0968,
              6.8281
            ],
            [
              81.1369,
              6.838
            ],
            [
              81.1141,
              6.8724
            ],
            [
              81.1772,
              6.9026
            ],
            [
              81.1804,
              6.9225
            ],
            [
              81.1805,
              6.9225
            ],
            [
              81.1804,
              6.9225
            ],
            [
              81.204,
              6.9206
            ],
            [
              81.2072,
              6.9391
            ],
            [
              81.2273,
              6.9454
            ],
            [
              81.2192,
              6.9575
            ],
            [
              81.2338,
              6.9628
            ],
            [
              81.2451,
              7.0224
            ],
            [
              81.2294,
              7.084
            ],
            [
              81.2171,
              7.0804
            ],
            [
              81.2126,
              7.0964
            ],
            [
              81.1683,
              7.083
            ],
            [
              81.1264,
              7.1428
            ],
            [
              81.1228,
              7.1662
            ],
            [
              81.1456,
              7.1942
            ],
            [
              81.1635,
              7.1735
            ],
            [
              81.1635,
              7.1736
            ],
            [
              81.1635,
              7.1735
            ],
            [
              81.1856,
              7.1743
            ],
            [
              81.2358,
              7.2393
            ],
            [
              81.23,
              7.2693
            ],
            [
              81.2708,
              7.278
            ]
          ]
        ]
      }
    },
    {
      "id": "feature_22",
      "type": "Feature",
      "properties": {
        "id": "LK-82",
        "name": "Monaragala",
        "area_sqkm": 5757.99,
        "center_lat": 6.787062,
        "center_lng": 81.301821,
        "province_id": "LK-8",
        "ed_id": "EC-20",
        "pd_id": null
      },
      "geometry": {
        "type": "Polygon",
        "coordinates": [
          [
            [
              81.6085,
              6.5801
            ],
            [
              81.6377,
              6.9599
            ],
            [
              81.6177,
              6.9804
            ],
            [
              81.6134,
              7.0679
            ],
            [
              81.5153,
              7.1029
            ],
            [
              81.5016,
              7.1579
            ],
            [
              81.5232,
              7.1978
            ],
            [
              81.556,
              7.2192
            ],
            [
              81.521,
              7.2431
            ],
            [
              81.52,
              7.2879
            ],
            [
              81.4784,
              7.3243
            ],
            [
              81.4912,
              7.3357
            ],
            [
              81.478,
              7.422
            ],
            [
              81.4622,
              7.4279
            ],
            [
              81.4781,
              7.4566
            ],
            [
              81.4551,
              7.4589
            ],
            [
              81.4071,
              7.4317
            ],
            [
              81.4063,
              7.416
            ],
            [
              81.3747,
              7.4094
            ],
            [
              81.3865,
              7.3696
            ],
            [
              81.3632,
              7.3555
            ],
            [
              81.367,
              7.3433
            ],
            [
              81.3191,
              7.3345
            ],
            [
              81.3214,
              7.2651
            ],
            [
              81.2851,
              7.2423
            ],
            [
              81.2708,
              7.278
            ],
            [
              81.23,
              7.2693
            ],
            [
              81.2358,
              7.2393
            ],
            [
              81.1856,
              7.1743
            ],
            [
              81.1635,
              7.1735
            ],
            [
              81.1635,
              7.1736
            ],
            [
              81.1635,
              7.1735
            ],
            [
              81.1456,
              7.1942
            ],
            [
              81.1228,
              7.1662
            ],
            [
              81.1264,
              7.1428
            ],
            [
              81.1683,
              7.083
            ],
            [
              81.2126,
              7.0964
            ],
            [
              81.2171,
              7.0804
            ],
            [
              81.2294,
              7.084
            ],
            [
              81.2451,
              7.0224
            ],
            [
              81.2338,
              6.9628
            ],
            [
              81.2192,
              6.9575
            ],
            [
              81.2273,
              6.9454
            ],
            [
              81.2072,
              6.9391
            ],
            [
              81.204,
              6.9206
            ],
            [
              81.1804,
              6.9225
            ],
            [
              81.1805,
              6.9225
            ],
            [
              81.1804,
              6.9225
            ],
            [
              81.1772,
              6.9026
            ],
            [
              81.1141,
              6.8724
            ],
            [
              81.1369,
              6.838
            ],
            [
              81.0968,
              6.8281
            ],
            [
              81.0895,
              6.8078
            ],
            [
              81.0658,
              6.813
            ],
            [
              81.0529,
              6.7393
            ],
            [
              81.085,
              6.7284
            ],
            [
              81.0614,
              6.6467
            ],
            [
              81.0868,
              6.6074
            ],
            [
              81.0672,
              6.6056
            ],
            [
              81.0603,
              6.5834
            ],
            [
              81.0602,
              6.5834
            ],
            [
              81.0603,
              6.5834
            ],
            [
              81.0357,
              6.5837
            ],
            [
              81.0231,
              6.5427
            ],
            [
              80.9955,
              6.577
            ],
            [
              80.9994,
              6.6144
            ],
            [
              80.978,
              6.6163
            ],
            [
              80.9762,
              6.6425
            ],
            [
              80.9535,
              6.6557
            ],
            [
              80.9392,
              6.6929
            ],
            [
              80.9269,
              6.6889
            ],
            [
              80.8753,
              6.6108
            ],
            [
              80.8652,
              6.5525
            ],
            [
              80.8295,
              6.4899
            ],
            [
              80.8454,
              6.3864
            ],
            [
              80.8673,
              6.3554
            ],
            [
              80.9032,
              6.3444
            ],
            [
              80.9321,
              6.2862
            ],
            [
              80.953,
              6.3168
            ],
            [
              81.0196,
              6.3517
            ],
            [
              81.0101,
              6.3886
            ],
            [
              81.0461,
              6.3982
            ],
            [
              81.0503,
              6.4206
            ],
            [
              81.0632,
              6.4101
            ],
            [
              81.0732,
              6.4227
            ],
            [
              81.138,
              6.4234
            ],
            [
              81.1576,
              6.3927
            ],
            [
              81.1848,
              6.4065
            ],
            [
              81.2348,
              6.3399
            ],
            [
              81.3819,
              6.3971
            ],
            [
              81.3944,
              6.417
            ],
            [
              81.4755,
              6.4086
            ],
            [
              81.4812,
              6.4955
            ],
            [
              81.5658,
              6.5543
            ],
            [
              81.5997,
              6.5604
            ],
            [
              81.6085,
              6.5801
            ]
          ]
        ]
      }
    },
    {
      "id": "feature_23",
      "type": "Feature",
      "properties": {
        "id": "LK-91",
        "name": "Ratnapura",
        "area_sqkm": 3287.08,
        "center_lat": 6.586622,
        "center_lng": 80.565541,
        "province_id": "LK-9",
        "ed_id": "EC-21",
        "pd_id": null
      },
      "geometry": {
        "type": "Polygon",
        "coordinates": [
          [
            [
              80.4951,
              6.832
            ],
            [
              80.4445,
              6.8317
            ],
            [
              80.401,
              6.86
            ],
            [
              80.3404,
              6.8299
            ],
            [
              80.3063,
              6.864
            ],
            [
              80.2838,
              6.8545
            ],
            [
              80.2252,
              6.9309
            ],
            [
              80.2111,
              6.9168
            ],
            [
              80.2111,
              6.9169
            ],
            [
              80.2111,
              6.9168
            ],
            [
              80.1847,
              6.8871
            ],
            [
              80.1847,
              6.887
            ],
            [
              80.1847,
              6.8871
            ],
            [
              80.1756,
              6.8578
            ],
            [
              80.1948,
              6.8515
            ],
            [
              80.203,
              6.8225
            ],
            [
              80.1777,
              6.8159
            ],
            [
              80.2161,
              6.6914
            ],
            [
              80.2496,
              6.6584
            ],
            [
              80.255,
              6.6271
            ],
            [
              80.3041,
              6.5955
            ],
            [
              80.3057,
              6.5382
            ],
            [
              80.3809,
              6.4261
            ],
            [
              80.4213,
              6.391
            ],
            [
              80.4911,
              6.3803
            ],
            [
              80.4958,
              6.3682
            ],
            [
              80.5336,
              6.3743
            ],
            [
              80.5454,
              6.3952
            ],
            [
              80.6192,
              6.3969
            ],
            [
              80.612,
              6.3458
            ],
            [
              80.6624,
              6.3543
            ],
            [
              80.6707,
              6.3055
            ],
            [
              80.7045,
              6.3065
            ],
            [
              80.8059,
              6.268
            ],
            [
              80.8059,
              6.2679
            ],
            [
              80.8059,
              6.268
            ],
            [
              80.8636,
              6.275
            ],
            [
              80.8737,
              6.2587
            ],
            [
              80.8738,
              6.2587
            ],
            [
              80.8737,
              6.2587
            ],
            [
              80.905,
              6.2415
            ],
            [
              80.905,
              6.2414
            ],
            [
              80.905,
              6.2415
            ],
            [
              80.9531,
              6.2365
            ],
            [
              80.9321,
              6.2862
            ],
            [
              80.9032,
              6.3444
            ],
            [
              80.8673,
              6.3554
            ],
            [
              80.8454,
              6.3864
            ],
            [
              80.8295,
              6.4899
            ],
            [
              80.8652,
              6.5525
            ],
            [
              80.8753,
              6.6108
            ],
            [
              80.9269,
              6.6889
            ],
            [
              80.9179,
              6.6959
            ],
            [
              80.8569,
              6.6571
            ],
            [
              80.8296,
              6.669
            ],
            [
              80.814,
              6.7035
            ],
            [
              80.8532,
              6.7194
            ],
            [
              80.8583,
              6.7412
            ],
            [
              80.8141,
              6.7545
            ],
            [
              80.8087,
              6.7917
            ],
            [
              80.8086,
              6.7917
            ],
            [
              80.7462,
              6.7572
            ],
            [
              80.6609,
              6.7623
            ],
            [
              80.6515,
              6.7517
            ],
            [
              80.4999,
              6.7792
            ],
            [
              80.4856,
              6.7959
            ],
            [
              80.5016,
              6.809
            ],
            [
              80.4951,
              6.832
            ]
          ]
        ]
      }
    },
    {
      "id": "feature_24",
      "type": "Feature",
      "properties": {
        "id": "LK-92",
        "name": "Kegalle",
        "area_sqkm": 1657.73,
        "center_lat": 7.104294,
        "center_lng": 80.342772,
        "province_id": "LK-9",
        "ed_id": "EC-22",
        "pd_id": null
      },
      "geometry": {
        "type": "MultiPolygon",
        "coordinates": [
          [
            [
              [
                80.4212,
                7.3562
              ],
              [
                80.393,
                7.3963
              ],
              [
                80.3473,
                7.3872
              ],
              [
                80.3558,
                7.3574
              ],
              [
                80.3384,
                7.3212
              ],
              [
                80.2789,
                7.3181
              ],
              [
                80.196,
                7.2582
              ],
              [
                80.1739,
                7.194
              ],
              [
                80.1739,
                7.1939
              ],
              [
                80.1739,
                7.194
              ],
              [
                80.1462,
                7.1891
              ],
              [
                80.163,
                7.1255
              ],
              [
                80.2128,
                7.1314
              ],
              [
                80.1643,
                7.0586
              ],
              [
                80.1793,
                6.9776
              ],
              [
                80.2172,
                6.9751
              ],
              [
                80.2239,
                6.9416
              ],
              [
                80.2082,
                6.9377
              ],
              [
                80.2111,
                6.9168
              ],
              [
                80.2111,
                6.9169
              ],
              [
                80.2111,
                6.9168
              ],
              [
                80.2252,
                6.9309
              ],
              [
                80.2838,
                6.8545
              ],
              [
                80.3063,
                6.864
              ],
              [
                80.3404,
                6.8299
              ],
              [
                80.401,
                6.86
              ],
              [
                80.4445,
                6.8317
              ],
              [
                80.4951,
                6.832
              ],
              [
                80.5113,
                6.8479
              ],
              [
                80.5001,
                6.885
              ],
              [
                80.431,
                6.9123
              ],
              [
                80.445,
                6.9646
              ],
              [
                80.4321,
                6.9932
              ],
              [
                80.4671,
                7.0223
              ],
              [
                80.4628,
                7.0539
              ],
              [
                80.4629,
                7.0539
              ],
              [
                80.4628,
                7.0539
              ],
              [
                80.4641,
                7.0876
              ],
              [
                80.4352,
                7.092
              ],
              [
                80.4352,
                7.1111
              ],
              [
                80.5109,
                7.14
              ],
              [
                80.5108,
                7.14
              ],
              [
                80.5109,
                7.14
              ],
              [
                80.534,
                7.1536
              ],
              [
                80.5321,
                7.1687
              ],
              [
                80.5487,
                7.1679
              ],
              [
                80.5127,
                7.2109
              ],
              [
                80.5203,
                7.2388
              ],
              [
                80.4788,
                7.268
              ],
              [
                80.4813,
                7.285
              ],
              [
                80.4813,
                7.2849
              ],
              [
                80.4813,
                7.285
              ],
              [
                80.427,
                7.33
              ],
              [
                80.4212,
                7.3562
              ]
            ]
          ],
          [
            [
              [
                80.1612,
                7.1985
              ],
              [
                80.1671,
                7.2001
              ],
              [
                80.1669,
                7.2019
              ],
              [
                80.1606,
                7.2026
              ],
              [
                80.1612,
                7.1985
              ]
            ]
          ]
        ]
      }
    }
  ]
}