{
  "type": "Topology",
  "objects": {
    "data": {
      "geometries": [
        {
          "properties": {
            "id": "EC-01",
            "name": "Colombo",
            "area_sqkm": "688.17",
            "center_lat": "6.869822",
            "center_lng": "80.018487",
            "province_id": "LK-1",
            "district_id": "LK-11"
          },
          "type": "Polygon",
          "arcs": [
            [
              -3,
              -484,
              -475,
              -7,
              -6,
              5,
              -5,
              0
            ]
          ],
          "id": "feature_00"
        },
        {
          "properties": {
            "id": "EC-02",
            "name": "Gampaha",
            "area_sqkm": "1385.23",
            "center_lat": "7.123406",
            "center_lng": "80.018206",
            "province_id": "LK-1",
            "district_id": "LK-12"
          },
          "type": "Polygon",
          "arcs": [
            [
              1,
              -425,
              -420,
              -487,
              -486,
              485,
              -485,
              2
            ],
            [
              492
            ],
            [
              3
            ]
          ],
          "id": "feature_01"
        },
        {
          "properties": {
            "id": "EC-03",
            "name": "Kalutara",
            "area_sqkm": "1646.99",
            "center_lat": "6.577185",
            "center_lng": "80.127744",
            "province_id": "LK-1",
            "district_id": "LK-13"
          },
          "type": "MultiPolygon",
          "arcs": [
            [
              [
                4,
                -6,
                5,
                6,
                -474,
                -473,
                -483,
                -19,
                7
              ]
            ],
            [
              [
                8
              ]
            ],
            [
              [
                9
              ]
            ],
            [
              [
                10
              ]
            ],
            [
              [
                11
              ]
            ],
            [
              [
                12
              ]
            ],
            [
              [
                13
              ]
            ]
          ],
          "id": "feature_02"
        },
        {
          "properties": {
            "id": "EC-04",
            "name": "Kandy",
            "area_sqkm": "1927.69",
            "center_lat": "7.273178",
            "center_lng": "80.708811",
            "province_id": "LK-2",
            "district_id": "LK-21"
          },
          "type": "Polygon",
          "arcs": [
            [
              -489,
              -419,
              -17,
              -16,
              -15,
              -467,
              -18
            ]
          ],
          "id": "feature_03"
        },
        {
          "properties": {
            "id": "EC-05",
            "name": "Matale",
            "area_sqkm": "2058.75",
            "center_lat": "7.667651",
            "center_lng": "80.730702",
            "province_id": "LK-2",
            "district_id": "LK-22"
          },
          "type": "Polygon",
          "arcs": [
            [
              -418,
              -451,
              -450,
              449,
              -449,
              -465,
              -405,
              -468,
              14,
              15,
              16
            ]
          ],
          "id": "feature_04"
        },
        {
          "properties": {
            "id": "EC-06",
            "name": "Nuwara-Eliya",
            "area_sqkm": "1744.81",
            "center_lat": "6.974738",
            "center_lng": "80.711186",
            "province_id": "LK-2",
            "district_id": "LK-23"
          },
          "type": "Polygon",
          "arcs": [
            [
              -491,
              -490,
              17,
              -466,
              -476
            ]
          ],
          "id": "feature_05"
        },
        {
          "properties": {
            "id": "EC-07",
            "name": "Galle",
            "area_sqkm": "1613.49",
            "center_lat": "6.222792",
            "center_lng": "80.251811",
            "province_id": "LK-3",
            "district_id": "LK-31"
          },
          "type": "MultiPolygon",
          "arcs": [
            [
              [
                18,
                -482,
                -22,
                19
              ]
            ],
            [
              [
                20
              ]
            ]
          ],
          "id": "feature_06"
        },
        {
          "properties": {
            "id": "EC-08",
            "name": "Matara",
            "area_sqkm": "1306.37",
            "center_lat": "6.142725",
            "center_lng": "80.539846",
            "province_id": "LK-3",
            "district_id": "LK-32"
          },
          "type": "MultiPolygon",
          "arcs": [
            [
              [
                21,
                -481,
                -480,
                479,
                -29,
                -28,
                -27,
                22
              ]
            ],
            [
              [
                23
              ]
            ],
            [
              [
                24
              ]
            ]
          ],
          "id": "feature_07"
        },
        {
          "properties": {
            "id": "EC-09",
            "name": "Hambantota",
            "area_sqkm": "2625.06",
            "center_lat": "6.254039",
            "center_lng": "81.091281",
            "province_id": "LK-3",
            "district_id": "LK-33"
          },
          "type": "Polygon",
          "arcs": [
            [
              -480,
              -479,
              -472,
              -414,
              25,
              26,
              27,
              28
            ]
          ],
          "id": "feature_08"
        },
        {
          "properties": {
            "id": "EC-10",
            "name": "Jaffna",
            "area_sqkm": "2410.53",
            "center_lat": "9.542044",
            "center_lng": "80.221895",
            "province_id": "LK-4",
            "district_id": ""
          },
          "type": "MultiPolygon",
          "arcs": [
            [
              [
                -318,
                29
              ]
            ],
            [
              [
                30
              ]
            ],
            [
              [
                31
              ]
            ],
            [
              [
                32
              ]
            ],
            [
              [
                33
              ]
            ],
            [
              [
                34
              ]
            ],
            [
              [
                35
              ]
            ],
            [
              [
                36
              ]
            ],
            [
              [
                37
              ]
            ],
            [
              [
                38
              ]
            ],
            [
              [
                39
              ]
            ],
            [
              [
                40
              ]
            ],
            [
              [
                41
              ]
            ],
            [
              [
                42
              ]
            ],
            [
              [
                43
              ]
            ],
            [
              [
                44
              ]
            ],
            [
              [
                45
              ]
            ],
            [
              [
                46
              ]
            ],
            [
              [
                47
              ]
            ],
            [
              [
                48
              ]
            ],
            [
              [
                49
              ]
            ],
            [
              [
                50
              ]
            ],
            [
              [
                51
              ]
            ],
            [
              [
                52
              ]
            ],
            [
              [
                53
              ]
            ],
            [
              [
                54
              ]
            ],
            [
              [
                55
              ]
            ],
            [
              [
                56
              ]
            ],
            [
              [
                57
              ]
            ],
            [
              [
                58
              ]
            ],
            [
              [
                59
              ]
            ],
            [
              [
                60
              ]
            ],
            [
              [
                61
              ]
            ],
            [
              [
                62
              ]
            ],
            [
              [
                63
              ]
            ],
            [
              [
                64
              ]
            ],
            [
              [
                65
              ]
            ],
            [
              [
                66
              ]
            ],
            [
              [
                67
              ]
            ],
            [
              [
                68
              ]
            ],
            [
              [
                69
              ]
            ],
            [
              [
                70
              ]
            ],
            [
              [
                71
              ]
            ],
            [
              [
                72
              ]
            ],
            [
              [
                73
              ]
            ],
            [
              [
                74
              ]
            ],
            [
              [
                75
              ]
            ],
            [
              [
                76
              ]
            ],
            [
              [
                77
              ]
            ],
            [
              [
                78
              ],
              [
                79
              ]
            ],
            [
              [
                80
              ]
            ],
            [
              [
                81
              ]
            ],
            [
              [
                82
              ]
            ],
            [
              [
                83
              ]
            ],
            [
              [
                84
              ]
            ],
            [
              [
                85
              ]
            ],
            [
              [
                86
              ]
            ],
            [
              [
                87
              ]
            ],
            [
              [
                88
              ]
            ],
            [
              [
                89
              ]
            ],
            [
              [
                90
              ]
            ],
            [
              [
                91
              ]
            ],
            [
              [
                92
              ]
            ],
            [
              [
                93
              ]
            ],
            [
              [
                94
              ]
            ],
            [
              [
                95
              ]
            ],
            [
              [
                96
              ]
            ],
            [
              [
                97
              ]
            ],
            [
              [
                98
              ]
            ],
            [
              [
                99
              ]
            ],
            [
              [
                100
              ]
            ],
            [
              [
                101
              ]
            ],
            [
              [
                102
              ]
            ],
            [
              [
                103
              ]
            ],
            [
              [
                104
              ]
            ],
            [
              [
                105
              ]
            ],
            [
              [
                106
              ]
            ],
            [
              [
                107
              ]
            ],
            [
              [
                108
              ]
            ],
            [
              [
                109
              ]
            ],
            [
              [
                110
              ]
            ],
            [
              [
                111
              ]
            ],
            [
              [
                112
              ]
            ],
            [
              [
                113
              ]
            ],
            [
              [
                114
              ]
            ],
            [
              [
                115
              ]
            ],
            [
              [
                116
              ]
            ],
            [
              [
                117
              ]
            ],
            [
              [
                118
              ]
            ],
            [
              [
                119
              ]
            ],
            [
              [
                120
              ]
            ],
            [
              [
                121
              ]
            ],
            [
              [
                122
              ]
            ],
            [
              [
                123
              ]
            ],
            [
              [
                124
              ]
            ],
            [
              [
                125
              ]
            ],
            [
              [
                126
              ]
            ],
            [
              [
                127
              ]
            ],
            [
              [
                128
              ]
            ],
            [
              [
                129
              ],
              [
                130
              ]
            ],
            [
              [
                131
              ]
            ],
            [
              [
                132
              ]
            ],
            [
              [
                133
              ]
            ],
            [
              [
                134
              ]
            ],
            [
              [
                135
              ]
            ],
            [
              [
                136
              ]
            ],
            [
              [
                137
              ]
            ],
            [
              [
                138
              ]
            ],
            [
              [
                139
              ]
            ],
            [
              [
                140
              ]
            ],
            [
              [
                141
              ]
            ],
            [
              [
                142
              ]
            ],
            [
              [
                143
              ]
            ],
            [
              [
                144
              ]
            ],
            [
              [
                145
              ]
            ],
            [
              [
                146
              ]
            ],
            [
              [
                147
              ]
            ],
            [
              [
                148
              ]
            ],
            [
              [
                149
              ]
            ],
            [
              [
                150
              ]
            ],
            [
              [
                151
              ]
            ],
            [
              [
                152
              ]
            ],
            [
              [
                153
              ]
            ],
            [
              [
                154
              ]
            ],
            [
              [
                155
              ]
            ],
            [
              [
                156
              ]
            ],
            [
              [
                157
              ]
            ],
            [
              [
                158
              ]
            ],
            [
              [
                159
              ]
            ],
            [
              [
                160
              ]
            ],
            [
              [
                161
              ]
            ],
            [
              [
                162
              ]
            ],
            [
              [
                163
              ]
            ],
            [
              [
                164
              ]
            ],
            [
              [
                165
              ]
            ],
            [
              [
                166
              ]
            ],
            [
              [
                167
              ]
            ],
            [
              [
                168
              ]
            ],
            [
              [
                169
              ]
            ],
            [
              [
                170
              ]
            ],
            [
              [
                171
              ]
            ],
            [
              [
                172
              ]
            ],
            [
              [
                173
              ]
            ],
            [
              [
                174
              ]
            ],
            [
              [
                175
              ]
            ],
            [
              [
                176
              ]
            ],
            [
              [
                177
              ]
            ],
            [
              [
                178
              ]
            ],
            [
              [
                179
              ]
            ],
            [
              [
                180
              ]
            ],
            [
              [
                181
              ]
            ],
            [
              [
                182
              ]
            ],
            [
              [
                183
              ]
            ],
            [
              [
                184
              ]
            ],
            [
              [
                185
              ]
            ],
            [
              [
                186
              ]
            ],
            [
              [
                187
              ]
            ],
            [
              [
                188
              ]
            ],
            [
              [
                189
              ]
            ],
            [
              [
                190
              ]
            ],
            [
              [
                191
              ]
            ],
            [
              [
                192
              ]
            ],
            [
              [
                193
              ]
            ],
            [
              [
                194
              ]
            ],
            [
              [
                195
              ]
            ],
            [
              [
                196
              ]
            ],
            [
              [
                197
              ]
            ],
            [
              [
                198
              ]
            ],
            [
              [
                199
              ]
            ],
            [
              [
                200
              ]
            ],
            [
              [
                201
              ]
            ],
            [
              [
                202
              ]
            ],
            [
              [
                203
              ]
            ],
            [
              [
                204
              ]
            ],
            [
              [
                205
              ]
            ],
            [
              [
                206
              ]
            ],
            [
              [
                207
              ]
            ],
            [
              [
                208
              ]
            ],
            [
              [
                209
              ]
            ],
            [
              [
                210
              ]
            ],
            [
              [
                211
              ]
            ],
            [
              [
                212
              ]
            ],
            [
              [
                213
              ]
            ],
            [
              [
                214
              ]
            ],
            [
              [
                215
              ]
            ],
            [
              [
                216
              ]
            ],
            [
              [
                217
              ]
            ],
            [
              [
                218
              ]
            ],
            [
              [
                219
              ]
            ],
            [
              [
                220
              ]
            ],
            [
              [
                221
              ]
            ],
            [
              [
                222
              ]
            ],
            [
              [
                223
              ]
            ],
            [
              [
                224
              ]
            ],
            [
              [
                225
              ]
            ],
            [
              [
                226
              ]
            ],
            [
              [
                227
              ]
            ],
            [
              [
                228
              ]
            ],
            [
              [
                229
              ]
            ],
            [
              [
                230
              ]
            ],
            [
              [
                231
              ]
            ],
            [
              [
                232
              ]
            ],
            [
              [
                233
              ]
            ],
            [
              [
                234
              ]
            ],
            [
              [
                235
              ]
            ],
            [
              [
                236
              ]
            ],
            [
              [
                237
              ]
            ],
            [
              [
                238
              ]
            ],
            [
              [
                239
              ]
            ],
            [
              [
                240
              ]
            ],
            [
              [
                241
              ]
            ],
            [
              [
                242
              ]
            ],
            [
              [
                243
              ]
            ],
            [
              [
                244
              ]
            ],
            [
              [
                245
              ]
            ],
            [
              [
                246
              ]
            ],
            [
              [
                247
              ]
            ],
            [
              [
                248
              ]
            ],
            [
              [
                249
              ]
            ],
            [
              [
                250
              ]
            ],
            [
              [
                251
              ]
            ],
            [
              [
                252
              ]
            ],
            [
              [
                253
              ]
            ],
            [
              [
                254
              ]
            ],
            [
              [
                255
              ]
            ],
            [
              [
                256
              ]
            ],
            [
              [
                257
              ]
            ],
            [
              [
                258
              ]
            ],
            [
              [
                259
              ]
            ],
            [
              [
                260
              ]
            ],
            [
              [
                261
              ]
            ],
            [
              [
                262
              ]
            ],
            [
              [
                263
              ]
            ],
            [
              [
                264
              ]
            ],
            [
              [
                265
              ]
            ],
            [
              [
                266
              ]
            ],
            [
              [
                267
              ]
            ],
            [
              [
                268
              ]
            ],
            [
              [
                269
              ]
            ],
            [
              [
                270
              ]
            ],
            [
              [
                271
              ]
            ],
            [
              [
                272
              ]
            ],
            [
              [
                273
              ]
            ],
            [
              [
                274
              ]
            ],
            [
              [
                275
              ]
            ],
            [
              [
                276
              ]
            ],
            [
              [
                277
              ]
            ],
            [
              [
                278
              ]
            ],
            [
              [
                279
              ]
            ],
            [
              [
                280
              ]
            ],
            [
              [
                281
              ]
            ],
            [
              [
                282
              ]
            ],
            [
              [
                283
              ]
            ],
            [
              [
                284
              ]
            ],
            [
              [
                285
              ]
            ],
            [
              [
                286
              ]
            ],
            [
              [
                287
              ]
            ],
            [
              [
                288
              ]
            ],
            [
              [
                289
              ]
            ],
            [
              [
                290
              ]
            ],
            [
              [
                291
              ]
            ],
            [
              [
                292
              ]
            ],
            [
              [
                293
              ]
            ],
            [
              [
                294
              ]
            ],
            [
              [
                295
              ]
            ],
            [
              [
                296
              ]
            ],
            [
              [
                297
              ]
            ],
            [
              [
                298
              ]
            ],
            [
              [
                299
              ]
            ],
            [
              [
                300
              ]
            ],
            [
              [
                301
              ]
            ],
            [
              [
                302
              ]
            ],
            [
              [
                303
              ]
            ],
            [
              [
                304
              ]
            ],
            [
              [
                305
              ]
            ],
            [
              [
                306
              ]
            ],
            [
              [
                307
              ]
            ],
            [
              [
                308
              ]
            ],
            [
              [
                309
              ]
            ],
            [
              [
                310
              ]
            ],
            [
              [
                311
              ]
            ],
            [
              [
                312
              ]
            ],
            [
              [
                313
              ]
            ],
            [
              [
                314
              ]
            ],
            [
              [
                315
              ]
            ]
          ],
          "id": "feature_09"
        },
        {
          "properties": {
            "id": "EC-11",
            "name": "Vanni",
            "area_sqkm": "6626.89",
            "center_lat": "8.989083",
            "center_lng": "80.388853",
            "province_id": "LK-4",
            "district_id": ""
          },
          "type": "MultiPolygon",
          "arcs": [
            [
              [
                -365,
                316,
                317,
                318,
                -415,
                -447,
                -421,
                319
              ]
            ],
            [
              [
                320
              ]
            ],
            [
              [
                321
              ]
            ],
            [
              [
                322
              ]
            ],
            [
              [
                323
              ]
            ],
            [
              [
                324
              ]
            ],
            [
              [
                325
              ]
            ],
            [
              [
                326
              ]
            ],
            [
              [
                327
              ]
            ],
            [
              [
                328
              ]
            ],
            [
              [
                329
              ]
            ],
            [
              [
                330
              ]
            ],
            [
              [
                331
              ]
            ],
            [
              [
                332
              ]
            ],
            [
              [
                333
              ]
            ],
            [
              [
                334
              ]
            ],
            [
              [
                335
              ]
            ],
            [
              [
                336
              ]
            ],
            [
              [
                337
              ]
            ],
            [
              [
                338
              ]
            ],
            [
              [
                339
              ]
            ],
            [
              [
                340
              ]
            ],
            [
              [
                341
              ]
            ],
            [
              [
                342
              ]
            ],
            [
              [
                343
              ]
            ],
            [
              [
                344
              ]
            ],
            [
              [
                345
              ]
            ],
            [
              [
                346
              ]
            ],
            [
              [
                347
              ]
            ],
            [
              [
                348
              ]
            ],
            [
              [
                349
              ]
            ],
            [
              [
                350
              ]
            ],
            [
              [
                351
              ]
            ],
            [
              [
                352
              ]
            ],
            [
              [
                353
              ]
            ],
            [
              [
                354
              ]
            ],
            [
              [
                355
              ]
            ],
            [
              [
                356
              ]
            ],
            [
              [
                357
              ]
            ],
            [
              [
                358
              ]
            ],
            [
              [
                359
              ]
            ],
            [
              [
                360
              ]
            ],
            [
              [
                361
              ]
            ],
            [
              [
                362
              ]
            ],
            [
              [
                363
              ]
            ],
            [
              [
                364,
                365
              ]
            ],
            [
              [
                366
              ]
            ],
            [
              [
                367
              ]
            ],
            [
              [
                368
              ]
            ],
            [
              [
                369
              ]
            ],
            [
              [
                370
              ]
            ],
            [
              [
                371
              ]
            ],
            [
              [
                372
              ]
            ],
            [
              [
                373
              ]
            ],
            [
              [
                374
              ]
            ],
            [
              [
                375
              ]
            ],
            [
              [
                376
              ]
            ],
            [
              [
                377
              ]
            ],
            [
              [
                378
              ]
            ],
            [
              [
                379
              ]
            ],
            [
              [
                380
              ]
            ]
          ],
          "id": "feature_10"
        },
        {
          "properties": {
            "id": "EC-12",
            "name": "Batticaloa",
            "area_sqkm": "2480.5",
            "center_lat": "7.795426",
            "center_lng": "81.478872",
            "province_id": "LK-5",
            "district_id": "LK-51"
          },
          "type": "MultiPolygon",
          "arcs": [
            [
              [
                -412,
                381
              ],
              [
                382
              ]
            ],
            [
              [
                -409,
                408,
                -408,
                -407,
                406,
                -406,
                -457,
                -417,
                383,
                -410
              ],
              [
                384
              ]
            ],
            [
              [
                385
              ]
            ],
            [
              [
                386
              ]
            ],
            [
              [
                387
              ]
            ],
            [
              [
                388
              ]
            ],
            [
              [
                389
              ]
            ],
            [
              [
                390
              ]
            ],
            [
              [
                391
              ]
            ],
            [
              [
                392
              ]
            ],
            [
              [
                393
              ]
            ],
            [
              [
                394
              ]
            ],
            [
              [
                395
              ]
            ],
            [
              [
                396
              ]
            ],
            [
              [
                397
              ]
            ],
            [
              [
                398
              ]
            ],
            [
              [
                399
              ]
            ],
            [
              [
                400
              ]
            ],
            [
              [
                401
              ]
            ],
            [
              [
                402
              ]
            ],
            [
              [
                403
              ]
            ]
          ],
          "id": "feature_11"
        },
        {
          "properties": {
            "id": "EC-13",
            "name": "Digamadulla",
            "area_sqkm": "4474.66",
            "center_lat": "7.233261",
            "center_lng": "81.553888",
            "province_id": "LK-5",
            "district_id": "LK-52"
          },
          "type": "Polygon",
          "arcs": [
            [
              -469,
              404,
              -464,
              -463,
              462,
              -462,
              -461,
              460,
              -460,
              -459,
              -458,
              405,
              -407,
              406,
              407,
              -409,
              408,
              409,
              410,
              411,
              412,
              413,
              -471
            ]
          ],
          "id": "feature_12"
        },
        {
          "properties": {
            "id": "EC-14",
            "name": "Trincomalee",
            "area_sqkm": "2692.11",
            "center_lat": "8.553962",
            "center_lng": "81.091548",
            "province_id": "LK-5",
            "district_id": "LK-53"
          },
          "type": "Polygon",
          "arcs": [
            [
              -448,
              414,
              415,
              416,
              -456,
              -455,
              454,
              -454
            ]
          ],
          "id": "feature_13"
        },
        {
          "properties": {
            "id": "EC-15",
            "name": "Kurunegala",
            "area_sqkm": "4905.71",
            "center_lat": "7.664511",
            "center_lng": "80.236804",
            "province_id": "LK-6",
            "district_id": "LK-61"
          },
          "type": "Polygon",
          "arcs": [
            [
              -424,
              -423,
              422,
              -422,
              -452,
              417,
              418,
              -488,
              419
            ]
          ],
          "id": "feature_14"
        },
        {
          "properties": {
            "id": "EC-16",
            "name": "Puttalam",
            "area_sqkm": "3133.88",
            "center_lat": "7.975263",
            "center_lng": "79.910874",
            "province_id": "LK-6",
            "district_id": "LK-62"
          },
          "type": "MultiPolygon",
          "arcs": [
            [
              [
                420,
                -446,
                421,
                -423,
                422,
                423,
                424,
                425
              ],
              [
                426
              ]
            ],
            [
              [
                427
              ]
            ],
            [
              [
                428
              ]
            ],
            [
              [
                429
              ]
            ],
            [
              [
                430
              ]
            ],
            [
              [
                431
              ]
            ],
            [
              [
                432
              ]
            ],
            [
              [
                433
              ]
            ],
            [
              [
                434
              ]
            ],
            [
              [
                435
              ]
            ],
            [
              [
                436
              ]
            ],
            [
              [
                437
              ]
            ],
            [
              [
                438
              ]
            ],
            [
              [
                439
              ]
            ],
            [
              [
                440
              ]
            ],
            [
              [
                441
              ]
            ],
            [
              [
                442
              ]
            ],
            [
              [
                443
              ]
            ],
            [
              [
                444
              ]
            ]
          ],
          "id": "feature_15"
        },
        {
          "properties": {
            "id": "EC-17",
            "name": "Anuradhapura",
            "area_sqkm": "7218.29",
            "center_lat": "8.392067",
            "center_lng": "80.51313",
            "province_id": "LK-7",
            "district_id": "LK-71"
          },
          "type": "Polygon",
          "arcs": [
            [
              445,
              446,
              447,
              -453,
              448,
              -450,
              449,
              450,
              451
            ]
          ],
          "id": "feature_16"
        },
        {
          "properties": {
            "id": "EC-18",
            "name": "Polonnaruwa",
            "area_sqkm": "3469.72",
            "center_lat": "7.994209",
            "center_lng": "81.028281",
            "province_id": "LK-7",
            "district_id": "LK-72"
          },
          "type": "Polygon",
          "arcs": [
            [
              452,
              453,
              -455,
              454,
              455,
              456,
              457,
              458,
              459,
              -461,
              460,
              461,
              -463,
              462,
              463,
              464
            ]
          ],
          "id": "feature_17"
        },
        {
          "properties": {
            "id": "EC-19",
            "name": "Badulla",
            "area_sqkm": "2871.96",
            "center_lat": "7.073578",
            "center_lng": "81.044926",
            "province_id": "LK-8",
            "district_id": "LK-81"
          },
          "type": "Polygon",
          "arcs": [
            [
              465,
              466,
              467,
              468,
              -470,
              -477
            ]
          ],
          "id": "feature_18"
        },
        {
          "properties": {
            "id": "EC-20",
            "name": "Moneragala",
            "area_sqkm": "5757.99",
            "center_lat": "6.787062",
            "center_lng": "81.301821",
            "province_id": "LK-8",
            "district_id": "LK-82"
          },
          "type": "Polygon",
          "arcs": [
            [
              -478,
              469,
              470,
              471
            ]
          ],
          "id": "feature_19"
        },
        {
          "properties": {
            "id": "EC-21",
            "name": "Ratnapura",
            "area_sqkm": "3287.08",
            "center_lat": "6.586622",
            "center_lng": "80.565541",
            "province_id": "LK-9",
            "district_id": "LK-91"
          },
          "type": "Polygon",
          "arcs": [
            [
              472,
              473,
              474,
              -492,
              -491,
              490,
              475,
              476,
              477,
              478,
              479,
              480,
              481,
              482
            ]
          ],
          "id": "feature_20"
        },
        {
          "properties": {
            "id": "EC-22",
            "name": "Kegalle",
            "area_sqkm": "1657.73",
            "center_lat": "7.104294",
            "center_lng": "80.342772",
            "province_id": "LK-9",
            "district_id": "LK-92"
          },
          "type": "MultiPolygon",
          "arcs": [
            [
              [
                483,
                484,
                -486,
                485,
                486,
                487,
                488,
                489,
                490,
                491
              ]
            ],
            [
              [
                492
              ]
            ]
          ],
          "id": "feature_21"
        }
      ],
      "type": "GeometryCollection"
    }
  },
  "transform": {
    "scale": [
      2.3575297425227493e-05,
      3.917205388053822e-05
    ],
    "translate": [
      79.52152740877477,
      5.918696761000149
    ]
  },
  "bbox": [
    79.52152740877477,
    5.918696761000149,
    81.8790335760001,
    9.83586297700009
  ],
  "arcs": [
    [
      [
        16100,
        20337
      ],
      [
        -2460,
        5427
      ],
      [
        -973,
        88
      ],
      [
        102,
        659
      ],
      [
        345,
        221
      ],
      [
        -292,
        -541
      ],
      [
        782,
        31
      ],
      [
        -93,
        379
      ],
      [
        306,
        -580
      ],
      [
        929,
        1024
      ]
    ],
    [
      [
        14746,
        27045
      ],
      [
        -2218,
        5749
      ],
      [
        712,
        -102
      ],
      [
        311,
        1878
      ]
    ],
    [
      [
        27901,
        27031
      ],
      [
        -2341,
        -78
      ],
      [
        -1083,
        -591
      ],
      [
        -223,
        -994
      ],
      [
        -1421,
        -137
      ],
      [
        -1690,
        453
      ],
      [
        -266,
        563
      ],
      [
        -1183,
        -293
      ],
      [
        -3653,
        307
      ],
      [
        -847,
        254
      ],
      [
        166,
        543
      ],
      [
        -614,
        -13
      ]
    ],
    [
      [
        13591,
        30814
      ],
      [
        427,
        -486
      ],
      [
        447,
        497
      ],
      [
        393,
        -207
      ],
      [
        -997,
        2073
      ],
      [
        -1073,
        -408
      ],
      [
        803,
        -1469
      ]
    ],
    [
      [
        16100,
        20337
      ],
      [
        -462,
        1573
      ],
      [
        1580,
        -753
      ],
      [
        3104,
        602
      ]
    ],
    [
      [
        20321,
        21759
      ],
      [
        1,
        0
      ]
    ],
    [
      [
        20322,
        21759
      ],
      [
        1511,
        902
      ],
      [
        1133,
        -396
      ],
      [
        719,
        663
      ],
      [
        1846,
        -1174
      ],
      [
        -300,
        881
      ],
      [
        1382,
        539
      ],
      [
        1221,
        -271
      ]
    ],
    [
      [
        19680,
        13400
      ],
      [
        -516,
        678
      ],
      [
        288,
        1181
      ],
      [
        -3352,
        5078
      ]
    ],
    [
      [
        19430,
        13516
      ],
      [
        -110,
        99
      ],
      [
        -3,
        15
      ],
      [
        90,
        -66
      ],
      [
        23,
        -48
      ]
    ],
    [
      [
        19419,
        13481
      ],
      [
        -14,
        -7
      ],
      [
        -29,
        5
      ],
      [
        11,
        11
      ],
      [
        32,
        -9
      ]
    ],
    [
      [
        19406,
        13348
      ],
      [
        5,
        3
      ],
      [
        7,
        -3
      ],
      [
        -7,
        -3
      ],
      [
        -5,
        3
      ]
    ],
    [
      [
        19097,
        14068
      ],
      [
        14,
        -8
      ],
      [
        -11,
        -16
      ],
      [
        -21,
        19
      ],
      [
        18,
        5
      ]
    ],
    [
      [
        19061,
        14129
      ],
      [
        0,
        -34
      ],
      [
        -22,
        -7
      ],
      [
        -15,
        35
      ],
      [
        37,
        6
      ]
    ],
    [
      [
        19009,
        13864
      ],
      [
        -92,
        24
      ],
      [
        24,
        40
      ],
      [
        88,
        -24
      ],
      [
        -20,
        -40
      ]
    ],
    [
      [
        61605,
        40072
      ],
      [
        -1804,
        30
      ],
      [
        -1036,
        -809
      ],
      [
        -355,
        433
      ],
      [
        -1986,
        -52
      ],
      [
        -2600,
        -1174
      ],
      [
        -2605,
        1229
      ],
      [
        -1141,
        -444
      ],
      [
        519,
        -812
      ],
      [
        -630,
        -990
      ]
    ],
    [
      [
        49967,
        37483
      ],
      [
        1,
        0
      ]
    ],
    [
      [
        49968,
        37483
      ],
      [
        -1887,
        -69
      ],
      [
        -3794,
        1892
      ]
    ],
    [
      [
        40110,
        28172
      ],
      [
        326,
        370
      ],
      [
        1309,
        -370
      ],
      [
        470,
        -1035
      ],
      [
        1461,
        -1027
      ],
      [
        1188,
        89
      ],
      [
        -143,
        436
      ],
      [
        1091,
        852
      ],
      [
        -1985,
        1655
      ],
      [
        -645,
        -42
      ],
      [
        63,
        369
      ],
      [
        3664,
        206
      ],
      [
        955,
        609
      ],
      [
        1739,
        -287
      ],
      [
        3407,
        2710
      ],
      [
        -842,
        1905
      ],
      [
        2535,
        -1932
      ],
      [
        5793,
        35
      ]
    ],
    [
      [
        19680,
        13400
      ],
      [
        525,
        -438
      ],
      [
        636,
        259
      ],
      [
        2385,
        -980
      ],
      [
        814,
        63
      ],
      [
        1805,
        -892
      ],
      [
        2512,
        -285
      ],
      [
        1150,
        648
      ],
      [
        926,
        -76
      ],
      [
        2373,
        -1328
      ],
      [
        -145,
        1767
      ],
      [
        3792,
        816
      ]
    ],
    [
      [
        36495,
        1181
      ],
      [
        -5884,
        1037
      ],
      [
        -176,
        678
      ],
      [
        -915,
        -217
      ],
      [
        -3983,
        1975
      ],
      [
        -2618,
        2361
      ],
      [
        -3239,
        6385
      ]
    ],
    [
      [
        24493,
        5624
      ],
      [
        -40,
        -48
      ],
      [
        45,
        -43
      ],
      [
        -28,
        -56
      ],
      [
        -32,
        92
      ],
      [
        55,
        55
      ]
    ],
    [
      [
        36495,
        1181
      ],
      [
        362,
        1163
      ],
      [
        1427,
        229
      ],
      [
        -1478,
        426
      ],
      [
        -77,
        472
      ],
      [
        742,
        12
      ],
      [
        1392,
        948
      ],
      [
        -2246,
        1178
      ],
      [
        100,
        1221
      ],
      [
        662,
        147
      ],
      [
        -703,
        712
      ],
      [
        1737,
        -149
      ],
      [
        599,
        1029
      ],
      [
        -2748,
        1799
      ],
      [
        1372,
        234
      ],
      [
        2824,
        -1374
      ],
      [
        874,
        499
      ],
      [
        -1519,
        1314
      ],
      [
        1510,
        433
      ]
    ],
    [
      [
        50997,
        1537
      ],
      [
        -76,
        -483
      ],
      [
        -3080,
        -125
      ],
      [
        -2467,
        -929
      ],
      [
        -1549,
        598
      ],
      [
        -4282,
        -23
      ],
      [
        -673,
        803
      ],
      [
        -817,
        -456
      ],
      [
        -1558,
        259
      ]
    ],
    [
      [
        46255,
        247
      ],
      [
        -11,
        -25
      ],
      [
        -32,
        11
      ],
      [
        16,
        1
      ],
      [
        27,
        13
      ]
    ],
    [
      [
        38368,
        1252
      ],
      [
        -18,
        -2
      ],
      [
        -3,
        13
      ],
      [
        24,
        -4
      ],
      [
        -3,
        -7
      ]
    ],
    [
      [
        92703,
        15113
      ],
      [
        -4545,
        -2835
      ],
      [
        -4143,
        -1293
      ],
      [
        -887,
        -978
      ],
      [
        -1784,
        -420
      ],
      [
        -4878,
        -2436
      ],
      [
        -3739,
        -495
      ],
      [
        -4610,
        -1518
      ],
      [
        -5367,
        -480
      ],
      [
        -5399,
        -1067
      ],
      [
        -538,
        -435
      ],
      [
        -2222,
        -112
      ],
      [
        -1154,
        -804
      ],
      [
        -1385,
        -198
      ],
      [
        -477,
        -684
      ],
      [
        -578,
        179
      ]
    ],
    [
      [
        50997,
        1537
      ],
      [
        -833,
        369
      ]
    ],
    [
      [
        50164,
        1906
      ],
      [
        0,
        -1
      ]
    ],
    [
      [
        50164,
        1905
      ],
      [
        -624,
        -30
      ],
      [
        220,
        852
      ],
      [
        -1160,
        -44
      ],
      [
        -522,
        431
      ],
      [
        1525,
        584
      ],
      [
        -506,
        972
      ],
      [
        603,
        558
      ],
      [
        -1289,
        -122
      ],
      [
        -733,
        502
      ],
      [
        684,
        856
      ],
      [
        -1110,
        -33
      ],
      [
        -1170,
        725
      ],
      [
        1243,
        1320
      ],
      [
        1050,
        237
      ],
      [
        -213,
        1086
      ],
      [
        583,
        77
      ]
    ],
    [
      [
        25331,
        84066
      ],
      [
        -370,
        1621
      ],
      [
        513,
        625
      ],
      [
        -2495,
        799
      ],
      [
        -404,
        1528
      ],
      [
        3967,
        1193
      ],
      [
        1633,
        1251
      ],
      [
        -2204,
        1534
      ],
      [
        -3476,
        1330
      ],
      [
        371,
        322
      ],
      [
        4643,
        -1733
      ],
      [
        1123,
        233
      ],
      [
        -9,
        -387
      ],
      [
        2892,
        -611
      ],
      [
        847,
        -452
      ],
      [
        -1534,
        268
      ],
      [
        24,
        -261
      ],
      [
        1233,
        -521
      ],
      [
        -1197,
        -166
      ],
      [
        1268,
        -352
      ],
      [
        2414,
        -2
      ],
      [
        144,
        473
      ],
      [
        340,
        -298
      ],
      [
        1638,
        451
      ],
      [
        276,
        873
      ],
      [
        -3583,
        1808
      ],
      [
        -5892,
        1826
      ],
      [
        -620,
        -266
      ],
      [
        715,
        -591
      ],
      [
        -457,
        68
      ],
      [
        -80,
        -34
      ],
      [
        665,
        -161
      ],
      [
        291,
        135
      ],
      [
        -399,
        -486
      ],
      [
        1535,
        -524
      ],
      [
        -1259,
        238
      ],
      [
        -4301,
        1702
      ],
      [
        -3,
        -392
      ],
      [
        2425,
        -904
      ],
      [
        -5490,
        1375
      ],
      [
        -422,
        -371
      ],
      [
        467,
        -842
      ],
      [
        -780,
        -457
      ],
      [
        -526,
        72
      ],
      [
        -352,
        127
      ],
      [
        -98,
        83
      ],
      [
        543,
        -79
      ],
      [
        229,
        404
      ],
      [
        -562,
        -215
      ],
      [
        -2142,
        523
      ],
      [
        -2420,
        -667
      ],
      [
        -211,
        -988
      ],
      [
        -2272,
        217
      ],
      [
        -28,
        313
      ],
      [
        -208,
        -249
      ],
      [
        -361,
        554
      ],
      [
        439,
        -304
      ],
      [
        373,
        26
      ],
      [
        162,
        941
      ],
      [
        407,
        -431
      ],
      [
        944,
        239
      ],
      [
        761,
        -313
      ],
      [
        1278,
        421
      ],
      [
        -1001,
        392
      ],
      [
        -1178,
        1638
      ],
      [
        1936,
        -105
      ],
      [
        538,
        -741
      ],
      [
        1313,
        292
      ],
      [
        -268,
        -553
      ],
      [
        2563,
        -628
      ],
      [
        -155,
        -331
      ],
      [
        108,
        -31
      ],
      [
        21,
        -32
      ],
      [
        89,
        445
      ],
      [
        820,
        664
      ],
      [
        -322,
        638
      ],
      [
        -726,
        -91
      ],
      [
        -607,
        551
      ],
      [
        -1128,
        -339
      ],
      [
        -838,
        1305
      ],
      [
        -1110,
        -84
      ],
      [
        -580,
        -937
      ],
      [
        -1276,
        219
      ],
      [
        567,
        1263
      ],
      [
        1602,
        129
      ],
      [
        -302,
        -662
      ],
      [
        1102,
        78
      ],
      [
        -409,
        778
      ],
      [
        5338,
        1098
      ],
      [
        -403,
        133
      ],
      [
        3138,
        -361
      ],
      [
        4623,
        689
      ],
      [
        1582,
        -188
      ],
      [
        4709,
        -4088
      ],
      [
        11231,
        -5349
      ]
    ],
    [
      [
        36772,
        91004
      ],
      [
        24,
        1
      ],
      [
        -61,
        -9
      ],
      [
        -11,
        9
      ],
      [
        48,
        -1
      ]
    ],
    [
      [
        36716,
        90996
      ],
      [
        -62,
        -8
      ],
      [
        -102,
        6
      ],
      [
        142,
        9
      ],
      [
        22,
        -7
      ]
    ],
    [
      [
        36648,
        90964
      ],
      [
        61,
        3
      ],
      [
        -73,
        -15
      ],
      [
        -55,
        15
      ],
      [
        67,
        -3
      ]
    ],
    [
      [
        36570,
        90966
      ],
      [
        -30,
        -27
      ],
      [
        -24,
        9
      ],
      [
        15,
        20
      ],
      [
        39,
        -2
      ]
    ],
    [
      [
        36496,
        91022
      ],
      [
        71,
        -45
      ],
      [
        -105,
        -21
      ],
      [
        5,
        63
      ],
      [
        29,
        3
      ]
    ],
    [
      [
        36415,
        90900
      ],
      [
        -20,
        -4
      ],
      [
        -28,
        18
      ],
      [
        32,
        5
      ],
      [
        16,
        -19
      ]
    ],
    [
      [
        36395,
        91011
      ],
      [
        -35,
        -3
      ],
      [
        -24,
        -11
      ],
      [
        29,
        15
      ],
      [
        45,
        1
      ],
      [
        -15,
        -2
      ]
    ],
    [
      [
        36365,
        90987
      ],
      [
        2,
        -14
      ],
      [
        -42,
        12
      ],
      [
        27,
        -4
      ],
      [
        13,
        6
      ]
    ],
    [
      [
        36357,
        90906
      ],
      [
        -34,
        -28
      ],
      [
        -26,
        13
      ],
      [
        43,
        45
      ],
      [
        17,
        -30
      ]
    ],
    [
      [
        36308,
        90932
      ],
      [
        -43,
        3
      ],
      [
        35,
        -30
      ],
      [
        -108,
        -36
      ],
      [
        44,
        61
      ],
      [
        65,
        22
      ],
      [
        7,
        -20
      ]
    ],
    [
      [
        36300,
        90881
      ],
      [
        -62,
        -20
      ],
      [
        -23,
        -24
      ],
      [
        9,
        19
      ],
      [
        39,
        22
      ],
      [
        37,
        3
      ]
    ],
    [
      [
        36293,
        90856
      ],
      [
        -21,
        2
      ],
      [
        26,
        21
      ],
      [
        13,
        -20
      ],
      [
        -18,
        -3
      ]
    ],
    [
      [
        36245,
        90838
      ],
      [
        3,
        9
      ],
      [
        28,
        7
      ],
      [
        -13,
        -18
      ],
      [
        -18,
        2
      ]
    ],
    [
      [
        36218,
        90945
      ],
      [
        -81,
        -18
      ],
      [
        -53,
        -95
      ],
      [
        41,
        98
      ],
      [
        93,
        15
      ]
    ],
    [
      [
        36160,
        90827
      ],
      [
        -39,
        5
      ],
      [
        -124,
        -53
      ],
      [
        135,
        64
      ],
      [
        28,
        -16
      ]
    ],
    [
      [
        35967,
        90774
      ],
      [
        9,
        -6
      ],
      [
        -25,
        -17
      ],
      [
        -4,
        10
      ],
      [
        20,
        13
      ]
    ],
    [
      [
        35929,
        90757
      ],
      [
        -23,
        -18
      ],
      [
        -11,
        1
      ],
      [
        39,
        23
      ],
      [
        18,
        4
      ],
      [
        -23,
        -10
      ]
    ],
    [
      [
        35924,
        90747
      ],
      [
        7,
        -3
      ],
      [
        11,
        1
      ],
      [
        -26,
        -5
      ],
      [
        8,
        7
      ]
    ],
    [
      [
        35730,
        90682
      ],
      [
        135,
        43
      ],
      [
        27,
        -3
      ],
      [
        -128,
        -47
      ],
      [
        -143,
        -15
      ],
      [
        109,
        22
      ]
    ],
    [
      [
        35605,
        90652
      ],
      [
        13,
        -11
      ],
      [
        -58,
        3
      ],
      [
        23,
        13
      ],
      [
        22,
        -5
      ]
    ],
    [
      [
        35567,
        90637
      ],
      [
        14,
        -9
      ],
      [
        -21,
        -14
      ],
      [
        -30,
        24
      ],
      [
        37,
        -1
      ]
    ],
    [
      [
        35481,
        92523
      ],
      [
        5,
        9
      ],
      [
        15,
        6
      ],
      [
        62,
        -25
      ],
      [
        -82,
        10
      ]
    ],
    [
      [
        35245,
        92689
      ],
      [
        255,
        -116
      ],
      [
        13,
        -18
      ],
      [
        -353,
        138
      ],
      [
        85,
        -4
      ]
    ],
    [
      [
        35230,
        90557
      ],
      [
        -24,
        -3
      ],
      [
        -5,
        14
      ],
      [
        5,
        9
      ],
      [
        24,
        -20
      ]
    ],
    [
      [
        35215,
        90591
      ],
      [
        5,
        1
      ],
      [
        1,
        -4
      ],
      [
        -5,
        0
      ],
      [
        -1,
        3
      ]
    ],
    [
      [
        35199,
        90585
      ],
      [
        -20,
        4
      ],
      [
        1,
        5
      ],
      [
        24,
        -1
      ],
      [
        -5,
        -8
      ]
    ],
    [
      [
        35176,
        90575
      ],
      [
        4,
        4
      ],
      [
        9,
        -2
      ],
      [
        -17,
        -7
      ],
      [
        4,
        5
      ]
    ],
    [
      [
        35166,
        90588
      ],
      [
        4,
        2
      ],
      [
        1,
        -5
      ],
      [
        -4,
        0
      ],
      [
        -1,
        3
      ]
    ],
    [
      [
        35159,
        90575
      ],
      [
        4,
        4
      ],
      [
        6,
        0
      ],
      [
        -2,
        -7
      ],
      [
        -8,
        3
      ]
    ],
    [
      [
        35142,
        90580
      ],
      [
        -10,
        4
      ],
      [
        0,
        3
      ],
      [
        20,
        -8
      ],
      [
        -10,
        1
      ]
    ],
    [
      [
        35110,
        90533
      ],
      [
        13,
        8
      ],
      [
        13,
        1
      ],
      [
        -15,
        -10
      ],
      [
        -11,
        1
      ]
    ],
    [
      [
        35129,
        92703
      ],
      [
        -2,
        -2
      ],
      [
        7,
        -4
      ],
      [
        -12,
        4
      ],
      [
        7,
        2
      ]
    ],
    [
      [
        35072,
        92726
      ],
      [
        -25,
        12
      ],
      [
        0,
        4
      ],
      [
        52,
        -28
      ],
      [
        -27,
        12
      ]
    ],
    [
      [
        34618,
        90637
      ],
      [
        4,
        6
      ],
      [
        33,
        -18
      ],
      [
        -21,
        6
      ],
      [
        -16,
        6
      ]
    ],
    [
      [
        34554,
        90485
      ],
      [
        10,
        8
      ],
      [
        5,
        -15
      ],
      [
        -7,
        0
      ],
      [
        -8,
        7
      ]
    ],
    [
      [
        34551,
        90373
      ],
      [
        -2,
        -4
      ],
      [
        -4,
        -1
      ],
      [
        0,
        1
      ],
      [
        6,
        4
      ]
    ],
    [
      [
        34542,
        90378
      ],
      [
        0,
        3
      ],
      [
        7,
        -1
      ],
      [
        -9,
        -6
      ],
      [
        2,
        4
      ]
    ],
    [
      [
        34534,
        90487
      ],
      [
        2,
        4
      ],
      [
        8,
        -1
      ],
      [
        -3,
        -8
      ],
      [
        -7,
        5
      ]
    ],
    [
      [
        34537,
        90501
      ],
      [
        3,
        -3
      ],
      [
        -5,
        -4
      ],
      [
        -1,
        4
      ],
      [
        3,
        3
      ]
    ],
    [
      [
        34532,
        90479
      ],
      [
        5,
        -3
      ],
      [
        -4,
        -4
      ],
      [
        -3,
        2
      ],
      [
        2,
        5
      ]
    ],
    [
      [
        34521,
        90494
      ],
      [
        3,
        0
      ],
      [
        0,
        -6
      ],
      [
        -5,
        1
      ],
      [
        2,
        5
      ]
    ],
    [
      [
        34516,
        90478
      ],
      [
        -3,
        -4
      ],
      [
        -3,
        0
      ],
      [
        4,
        4
      ],
      [
        2,
        0
      ]
    ],
    [
      [
        34504,
        90487
      ],
      [
        5,
        -2
      ],
      [
        -1,
        -2
      ],
      [
        -6,
        0
      ],
      [
        2,
        4
      ]
    ],
    [
      [
        34491,
        90485
      ],
      [
        0,
        -1
      ],
      [
        -2,
        -3
      ],
      [
        -2,
        3
      ],
      [
        4,
        1
      ]
    ],
    [
      [
        34264,
        90519
      ],
      [
        106,
        -18
      ],
      [
        79,
        9
      ],
      [
        -67,
        -27
      ],
      [
        -201,
        21
      ],
      [
        83,
        15
      ]
    ],
    [
      [
        34313,
        90283
      ],
      [
        5,
        6
      ],
      [
        7,
        -7
      ],
      [
        -7,
        -1
      ],
      [
        -5,
        2
      ]
    ],
    [
      [
        34194,
        90527
      ],
      [
        -16,
        -22
      ],
      [
        -22,
        7
      ],
      [
        0,
        28
      ],
      [
        38,
        -13
      ]
    ],
    [
      [
        34121,
        90542
      ],
      [
        30,
        -4
      ],
      [
        -1,
        -14
      ],
      [
        -65,
        17
      ],
      [
        36,
        1
      ]
    ],
    [
      [
        33187,
        91005
      ],
      [
        147,
        -126
      ],
      [
        640,
        -278
      ],
      [
        105,
        -48
      ],
      [
        3,
        -13
      ],
      [
        -554,
        74
      ],
      [
        -341,
        391
      ]
    ],
    [
      [
        33365,
        90846
      ],
      [
        -54,
        36
      ],
      [
        -17,
        6
      ],
      [
        56,
        -52
      ],
      [
        15,
        10
      ]
    ],
    [
      [
        33820,
        90507
      ],
      [
        19,
        -80
      ],
      [
        -335,
        63
      ],
      [
        241,
        71
      ],
      [
        75,
        -54
      ]
    ],
    [
      [
        33605,
        90603
      ],
      [
        168,
        3
      ],
      [
        29,
        -18
      ],
      [
        -256,
        16
      ],
      [
        59,
        -1
      ]
    ],
    [
      [
        33797,
        90651
      ],
      [
        -5,
        -3
      ],
      [
        -35,
        9
      ],
      [
        29,
        3
      ],
      [
        11,
        -9
      ]
    ],
    [
      [
        33476,
        90595
      ],
      [
        24,
        0
      ],
      [
        -26,
        -5
      ],
      [
        -5,
        2
      ],
      [
        -2,
        4
      ],
      [
        8,
        8
      ],
      [
        28,
        7
      ],
      [
        -27,
        -16
      ]
    ],
    [
      [
        33476,
        90762
      ],
      [
        7,
        1
      ],
      [
        14,
        -15
      ],
      [
        -18,
        -1
      ],
      [
        -3,
        15
      ]
    ],
    [
      [
        33432,
        90509
      ],
      [
        38,
        2
      ],
      [
        -53,
        -9
      ],
      [
        -135,
        0
      ],
      [
        150,
        7
      ]
    ],
    [
      [
        33362,
        90550
      ],
      [
        -32,
        -15
      ],
      [
        -66,
        -8
      ],
      [
        142,
        43
      ],
      [
        -44,
        -20
      ]
    ],
    [
      [
        33282,
        93568
      ],
      [
        -26,
        16
      ],
      [
        -50,
        2
      ],
      [
        62,
        5
      ],
      [
        14,
        -23
      ]
    ],
    [
      [
        33234,
        90535
      ],
      [
        -35,
        11
      ],
      [
        16,
        20
      ],
      [
        47,
        -23
      ],
      [
        -28,
        -8
      ]
    ],
    [
      [
        33203,
        90483
      ],
      [
        1,
        7
      ],
      [
        43,
        6
      ],
      [
        -30,
        -14
      ],
      [
        -14,
        1
      ]
    ],
    [
      [
        33055,
        90634
      ],
      [
        98,
        -24
      ],
      [
        37,
        -25
      ],
      [
        -23,
        -48
      ],
      [
        -112,
        97
      ]
    ],
    [
      [
        33175,
        90977
      ],
      [
        24,
        -28
      ],
      [
        -4,
        -11
      ],
      [
        -45,
        16
      ],
      [
        25,
        23
      ]
    ],
    [
      [
        33178,
        93603
      ],
      [
        9,
        -10
      ],
      [
        -20,
        -1
      ],
      [
        1,
        11
      ],
      [
        10,
        0
      ]
    ],
    [
      [
        33131,
        90449
      ],
      [
        -8,
        4
      ],
      [
        24,
        1
      ],
      [
        -11,
        -5
      ],
      [
        -5,
        0
      ]
    ],
    [
      [
        33035,
        90465
      ],
      [
        25,
        -10
      ],
      [
        57,
        7
      ],
      [
        -53,
        -11
      ],
      [
        -53,
        14
      ],
      [
        24,
        0
      ]
    ],
    [
      [
        33083,
        93620
      ],
      [
        12,
        -3
      ],
      [
        1,
        -7
      ],
      [
        -33,
        11
      ],
      [
        20,
        -1
      ]
    ],
    [
      [
        33001,
        93606
      ],
      [
        39,
        8
      ],
      [
        27,
        -22
      ],
      [
        -13,
        -5
      ],
      [
        -53,
        19
      ]
    ],
    [
      [
        33010,
        93617
      ],
      [
        -5,
        23
      ],
      [
        -97,
        6
      ],
      [
        149,
        3
      ],
      [
        -47,
        -32
      ]
    ],
    [
      [
        33047,
        90492
      ],
      [
        4,
        1
      ],
      [
        -6,
        -5
      ],
      [
        -26,
        3
      ],
      [
        15,
        21
      ],
      [
        13,
        -20
      ]
    ],
    [
      [
        33042,
        90524
      ],
      [
        4,
        1
      ],
      [
        -8,
        -5
      ],
      [
        -19,
        -3
      ],
      [
        -11,
        4
      ],
      [
        34,
        3
      ]
    ],
    [
      [
        33008,
        90538
      ],
      [
        2,
        9
      ],
      [
        15,
        11
      ],
      [
        7,
        -20
      ],
      [
        -24,
        0
      ]
    ],
    [
      [
        33006,
        90475
      ],
      [
        10,
        3
      ],
      [
        3,
        -1
      ],
      [
        -29,
        -7
      ],
      [
        -26,
        0
      ],
      [
        -12,
        7
      ],
      [
        54,
        -2
      ]
    ],
    [
      [
        32992,
        90574
      ],
      [
        1,
        -44
      ],
      [
        -102,
        0
      ],
      [
        7,
        43
      ],
      [
        94,
        1
      ]
    ],
    [
      [
        32931,
        90463
      ],
      [
        -19,
        -1
      ],
      [
        -8,
        8
      ],
      [
        11,
        -6
      ],
      [
        16,
        -1
      ]
    ],
    [
      [
        32816,
        90441
      ],
      [
        -12,
        -24
      ],
      [
        41,
        25
      ],
      [
        72,
        -50
      ],
      [
        -121,
        20
      ],
      [
        20,
        29
      ]
    ],
    [
      [
        32841,
        90472
      ],
      [
        50,
        47
      ],
      [
        14,
        2
      ],
      [
        -34,
        -36
      ],
      [
        -30,
        -13
      ]
    ],
    [
      [
        32876,
        90606
      ],
      [
        10,
        5
      ],
      [
        17,
        -13
      ],
      [
        -20,
        1
      ],
      [
        -7,
        7
      ]
    ],
    [
      [
        32860,
        90586
      ],
      [
        3,
        6
      ],
      [
        33,
        2
      ],
      [
        -19,
        -10
      ],
      [
        -17,
        2
      ]
    ],
    [
      [
        32860,
        90602
      ],
      [
        -7,
        5
      ],
      [
        10,
        7
      ],
      [
        11,
        -15
      ],
      [
        -14,
        3
      ]
    ],
    [
      [
        32792,
        90601
      ],
      [
        -35,
        2
      ],
      [
        59,
        29
      ],
      [
        -4,
        -43
      ],
      [
        -20,
        12
      ]
    ],
    [
      [
        32612,
        90732
      ],
      [
        131,
        -30
      ],
      [
        14,
        -86
      ],
      [
        -183,
        43
      ],
      [
        38,
        73
      ]
    ],
    [
      [
        32700,
        90435
      ],
      [
        -124,
        -42
      ],
      [
        -101,
        214
      ],
      [
        263,
        -36
      ],
      [
        -38,
        -136
      ]
    ],
    [
      [
        32719,
        90412
      ],
      [
        10,
        1
      ],
      [
        8,
        -2
      ],
      [
        -16,
        -2
      ],
      [
        -2,
        3
      ]
    ],
    [
      [
        32631,
        90396
      ],
      [
        30,
        31
      ],
      [
        47,
        -15
      ],
      [
        -28,
        -4
      ],
      [
        -49,
        -12
      ]
    ],
    [
      [
        32682,
        90536
      ],
      [
        8,
        6
      ],
      [
        3,
        0
      ],
      [
        -7,
        -14
      ],
      [
        -4,
        8
      ]
    ],
    [
      [
        32598,
        90601
      ],
      [
        13,
        -6
      ],
      [
        -2,
        -4
      ],
      [
        -17,
        4
      ],
      [
        6,
        6
      ]
    ],
    [
      [
        32563,
        90373
      ],
      [
        -16,
        -9
      ],
      [
        32,
        20
      ],
      [
        1,
        -2
      ],
      [
        -17,
        -9
      ]
    ],
    [
      [
        32540,
        90474
      ],
      [
        0,
        -58
      ],
      [
        9,
        -14
      ],
      [
        -50,
        40
      ],
      [
        41,
        32
      ]
    ],
    [
      [
        32491,
        90410
      ],
      [
        -97,
        41
      ],
      [
        -1,
        15
      ],
      [
        123,
        -66
      ],
      [
        -25,
        10
      ]
    ],
    [
      [
        32485,
        90493
      ],
      [
        8,
        2
      ],
      [
        5,
        -20
      ],
      [
        -15,
        11
      ],
      [
        2,
        7
      ]
    ],
    [
      [
        32492,
        90505
      ],
      [
        0,
        -6
      ],
      [
        -11,
        13
      ],
      [
        9,
        -1
      ],
      [
        2,
        -6
      ]
    ],
    [
      [
        32469,
        91334
      ],
      [
        21,
        7
      ],
      [
        -363,
        -182
      ],
      [
        -576,
        148
      ],
      [
        918,
        27
      ]
    ],
    [
      [
        32463,
        90603
      ],
      [
        -22,
        -25
      ],
      [
        -5,
        1
      ],
      [
        10,
        29
      ],
      [
        17,
        -5
      ]
    ],
    [
      [
        32250,
        90765
      ],
      [
        -70,
        7
      ],
      [
        3,
        20
      ],
      [
        277,
        5
      ],
      [
        -210,
        -32
      ]
    ],
    [
      [
        32442,
        90520
      ],
      [
        15,
        0
      ],
      [
        -1,
        -13
      ],
      [
        -13,
        5
      ],
      [
        -1,
        8
      ]
    ],
    [
      [
        32398,
        90552
      ],
      [
        30,
        -1
      ],
      [
        -53,
        -81
      ],
      [
        -38,
        62
      ],
      [
        61,
        20
      ]
    ],
    [
      [
        32293,
        90837
      ],
      [
        -20,
        -9
      ],
      [
        -60,
        31
      ],
      [
        59,
        -4
      ],
      [
        21,
        -18
      ]
    ],
    [
      [
        32267,
        90382
      ],
      [
        -36,
        1
      ],
      [
        -22,
        10
      ],
      [
        83,
        -1
      ],
      [
        -25,
        -10
      ]
    ],
    [
      [
        32186,
        90414
      ],
      [
        -12,
        2
      ],
      [
        4,
        8
      ],
      [
        20,
        -4
      ],
      [
        -12,
        -6
      ]
    ],
    [
      [
        32118,
        90454
      ],
      [
        -21,
        56
      ],
      [
        31,
        38
      ],
      [
        17,
        10
      ],
      [
        -27,
        -104
      ]
    ],
    [
      [
        32112,
        90488
      ],
      [
        -13,
        -3
      ],
      [
        4,
        -29
      ],
      [
        52,
        17
      ],
      [
        -43,
        15
      ]
    ],
    [
      [
        32105,
        90849
      ],
      [
        -21,
        8
      ],
      [
        -3,
        6
      ],
      [
        17,
        0
      ],
      [
        7,
        -14
      ]
    ],
    [
      [
        32068,
        90741
      ],
      [
        -47,
        -8
      ],
      [
        -22,
        25
      ],
      [
        61,
        -7
      ],
      [
        8,
        -10
      ]
    ],
    [
      [
        32060,
        91249
      ],
      [
        0,
        -3
      ],
      [
        -6,
        -1
      ],
      [
        3,
        7
      ],
      [
        3,
        -3
      ]
    ],
    [
      [
        31974,
        90558
      ],
      [
        41,
        -13
      ],
      [
        5,
        -3
      ],
      [
        -84,
        23
      ],
      [
        38,
        -7
      ]
    ],
    [
      [
        32012,
        90573
      ],
      [
        -4,
        -17
      ],
      [
        -24,
        35
      ],
      [
        4,
        1
      ],
      [
        24,
        -19
      ]
    ],
    [
      [
        31922,
        90633
      ],
      [
        59,
        29
      ],
      [
        12,
        -5
      ],
      [
        -81,
        -31
      ],
      [
        10,
        7
      ]
    ],
    [
      [
        31925,
        90595
      ],
      [
        7,
        18
      ],
      [
        31,
        7
      ],
      [
        4,
        -25
      ],
      [
        -42,
        0
      ]
    ],
    [
      [
        31888,
        90655
      ],
      [
        -43,
        35
      ],
      [
        106,
        -13
      ],
      [
        -41,
        -21
      ],
      [
        -22,
        -1
      ]
    ],
    [
      [
        31872,
        90609
      ],
      [
        10,
        39
      ],
      [
        13,
        -1
      ],
      [
        8,
        -38
      ],
      [
        -31,
        0
      ]
    ],
    [
      [
        31869,
        90611
      ],
      [
        -1,
        7
      ],
      [
        7,
        3
      ],
      [
        -2,
        -8
      ],
      [
        -4,
        -2
      ]
    ],
    [
      [
        31750,
        90675
      ],
      [
        -23,
        -93
      ],
      [
        -156,
        59
      ],
      [
        149,
        -4
      ],
      [
        30,
        38
      ]
    ],
    [
      [
        31774,
        90562
      ],
      [
        -63,
        3
      ],
      [
        -27,
        12
      ],
      [
        129,
        -11
      ],
      [
        -39,
        -4
      ]
    ],
    [
      [
        31726,
        90807
      ],
      [
        5,
        18
      ],
      [
        7,
        4
      ],
      [
        12,
        -17
      ],
      [
        -24,
        -5
      ]
    ],
    [
      [
        31633,
        91083
      ],
      [
        27,
        -16
      ],
      [
        -39,
        -9
      ],
      [
        -8,
        29
      ],
      [
        20,
        -4
      ]
    ],
    [
      [
        31623,
        91041
      ],
      [
        33,
        -26
      ],
      [
        -70,
        -16
      ],
      [
        22,
        40
      ],
      [
        15,
        2
      ]
    ],
    [
      [
        31572,
        91005
      ],
      [
        -14,
        15
      ],
      [
        23,
        8
      ],
      [
        5,
        -14
      ],
      [
        -14,
        -9
      ]
    ],
    [
      [
        31508,
        90517
      ],
      [
        -219,
        56
      ],
      [
        108,
        96
      ],
      [
        139,
        -63
      ],
      [
        -28,
        -89
      ]
    ],
    [
      [
        31457,
        91321
      ],
      [
        32,
        1
      ],
      [
        47,
        -27
      ],
      [
        -124,
        -4
      ],
      [
        45,
        30
      ]
    ],
    [
      [
        31512,
        91375
      ],
      [
        -3,
        -1
      ],
      [
        -11,
        1
      ],
      [
        17,
        7
      ],
      [
        -3,
        -7
      ]
    ],
    [
      [
        31480,
        91105
      ],
      [
        -6,
        -13
      ],
      [
        -24,
        -8
      ],
      [
        10,
        23
      ],
      [
        20,
        -2
      ]
    ],
    [
      [
        31429,
        91376
      ],
      [
        7,
        2
      ],
      [
        4,
        -3
      ],
      [
        -10,
        0
      ],
      [
        -1,
        1
      ]
    ],
    [
      [
        31391,
        91387
      ],
      [
        26,
        5
      ],
      [
        5,
        -4
      ],
      [
        -22,
        -6
      ],
      [
        -9,
        5
      ]
    ],
    [
      [
        31401,
        91314
      ],
      [
        1,
        2
      ],
      [
        13,
        4
      ],
      [
        -1,
        -4
      ],
      [
        -13,
        -2
      ]
    ],
    [
      [
        31387,
        91292
      ],
      [
        -8,
        5
      ],
      [
        24,
        5
      ],
      [
        -8,
        -9
      ],
      [
        -8,
        -1
      ]
    ],
    [
      [
        31399,
        91119
      ],
      [
        -1,
        -5
      ],
      [
        -34,
        -11
      ],
      [
        7,
        13
      ],
      [
        28,
        3
      ]
    ],
    [
      [
        31318,
        91368
      ],
      [
        25,
        13
      ],
      [
        42,
        5
      ],
      [
        -22,
        -26
      ],
      [
        -45,
        8
      ]
    ],
    [
      [
        31370,
        91350
      ],
      [
        -17,
        -9
      ],
      [
        -15,
        2
      ],
      [
        17,
        14
      ],
      [
        15,
        -7
      ]
    ],
    [
      [
        31353,
        91285
      ],
      [
        -2,
        5
      ],
      [
        15,
        1
      ],
      [
        0,
        -4
      ],
      [
        -13,
        -2
      ]
    ],
    [
      [
        31301,
        90708
      ],
      [
        -3,
        9
      ],
      [
        24,
        1
      ],
      [
        -2,
        -8
      ],
      [
        -19,
        -2
      ]
    ],
    [
      [
        31307,
        90679
      ],
      [
        -26,
        -4
      ],
      [
        -30,
        3
      ],
      [
        68,
        10
      ],
      [
        -12,
        -9
      ]
    ],
    [
      [
        31129,
        91224
      ],
      [
        -76,
        78
      ],
      [
        253,
        -27
      ],
      [
        -146,
        -70
      ],
      [
        -31,
        19
      ]
    ],
    [
      [
        31280,
        90701
      ],
      [
        10,
        -3
      ],
      [
        -6,
        -10
      ],
      [
        -17,
        -2
      ],
      [
        13,
        15
      ]
    ],
    [
      [
        31261,
        91224
      ],
      [
        13,
        1
      ],
      [
        0,
        -26
      ],
      [
        -48,
        -8
      ],
      [
        35,
        33
      ]
    ],
    [
      [
        31249,
        90697
      ],
      [
        -9,
        -3
      ],
      [
        -10,
        2
      ],
      [
        25,
        8
      ],
      [
        -6,
        -7
      ]
    ],
    [
      [
        31223,
        91399
      ],
      [
        14,
        7
      ],
      [
        -17,
        -18
      ],
      [
        -1,
        7
      ],
      [
        4,
        4
      ]
    ],
    [
      [
        31221,
        91206
      ],
      [
        -4,
        -11
      ],
      [
        -33,
        8
      ],
      [
        28,
        12
      ],
      [
        9,
        -9
      ]
    ],
    [
      [
        31185,
        91385
      ],
      [
        13,
        9
      ],
      [
        13,
        5
      ],
      [
        -5,
        -15
      ],
      [
        -21,
        1
      ]
    ],
    [
      [
        31199,
        91170
      ],
      [
        -23,
        6
      ],
      [
        29,
        10
      ],
      [
        0,
        -12
      ],
      [
        -6,
        -4
      ]
    ],
    [
      [
        31186,
        90698
      ],
      [
        -67,
        18
      ],
      [
        -57,
        22
      ],
      [
        143,
        -42
      ],
      [
        -19,
        2
      ]
    ],
    [
      [
        31118,
        91193
      ],
      [
        61,
        1
      ],
      [
        14,
        -6
      ],
      [
        -70,
        -9
      ],
      [
        -5,
        14
      ]
    ],
    [
      [
        31094,
        91201
      ],
      [
        15,
        3
      ],
      [
        5,
        -7
      ],
      [
        -28,
        -3
      ],
      [
        8,
        7
      ]
    ],
    [
      [
        31039,
        90684
      ],
      [
        16,
        -5
      ],
      [
        -2,
        -8
      ],
      [
        -7,
        2
      ],
      [
        -7,
        11
      ]
    ],
    [
      [
        31007,
        91374
      ],
      [
        10,
        -31
      ],
      [
        25,
        -15
      ],
      [
        -52,
        19
      ],
      [
        17,
        27
      ]
    ],
    [
      [
        29843,
        92319
      ],
      [
        56,
        -1
      ],
      [
        31,
        -27
      ],
      [
        -28,
        -13
      ],
      [
        -59,
        41
      ]
    ],
    [
      [
        29791,
        92369
      ],
      [
        13,
        6
      ],
      [
        29,
        -25
      ],
      [
        -40,
        3
      ],
      [
        -2,
        16
      ]
    ],
    [
      [
        29709,
        92407
      ],
      [
        59,
        -22
      ],
      [
        -15,
        -28
      ],
      [
        -171,
        45
      ],
      [
        127,
        5
      ]
    ],
    [
      [
        29577,
        92432
      ],
      [
        -13,
        -29
      ],
      [
        -9,
        -2
      ],
      [
        -8,
        22
      ],
      [
        30,
        9
      ]
    ],
    [
      [
        29153,
        92357
      ],
      [
        38,
        -6
      ],
      [
        99,
        -127
      ],
      [
        -364,
        138
      ],
      [
        227,
        -5
      ]
    ],
    [
      [
        28829,
        93797
      ],
      [
        -57,
        -4
      ],
      [
        -159,
        46
      ],
      [
        309,
        -49
      ],
      [
        -93,
        7
      ]
    ],
    [
      [
        28897,
        92369
      ],
      [
        -28,
        16
      ],
      [
        25,
        15
      ],
      [
        19,
        -17
      ],
      [
        -16,
        -14
      ]
    ],
    [
      [
        28883,
        94680
      ],
      [
        -72,
        -52
      ],
      [
        -83,
        40
      ],
      [
        72,
        -9
      ],
      [
        83,
        21
      ]
    ],
    [
      [
        28849,
        94974
      ],
      [
        -15,
        -3
      ],
      [
        -74,
        5
      ],
      [
        -10,
        2
      ],
      [
        -12,
        4
      ],
      [
        111,
        -8
      ]
    ],
    [
      [
        28847,
        94419
      ],
      [
        1,
        15
      ],
      [
        12,
        5
      ],
      [
        4,
        -13
      ],
      [
        -17,
        -7
      ]
    ],
    [
      [
        28855,
        92500
      ],
      [
        -18,
        -68
      ],
      [
        -19,
        -10
      ],
      [
        -88,
        77
      ],
      [
        125,
        1
      ]
    ],
    [
      [
        28622,
        93875
      ],
      [
        62,
        26
      ],
      [
        137,
        -53
      ],
      [
        -42,
        -19
      ],
      [
        -157,
        46
      ]
    ],
    [
      [
        28637,
        93773
      ],
      [
        59,
        -17
      ],
      [
        57,
        -39
      ],
      [
        -246,
        60
      ],
      [
        130,
        -4
      ]
    ],
    [
      [
        28661,
        94040
      ],
      [
        75,
        -10
      ],
      [
        -197,
        -69
      ],
      [
        11,
        72
      ],
      [
        111,
        7
      ]
    ],
    [
      [
        28638,
        95037
      ],
      [
        83,
        -43
      ],
      [
        9,
        -8
      ],
      [
        -111,
        57
      ],
      [
        -25,
        19
      ],
      [
        44,
        -25
      ]
    ],
    [
      [
        28649,
        93962
      ],
      [
        21,
        -2
      ],
      [
        -73,
        -15
      ],
      [
        5,
        5
      ],
      [
        47,
        12
      ]
    ],
    [
      [
        28574,
        93947
      ],
      [
        -29,
        -9
      ],
      [
        28,
        16
      ],
      [
        31,
        1
      ],
      [
        -30,
        -8
      ]
    ],
    [
      [
        28564,
        95093
      ],
      [
        22,
        -18
      ],
      [
        5,
        -10
      ],
      [
        -25,
        18
      ],
      [
        -10,
        15
      ],
      [
        0,
        12
      ],
      [
        8,
        -17
      ]
    ],
    [
      [
        28490,
        94445
      ],
      [
        -68,
        8
      ],
      [
        -36,
        28
      ],
      [
        -10,
        21
      ],
      [
        114,
        -57
      ]
    ],
    [
      [
        28548,
        92579
      ],
      [
        8,
        -3
      ],
      [
        -4,
        -5
      ],
      [
        -9,
        4
      ],
      [
        5,
        4
      ]
    ],
    [
      [
        28422,
        94585
      ],
      [
        93,
        10
      ],
      [
        20,
        -31
      ],
      [
        -66,
        20
      ],
      [
        -47,
        1
      ]
    ],
    [
      [
        28160,
        93865
      ],
      [
        17,
        97
      ],
      [
        308,
        66
      ],
      [
        -7,
        -146
      ],
      [
        -318,
        -17
      ]
    ],
    [
      [
        28480,
        93986
      ],
      [
        10,
        -7
      ],
      [
        -11,
        -12
      ],
      [
        -10,
        5
      ],
      [
        11,
        14
      ]
    ],
    [
      [
        27894,
        94153
      ],
      [
        382,
        180
      ],
      [
        182,
        -14
      ],
      [
        -226,
        -208
      ],
      [
        -338,
        42
      ]
    ],
    [
      [
        28485,
        94434
      ],
      [
        -8,
        2
      ],
      [
        8,
        5
      ],
      [
        1,
        -2
      ],
      [
        -1,
        -5
      ]
    ],
    [
      [
        28454,
        94439
      ],
      [
        0,
        4
      ],
      [
        16,
        -3
      ],
      [
        -3,
        -3
      ],
      [
        -13,
        2
      ]
    ],
    [
      [
        27868,
        94199
      ],
      [
        361,
        233
      ],
      [
        206,
        -69
      ],
      [
        -410,
        -82
      ],
      [
        -157,
        -82
      ]
    ],
    [
      [
        28311,
        93842
      ],
      [
        -47,
        7
      ],
      [
        155,
        -11
      ],
      [
        -60,
        -5
      ],
      [
        -48,
        9
      ]
    ],
    [
      [
        28405,
        94559
      ],
      [
        -5,
        -25
      ],
      [
        -134,
        46
      ],
      [
        109,
        -27
      ],
      [
        30,
        6
      ]
    ],
    [
      [
        28208,
        94542
      ],
      [
        -37,
        18
      ],
      [
        10,
        16
      ],
      [
        61,
        -15
      ],
      [
        -34,
        -19
      ]
    ],
    [
      [
        28065,
        94380
      ],
      [
        -16,
        -47
      ],
      [
        -115,
        5
      ],
      [
        18,
        48
      ],
      [
        113,
        -6
      ]
    ],
    [
      [
        28005,
        94695
      ],
      [
        -9,
        -4
      ],
      [
        -3,
        5
      ],
      [
        2,
        2
      ],
      [
        10,
        -3
      ]
    ],
    [
      [
        27992,
        94083
      ],
      [
        -6,
        4
      ],
      [
        18,
        -2
      ],
      [
        -9,
        -3
      ],
      [
        -3,
        1
      ]
    ],
    [
      [
        27988,
        94417
      ],
      [
        2,
        -10
      ],
      [
        -12,
        -16
      ],
      [
        -9,
        46
      ],
      [
        19,
        -20
      ]
    ],
    [
      [
        27976,
        94712
      ],
      [
        -39,
        21
      ],
      [
        -8,
        15
      ],
      [
        54,
        -39
      ],
      [
        -7,
        3
      ]
    ],
    [
      [
        27982,
        94120
      ],
      [
        -9,
        -2
      ],
      [
        -6,
        10
      ],
      [
        3,
        0
      ],
      [
        12,
        -8
      ]
    ],
    [
      [
        27970,
        94096
      ],
      [
        -5,
        1
      ],
      [
        8,
        3
      ],
      [
        1,
        -2
      ],
      [
        -4,
        -2
      ]
    ],
    [
      [
        27963,
        94101
      ],
      [
        -4,
        0
      ],
      [
        -5,
        1
      ],
      [
        14,
        2
      ],
      [
        -5,
        -3
      ]
    ],
    [
      [
        27954,
        94108
      ],
      [
        10,
        2
      ],
      [
        1,
        -1
      ],
      [
        -8,
        -4
      ],
      [
        -3,
        3
      ]
    ],
    [
      [
        27915,
        94119
      ],
      [
        6,
        9
      ],
      [
        41,
        -15
      ],
      [
        -24,
        -9
      ],
      [
        -23,
        15
      ]
    ],
    [
      [
        27948,
        94132
      ],
      [
        1,
        -4
      ],
      [
        -5,
        -1
      ],
      [
        0,
        2
      ],
      [
        4,
        3
      ]
    ],
    [
      [
        27875,
        94113
      ],
      [
        4,
        -2
      ],
      [
        14,
        -12
      ],
      [
        -10,
        2
      ],
      [
        -8,
        12
      ]
    ],
    [
      [
        27881,
        94146
      ],
      [
        9,
        -1
      ],
      [
        -21,
        2
      ],
      [
        2,
        2
      ],
      [
        10,
        -3
      ]
    ],
    [
      [
        27870,
        94125
      ],
      [
        4,
        -1
      ],
      [
        -1,
        -1
      ],
      [
        -5,
        0
      ],
      [
        2,
        2
      ]
    ],
    [
      [
        27858,
        94647
      ],
      [
        10,
        -10
      ],
      [
        -15,
        -7
      ],
      [
        -12,
        17
      ],
      [
        17,
        0
      ]
    ],
    [
      [
        27801,
        94744
      ],
      [
        19,
        -10
      ],
      [
        46,
        -9
      ],
      [
        -70,
        0
      ],
      [
        5,
        19
      ]
    ],
    [
      [
        27836,
        94087
      ],
      [
        -4,
        16
      ],
      [
        1,
        2
      ],
      [
        28,
        -8
      ],
      [
        -25,
        -10
      ]
    ],
    [
      [
        27835,
        94144
      ],
      [
        10,
        -3
      ],
      [
        -1,
        -5
      ],
      [
        -11,
        6
      ],
      [
        2,
        2
      ]
    ],
    [
      [
        27828,
        94150
      ],
      [
        3,
        2
      ],
      [
        5,
        -4
      ],
      [
        -2,
        -1
      ],
      [
        -6,
        3
      ]
    ],
    [
      [
        27804,
        94123
      ],
      [
        6,
        8
      ],
      [
        6,
        6
      ],
      [
        6,
        -9
      ],
      [
        -18,
        -5
      ]
    ],
    [
      [
        27725,
        94693
      ],
      [
        1,
        9
      ],
      [
        20,
        12
      ],
      [
        -1,
        -4
      ],
      [
        -20,
        -17
      ]
    ],
    [
      [
        27708,
        94805
      ],
      [
        2,
        -20
      ],
      [
        -38,
        -10
      ],
      [
        27,
        32
      ],
      [
        9,
        -2
      ]
    ],
    [
      [
        27261,
        95032
      ],
      [
        187,
        151
      ],
      [
        201,
        -101
      ],
      [
        -226,
        -104
      ],
      [
        -162,
        54
      ]
    ],
    [
      [
        27322,
        94940
      ],
      [
        -119,
        -26
      ],
      [
        -71,
        85
      ],
      [
        195,
        -31
      ],
      [
        -5,
        -28
      ]
    ],
    [
      [
        27320,
        95221
      ],
      [
        -5,
        -5
      ],
      [
        -36,
        -3
      ],
      [
        8,
        7
      ],
      [
        33,
        1
      ]
    ],
    [
      [
        27241,
        95154
      ],
      [
        49,
        11
      ],
      [
        26,
        -25
      ],
      [
        -43,
        -10
      ],
      [
        -32,
        24
      ]
    ],
    [
      [
        27285,
        95387
      ],
      [
        -23,
        11
      ],
      [
        48,
        12
      ],
      [
        5,
        -11
      ],
      [
        -30,
        -12
      ]
    ],
    [
      [
        27186,
        95227
      ],
      [
        27,
        20
      ],
      [
        68,
        -29
      ],
      [
        -39,
        -15
      ],
      [
        -56,
        24
      ]
    ],
    [
      [
        27194,
        95124
      ],
      [
        3,
        2
      ],
      [
        21,
        -1
      ],
      [
        -18,
        -6
      ],
      [
        -6,
        5
      ]
    ],
    [
      [
        27116,
        95121
      ],
      [
        -10,
        27
      ],
      [
        85,
        -4
      ],
      [
        -13,
        -23
      ],
      [
        -62,
        0
      ]
    ],
    [
      [
        27146,
        95298
      ],
      [
        -7,
        12
      ],
      [
        23,
        -3
      ],
      [
        2,
        -2
      ],
      [
        -18,
        -7
      ]
    ],
    [
      [
        27071,
        95187
      ],
      [
        36,
        17
      ],
      [
        36,
        -14
      ],
      [
        -43,
        -27
      ],
      [
        -29,
        24
      ]
    ],
    [
      [
        26922,
        90134
      ],
      [
        14,
        23
      ],
      [
        52,
        -40
      ],
      [
        -37,
        5
      ],
      [
        -29,
        12
      ]
    ],
    [
      [
        26961,
        90269
      ],
      [
        -2,
        -4
      ],
      [
        -7,
        -4
      ],
      [
        0,
        14
      ],
      [
        17,
        2
      ],
      [
        -8,
        -8
      ]
    ],
    [
      [
        26947,
        90242
      ],
      [
        9,
        3
      ],
      [
        0,
        1
      ],
      [
        1,
        -2
      ],
      [
        -5,
        -4
      ],
      [
        -5,
        2
      ]
    ],
    [
      [
        26927,
        90099
      ],
      [
        -7,
        17
      ],
      [
        26,
        2
      ],
      [
        0,
        -12
      ],
      [
        -19,
        -7
      ]
    ],
    [
      [
        25622,
        89619
      ],
      [
        -2,
        -16
      ],
      [
        -5,
        -4
      ],
      [
        -9,
        19
      ],
      [
        25,
        20
      ],
      [
        -9,
        -19
      ]
    ],
    [
      [
        24218,
        93940
      ],
      [
        383,
        -99
      ],
      [
        126,
        -9
      ],
      [
        -230,
        13
      ],
      [
        -437,
        109
      ],
      [
        158,
        -14
      ]
    ],
    [
      [
        24174,
        95028
      ],
      [
        -237,
        40
      ],
      [
        -188,
        115
      ],
      [
        472,
        -120
      ],
      [
        -47,
        -35
      ]
    ],
    [
      [
        24046,
        86613
      ],
      [
        -395,
        41
      ],
      [
        -248,
        236
      ],
      [
        424,
        -37
      ],
      [
        219,
        -240
      ]
    ],
    [
      [
        24046,
        86681
      ],
      [
        6,
        -2
      ],
      [
        7,
        -6
      ],
      [
        -14,
        -3
      ],
      [
        1,
        11
      ]
    ],
    [
      [
        23290,
        94200
      ],
      [
        295,
        -149
      ],
      [
        400,
        -110
      ],
      [
        -555,
        136
      ],
      [
        -334,
        145
      ],
      [
        194,
        -22
      ]
    ],
    [
      [
        23888,
        86817
      ],
      [
        16,
        -15
      ],
      [
        0,
        -30
      ],
      [
        -32,
        17
      ],
      [
        16,
        28
      ]
    ],
    [
      [
        23855,
        86814
      ],
      [
        1,
        15
      ],
      [
        7,
        2
      ],
      [
        8,
        -30
      ],
      [
        -16,
        13
      ]
    ],
    [
      [
        23682,
        94254
      ],
      [
        105,
        -21
      ],
      [
        86,
        -26
      ],
      [
        -353,
        77
      ],
      [
        162,
        -30
      ]
    ],
    [
      [
        23822,
        95097
      ],
      [
        -27,
        -4
      ],
      [
        -15,
        5
      ],
      [
        41,
        12
      ],
      [
        1,
        -13
      ]
    ],
    [
      [
        23644,
        95321
      ],
      [
        2,
        4
      ],
      [
        16,
        2
      ],
      [
        -6,
        -8
      ],
      [
        -12,
        2
      ]
    ],
    [
      [
        23561,
        95286
      ],
      [
        3,
        -8
      ],
      [
        -13,
        10
      ],
      [
        13,
        26
      ],
      [
        -3,
        -28
      ]
    ],
    [
      [
        22793,
        87078
      ],
      [
        -292,
        209
      ],
      [
        193,
        263
      ],
      [
        176,
        -418
      ],
      [
        -77,
        -54
      ]
    ],
    [
      [
        20800,
        95042
      ],
      [
        -326,
        109
      ],
      [
        -53,
        75
      ],
      [
        464,
        -187
      ],
      [
        -85,
        3
      ]
    ],
    [
      [
        19847,
        86463
      ],
      [
        184,
        -63
      ],
      [
        -191,
        -28
      ],
      [
        266,
        -243
      ],
      [
        -102,
        45
      ],
      [
        -68,
        -37
      ],
      [
        127,
        -176
      ],
      [
        158,
        -66
      ],
      [
        -48,
        -32
      ],
      [
        51,
        -14
      ],
      [
        4,
        -25
      ],
      [
        25,
        -3
      ],
      [
        -16,
        -34
      ],
      [
        10,
        -41
      ],
      [
        4,
        -6
      ],
      [
        4,
        -1
      ],
      [
        10,
        3
      ],
      [
        24,
        -33
      ],
      [
        -16,
        -21
      ],
      [
        12,
        -4
      ],
      [
        1,
        -14
      ],
      [
        15,
        -23
      ],
      [
        3,
        -2
      ],
      [
        -17,
        25
      ],
      [
        5,
        35
      ],
      [
        -10,
        22
      ],
      [
        -16,
        16
      ],
      [
        -18,
        2
      ],
      [
        10,
        77
      ],
      [
        -32,
        77
      ],
      [
        -87,
        38
      ],
      [
        61,
        123
      ],
      [
        394,
        -81
      ],
      [
        -243,
        -412
      ],
      [
        -1215,
        431
      ],
      [
        711,
        465
      ]
    ],
    [
      [
        20598,
        94474
      ],
      [
        -20,
        7
      ],
      [
        2,
        15
      ],
      [
        34,
        -13
      ],
      [
        -16,
        -9
      ]
    ],
    [
      [
        20554,
        94822
      ],
      [
        -81,
        -100
      ],
      [
        -246,
        124
      ],
      [
        112,
        22
      ],
      [
        215,
        -46
      ]
    ],
    [
      [
        20548,
        94440
      ],
      [
        -26,
        -1
      ],
      [
        -21,
        10
      ],
      [
        59,
        3
      ],
      [
        -12,
        -12
      ]
    ],
    [
      [
        20539,
        95025
      ],
      [
        -27,
        12
      ],
      [
        -32,
        5
      ],
      [
        45,
        -7
      ],
      [
        14,
        -10
      ]
    ],
    [
      [
        20475,
        85794
      ],
      [
        10,
        32
      ],
      [
        17,
        13
      ],
      [
        -16,
        -59
      ],
      [
        -11,
        14
      ]
    ],
    [
      [
        20471,
        85767
      ],
      [
        12,
        -8
      ],
      [
        -2,
        -3
      ],
      [
        -4,
        0
      ],
      [
        -6,
        11
      ]
    ],
    [
      [
        20468,
        85763
      ],
      [
        6,
        -4
      ],
      [
        -4,
        -6
      ],
      [
        -3,
        1
      ],
      [
        1,
        9
      ]
    ],
    [
      [
        20466,
        85784
      ],
      [
        7,
        -2
      ],
      [
        -11,
        -3
      ],
      [
        0,
        1
      ],
      [
        4,
        4
      ]
    ],
    [
      [
        20341,
        95121
      ],
      [
        66,
        -32
      ],
      [
        53,
        -40
      ],
      [
        -218,
        64
      ],
      [
        99,
        8
      ]
    ],
    [
      [
        20439,
        85781
      ],
      [
        5,
        -2
      ],
      [
        2,
        -4
      ],
      [
        -11,
        1
      ],
      [
        4,
        5
      ]
    ],
    [
      [
        20413,
        85989
      ],
      [
        21,
        2
      ],
      [
        -36,
        -18
      ],
      [
        0,
        2
      ],
      [
        15,
        14
      ]
    ],
    [
      [
        20240,
        85822
      ],
      [
        -4,
        0
      ],
      [
        -3,
        2
      ],
      [
        6,
        -1
      ],
      [
        1,
        -1
      ]
    ],
    [
      [
        20218,
        85868
      ],
      [
        5,
        23
      ],
      [
        4,
        1
      ],
      [
        0,
        -33
      ],
      [
        -9,
        9
      ]
    ],
    [
      [
        20215,
        85901
      ],
      [
        3,
        2
      ],
      [
        4,
        -7
      ],
      [
        -3,
        3
      ],
      [
        -4,
        2
      ]
    ],
    [
      [
        20221,
        85885
      ],
      [
        2,
        -5
      ],
      [
        -7,
        -9
      ],
      [
        -2,
        6
      ],
      [
        7,
        8
      ]
    ],
    [
      [
        19861,
        95344
      ],
      [
        48,
        19
      ],
      [
        100,
        -30
      ],
      [
        -123,
        -9
      ],
      [
        -25,
        20
      ]
    ],
    [
      [
        19865,
        95102
      ],
      [
        -6,
        4
      ],
      [
        0,
        1
      ],
      [
        40,
        -20
      ],
      [
        -34,
        15
      ]
    ],
    [
      [
        19641,
        95070
      ],
      [
        137,
        -21
      ],
      [
        25,
        -58
      ],
      [
        -45,
        -20
      ],
      [
        -117,
        99
      ]
    ],
    [
      [
        19649,
        94797
      ],
      [
        11,
        -38
      ],
      [
        -52,
        -26
      ],
      [
        -43,
        21
      ],
      [
        84,
        43
      ]
    ],
    [
      [
        19560,
        94537
      ],
      [
        -18,
        5
      ],
      [
        0,
        5
      ],
      [
        23,
        4
      ],
      [
        -5,
        -14
      ]
    ],
    [
      [
        19529,
        94343
      ],
      [
        22,
        11
      ],
      [
        13,
        -25
      ],
      [
        -28,
        -8
      ],
      [
        -7,
        22
      ]
    ],
    [
      [
        19555,
        94420
      ],
      [
        -1,
        -5
      ],
      [
        -4,
        -2
      ],
      [
        1,
        5
      ],
      [
        4,
        2
      ]
    ],
    [
      [
        19551,
        94535
      ],
      [
        0,
        -3
      ],
      [
        -5,
        -1
      ],
      [
        2,
        3
      ],
      [
        3,
        1
      ]
    ],
    [
      [
        19550,
        94315
      ],
      [
        -12,
        -6
      ],
      [
        -8,
        9
      ],
      [
        22,
        2
      ],
      [
        -2,
        -5
      ]
    ],
    [
      [
        19533,
        94390
      ],
      [
        5,
        9
      ],
      [
        9,
        4
      ],
      [
        -4,
        -7
      ],
      [
        -10,
        -6
      ]
    ],
    [
      [
        19538,
        94414
      ],
      [
        5,
        3
      ],
      [
        -10,
        -10
      ],
      [
        -1,
        1
      ],
      [
        6,
        6
      ]
    ],
    [
      [
        19514,
        94539
      ],
      [
        -8,
        2
      ],
      [
        -2,
        4
      ],
      [
        14,
        -4
      ],
      [
        -4,
        -2
      ]
    ],
    [
      [
        19001,
        94190
      ],
      [
        22,
        -8
      ],
      [
        15,
        1
      ],
      [
        -5,
        -4
      ],
      [
        -29,
        3
      ],
      [
        -3,
        8
      ]
    ],
    [
      [
        18952,
        94198
      ],
      [
        -21,
        -16
      ],
      [
        -54,
        10
      ],
      [
        5,
        18
      ],
      [
        70,
        -12
      ]
    ],
    [
      [
        17700,
        95961
      ],
      [
        43,
        -20
      ],
      [
        -8,
        -9
      ],
      [
        -25,
        5
      ],
      [
        -10,
        24
      ]
    ],
    [
      [
        17715,
        95874
      ],
      [
        21,
        -5
      ],
      [
        -37,
        -11
      ],
      [
        8,
        12
      ],
      [
        8,
        4
      ]
    ],
    [
      [
        17647,
        95885
      ],
      [
        -1,
        12
      ],
      [
        34,
        27
      ],
      [
        35,
        -45
      ],
      [
        -68,
        6
      ]
    ],
    [
      [
        17554,
        95997
      ],
      [
        55,
        -2
      ],
      [
        64,
        -47
      ],
      [
        -59,
        -1
      ],
      [
        -60,
        50
      ]
    ],
    [
      [
        17649,
        95932
      ],
      [
        -15,
        -231
      ],
      [
        -63,
        -62
      ],
      [
        -19,
        337
      ],
      [
        97,
        -44
      ]
    ],
    [
      [
        17533,
        95753
      ],
      [
        6,
        -10
      ],
      [
        -20,
        -9
      ],
      [
        1,
        9
      ],
      [
        13,
        10
      ]
    ],
    [
      [
        17461,
        95681
      ],
      [
        -30,
        33
      ],
      [
        67,
        61
      ],
      [
        25,
        -18
      ],
      [
        -62,
        -76
      ]
    ],
    [
      [
        17521,
        95688
      ],
      [
        -7,
        -13
      ],
      [
        -10,
        -2
      ],
      [
        4,
        24
      ],
      [
        13,
        -9
      ]
    ],
    [
      [
        17471,
        95756
      ],
      [
        -15,
        10
      ],
      [
        25,
        19
      ],
      [
        14,
        -9
      ],
      [
        -24,
        -20
      ]
    ],
    [
      [
        16702,
        96026
      ],
      [
        73,
        13
      ],
      [
        7,
        -34
      ],
      [
        -77,
        13
      ],
      [
        -3,
        8
      ]
    ],
    [
      [
        16323,
        97850
      ],
      [
        144,
        -85
      ],
      [
        -76,
        -75
      ],
      [
        -183,
        107
      ],
      [
        115,
        53
      ]
    ],
    [
      [
        16276,
        95964
      ],
      [
        25,
        -6
      ],
      [
        2,
        -5
      ],
      [
        -23,
        3
      ],
      [
        -4,
        8
      ]
    ],
    [
      [
        14554,
        96733
      ],
      [
        15,
        -11
      ],
      [
        0,
        -3
      ],
      [
        -28,
        18
      ],
      [
        13,
        -4
      ]
    ],
    [
      [
        14450,
        94625
      ],
      [
        75,
        -8
      ],
      [
        -80,
        -55
      ],
      [
        -36,
        22
      ],
      [
        41,
        41
      ]
    ],
    [
      [
        14062,
        94688
      ],
      [
        87,
        187
      ],
      [
        244,
        -434
      ],
      [
        -291,
        140
      ],
      [
        -40,
        107
      ]
    ],
    [
      [
        14435,
        94452
      ],
      [
        6,
        -18
      ],
      [
        -44,
        -32
      ],
      [
        -30,
        6
      ],
      [
        -50,
        33
      ],
      [
        118,
        11
      ]
    ],
    [
      [
        14368,
        94398
      ],
      [
        -11,
        2
      ],
      [
        1,
        12
      ],
      [
        21,
        -9
      ],
      [
        -11,
        -5
      ]
    ],
    [
      [
        14343,
        95035
      ],
      [
        30,
        -16
      ],
      [
        -20,
        -15
      ],
      [
        -117,
        40
      ],
      [
        107,
        -9
      ]
    ],
    [
      [
        14286,
        94422
      ],
      [
        -2,
        8
      ],
      [
        20,
        -25
      ],
      [
        -8,
        4
      ],
      [
        -10,
        13
      ]
    ],
    [
      [
        14274,
        94985
      ],
      [
        -13,
        0
      ],
      [
        -16,
        16
      ],
      [
        48,
        -8
      ],
      [
        -19,
        -8
      ]
    ],
    [
      [
        14093,
        94401
      ],
      [
        -34,
        6
      ],
      [
        -41,
        26
      ],
      [
        139,
        -19
      ],
      [
        -64,
        -13
      ]
    ],
    [
      [
        13834,
        96827
      ],
      [
        20,
        9
      ],
      [
        10,
        -18
      ],
      [
        -19,
        -1
      ],
      [
        -11,
        10
      ]
    ],
    [
      [
        13636,
        94490
      ],
      [
        -5,
        -2
      ],
      [
        -13,
        9
      ],
      [
        14,
        -4
      ],
      [
        4,
        -3
      ]
    ],
    [
      [
        13421,
        94588
      ],
      [
        16,
        26
      ],
      [
        38,
        -28
      ],
      [
        -32,
        -7
      ],
      [
        -22,
        9
      ]
    ],
    [
      [
        12292,
        96166
      ],
      [
        -159,
        250
      ],
      [
        287,
        526
      ],
      [
        0,
        -689
      ],
      [
        -128,
        -87
      ]
    ],
    [
      [
        11863,
        93849
      ],
      [
        24,
        17
      ],
      [
        24,
        -21
      ],
      [
        -18,
        -13
      ],
      [
        -30,
        17
      ]
    ],
    [
      [
        11840,
        93443
      ],
      [
        -21,
        7
      ],
      [
        29,
        21
      ],
      [
        7,
        -16
      ],
      [
        -15,
        -12
      ]
    ],
    [
      [
        11439,
        96213
      ],
      [
        99,
        29
      ],
      [
        -1,
        -266
      ],
      [
        -88,
        102
      ],
      [
        -10,
        135
      ]
    ],
    [
      [
        10851,
        95396
      ],
      [
        -106,
        -293
      ],
      [
        -476,
        371
      ],
      [
        816,
        731
      ],
      [
        -234,
        -809
      ]
    ],
    [
      [
        10778,
        93882
      ],
      [
        -74,
        -296
      ],
      [
        -445,
        132
      ],
      [
        300,
        823
      ],
      [
        219,
        -659
      ]
    ],
    [
      [
        8215,
        92176
      ],
      [
        692,
        -948
      ],
      [
        -486,
        -448
      ],
      [
        -2766,
        777
      ],
      [
        -167,
        1067
      ],
      [
        828,
        179
      ],
      [
        1899,
        -627
      ]
    ],
    [
      [
        369,
        88566
      ],
      [
        -168,
        -119
      ],
      [
        -201,
        197
      ],
      [
        184,
        53
      ],
      [
        185,
        -131
      ]
    ],
    [
      [
        16675,
        76736
      ],
      [
        -428,
        601
      ],
      [
        875,
        -407
      ],
      [
        -90,
        387
      ],
      [
        1319,
        -102
      ],
      [
        1559,
        1330
      ],
      [
        2131,
        521
      ],
      [
        3290,
        5000
      ]
    ],
    [
      [
        25331,
        84066
      ],
      [
        4210,
        532
      ],
      [
        -166,
        990
      ],
      [
        1173,
        738
      ],
      [
        7005,
        125
      ],
      [
        56,
        885
      ],
      [
        4465,
        134
      ],
      [
        788,
        1533
      ],
      [
        2262,
        -1083
      ],
      [
        7,
        1173
      ],
      [
        1582,
        1281
      ]
    ],
    [
      [
        46713,
        90374
      ],
      [
        8004,
        -4281
      ],
      [
        2808,
        -3966
      ],
      [
        3798,
        -3806
      ]
    ],
    [
      [
        16925,
        67606
      ],
      [
        -89,
        570
      ],
      [
        1186,
        1039
      ],
      [
        560,
        2446
      ],
      [
        -1971,
        2415
      ],
      [
        849,
        1990
      ],
      [
        -610,
        926
      ],
      [
        -308,
        100
      ],
      [
        130,
        -356
      ]
    ],
    [
      [
        24885,
        83706
      ],
      [
        -16,
        -15
      ],
      [
        21,
        36
      ],
      [
        0,
        -8
      ],
      [
        -5,
        -13
      ]
    ],
    [
      [
        18341,
        77461
      ],
      [
        -10,
        -27
      ],
      [
        12,
        63
      ],
      [
        9,
        -32
      ],
      [
        -11,
        -4
      ]
    ],
    [
      [
        18305,
        77421
      ],
      [
        -73,
        -37
      ],
      [
        -18,
        -45
      ],
      [
        -2,
        36
      ],
      [
        93,
        46
      ]
    ],
    [
      [
        18292,
        77387
      ],
      [
        -10,
        -6
      ],
      [
        -10,
        10
      ],
      [
        13,
        1
      ],
      [
        7,
        -5
      ]
    ],
    [
      [
        18189,
        77339
      ],
      [
        -63,
        3
      ],
      [
        -44,
        -30
      ],
      [
        52,
        39
      ],
      [
        55,
        -12
      ]
    ],
    [
      [
        18085,
        77294
      ],
      [
        -29,
        12
      ],
      [
        -34,
        -6
      ],
      [
        46,
        11
      ],
      [
        17,
        -17
      ]
    ],
    [
      [
        18007,
        77282
      ],
      [
        -9,
        5
      ],
      [
        1,
        3
      ],
      [
        11,
        -3
      ],
      [
        -3,
        -5
      ]
    ],
    [
      [
        17251,
        76340
      ],
      [
        35,
        -9
      ],
      [
        0,
        -29
      ],
      [
        -29,
        10
      ],
      [
        -6,
        28
      ]
    ],
    [
      [
        17251,
        76115
      ],
      [
        1,
        -3
      ],
      [
        -3,
        -2
      ],
      [
        -4,
        4
      ],
      [
        6,
        1
      ]
    ],
    [
      [
        16073,
        77877
      ],
      [
        -729,
        43
      ],
      [
        225,
        -262
      ],
      [
        -4688,
        2403
      ],
      [
        -3927,
        543
      ],
      [
        689,
        96
      ],
      [
        -241,
        482
      ],
      [
        1449,
        284
      ],
      [
        5566,
        -940
      ],
      [
        2777,
        -1585
      ],
      [
        -2362,
        529
      ],
      [
        2338,
        -1255
      ],
      [
        -1097,
        -338
      ]
    ],
    [
      [
        16820,
        76569
      ],
      [
        -95,
        96
      ],
      [
        421,
        -262
      ],
      [
        -36,
        -112
      ],
      [
        -290,
        278
      ]
    ],
    [
      [
        17153,
        76208
      ],
      [
        -1,
        -10
      ],
      [
        -2,
        -1
      ],
      [
        -8,
        6
      ],
      [
        11,
        5
      ]
    ],
    [
      [
        17104,
        76199
      ],
      [
        -1464,
        1292
      ],
      [
        -24,
        42
      ],
      [
        13,
        40
      ],
      [
        1475,
        -1374
      ]
    ],
    [
      [
        17020,
        77451
      ],
      [
        -9,
        10
      ],
      [
        27,
        3
      ],
      [
        -6,
        -11
      ],
      [
        -12,
        -2
      ]
    ],
    [
      [
        16990,
        77341
      ],
      [
        -4,
        -5
      ],
      [
        -9,
        3
      ],
      [
        6,
        7
      ],
      [
        7,
        -5
      ]
    ],
    [
      [
        16978,
        77358
      ],
      [
        -7,
        5
      ],
      [
        4,
        4
      ],
      [
        8,
        -4
      ],
      [
        -5,
        -5
      ]
    ],
    [
      [
        16943,
        73863
      ],
      [
        30,
        -11
      ],
      [
        -66,
        2
      ],
      [
        1,
        5
      ],
      [
        35,
        4
      ]
    ],
    [
      [
        16966,
        77342
      ],
      [
        4,
        -1
      ],
      [
        -3,
        -3
      ],
      [
        -3,
        1
      ],
      [
        2,
        3
      ]
    ],
    [
      [
        16953,
        77349
      ],
      [
        -3,
        -6
      ],
      [
        4,
        -13
      ],
      [
        -9,
        16
      ],
      [
        8,
        3
      ]
    ],
    [
      [
        16936,
        77535
      ],
      [
        -19,
        -55
      ],
      [
        -141,
        116
      ],
      [
        125,
        17
      ],
      [
        35,
        -78
      ]
    ],
    [
      [
        16888,
        77468
      ],
      [
        1,
        24
      ],
      [
        -5,
        6
      ],
      [
        34,
        -25
      ],
      [
        -30,
        -5
      ]
    ],
    [
      [
        16882,
        74088
      ],
      [
        36,
        -16
      ],
      [
        -89,
        19
      ],
      [
        30,
        5
      ],
      [
        23,
        -8
      ]
    ],
    [
      [
        16886,
        74335
      ],
      [
        -42,
        7
      ],
      [
        35,
        56
      ],
      [
        39,
        -32
      ],
      [
        -32,
        -31
      ]
    ],
    [
      [
        16898,
        73815
      ],
      [
        18,
        -10
      ],
      [
        -11,
        -12
      ],
      [
        -21,
        21
      ],
      [
        14,
        1
      ]
    ],
    [
      [
        16757,
        77624
      ],
      [
        32,
        49
      ],
      [
        118,
        -32
      ],
      [
        -83,
        -44
      ],
      [
        -67,
        27
      ]
    ],
    [
      [
        16807,
        74066
      ],
      [
        54,
        -11
      ],
      [
        37,
        -36
      ],
      [
        -56,
        -10
      ],
      [
        -35,
        57
      ]
    ],
    [
      [
        16860,
        77404
      ],
      [
        6,
        9
      ],
      [
        18,
        -10
      ],
      [
        -16,
        -2
      ],
      [
        -8,
        3
      ]
    ],
    [
      [
        16822,
        73818
      ],
      [
        43,
        -4
      ],
      [
        14,
        -15
      ],
      [
        -40,
        -3
      ],
      [
        -17,
        22
      ]
    ],
    [
      [
        16880,
        74257
      ],
      [
        -25,
        -20
      ],
      [
        -20,
        5
      ],
      [
        14,
        37
      ],
      [
        31,
        -22
      ]
    ],
    [
      [
        16861,
        74388
      ],
      [
        -4,
        -10
      ],
      [
        -9,
        27
      ],
      [
        11,
        -2
      ],
      [
        2,
        -15
      ]
    ],
    [
      [
        16832,
        74122
      ],
      [
        -12,
        23
      ],
      [
        26,
        7
      ],
      [
        -11,
        -13
      ],
      [
        -3,
        -17
      ]
    ],
    [
      [
        16839,
        74280
      ],
      [
        -9,
        -3
      ],
      [
        -8,
        4
      ],
      [
        7,
        2
      ],
      [
        10,
        -3
      ]
    ],
    [
      [
        16793,
        74044
      ],
      [
        -65,
        -21
      ],
      [
        0,
        65
      ],
      [
        50,
        -10
      ],
      [
        15,
        -34
      ]
    ],
    [
      [
        16796,
        74113
      ],
      [
        16,
        -27
      ],
      [
        -3,
        63
      ],
      [
        0,
        -20
      ],
      [
        -13,
        -16
      ]
    ],
    [
      [
        16741,
        73876
      ],
      [
        33,
        0
      ],
      [
        34,
        -35
      ],
      [
        -41,
        5
      ],
      [
        -26,
        30
      ]
    ],
    [
      [
        16762,
        77575
      ],
      [
        30,
        -8
      ],
      [
        13,
        -13
      ],
      [
        -57,
        15
      ],
      [
        -14,
        32
      ],
      [
        28,
        -26
      ]
    ],
    [
      [
        16747,
        74129
      ],
      [
        14,
        -2
      ],
      [
        34,
        42
      ],
      [
        -11,
        -58
      ],
      [
        -37,
        18
      ]
    ],
    [
      [
        16787,
        77324
      ],
      [
        -5,
        2
      ],
      [
        11,
        5
      ],
      [
        4,
        -7
      ],
      [
        -10,
        0
      ]
    ],
    [
      [
        16794,
        74216
      ],
      [
        -23,
        -23
      ],
      [
        16,
        84
      ],
      [
        9,
        -28
      ],
      [
        -2,
        -33
      ]
    ],
    [
      [
        16748,
        77609
      ],
      [
        25,
        1
      ],
      [
        20,
        -8
      ],
      [
        -32,
        -11
      ],
      [
        -13,
        18
      ]
    ],
    [
      [
        16754,
        77323
      ],
      [
        -20,
        15
      ],
      [
        26,
        7
      ],
      [
        10,
        -17
      ],
      [
        -16,
        -5
      ]
    ],
    [
      [
        16727,
        73854
      ],
      [
        -3,
        20
      ],
      [
        36,
        -51
      ],
      [
        -28,
        -10
      ],
      [
        -5,
        41
      ]
    ],
    [
      [
        16747,
        77601
      ],
      [
        9,
        -4
      ],
      [
        -1,
        -4
      ],
      [
        -11,
        7
      ],
      [
        3,
        1
      ]
    ],
    [
      [
        16705,
        77954
      ],
      [
        0,
        44
      ],
      [
        16,
        6
      ],
      [
        34,
        -62
      ],
      [
        -50,
        12
      ]
    ],
    [
      [
        16675,
        76736
      ],
      [
        -3,
        0
      ]
    ],
    [
      [
        16672,
        76736
      ],
      [
        3,
        0
      ]
    ],
    [
      [
        16630,
        76718
      ],
      [
        21,
        -6
      ],
      [
        -1,
        -3
      ],
      [
        -22,
        -1
      ],
      [
        2,
        10
      ]
    ],
    [
      [
        15824,
        77587
      ],
      [
        546,
        31
      ],
      [
        -142,
        -274
      ],
      [
        -457,
        108
      ],
      [
        53,
        135
      ]
    ],
    [
      [
        16133,
        77195
      ],
      [
        20,
        -5
      ],
      [
        2,
        -16
      ],
      [
        -23,
        7
      ],
      [
        1,
        14
      ]
    ],
    [
      [
        15665,
        77565
      ],
      [
        -1,
        21
      ],
      [
        59,
        -10
      ],
      [
        -39,
        -23
      ],
      [
        -19,
        12
      ]
    ],
    [
      [
        7516,
        81081
      ],
      [
        22,
        -11
      ],
      [
        -67,
        -43
      ],
      [
        -6,
        20
      ],
      [
        51,
        34
      ]
    ],
    [
      [
        7533,
        81189
      ],
      [
        -13,
        -22
      ],
      [
        -19,
        6
      ],
      [
        14,
        11
      ],
      [
        18,
        5
      ]
    ],
    [
      [
        7464,
        81072
      ],
      [
        6,
        13
      ],
      [
        23,
        0
      ],
      [
        -3,
        -9
      ],
      [
        -26,
        -4
      ]
    ],
    [
      [
        7483,
        81171
      ],
      [
        2,
        -6
      ],
      [
        -11,
        -1
      ],
      [
        2,
        5
      ],
      [
        7,
        2
      ]
    ],
    [
      [
        7408,
        81086
      ],
      [
        39,
        75
      ],
      [
        26,
        -5
      ],
      [
        -56,
        -73
      ],
      [
        -9,
        3
      ]
    ],
    [
      [
        7469,
        81064
      ],
      [
        -1,
        -2
      ],
      [
        -4,
        0
      ],
      [
        2,
        5
      ],
      [
        3,
        -3
      ]
    ],
    [
      [
        7402,
        80969
      ],
      [
        38,
        7
      ],
      [
        -6,
        -31
      ],
      [
        -30,
        19
      ],
      [
        -2,
        5
      ]
    ],
    [
      [
        7387,
        80871
      ],
      [
        1,
        8
      ],
      [
        16,
        -18
      ],
      [
        -10,
        1
      ],
      [
        -7,
        9
      ]
    ],
    [
      [
        7375,
        80937
      ],
      [
        10,
        14
      ],
      [
        2,
        -46
      ],
      [
        -18,
        10
      ],
      [
        6,
        22
      ]
    ],
    [
      [
        7368,
        80901
      ],
      [
        -2,
        8
      ],
      [
        30,
        -12
      ],
      [
        -7,
        -4
      ],
      [
        -21,
        8
      ]
    ],
    [
      [
        7363,
        80703
      ],
      [
        9,
        -6
      ],
      [
        -13,
        -9
      ],
      [
        -16,
        9
      ],
      [
        20,
        6
      ]
    ],
    [
      [
        96458,
        38831
      ],
      [
        401,
        1510
      ],
      [
        -406,
        -619
      ],
      [
        -1084,
        581
      ],
      [
        557,
        568
      ],
      [
        -100,
        1627
      ],
      [
        -1211,
        1349
      ],
      [
        -1334,
        541
      ],
      [
        -385,
        1850
      ],
      [
        -1057,
        794
      ],
      [
        925,
        -544
      ],
      [
        3037,
        -3157
      ],
      [
        1635,
        -4044
      ]
    ],
    [
      [
        96900,
        40277
      ],
      [
        151,
        -489
      ],
      [
        82,
        -29
      ],
      [
        84,
        -203
      ],
      [
        82,
        -79
      ],
      [
        41,
        -14
      ],
      [
        -440,
        814
      ]
    ],
    [
      [
        79836,
        59923
      ],
      [
        3145,
        -5961
      ],
      [
        2075,
        -1207
      ],
      [
        1142,
        68
      ],
      [
        -600,
        -489
      ],
      [
        438,
        -718
      ],
      [
        -1198,
        -184
      ],
      [
        -732,
        -716
      ],
      [
        823,
        -1215
      ],
      [
        1008,
        -774
      ],
      [
        -1429,
        94
      ],
      [
        14,
        -383
      ],
      [
        1571,
        281
      ],
      [
        -1341,
        1329
      ],
      [
        -165,
        1082
      ],
      [
        1759,
        550
      ],
      [
        1094,
        -590
      ],
      [
        -814,
        -605
      ],
      [
        760,
        -1314
      ],
      [
        1638,
        -414
      ],
      [
        3640,
        -2647
      ],
      [
        -250,
        -273
      ],
      [
        -965,
        388
      ],
      [
        425,
        -714
      ],
      [
        -652,
        -234
      ],
      [
        -228,
        1050
      ],
      [
        -2801,
        964
      ],
      [
        -1407,
        -1291
      ],
      [
        404,
        214
      ],
      [
        1386,
        -445
      ],
      [
        419,
        593
      ],
      [
        1580,
        -342
      ],
      [
        -917,
        -435
      ],
      [
        647,
        87
      ],
      [
        838,
        -1007
      ],
      [
        631,
        277
      ],
      [
        165,
        -1182
      ],
      [
        664,
        219
      ],
      [
        287,
        -330
      ],
      [
        393,
        498
      ],
      [
        295,
        -683
      ],
      [
        623,
        -15
      ],
      [
        303,
        -778
      ],
      [
        894,
        -279
      ],
      [
        -1058,
        -437
      ],
      [
        1084,
        -392
      ],
      [
        -360,
        -297
      ],
      [
        -925,
        297
      ],
      [
        86,
        -410
      ],
      [
        1643,
        -260
      ],
      [
        -616,
        -478
      ],
      [
        -890,
        201
      ],
      [
        972,
        -683
      ],
      [
        -666,
        -638
      ]
    ],
    [
      [
        79070,
        56798
      ],
      [
        823,
        -285
      ],
      [
        108,
        -682
      ],
      [
        1183,
        -327
      ],
      [
        -187,
        -573
      ],
      [
        661,
        -127
      ],
      [
        -468,
        194
      ],
      [
        498,
        1098
      ],
      [
        -569,
        958
      ],
      [
        11,
        -1442
      ],
      [
        -1267,
        1350
      ],
      [
        -179,
        1062
      ],
      [
        -695,
        214
      ],
      [
        81,
        -1440
      ]
    ],
    [
      [
        95436,
        41317
      ],
      [
        -1,
        -15
      ],
      [
        -15,
        -6
      ],
      [
        -10,
        15
      ],
      [
        26,
        6
      ]
    ],
    [
      [
        93726,
        43806
      ],
      [
        1,
        31
      ],
      [
        25,
        11
      ],
      [
        37,
        -43
      ],
      [
        -63,
        1
      ]
    ],
    [
      [
        93596,
        43852
      ],
      [
        -92,
        106
      ],
      [
        79,
        47
      ],
      [
        35,
        -48
      ],
      [
        -22,
        -105
      ]
    ],
    [
      [
        92281,
        45579
      ],
      [
        525,
        -416
      ],
      [
        -573,
        -443
      ],
      [
        -238,
        466
      ],
      [
        286,
        393
      ]
    ],
    [
      [
        92489,
        44352
      ],
      [
        126,
        -167
      ],
      [
        -141,
        -34
      ],
      [
        -155,
        104
      ],
      [
        170,
        97
      ]
    ],
    [
      [
        92076,
        45607
      ],
      [
        -120,
        -43
      ],
      [
        -179,
        230
      ],
      [
        752,
        -13
      ],
      [
        -453,
        -174
      ]
    ],
    [
      [
        92218,
        44121
      ],
      [
        -61,
        16
      ],
      [
        25,
        39
      ],
      [
        45,
        -34
      ],
      [
        -9,
        -21
      ]
    ],
    [
      [
        90858,
        45438
      ],
      [
        -53,
        -52
      ],
      [
        -141,
        128
      ],
      [
        267,
        43
      ],
      [
        -73,
        -119
      ]
    ],
    [
      [
        84889,
        51315
      ],
      [
        103,
        56
      ],
      [
        204,
        -61
      ],
      [
        -70,
        -12
      ],
      [
        -237,
        17
      ]
    ],
    [
      [
        84920,
        51375
      ],
      [
        -4,
        -7
      ],
      [
        28,
        2
      ],
      [
        -100,
        -50
      ],
      [
        76,
        55
      ]
    ],
    [
      [
        84796,
        50263
      ],
      [
        13,
        -93
      ],
      [
        -119,
        237
      ],
      [
        98,
        -55
      ],
      [
        8,
        -89
      ]
    ],
    [
      [
        84689,
        50734
      ],
      [
        -9,
        3
      ],
      [
        47,
        35
      ],
      [
        1,
        -32
      ],
      [
        -39,
        -6
      ]
    ],
    [
      [
        84686,
        50708
      ],
      [
        -37,
        -46
      ],
      [
        -20,
        -2
      ],
      [
        21,
        37
      ],
      [
        36,
        11
      ]
    ],
    [
      [
        84537,
        50951
      ],
      [
        157,
        -109
      ],
      [
        -92,
        -79
      ],
      [
        -117,
        143
      ],
      [
        52,
        45
      ]
    ],
    [
      [
        84614,
        50521
      ],
      [
        54,
        -90
      ],
      [
        -75,
        -80
      ],
      [
        -88,
        115
      ],
      [
        109,
        55
      ]
    ],
    [
      [
        84492,
        50863
      ],
      [
        -14,
        11
      ],
      [
        -3,
        5
      ],
      [
        -2,
        17
      ],
      [
        19,
        -33
      ]
    ],
    [
      [
        84365,
        50639
      ],
      [
        -17,
        -13
      ],
      [
        -40,
        7
      ],
      [
        27,
        17
      ],
      [
        30,
        -11
      ]
    ],
    [
      [
        82345,
        55973
      ],
      [
        16,
        31
      ],
      [
        50,
        -40
      ],
      [
        -77,
        -17
      ],
      [
        11,
        26
      ]
    ],
    [
      [
        81403,
        55982
      ],
      [
        60,
        125
      ],
      [
        100,
        45
      ],
      [
        -112,
        -220
      ],
      [
        -48,
        50
      ]
    ],
    [
      [
        61844,
        43473
      ],
      [
        731,
        971
      ],
      [
        -351,
        1553
      ]
    ],
    [
      [
        72909,
        46482
      ],
      [
        3457,
        -124
      ],
      [
        1920,
        -1750
      ],
      [
        3298,
        -628
      ],
      [
        -561,
        -1724
      ],
      [
        616,
        -593
      ]
    ],
    [
      [
        81640,
        41663
      ],
      [
        -1,
        0
      ]
    ],
    [
      [
        81639,
        41663
      ],
      [
        2301,
        -830
      ]
    ],
    [
      [
        83941,
        40833
      ],
      [
        -1,
        0
      ]
    ],
    [
      [
        83940,
        40833
      ],
      [
        4930,
        -271
      ],
      [
        1423,
        405
      ],
      [
        585,
        -3166
      ],
      [
        2619,
        1419
      ],
      [
        1171,
        75
      ]
    ],
    [
      [
        94668,
        39295
      ],
      [
        884,
        671
      ],
      [
        882,
        -458
      ],
      [
        24,
        -677
      ]
    ],
    [
      [
        96458,
        38831
      ],
      [
        521,
        -198
      ],
      [
        457,
        654
      ]
    ],
    [
      [
        97436,
        39287
      ],
      [
        2014,
        -3439
      ],
      [
        -345,
        -5590
      ],
      [
        894,
        -2076
      ],
      [
        -1938,
        -4233
      ],
      [
        299,
        -513
      ],
      [
        -753,
        -590
      ],
      [
        169,
        -1265
      ],
      [
        -2284,
        -2383
      ],
      [
        -407,
        -1916
      ],
      [
        -2382,
        -2169
      ]
    ],
    [
      [
        92703,
        15113
      ],
      [
        -2903,
        803
      ],
      [
        -1276,
        969
      ]
    ],
    [
      [
        52325,
        76257
      ],
      [
        868,
        1057
      ],
      [
        3816,
        290
      ],
      [
        1773,
        713
      ],
      [
        2541,
        4
      ]
    ],
    [
      [
        61323,
        78321
      ],
      [
        3106,
        -2746
      ],
      [
        1092,
        -553
      ],
      [
        573,
        286
      ],
      [
        1351,
        -1667
      ],
      [
        4826,
        -3830
      ],
      [
        -223,
        -1155
      ],
      [
        549,
        -714
      ],
      [
        552,
        64
      ],
      [
        1,
        -928
      ],
      [
        -794,
        -273
      ],
      [
        243,
        766
      ],
      [
        -375,
        264
      ],
      [
        -709,
        -270
      ],
      [
        527,
        486
      ],
      [
        -698,
        -410
      ],
      [
        -139,
        269
      ],
      [
        -354,
        -600
      ],
      [
        615,
        -36
      ],
      [
        -624,
        -247
      ],
      [
        908,
        -891
      ],
      [
        -1158,
        67
      ],
      [
        -42,
        614
      ],
      [
        -306,
        -261
      ],
      [
        -1066,
        524
      ],
      [
        -1169,
        -1254
      ],
      [
        583,
        -217
      ],
      [
        1362,
        645
      ],
      [
        1891,
        -1285
      ],
      [
        2346,
        1
      ],
      [
        715,
        432
      ],
      [
        -299,
        680
      ],
      [
        1758,
        445
      ],
      [
        1344,
        -739
      ],
      [
        2127,
        -5865
      ]
    ],
    [
      [
        79836,
        59923
      ],
      [
        -314,
        -451
      ],
      [
        -136,
        337
      ],
      [
        -951,
        -212
      ],
      [
        -725,
        401
      ],
      [
        -1789,
        -435
      ]
    ],
    [
      [
        41559,
        48459
      ],
      [
        -144,
        -857
      ],
      [
        1649,
        -1102
      ],
      [
        397,
        -2183
      ],
      [
        1349,
        -1268
      ],
      [
        -133,
        -771
      ],
      [
        -941,
        -584
      ],
      [
        902,
        -1102
      ],
      [
        -351,
        -1286
      ]
    ],
    [
      [
        44287,
        39306
      ],
      [
        -1056,
        -231
      ],
      [
        694,
        -766
      ],
      [
        -1686,
        -134
      ],
      [
        69,
        -643
      ],
      [
        -2103,
        627
      ],
      [
        -425,
        -1588
      ],
      [
        -1620,
        127
      ]
    ],
    [
      [
        28611,
        34196
      ],
      [
        -3035,
        1840
      ],
      [
        -2772,
        -1187
      ],
      [
        -2175,
        970
      ],
      [
        -2810,
        -1164
      ]
    ],
    [
      [
        16925,
        67606
      ],
      [
        4770,
        -1035
      ]
    ],
    [
      [
        24543,
        58185
      ],
      [
        422,
        -1699
      ]
    ],
    [
      [
        24966,
        56486
      ],
      [
        -1,
        0
      ]
    ],
    [
      [
        24965,
        56486
      ],
      [
        209,
        -888
      ],
      [
        1600,
        -745
      ],
      [
        -829,
        -2603
      ],
      [
        641,
        -597
      ],
      [
        -660,
        -197
      ],
      [
        -974,
        399
      ],
      [
        -474,
        -905
      ],
      [
        -1108,
        -13
      ],
      [
        -266,
        -1046
      ],
      [
        -2572,
        -1102
      ],
      [
        -221,
        -2138
      ],
      [
        -1900,
        -658
      ],
      [
        -707,
        -712
      ],
      [
        1038,
        -145
      ],
      [
        -148,
        -313
      ],
      [
        -1337,
        11
      ],
      [
        219,
        -636
      ],
      [
        -1174,
        -845
      ],
      [
        -150,
        -2465
      ],
      [
        1667,
        -6233
      ]
    ],
    [
      [
        17819,
        34655
      ],
      [
        -4268,
        -85
      ]
    ],
    [
      [
        13551,
        34570
      ],
      [
        -2221,
        6966
      ],
      [
        306,
        4247
      ],
      [
        -3808,
        8809
      ],
      [
        -579,
        3869
      ],
      [
        1768,
        644
      ],
      [
        1724,
        3642
      ],
      [
        405,
        173
      ],
      [
        206,
        11
      ],
      [
        -1551,
        -2517
      ],
      [
        -90,
        -540
      ],
      [
        562,
        109
      ],
      [
        -1378,
        -1019
      ],
      [
        1931,
        841
      ],
      [
        -331,
        -1128
      ],
      [
        -547,
        195
      ],
      [
        -781,
        -592
      ],
      [
        497,
        -501
      ],
      [
        -946,
        -1510
      ],
      [
        183,
        -976
      ],
      [
        1005,
        -543
      ],
      [
        -792,
        -1160
      ],
      [
        407,
        -606
      ],
      [
        3311,
        -463
      ],
      [
        -264,
        445
      ],
      [
        700,
        630
      ],
      [
        -1875,
        1746
      ],
      [
        1036,
        318
      ],
      [
        811,
        1315
      ],
      [
        -614,
        323
      ],
      [
        -6,
        1089
      ],
      [
        -1043,
        458
      ],
      [
        -70,
        76
      ],
      [
        6,
        34
      ],
      [
        245,
        -155
      ],
      [
        483,
        10
      ],
      [
        25,
        43
      ],
      [
        -898,
        230
      ],
      [
        876,
        131
      ],
      [
        993,
        1358
      ],
      [
        396,
        3337
      ],
      [
        916,
        778
      ],
      [
        266,
        2137
      ],
      [
        1874,
        319
      ],
      [
        236,
        463
      ]
    ],
    [
      [
        11961,
        49256
      ],
      [
        -637,
        -1714
      ],
      [
        658,
        -626
      ],
      [
        836,
        93
      ],
      [
        178,
        532
      ],
      [
        -1035,
        1715
      ]
    ],
    [
      [
        12107,
        61788
      ],
      [
        367,
        -429
      ],
      [
        -274,
        -97
      ],
      [
        -412,
        594
      ],
      [
        319,
        -68
      ]
    ],
    [
      [
        12126,
        63471
      ],
      [
        -58,
        39
      ],
      [
        -29,
        269
      ],
      [
        34,
        722
      ],
      [
        -272,
        107
      ],
      [
        -572,
        503
      ],
      [
        -424,
        839
      ],
      [
        414,
        1150
      ],
      [
        -245,
        -1381
      ],
      [
        1218,
        -1139
      ],
      [
        -66,
        -1109
      ]
    ],
    [
      [
        12036,
        57608
      ],
      [
        307,
        -261
      ],
      [
        -83,
        -83
      ],
      [
        -109,
        76
      ],
      [
        -115,
        268
      ]
    ],
    [
      [
        11554,
        60906
      ],
      [
        48,
        38
      ],
      [
        306,
        -38
      ],
      [
        -120,
        -259
      ],
      [
        -234,
        259
      ]
    ],
    [
      [
        11408,
        60438
      ],
      [
        128,
        -23
      ],
      [
        72,
        -56
      ],
      [
        -182,
        2
      ],
      [
        -18,
        77
      ]
    ],
    [
      [
        11213,
        60133
      ],
      [
        -5,
        28
      ],
      [
        50,
        -20
      ],
      [
        -15,
        -17
      ],
      [
        -30,
        9
      ]
    ],
    [
      [
        10930,
        60117
      ],
      [
        284,
        -140
      ],
      [
        -176,
        -148
      ],
      [
        -285,
        133
      ],
      [
        177,
        155
      ]
    ],
    [
      [
        11096,
        58719
      ],
      [
        11,
        11
      ],
      [
        56,
        -47
      ],
      [
        33,
        -61
      ],
      [
        -100,
        97
      ]
    ],
    [
      [
        11023,
        59290
      ],
      [
        -6,
        -13
      ],
      [
        -68,
        -3
      ],
      [
        51,
        22
      ],
      [
        23,
        -6
      ]
    ],
    [
      [
        10869,
        59108
      ],
      [
        22,
        62
      ],
      [
        51,
        43
      ],
      [
        24,
        -90
      ],
      [
        -97,
        -15
      ]
    ],
    [
      [
        10820,
        57999
      ],
      [
        93,
        -73
      ],
      [
        -996,
        -373
      ],
      [
        849,
        354
      ],
      [
        54,
        92
      ]
    ],
    [
      [
        10753,
        59389
      ],
      [
        28,
        19
      ],
      [
        30,
        -8
      ],
      [
        -20,
        -29
      ],
      [
        -38,
        18
      ]
    ],
    [
      [
        10697,
        60146
      ],
      [
        -19,
        -64
      ],
      [
        -52,
        166
      ],
      [
        51,
        -100
      ],
      [
        20,
        -2
      ]
    ],
    [
      [
        10346,
        58572
      ],
      [
        256,
        28
      ],
      [
        -111,
        -170
      ],
      [
        -144,
        65
      ],
      [
        -1,
        77
      ]
    ],
    [
      [
        10302,
        60139
      ],
      [
        -72,
        5
      ],
      [
        -111,
        94
      ],
      [
        351,
        1
      ],
      [
        -168,
        -100
      ]
    ],
    [
      [
        9951,
        57676
      ],
      [
        -61,
        42
      ],
      [
        34,
        28
      ],
      [
        74,
        -42
      ],
      [
        -47,
        -28
      ]
    ],
    [
      [
        9635,
        57536
      ],
      [
        -17,
        110
      ],
      [
        101,
        20
      ],
      [
        30,
        -46
      ],
      [
        -114,
        -84
      ]
    ],
    [
      [
        9667,
        57719
      ],
      [
        -5,
        -16
      ],
      [
        -22,
        -8
      ],
      [
        11,
        34
      ],
      [
        16,
        -10
      ]
    ],
    [
      [
        24543,
        58185
      ],
      [
        -871,
        637
      ],
      [
        -1758,
        344
      ],
      [
        -1618,
        -218
      ],
      [
        -1069,
        2822
      ],
      [
        -976,
        803
      ],
      [
        152,
        642
      ],
      [
        1098,
        118
      ],
      [
        2164,
        1703
      ],
      [
        461,
        835
      ],
      [
        -431,
        700
      ]
    ],
    [
      [
        21695,
        66571
      ],
      [
        860,
        67
      ],
      [
        -392,
        3717
      ],
      [
        3007,
        -640
      ],
      [
        5103,
        787
      ],
      [
        32,
        -1306
      ],
      [
        1631,
        -491
      ],
      [
        568,
        -1294
      ],
      [
        2095,
        -345
      ],
      [
        658,
        679
      ],
      [
        1107,
        207
      ],
      [
        46,
        1037
      ],
      [
        1885,
        1349
      ],
      [
        1094,
        491
      ],
      [
        2967,
        -875
      ],
      [
        5492,
        3324
      ],
      [
        -1014,
        1253
      ],
      [
        -1437,
        234
      ],
      [
        190,
        574
      ],
      [
        2904,
        31
      ],
      [
        3834,
        887
      ]
    ],
    [
      [
        52325,
        76257
      ],
      [
        2403,
        271
      ],
      [
        3106,
        -1199
      ],
      [
        1173,
        -942
      ],
      [
        -1381,
        -1694
      ],
      [
        1395,
        -2137
      ],
      [
        -799,
        -1543
      ],
      [
        2233,
        -1685
      ],
      [
        92,
        -1225
      ],
      [
        1888,
        -648
      ],
      [
        -2728,
        -2353
      ],
      [
        512,
        -1232
      ]
    ],
    [
      [
        52348,
        53425
      ],
      [
        -2300,
        -705
      ]
    ],
    [
      [
        50048,
        52721
      ],
      [
        0,
        -1
      ]
    ],
    [
      [
        50048,
        52720
      ],
      [
        -825,
        -718
      ],
      [
        -1034,
        94
      ],
      [
        -157,
        -1165
      ],
      [
        -1686,
        -1355
      ],
      [
        -1688,
        215
      ],
      [
        -449,
        -521
      ],
      [
        -2650,
        -811
      ]
    ],
    [
      [
        41559,
        48459
      ],
      [
        -1377,
        845
      ],
      [
        469,
        787
      ],
      [
        -830,
        1652
      ],
      [
        -1810,
        107
      ],
      [
        68,
        2400
      ],
      [
        -2101,
        350
      ],
      [
        -2563,
        1553
      ],
      [
        -1789,
        -77
      ],
      [
        -7083,
        2109
      ]
    ],
    [
      [
        52348,
        53425
      ],
      [
        885,
        1450
      ],
      [
        -826,
        47
      ],
      [
        135,
        2065
      ],
      [
        1930,
        3259
      ],
      [
        3997,
        32
      ],
      [
        495,
        1165
      ],
      [
        1255,
        427
      ]
    ],
    [
      [
        60219,
        61870
      ],
      [
        1672,
        -758
      ],
      [
        305,
        -1012
      ],
      [
        2862,
        31
      ]
    ],
    [
      [
        65057,
        60131
      ],
      [
        1,
        0
      ]
    ],
    [
      [
        65058,
        60131
      ],
      [
        2267,
        -486
      ],
      [
        1005,
        182
      ],
      [
        1447,
        -740
      ],
      [
        1509,
        -128
      ],
      [
        460,
        -1246
      ],
      [
        -902,
        -646
      ],
      [
        595,
        -153
      ],
      [
        1108,
        205
      ],
      [
        761,
        1782
      ],
      [
        1299,
        790
      ],
      [
        1314,
        -128
      ]
    ],
    [
      [
        75921,
        59563
      ],
      [
        -201,
        -5686
      ],
      [
        1405,
        -2365
      ],
      [
        -2152,
        286
      ],
      [
        -2208,
        -672
      ],
      [
        -516,
        -2562
      ],
      [
        660,
        -2082
      ]
    ],
    [
      [
        72909,
        46482
      ],
      [
        26,
        -1483
      ],
      [
        -1191,
        -1027
      ],
      [
        -1500,
        667
      ],
      [
        -242,
        -607
      ],
      [
        -2878,
        434
      ],
      [
        -70,
        782
      ]
    ],
    [
      [
        67054,
        45248
      ],
      [
        -1,
        0
      ]
    ],
    [
      [
        67053,
        45248
      ],
      [
        298,
        597
      ],
      [
        -526,
        357
      ],
      [
        -1067,
        -310
      ],
      [
        -879,
        523
      ],
      [
        -70,
        -623
      ],
      [
        -468,
        -237
      ],
      [
        -290,
        316
      ]
    ],
    [
      [
        64051,
        45872
      ],
      [
        0,
        -1
      ]
    ],
    [
      [
        64051,
        45871
      ],
      [
        -1468,
        203
      ]
    ],
    [
      [
        62584,
        46074
      ],
      [
        -1,
        0
      ]
    ],
    [
      [
        62583,
        46074
      ],
      [
        -359,
        -77
      ]
    ],
    [
      [
        62224,
        45997
      ],
      [
        -4389,
        -150
      ],
      [
        -306,
        -846
      ],
      [
        -1070,
        519
      ],
      [
        -1760,
        -761
      ],
      [
        -1340,
        180
      ],
      [
        -764,
        2883
      ],
      [
        1477,
        315
      ],
      [
        907,
        3068
      ],
      [
        1488,
        972
      ],
      [
        -1650,
        516
      ],
      [
        -603,
        -627
      ],
      [
        -570,
        94
      ],
      [
        -321,
        868
      ],
      [
        -975,
        397
      ]
    ],
    [
      [
        54596,
        22286
      ],
      [
        1071,
        211
      ],
      [
        -808,
        734
      ],
      [
        956,
        373
      ],
      [
        -972,
        1238
      ],
      [
        -1613,
        577
      ],
      [
        2161,
        285
      ],
      [
        1552,
        1360
      ],
      [
        2394,
        309
      ],
      [
        465,
        1179
      ],
      [
        1421,
        1051
      ],
      [
        -528,
        317
      ],
      [
        584,
        805
      ],
      [
        -647,
        190
      ],
      [
        501,
        737
      ],
      [
        -637,
        1063
      ]
    ],
    [
      [
        60496,
        32715
      ],
      [
        1039,
        -78
      ],
      [
        1875,
        908
      ],
      [
        -1717,
        3381
      ],
      [
        -88,
        3146
      ]
    ],
    [
      [
        61605,
        40072
      ],
      [
        239,
        3401
      ]
    ],
    [
      [
        61844,
        43473
      ],
      [
        1478,
        -706
      ],
      [
        0,
        -1088
      ],
      [
        1104,
        -1198
      ],
      [
        1567,
        159
      ],
      [
        3561,
        1446
      ],
      [
        1161,
        148
      ],
      [
        692,
        -386
      ],
      [
        -244,
        -2255
      ],
      [
        -687,
        -693
      ],
      [
        817,
        -1307
      ],
      [
        -329,
        -378
      ],
      [
        1120,
        -1128
      ],
      [
        1070,
        70
      ],
      [
        1046,
        -1457
      ]
    ],
    [
      [
        59612,
        19661
      ],
      [
        531,
        97
      ],
      [
        596,
        -943
      ],
      [
        966,
        -339
      ],
      [
        77,
        -667
      ],
      [
        906,
        -48
      ],
      [
        -166,
        -955
      ],
      [
        1171,
        -877
      ],
      [
        535,
        1047
      ],
      [
        1144,
        -184
      ],
      [
        122,
        704
      ],
      [
        900,
        85
      ],
      [
        -1075,
        1004
      ],
      [
        999,
        2085
      ],
      [
        -1363,
        278
      ],
      [
        551,
        1881
      ],
      [
        1003,
        -131
      ],
      [
        313,
        518
      ],
      [
        1716,
        261
      ],
      [
        -984,
        870
      ],
      [
        2674,
        770
      ],
      [
        186,
        650
      ],
      [
        950,
        -190
      ],
      [
        138,
        473
      ],
      [
        821,
        137
      ],
      [
        -309,
        339
      ],
      [
        613,
        122
      ],
      [
        479,
        1451
      ],
      [
        -662,
        1650
      ],
      [
        -521,
        -92
      ],
      [
        -195,
        409
      ],
      [
        -1878,
        -343
      ],
      [
        -1969,
        2042
      ],
      [
        1173,
        850
      ],
      [
        605,
        -589
      ],
      [
        924,
        29
      ],
      [
        2137,
        1663
      ],
      [
        -249,
        760
      ],
      [
        1729,
        222
      ]
    ],
    [
      [
        74200,
        34700
      ],
      [
        597,
        -909
      ],
      [
        1552,
        582
      ],
      [
        -100,
        1771
      ],
      [
        2032,
        224
      ],
      [
        -145,
        324
      ],
      [
        971,
        347
      ],
      [
        -500,
        1015
      ],
      [
        1332,
        167
      ],
      [
        40,
        403
      ],
      [
        2040,
        696
      ],
      [
        973,
        -60
      ],
      [
        -675,
        -731
      ],
      [
        672,
        -158
      ],
      [
        560,
        -2196
      ],
      [
        -543,
        -291
      ],
      [
        1765,
        -929
      ],
      [
        46,
        -1148
      ],
      [
        1478,
        -608
      ],
      [
        -1389,
        -546
      ],
      [
        -918,
        -1019
      ],
      [
        584,
        -1403
      ],
      [
        4170,
        -902
      ],
      [
        174,
        -2225
      ],
      [
        847,
        -524
      ],
      [
        -1239,
        -9695
      ]
    ],
    [
      [
        88524,
        16885
      ],
      [
        -359,
        -499
      ],
      [
        -1451,
        -159
      ],
      [
        -3590,
        -1501
      ],
      [
        -250,
        -2222
      ],
      [
        -3431,
        217
      ],
      [
        -530,
        -508
      ],
      [
        -6241,
        -1460
      ],
      [
        -2121,
        1700
      ],
      [
        -1145,
        -353
      ],
      [
        -839,
        783
      ],
      [
        -2744,
        -17
      ],
      [
        -454,
        -323
      ],
      [
        -521,
        269
      ],
      [
        -179,
        -571
      ],
      [
        -1526,
        -245
      ],
      [
        399,
        -945
      ],
      [
        -2821,
        -888
      ],
      [
        -888,
        -781
      ]
    ],
    [
      [
        28950,
        20512
      ],
      [
        1,
        0
      ]
    ],
    [
      [
        28951,
        20512
      ],
      [
        -1117,
        2391
      ]
    ],
    [
      [
        27834,
        22903
      ],
      [
        1049,
        66
      ],
      [
        -323,
        845
      ],
      [
        -822,
        212
      ],
      [
        1511,
        1455
      ]
    ],
    [
      [
        41297,
        23315
      ],
      [
        274,
        -588
      ],
      [
        -677,
        -334
      ],
      [
        608,
        -425
      ],
      [
        6430,
        -702
      ],
      [
        4031,
        142
      ],
      [
        2633,
        878
      ]
    ],
    [
      [
        54596,
        22286
      ],
      [
        231,
        -950
      ],
      [
        1873,
        -333
      ],
      [
        -230,
        -570
      ],
      [
        -1638,
        -386
      ],
      [
        654,
        -893
      ],
      [
        1173,
        -300
      ],
      [
        2146,
        521
      ],
      [
        405,
        460
      ],
      [
        402,
        -174
      ]
    ],
    [
      [
        59612,
        19661
      ],
      [
        -2191,
        -1993
      ],
      [
        -434,
        -1500
      ],
      [
        -1508,
        -1585
      ],
      [
        685,
        -2652
      ],
      [
        921,
        -781
      ],
      [
        1522,
        -283
      ],
      [
        1226,
        -1485
      ]
    ],
    [
      [
        59833,
        9382
      ],
      [
        903,
        -1232
      ],
      [
        -567,
        -234
      ],
      [
        -2469,
        443
      ],
      [
        -774,
        736
      ],
      [
        -2744,
        -188
      ],
      [
        -3999,
        992
      ],
      [
        -1437,
        -23
      ]
    ],
    [
      [
        48746,
        9876
      ],
      [
        -1,
        0
      ]
    ],
    [
      [
        48745,
        9876
      ],
      [
        -354,
        1244
      ],
      [
        -2135,
        -216
      ],
      [
        306,
        1303
      ],
      [
        -3125,
        -42
      ],
      [
        -507,
        -533
      ],
      [
        -1605,
        -158
      ]
    ],
    [
      [
        41325,
        11474
      ],
      [
        -199,
        310
      ],
      [
        -2960,
        273
      ],
      [
        -1713,
        897
      ]
    ],
    [
      [
        36453,
        12954
      ],
      [
        -3189,
        2861
      ],
      [
        -70,
        1461
      ],
      [
        -2083,
        808
      ],
      [
        -231,
        802
      ],
      [
        -1930,
        1626
      ]
    ],
    [
      [
        29249,
        25481
      ],
      [
        -121,
        532
      ],
      [
        666,
        101
      ],
      [
        -277,
        843
      ],
      [
        -1616,
        74
      ]
    ],
    [
      [
        27901,
        27031
      ],
      [
        -635,
        2070
      ],
      [
        2052,
        1878
      ],
      [
        -2097,
        -181
      ],
      [
        -265,
        469
      ]
    ],
    [
      [
        26955,
        31267
      ],
      [
        1,
        0
      ]
    ],
    [
      [
        26956,
        31267
      ],
      [
        -461,
        1161
      ],
      [
        1623,
        182
      ],
      [
        493,
        1586
      ]
    ],
    [
      [
        28611,
        34196
      ],
      [
        3504,
        1525
      ],
      [
        2535,
        82
      ],
      [
        738,
        928
      ],
      [
        -363,
        756
      ],
      [
        1941,
        233
      ],
      [
        1194,
        -1022
      ]
    ],
    [
      [
        38160,
        36698
      ],
      [
        246,
        -671
      ],
      [
        2352,
        -1181
      ],
      [
        -153,
        -399
      ],
      [
        1682,
        -673
      ],
      [
        -246,
        -784
      ],
      [
        1528,
        -1102
      ],
      [
        -704,
        24
      ],
      [
        80,
        -388
      ],
      [
        -953,
        -96
      ],
      [
        -428,
        -551
      ],
      [
        -2808,
        -437
      ],
      [
        1,
        -488
      ],
      [
        1223,
        -111
      ],
      [
        130,
        -1669
      ]
    ],
    [
      [
        40110,
        28172
      ],
      [
        -1487,
        -742
      ],
      [
        551,
        -730
      ],
      [
        -598,
        -1334
      ],
      [
        2934,
        -699
      ],
      [
        472,
        -946
      ],
      [
        -685,
        -407
      ]
    ],
    [
      [
        41297,
        23314
      ],
      [
        0,
        1
      ]
    ],
    [
      [
        41297,
        23315
      ],
      [
        -2147,
        -8
      ],
      [
        -1846,
        723
      ],
      [
        -2570,
        -767
      ],
      [
        -1446,
        868
      ],
      [
        -953,
        -241
      ],
      [
        -2488,
        1949
      ],
      [
        -598,
        -358
      ]
    ],
    [
      [
        27292,
        32706
      ],
      [
        -173,
        -39
      ],
      [
        -81,
        33
      ],
      [
        162,
        91
      ],
      [
        92,
        -85
      ]
    ]
  ]
}