{
  "type": "Topology",
  "objects": {
    "data": {
      "geometries": [
        {
          "properties": {
            "id": "LK",
            "name": "Sri Lanka",
            "area_sqkm": "65983.58",
            "center_lat": "7.621863",
            "center_lng": "80.698448",
            "other_names": "\u0b87\u0bb2\u0b99\u0bcd\u0b95\u0bc8,\u0dc1\u0dca\u200d\u0dbb\u0dd3 \u0dbd\u0d82\u0d9a\u0dcf"
          },
          "type": "MultiPolygon",
          "arcs": [
            [
              [
                -340,
                0
              ],
              [
                1
              ],
              [
                2
              ]
            ],
            [
              [
                3
              ]
            ],
            [
              [
                4
              ]
            ],
            [
              [
                5
              ]
            ],
            [
              [
                6
              ]
            ],
            [
              [
                7
              ]
            ],
            [
              [
                8
              ]
            ],
            [
              [
                9
              ]
            ],
            [
              [
                10
              ]
            ],
            [
              [
                11
              ]
            ],
            [
              [
                12
              ]
            ],
            [
              [
                13
              ]
            ],
            [
              [
                14
              ]
            ],
            [
              [
                15
              ]
            ],
            [
              [
                16
              ]
            ],
            [
              [
                17
              ]
            ],
            [
              [
                18
              ]
            ],
            [
              [
                19
              ]
            ],
            [
              [
                20
              ]
            ],
            [
              [
                21
              ]
            ],
            [
              [
                22
              ]
            ],
            [
              [
                23
              ]
            ],
            [
              [
                24
              ]
            ],
            [
              [
                25
              ]
            ],
            [
              [
                26
              ]
            ],
            [
              [
                27
              ]
            ],
            [
              [
                28
              ]
            ],
            [
              [
                29
              ]
            ],
            [
              [
                30
              ]
            ],
            [
              [
                31
              ]
            ],
            [
              [
                32
              ]
            ],
            [
              [
                33
              ]
            ],
            [
              [
                34
              ]
            ],
            [
              [
                35
              ]
            ],
            [
              [
                36
              ]
            ],
            [
              [
                37
              ]
            ],
            [
              [
                38
              ]
            ],
            [
              [
                39
              ]
            ],
            [
              [
                40
              ]
            ],
            [
              [
                41
              ]
            ],
            [
              [
                42
              ]
            ],
            [
              [
                43
              ]
            ],
            [
              [
                44
              ]
            ],
            [
              [
                45
              ]
            ],
            [
              [
                46
              ]
            ],
            [
              [
                47
              ]
            ],
            [
              [
                48
              ]
            ],
            [
              [
                49
              ]
            ],
            [
              [
                50
              ]
            ],
            [
              [
                51
              ]
            ],
            [
              [
                52
              ]
            ],
            [
              [
                53
              ]
            ],
            [
              [
                54
              ]
            ],
            [
              [
                55
              ]
            ],
            [
              [
                56
              ]
            ],
            [
              [
                57
              ]
            ],
            [
              [
                58
              ]
            ],
            [
              [
                59
              ]
            ],
            [
              [
                60
              ]
            ],
            [
              [
                61
              ]
            ],
            [
              [
                62
              ]
            ],
            [
              [
                63
              ]
            ],
            [
              [
                64
              ]
            ],
            [
              [
                65
              ]
            ],
            [
              [
                66
              ]
            ],
            [
              [
                67
              ]
            ],
            [
              [
                68
              ]
            ],
            [
              [
                69
              ]
            ],
            [
              [
                70
              ]
            ],
            [
              [
                71
              ]
            ],
            [
              [
                72
              ],
              [
                73
              ]
            ],
            [
              [
                74
              ]
            ],
            [
              [
                75
              ]
            ],
            [
              [
                76
              ]
            ],
            [
              [
                77
              ]
            ],
            [
              [
                78
              ]
            ],
            [
              [
                79
              ]
            ],
            [
              [
                80
              ]
            ],
            [
              [
                81
              ]
            ],
            [
              [
                82
              ]
            ],
            [
              [
                83
              ]
            ],
            [
              [
                84
              ]
            ],
            [
              [
                85
              ]
            ],
            [
              [
                86
              ]
            ],
            [
              [
                87
              ]
            ],
            [
              [
                88
              ]
            ],
            [
              [
                89
              ]
            ],
            [
              [
                90
              ]
            ],
            [
              [
                91
              ]
            ],
            [
              [
                92
              ]
            ],
            [
              [
                93
              ]
            ],
            [
              [
                94
              ]
            ],
            [
              [
                95
              ]
            ],
            [
              [
                96
              ]
            ],
            [
              [
                97
              ]
            ],
            [
              [
                98
              ]
            ],
            [
              [
                99
              ]
            ],
            [
              [
                100
              ]
            ],
            [
              [
                101
              ]
            ],
            [
              [
                102
              ]
            ],
            [
              [
                103
              ]
            ],
            [
              [
                104
              ]
            ],
            [
              [
                105
              ]
            ],
            [
              [
                106
              ]
            ],
            [
              [
                107
              ]
            ],
            [
              [
                108
              ]
            ],
            [
              [
                109
              ]
            ],
            [
              [
                110
              ]
            ],
            [
              [
                111
              ]
            ],
            [
              [
                112
              ]
            ],
            [
              [
                113
              ]
            ],
            [
              [
                114
              ]
            ],
            [
              [
                115
              ]
            ],
            [
              [
                116
              ]
            ],
            [
              [
                117
              ]
            ],
            [
              [
                118
              ]
            ],
            [
              [
                119
              ]
            ],
            [
              [
                120
              ]
            ],
            [
              [
                121
              ]
            ],
            [
              [
                122
              ]
            ],
            [
              [
                123
              ],
              [
                124
              ]
            ],
            [
              [
                125
              ]
            ],
            [
              [
                126
              ]
            ],
            [
              [
                127
              ]
            ],
            [
              [
                128
              ]
            ],
            [
              [
                129
              ]
            ],
            [
              [
                130
              ]
            ],
            [
              [
                131
              ]
            ],
            [
              [
                132
              ]
            ],
            [
              [
                133
              ]
            ],
            [
              [
                134
              ]
            ],
            [
              [
                135
              ]
            ],
            [
              [
                136
              ]
            ],
            [
              [
                137
              ]
            ],
            [
              [
                138
              ]
            ],
            [
              [
                139
              ]
            ],
            [
              [
                140
              ]
            ],
            [
              [
                141
              ]
            ],
            [
              [
                142
              ]
            ],
            [
              [
                143
              ]
            ],
            [
              [
                144
              ]
            ],
            [
              [
                145
              ]
            ],
            [
              [
                146
              ]
            ],
            [
              [
                147
              ]
            ],
            [
              [
                148
              ]
            ],
            [
              [
                149
              ]
            ],
            [
              [
                150
              ]
            ],
            [
              [
                151
              ]
            ],
            [
              [
                152
              ]
            ],
            [
              [
                153
              ]
            ],
            [
              [
                154
              ]
            ],
            [
              [
                155
              ]
            ],
            [
              [
                156
              ]
            ],
            [
              [
                157
              ]
            ],
            [
              [
                158
              ]
            ],
            [
              [
                159
              ]
            ],
            [
              [
                160
              ]
            ],
            [
              [
                161
              ]
            ],
            [
              [
                162
              ]
            ],
            [
              [
                163
              ]
            ],
            [
              [
                164
              ]
            ],
            [
              [
                165
              ]
            ],
            [
              [
                166
              ]
            ],
            [
              [
                167
              ]
            ],
            [
              [
                168
              ]
            ],
            [
              [
                169
              ]
            ],
            [
              [
                170
              ]
            ],
            [
              [
                171
              ]
            ],
            [
              [
                172
              ]
            ],
            [
              [
                173
              ]
            ],
            [
              [
                174
              ]
            ],
            [
              [
                175
              ]
            ],
            [
              [
                176
              ]
            ],
            [
              [
                177
              ]
            ],
            [
              [
                178
              ]
            ],
            [
              [
                179
              ]
            ],
            [
              [
                180
              ]
            ],
            [
              [
                181
              ]
            ],
            [
              [
                182
              ]
            ],
            [
              [
                183
              ]
            ],
            [
              [
                184
              ]
            ],
            [
              [
                185
              ]
            ],
            [
              [
                186
              ]
            ],
            [
              [
                187
              ]
            ],
            [
              [
                188
              ]
            ],
            [
              [
                189
              ]
            ],
            [
              [
                190
              ]
            ],
            [
              [
                191
              ]
            ],
            [
              [
                192
              ]
            ],
            [
              [
                193
              ]
            ],
            [
              [
                194
              ]
            ],
            [
              [
                195
              ]
            ],
            [
              [
                196
              ]
            ],
            [
              [
                197
              ]
            ],
            [
              [
                198
              ]
            ],
            [
              [
                199
              ]
            ],
            [
              [
                200
              ]
            ],
            [
              [
                201
              ]
            ],
            [
              [
                202
              ]
            ],
            [
              [
                203
              ]
            ],
            [
              [
                204
              ]
            ],
            [
              [
                205
              ]
            ],
            [
              [
                206
              ]
            ],
            [
              [
                207
              ]
            ],
            [
              [
                208
              ]
            ],
            [
              [
                209
              ]
            ],
            [
              [
                210
              ]
            ],
            [
              [
                211
              ]
            ],
            [
              [
                212
              ]
            ],
            [
              [
                213
              ]
            ],
            [
              [
                214
              ]
            ],
            [
              [
                215
              ]
            ],
            [
              [
                216
              ]
            ],
            [
              [
                217
              ]
            ],
            [
              [
                218
              ]
            ],
            [
              [
                219
              ]
            ],
            [
              [
                220
              ]
            ],
            [
              [
                221
              ]
            ],
            [
              [
                222
              ]
            ],
            [
              [
                223
              ]
            ],
            [
              [
                224
              ]
            ],
            [
              [
                225
              ]
            ],
            [
              [
                226
              ]
            ],
            [
              [
                227
              ]
            ],
            [
              [
                228
              ]
            ],
            [
              [
                229
              ]
            ],
            [
              [
                230
              ]
            ],
            [
              [
                231
              ]
            ],
            [
              [
                232
              ]
            ],
            [
              [
                233
              ]
            ],
            [
              [
                234
              ]
            ],
            [
              [
                235
              ]
            ],
            [
              [
                236
              ]
            ],
            [
              [
                237
              ]
            ],
            [
              [
                238
              ]
            ],
            [
              [
                239
              ]
            ],
            [
              [
                240
              ]
            ],
            [
              [
                241
              ]
            ],
            [
              [
                242
              ]
            ],
            [
              [
                243
              ]
            ],
            [
              [
                244
              ]
            ],
            [
              [
                245
              ]
            ],
            [
              [
                246
              ]
            ],
            [
              [
                247
              ]
            ],
            [
              [
                248
              ]
            ],
            [
              [
                249
              ]
            ],
            [
              [
                250
              ]
            ],
            [
              [
                251
              ]
            ],
            [
              [
                252
              ]
            ],
            [
              [
                253
              ]
            ],
            [
              [
                254
              ]
            ],
            [
              [
                255
              ]
            ],
            [
              [
                256
              ]
            ],
            [
              [
                257
              ]
            ],
            [
              [
                258
              ]
            ],
            [
              [
                259
              ]
            ],
            [
              [
                260
              ]
            ],
            [
              [
                261
              ]
            ],
            [
              [
                262
              ]
            ],
            [
              [
                263
              ]
            ],
            [
              [
                264
              ]
            ],
            [
              [
                265
              ]
            ],
            [
              [
                266
              ]
            ],
            [
              [
                267
              ]
            ],
            [
              [
                268
              ]
            ],
            [
              [
                269
              ]
            ],
            [
              [
                270
              ]
            ],
            [
              [
                271
              ]
            ],
            [
              [
                272
              ]
            ],
            [
              [
                273
              ]
            ],
            [
              [
                274
              ]
            ],
            [
              [
                275
              ]
            ],
            [
              [
                276
              ]
            ],
            [
              [
                277
              ]
            ],
            [
              [
                278
              ]
            ],
            [
              [
                279
              ]
            ],
            [
              [
                280
              ]
            ],
            [
              [
                281
              ]
            ],
            [
              [
                282
              ]
            ],
            [
              [
                283
              ]
            ],
            [
              [
                284
              ]
            ],
            [
              [
                285
              ]
            ],
            [
              [
                286
              ]
            ],
            [
              [
                287
              ]
            ],
            [
              [
                288
              ]
            ],
            [
              [
                289
              ]
            ],
            [
              [
                290
              ]
            ],
            [
              [
                291
              ]
            ],
            [
              [
                292
              ]
            ],
            [
              [
                293
              ]
            ],
            [
              [
                294
              ]
            ],
            [
              [
                295
              ]
            ],
            [
              [
                296
              ]
            ],
            [
              [
                297
              ]
            ],
            [
              [
                298
              ]
            ],
            [
              [
                299
              ]
            ],
            [
              [
                300
              ]
            ],
            [
              [
                301
              ]
            ],
            [
              [
                302
              ]
            ],
            [
              [
                303
              ]
            ],
            [
              [
                304
              ]
            ],
            [
              [
                305
              ]
            ],
            [
              [
                306
              ]
            ],
            [
              [
                307
              ]
            ],
            [
              [
                308
              ]
            ],
            [
              [
                309
              ]
            ],
            [
              [
                310
              ]
            ],
            [
              [
                311
              ]
            ],
            [
              [
                312
              ]
            ],
            [
              [
                313
              ]
            ],
            [
              [
                314
              ]
            ],
            [
              [
                315
              ]
            ],
            [
              [
                316
              ]
            ],
            [
              [
                317
              ]
            ],
            [
              [
                318
              ]
            ],
            [
              [
                319
              ]
            ],
            [
              [
                320
              ]
            ],
            [
              [
                321
              ]
            ],
            [
              [
                322
              ]
            ],
            [
              [
                323
              ]
            ],
            [
              [
                324
              ]
            ],
            [
              [
                325
              ]
            ],
            [
              [
                326
              ]
            ],
            [
              [
                327
              ]
            ],
            [
              [
                328
              ]
            ],
            [
              [
                329
              ]
            ],
            [
              [
                330
              ]
            ],
            [
              [
                331
              ]
            ],
            [
              [
                332
              ]
            ],
            [
              [
                333
              ]
            ],
            [
              [
                334
              ]
            ],
            [
              [
                335
              ]
            ],
            [
              [
                336
              ]
            ],
            [
              [
                337
              ]
            ],
            [
              [
                338
              ]
            ],
            [
              [
                339,
                340
              ]
            ],
            [
              [
                341
              ]
            ],
            [
              [
                342
              ]
            ],
            [
              [
                343
              ]
            ],
            [
              [
                344
              ]
            ],
            [
              [
                345
              ]
            ],
            [
              [
                346
              ]
            ],
            [
              [
                347
              ]
            ],
            [
              [
                348
              ]
            ],
            [
              [
                349
              ]
            ],
            [
              [
                350
              ]
            ],
            [
              [
                351
              ]
            ],
            [
              [
                352
              ]
            ],
            [
              [
                353
              ]
            ],
            [
              [
                354
              ]
            ],
            [
              [
                355
              ]
            ],
            [
              [
                356
              ]
            ],
            [
              [
                357
              ]
            ],
            [
              [
                358
              ]
            ],
            [
              [
                359
              ]
            ],
            [
              [
                360
              ]
            ],
            [
              [
                361
              ]
            ],
            [
              [
                362
              ]
            ],
            [
              [
                363
              ]
            ],
            [
              [
                364
              ]
            ],
            [
              [
                365
              ]
            ],
            [
              [
                366
              ]
            ],
            [
              [
                367
              ]
            ],
            [
              [
                368
              ]
            ],
            [
              [
                369
              ]
            ],
            [
              [
                370
              ]
            ],
            [
              [
                371
              ]
            ],
            [
              [
                372
              ]
            ],
            [
              [
                373
              ]
            ],
            [
              [
                374
              ]
            ],
            [
              [
                375
              ]
            ],
            [
              [
                376
              ]
            ],
            [
              [
                377
              ]
            ],
            [
              [
                378
              ]
            ],
            [
              [
                379
              ]
            ],
            [
              [
                380
              ]
            ],
            [
              [
                381
              ]
            ],
            [
              [
                382
              ]
            ],
            [
              [
                383
              ]
            ],
            [
              [
                384
              ]
            ],
            [
              [
                385
              ]
            ],
            [
              [
                386
              ]
            ],
            [
              [
                387
              ]
            ],
            [
              [
                388
              ]
            ],
            [
              [
                389
              ]
            ],
            [
              [
                390
              ]
            ],
            [
              [
                391
              ]
            ],
            [
              [
                392
              ]
            ],
            [
              [
                393
              ]
            ],
            [
              [
                394
              ]
            ],
            [
              [
                395
              ]
            ]
          ],
          "id": "feature_0"
        }
      ],
      "type": "GeometryCollection"
    }
  },
  "transform": {
    "scale": [
      2.3575297425227493e-05,
      3.917205388053822e-05
    ],
    "translate": [
      79.52152740877477,
      5.918696761000149
    ]
  },
  "bbox": [
    79.52152740877477,
    5.918696761000149,
    81.8790335760001,
    9.83586297700009
  ],
  "arcs": [
    [
      [
        16675,
        76736
      ],
      [
        89,
        -40
      ],
      [
        -38,
        -29
      ],
      [
        -129,
        71
      ],
      [
        -66,
        76
      ],
      [
        -36,
        114
      ],
      [
        56,
        104
      ],
      [
        -33,
        75
      ],
      [
        131,
        55
      ],
      [
        -350,
        -57
      ],
      [
        -125,
        97
      ],
      [
        73,
        135
      ],
      [
        222,
        -74
      ],
      [
        653,
        -333
      ],
      [
        -152,
        247
      ],
      [
        62,
        140
      ],
      [
        91,
        -6
      ],
      [
        -58,
        -38
      ],
      [
        87,
        35
      ],
      [
        190,
        -19
      ],
      [
        38,
        -99
      ],
      [
        98,
        69
      ],
      [
        494,
        33
      ],
      [
        -57,
        -11
      ],
      [
        49,
        -34
      ],
      [
        267,
        40
      ],
      [
        72,
        -81
      ],
      [
        48,
        9
      ],
      [
        -6,
        58
      ],
      [
        -92,
        24
      ],
      [
        165,
        163
      ],
      [
        -29,
        37
      ],
      [
        79,
        -6
      ],
      [
        -93,
        87
      ],
      [
        307,
        142
      ],
      [
        63,
        88
      ],
      [
        383,
        149
      ],
      [
        437,
        25
      ],
      [
        207,
        103
      ],
      [
        175,
        342
      ],
      [
        -37,
        118
      ],
      [
        107,
        -9
      ],
      [
        215,
        111
      ],
      [
        239,
        40
      ],
      [
        463,
        291
      ],
      [
        142,
        -2
      ],
      [
        393,
        118
      ],
      [
        338,
        -64
      ],
      [
        234,
        36
      ],
      [
        -119,
        92
      ],
      [
        414,
        267
      ],
      [
        31,
        108
      ],
      [
        75,
        35
      ],
      [
        9,
        134
      ],
      [
        286,
        323
      ],
      [
        345,
        182
      ],
      [
        134,
        152
      ],
      [
        156,
        379
      ],
      [
        -109,
        146
      ],
      [
        58,
        117
      ],
      [
        89,
        21
      ],
      [
        -14,
        64
      ],
      [
        29,
        76
      ],
      [
        21,
        18
      ],
      [
        -7,
        -33
      ],
      [
        180,
        16
      ],
      [
        -174,
        144
      ],
      [
        86,
        37
      ],
      [
        -92,
        35
      ],
      [
        140,
        180
      ],
      [
        -54,
        97
      ],
      [
        91,
        98
      ],
      [
        -99,
        128
      ],
      [
        60,
        66
      ],
      [
        105,
        -8
      ],
      [
        14,
        42
      ],
      [
        -73,
        12
      ],
      [
        50,
        82
      ],
      [
        84,
        -3
      ],
      [
        46,
        50
      ],
      [
        -116,
        33
      ],
      [
        -12,
        60
      ],
      [
        240,
        200
      ],
      [
        17,
        104
      ],
      [
        71,
        39
      ],
      [
        243,
        -11
      ],
      [
        152,
        47
      ],
      [
        70,
        139
      ],
      [
        47,
        -12
      ],
      [
        164,
        519
      ],
      [
        9,
        -31
      ],
      [
        122,
        121
      ],
      [
        -68,
        231
      ],
      [
        0,
        58
      ],
      [
        17,
        35
      ],
      [
        7,
        -140
      ],
      [
        4,
        170
      ],
      [
        46,
        83
      ],
      [
        45,
        56
      ],
      [
        -26,
        -46
      ],
      [
        42,
        15
      ],
      [
        22,
        4
      ],
      [
        10,
        0
      ],
      [
        3,
        -2
      ],
      [
        -65,
        -22
      ],
      [
        -45,
        -64
      ],
      [
        31,
        34
      ],
      [
        43,
        18
      ],
      [
        -16,
        -72
      ],
      [
        72,
        44
      ],
      [
        58,
        -21
      ],
      [
        342,
        355
      ],
      [
        -23,
        150
      ],
      [
        93,
        187
      ],
      [
        -162,
        394
      ],
      [
        195,
        348
      ],
      [
        -21,
        158
      ],
      [
        -386,
        235
      ],
      [
        -67,
        148
      ],
      [
        181,
        263
      ],
      [
        307,
        134
      ],
      [
        28,
        223
      ],
      [
        -346,
        252
      ],
      [
        -62,
        -17
      ],
      [
        4,
        45
      ],
      [
        -1125,
        466
      ],
      [
        -246,
        -17
      ],
      [
        96,
        -37
      ],
      [
        -47,
        -33
      ],
      [
        -295,
        4
      ],
      [
        -7,
        53
      ],
      [
        -158,
        -50
      ],
      [
        -312,
        138
      ],
      [
        -68,
        129
      ],
      [
        86,
        135
      ],
      [
        -201,
        216
      ],
      [
        164,
        183
      ],
      [
        -352,
        223
      ],
      [
        -16,
        132
      ],
      [
        96,
        100
      ],
      [
        -120,
        170
      ],
      [
        15,
        251
      ],
      [
        811,
        315
      ],
      [
        342,
        70
      ],
      [
        41,
        -55
      ],
      [
        547,
        194
      ],
      [
        721,
        130
      ],
      [
        233,
        89
      ],
      [
        60,
        79
      ],
      [
        11,
        -38
      ],
      [
        124,
        61
      ],
      [
        34,
        -25
      ],
      [
        -30,
        36
      ],
      [
        66,
        57
      ],
      [
        978,
        260
      ],
      [
        478,
        294
      ],
      [
        21,
        41
      ],
      [
        -20,
        43
      ],
      [
        19,
        33
      ],
      [
        6,
        -30
      ],
      [
        276,
        161
      ],
      [
        24,
        -3
      ],
      [
        -11,
        -7
      ],
      [
        7,
        -9
      ],
      [
        3,
        -1
      ],
      [
        22,
        -1
      ],
      [
        8,
        5
      ],
      [
        66,
        55
      ],
      [
        3,
        7
      ],
      [
        -2,
        16
      ],
      [
        2,
        2
      ],
      [
        4,
        0
      ],
      [
        14,
        8
      ],
      [
        -2,
        4
      ],
      [
        -4,
        0
      ],
      [
        -17,
        -16
      ],
      [
        0,
        -20
      ],
      [
        -72,
        -60
      ],
      [
        -27,
        4
      ],
      [
        7,
        14
      ],
      [
        -28,
        6
      ],
      [
        189,
        184
      ],
      [
        543,
        183
      ],
      [
        128,
        232
      ],
      [
        -8,
        163
      ],
      [
        -417,
        399
      ],
      [
        -643,
        470
      ],
      [
        -701,
        406
      ],
      [
        -1211,
        587
      ],
      [
        -927,
        392
      ],
      [
        -842,
        300
      ],
      [
        -914,
        262
      ],
      [
        295,
        157
      ],
      [
        66,
        158
      ],
      [
        183,
        -73
      ],
      [
        -142,
        -102
      ],
      [
        113,
        -89
      ],
      [
        172,
        -46
      ],
      [
        95,
        46
      ],
      [
        -24,
        -50
      ],
      [
        117,
        83
      ],
      [
        -74,
        -90
      ],
      [
        48,
        32
      ],
      [
        -5,
        -52
      ],
      [
        166,
        83
      ],
      [
        -36,
        -107
      ],
      [
        294,
        -11
      ],
      [
        214,
        -76
      ],
      [
        224,
        1
      ],
      [
        203,
        -139
      ],
      [
        114,
        -17
      ],
      [
        25,
        -57
      ],
      [
        78,
        94
      ],
      [
        52,
        -30
      ],
      [
        -48,
        -37
      ],
      [
        -3,
        -15
      ],
      [
        150,
        55
      ],
      [
        -216,
        60
      ],
      [
        -37,
        25
      ],
      [
        -5,
        9
      ],
      [
        149,
        -40
      ],
      [
        324,
        -123
      ],
      [
        -124,
        24
      ],
      [
        6,
        -157
      ],
      [
        82,
        35
      ],
      [
        107,
        -56
      ],
      [
        -5,
        -65
      ],
      [
        63,
        40
      ],
      [
        23,
        -91
      ],
      [
        260,
        -14
      ],
      [
        4,
        99
      ],
      [
        287,
        -11
      ],
      [
        394,
        -344
      ],
      [
        142,
        -52
      ],
      [
        -74,
        3
      ],
      [
        48,
        -34
      ],
      [
        84,
        -17
      ],
      [
        -5,
        41
      ],
      [
        79,
        -73
      ],
      [
        80,
        22
      ],
      [
        147,
        -97
      ],
      [
        508,
        -142
      ],
      [
        416,
        -171
      ],
      [
        252,
        -17
      ],
      [
        134,
        -59
      ],
      [
        329,
        111
      ],
      [
        337,
        25
      ],
      [
        -60,
        -19
      ],
      [
        50,
        -10
      ],
      [
        -41,
        -56
      ],
      [
        76,
        81
      ],
      [
        46,
        177
      ],
      [
        -39,
        -193
      ],
      [
        -85,
        -75
      ],
      [
        53,
        6
      ],
      [
        22,
        -59
      ],
      [
        113,
        14
      ],
      [
        72,
        -37
      ],
      [
        -145,
        -43
      ],
      [
        226,
        19
      ],
      [
        203,
        -112
      ],
      [
        -60,
        -28
      ],
      [
        49,
        -22
      ],
      [
        49,
        30
      ],
      [
        243,
        -78
      ],
      [
        273,
        13
      ],
      [
        12,
        -61
      ],
      [
        99,
        102
      ],
      [
        -119,
        61
      ],
      [
        41,
        51
      ],
      [
        389,
        -182
      ],
      [
        117,
        111
      ],
      [
        -54,
        -137
      ],
      [
        615,
        -276
      ],
      [
        621,
        -214
      ],
      [
        0,
        63
      ],
      [
        -205,
        50
      ],
      [
        103,
        22
      ],
      [
        231,
        -77
      ],
      [
        37,
        14
      ],
      [
        -127,
        30
      ],
      [
        76,
        -9
      ],
      [
        -19,
        26
      ],
      [
        -129,
        32
      ],
      [
        221,
        -39
      ],
      [
        847,
        -452
      ],
      [
        -96,
        26
      ],
      [
        22,
        -31
      ],
      [
        -185,
        -66
      ],
      [
        52,
        27
      ],
      [
        -62,
        -18
      ],
      [
        -70,
        42
      ],
      [
        64,
        16
      ],
      [
        -295,
        14
      ],
      [
        -112,
        56
      ],
      [
        -333,
        22
      ],
      [
        -66,
        -33
      ],
      [
        -453,
        213
      ],
      [
        24,
        -261
      ],
      [
        86,
        -71
      ],
      [
        115,
        -10
      ],
      [
        51,
        -91
      ],
      [
        161,
        -33
      ],
      [
        -7,
        -35
      ],
      [
        277,
        -104
      ],
      [
        143,
        -7
      ],
      [
        0,
        -40
      ],
      [
        175,
        18
      ],
      [
        232,
        -148
      ],
      [
        -55,
        -32
      ],
      [
        -94,
        46
      ],
      [
        -378,
        23
      ],
      [
        -148,
        -54
      ],
      [
        125,
        -16
      ],
      [
        -174,
        -7
      ],
      [
        -136,
        -61
      ],
      [
        -276,
        68
      ],
      [
        -37,
        -18
      ],
      [
        90,
        -12
      ],
      [
        -114,
        -103
      ],
      [
        325,
        -91
      ],
      [
        -23,
        -30
      ],
      [
        208,
        -16
      ],
      [
        188,
        -96
      ],
      [
        570,
        -119
      ],
      [
        289,
        -26
      ],
      [
        12,
        57
      ],
      [
        247,
        25
      ],
      [
        -23,
        34
      ],
      [
        93,
        -53
      ],
      [
        36,
        13
      ],
      [
        15,
        35
      ],
      [
        5,
        6
      ],
      [
        13,
        1
      ],
      [
        106,
        -93
      ],
      [
        71,
        44
      ],
      [
        160,
        -9
      ],
      [
        -70,
        40
      ],
      [
        -75,
        -31
      ],
      [
        -18,
        11
      ],
      [
        -1,
        24
      ],
      [
        119,
        -1
      ],
      [
        51,
        48
      ],
      [
        47,
        -33
      ],
      [
        6,
        32
      ],
      [
        16,
        14
      ],
      [
        -17,
        -45
      ],
      [
        27,
        41
      ],
      [
        50,
        -48
      ],
      [
        227,
        98
      ],
      [
        231,
        -27
      ],
      [
        161,
        -87
      ],
      [
        316,
        -75
      ],
      [
        159,
        18
      ],
      [
        120,
        73
      ],
      [
        -6,
        -27
      ],
      [
        -38,
        -16
      ],
      [
        -8,
        -19
      ],
      [
        93,
        -26
      ],
      [
        -86,
        37
      ],
      [
        122,
        72
      ],
      [
        110,
        131
      ],
      [
        -44,
        62
      ],
      [
        -47,
        -102
      ],
      [
        -56,
        4
      ],
      [
        49,
        146
      ],
      [
        34,
        -21
      ],
      [
        123,
        56
      ],
      [
        67,
        -32
      ],
      [
        143,
        -30
      ],
      [
        -120,
        109
      ],
      [
        -143,
        36
      ],
      [
        -120,
        -118
      ],
      [
        112,
        123
      ],
      [
        154,
        -34
      ],
      [
        134,
        -111
      ],
      [
        159,
        -44
      ],
      [
        -123,
        -17
      ],
      [
        18,
        -48
      ],
      [
        -81,
        -25
      ],
      [
        128,
        -14
      ],
      [
        35,
        70
      ],
      [
        134,
        3
      ],
      [
        -17,
        75
      ],
      [
        258,
        27
      ],
      [
        -34,
        -41
      ],
      [
        124,
        6
      ],
      [
        595,
        228
      ],
      [
        215,
        27
      ],
      [
        -30,
        11
      ],
      [
        -1,
        26
      ],
      [
        173,
        -14
      ],
      [
        206,
        50
      ],
      [
        95,
        74
      ],
      [
        81,
        -18
      ],
      [
        54,
        91
      ],
      [
        -77,
        -21
      ],
      [
        20,
        53
      ],
      [
        -37,
        -56
      ],
      [
        -29,
        -15
      ],
      [
        -11,
        15
      ],
      [
        50,
        81
      ],
      [
        73,
        -23
      ],
      [
        69,
        58
      ],
      [
        -149,
        -22
      ],
      [
        1,
        145
      ],
      [
        65,
        128
      ],
      [
        155,
        112
      ],
      [
        -209,
        159
      ],
      [
        -8,
        78
      ],
      [
        64,
        12
      ],
      [
        -209,
        81
      ],
      [
        171,
        -70
      ],
      [
        -36,
        -16
      ],
      [
        -206,
        103
      ],
      [
        40,
        -70
      ],
      [
        -73,
        -37
      ],
      [
        -134,
        42
      ],
      [
        -340,
        303
      ],
      [
        -602,
        405
      ],
      [
        -133,
        149
      ],
      [
        -90,
        31
      ],
      [
        126,
        -99
      ],
      [
        -280,
        198
      ],
      [
        -646,
        322
      ],
      [
        -1195,
        475
      ],
      [
        -313,
        71
      ],
      [
        -180,
        101
      ],
      [
        -1370,
        472
      ],
      [
        -266,
        71
      ],
      [
        -41,
        -46
      ],
      [
        -20,
        4
      ],
      [
        45,
        44
      ],
      [
        -1120,
        409
      ],
      [
        -1011,
        292
      ],
      [
        -574,
        90
      ],
      [
        -453,
        173
      ],
      [
        -565,
        136
      ],
      [
        -105,
        -40
      ],
      [
        -67,
        40
      ],
      [
        -119,
        -24
      ],
      [
        -27,
        -21
      ],
      [
        99,
        -3
      ],
      [
        40,
        -50
      ],
      [
        -158,
        35
      ],
      [
        -67,
        -103
      ],
      [
        -168,
        -41
      ],
      [
        -48,
        -59
      ],
      [
        84,
        -36
      ],
      [
        22,
        36
      ],
      [
        155,
        -108
      ],
      [
        48,
        24
      ],
      [
        -17,
        -45
      ],
      [
        -80,
        -5
      ],
      [
        144,
        -217
      ],
      [
        -15,
        112
      ],
      [
        211,
        16
      ],
      [
        52,
        40
      ],
      [
        149,
        -43
      ],
      [
        4,
        -65
      ],
      [
        -88,
        -48
      ],
      [
        79,
        -59
      ],
      [
        -32,
        -39
      ],
      [
        -283,
        -74
      ],
      [
        239,
        -26
      ],
      [
        43,
        -54
      ],
      [
        -207,
        -9
      ],
      [
        -250,
        77
      ],
      [
        -80,
        -34
      ],
      [
        665,
        -161
      ],
      [
        -111,
        54
      ],
      [
        17,
        31
      ],
      [
        148,
        13
      ],
      [
        58,
        63
      ],
      [
        179,
        -26
      ],
      [
        -135,
        -338
      ],
      [
        -263,
        -39
      ],
      [
        44,
        -16
      ],
      [
        -132,
        26
      ],
      [
        -16,
        -6
      ],
      [
        103,
        -113
      ],
      [
        190,
        22
      ],
      [
        392,
        -63
      ],
      [
        -87,
        -172
      ],
      [
        -96,
        -14
      ],
      [
        121,
        -5
      ],
      [
        -181,
        -56
      ],
      [
        141,
        3
      ],
      [
        74,
        48
      ],
      [
        134,
        -22
      ],
      [
        380,
        -102
      ],
      [
        -86,
        -19
      ],
      [
        -114,
        35
      ],
      [
        -46,
        -55
      ],
      [
        162,
        -28
      ],
      [
        194,
        30
      ],
      [
        213,
        -65
      ],
      [
        94,
        13
      ],
      [
        50,
        -74
      ],
      [
        -170,
        -34
      ],
      [
        -59,
        29
      ],
      [
        -10,
        -36
      ],
      [
        -93,
        34
      ],
      [
        -19,
        -70
      ],
      [
        -865,
        300
      ],
      [
        -963,
        431
      ],
      [
        -192,
        179
      ],
      [
        -418,
        191
      ],
      [
        -2276,
        643
      ],
      [
        -274,
        137
      ],
      [
        -125,
        18
      ],
      [
        -21,
        -53
      ],
      [
        -33,
        149
      ],
      [
        -74,
        29
      ],
      [
        32,
        -160
      ],
      [
        -103,
        -76
      ],
      [
        60,
        0
      ],
      [
        -58,
        -48
      ],
      [
        -1,
        -16
      ],
      [
        7,
        -12
      ],
      [
        42,
        -10
      ],
      [
        -28,
        -25
      ],
      [
        43,
        29
      ],
      [
        -59,
        31
      ],
      [
        73,
        4
      ],
      [
        17,
        44
      ],
      [
        177,
        -60
      ],
      [
        -36,
        -38
      ],
      [
        -138,
        3
      ],
      [
        1,
        -65
      ],
      [
        163,
        -81
      ],
      [
        108,
        34
      ],
      [
        42,
        -70
      ],
      [
        550,
        -121
      ],
      [
        100,
        -137
      ],
      [
        504,
        -160
      ],
      [
        23,
        -100
      ],
      [
        201,
        -131
      ],
      [
        647,
        -133
      ],
      [
        81,
        40
      ],
      [
        6,
        -45
      ],
      [
        -185,
        -56
      ],
      [
        -1346,
        293
      ],
      [
        -697,
        270
      ],
      [
        -481,
        255
      ],
      [
        -1018,
        293
      ],
      [
        -41,
        -40
      ],
      [
        17,
        39
      ],
      [
        -161,
        2
      ],
      [
        -18,
        -66
      ],
      [
        -97,
        -38
      ],
      [
        -175,
        1
      ],
      [
        5,
        37
      ],
      [
        -97,
        -33
      ],
      [
        -144,
        29
      ],
      [
        19,
        -24
      ],
      [
        -462,
        91
      ],
      [
        -33,
        -34
      ],
      [
        23,
        38
      ],
      [
        -245,
        100
      ],
      [
        26,
        64
      ],
      [
        -3,
        8
      ],
      [
        -377,
        146
      ],
      [
        -422,
        -371
      ],
      [
        184,
        -63
      ],
      [
        -94,
        3
      ],
      [
        67,
        -19
      ],
      [
        -66,
        -52
      ],
      [
        135,
        32
      ],
      [
        92,
        -50
      ],
      [
        -223,
        -18
      ],
      [
        231,
        6
      ],
      [
        -24,
        -28
      ],
      [
        152,
        -45
      ],
      [
        -86,
        -28
      ],
      [
        -268,
        48
      ],
      [
        117,
        -81
      ],
      [
        -110,
        -8
      ],
      [
        8,
        -72
      ],
      [
        204,
        -139
      ],
      [
        205,
        64
      ],
      [
        -230,
        -359
      ],
      [
        11,
        -62
      ],
      [
        24,
        -5
      ],
      [
        -3,
        75
      ],
      [
        53,
        -9
      ],
      [
        -5,
        -100
      ],
      [
        66,
        81
      ],
      [
        27,
        -13
      ],
      [
        -254,
        -270
      ],
      [
        29,
        -25
      ],
      [
        -555,
        -162
      ],
      [
        -526,
        72
      ],
      [
        -352,
        127
      ],
      [
        -98,
        83
      ],
      [
        -4,
        76
      ],
      [
        55,
        5
      ],
      [
        76,
        -24
      ],
      [
        -102,
        -42
      ],
      [
        78,
        -73
      ],
      [
        440,
        -21
      ],
      [
        151,
        239
      ],
      [
        40,
        -47
      ],
      [
        131,
        23
      ],
      [
        -14,
        43
      ],
      [
        -49,
        -31
      ],
      [
        -50,
        33
      ],
      [
        20,
        144
      ],
      [
        -87,
        15
      ],
      [
        -242,
        -142
      ],
      [
        -9,
        -62
      ],
      [
        48,
        -4
      ],
      [
        -272,
        -22
      ],
      [
        -326,
        45
      ],
      [
        -564,
        294
      ],
      [
        -560,
        121
      ],
      [
        -569,
        66
      ],
      [
        -332,
        -58
      ],
      [
        -118,
        -215
      ],
      [
        -244,
        -161
      ],
      [
        -244,
        6
      ],
      [
        -344,
        174
      ],
      [
        -1261,
        -416
      ],
      [
        78,
        -92
      ],
      [
        -226,
        -237
      ],
      [
        13,
        60
      ],
      [
        -27,
        -34
      ],
      [
        114,
        -217
      ],
      [
        -67,
        46
      ],
      [
        -37,
        -102
      ],
      [
        147,
        31
      ],
      [
        -132,
        -205
      ],
      [
        107,
        -164
      ],
      [
        -224,
        -82
      ],
      [
        -574,
        -8
      ],
      [
        -1655,
        233
      ],
      [
        -79,
        101
      ],
      [
        56,
        54
      ],
      [
        -5,
        158
      ],
      [
        -54,
        -16
      ],
      [
        -58,
        -217
      ],
      [
        -96,
        -16
      ],
      [
        -131,
        49
      ],
      [
        -12,
        58
      ],
      [
        -126,
        14
      ],
      [
        13,
        123
      ],
      [
        150,
        11
      ],
      [
        39,
        75
      ],
      [
        -58,
        -64
      ],
      [
        -119,
        -5
      ],
      [
        -52,
        104
      ],
      [
        46,
        108
      ],
      [
        -111,
        81
      ],
      [
        115,
        -82
      ],
      [
        105,
        61
      ],
      [
        102,
        -135
      ],
      [
        -48,
        -52
      ],
      [
        165,
        -96
      ],
      [
        373,
        26
      ],
      [
        -42,
        93
      ],
      [
        110,
        140
      ],
      [
        -180,
        25
      ],
      [
        -39,
        62
      ],
      [
        163,
        81
      ],
      [
        -92,
        134
      ],
      [
        100,
        122
      ],
      [
        -70,
        11
      ],
      [
        73,
        8
      ],
      [
        -83,
        47
      ],
      [
        222,
        218
      ],
      [
        68,
        -12
      ],
      [
        49,
        -118
      ],
      [
        130,
        -36
      ],
      [
        -28,
        98
      ],
      [
        121,
        33
      ],
      [
        26,
        -104
      ],
      [
        -71,
        -79
      ],
      [
        86,
        -54
      ],
      [
        26,
        -159
      ],
      [
        173,
        101
      ],
      [
        122,
        -81
      ],
      [
        31,
        38
      ],
      [
        186,
        -40
      ],
      [
        288,
        98
      ],
      [
        144,
        123
      ],
      [
        761,
        -313
      ],
      [
        1278,
        421
      ],
      [
        -584,
        276
      ],
      [
        -194,
        44
      ],
      [
        -72,
        -35
      ],
      [
        -151,
        107
      ],
      [
        -2,
        139
      ],
      [
        -183,
        165
      ],
      [
        -6,
        184
      ],
      [
        -142,
        8
      ],
      [
        -216,
        131
      ],
      [
        -505,
        504
      ],
      [
        10,
        60
      ],
      [
        -52,
        10
      ],
      [
        2,
        5
      ],
      [
        53,
        -11
      ],
      [
        56,
        71
      ],
      [
        190,
        7
      ],
      [
        8,
        73
      ],
      [
        -91,
        -7
      ],
      [
        -136,
        62
      ],
      [
        56,
        35
      ],
      [
        -211,
        66
      ],
      [
        -9,
        136
      ],
      [
        289,
        -64
      ],
      [
        228,
        7
      ],
      [
        227,
        61
      ],
      [
        -2,
        41
      ],
      [
        8,
        -40
      ],
      [
        211,
        -4
      ],
      [
        188,
        -202
      ],
      [
        180,
        -58
      ],
      [
        277,
        43
      ],
      [
        185,
        139
      ],
      [
        145,
        -28
      ],
      [
        163,
        -60
      ],
      [
        133,
        -225
      ],
      [
        263,
        -104
      ],
      [
        20,
        -134
      ],
      [
        -86,
        4
      ],
      [
        -74,
        -81
      ],
      [
        147,
        -96
      ],
      [
        -28,
        -45
      ],
      [
        232,
        94
      ],
      [
        205,
        -34
      ],
      [
        -108,
        66
      ],
      [
        270,
        -32
      ],
      [
        282,
        92
      ],
      [
        32,
        -30
      ],
      [
        143,
        30
      ],
      [
        -286,
        42
      ],
      [
        38,
        27
      ],
      [
        431,
        -14
      ],
      [
        74,
        51
      ],
      [
        -39,
        -49
      ],
      [
        245,
        -100
      ],
      [
        -135,
        -74
      ],
      [
        59,
        -46
      ],
      [
        -73,
        -152
      ],
      [
        94,
        -33
      ],
      [
        -339,
        4
      ],
      [
        -33,
        -26
      ],
      [
        -106,
        -13
      ],
      [
        -13,
        -6
      ],
      [
        105,
        -19
      ],
      [
        -33,
        -39
      ],
      [
        95,
        24
      ],
      [
        734,
        -306
      ],
      [
        -27,
        -42
      ],
      [
        49,
        31
      ],
      [
        29,
        -56
      ],
      [
        186,
        -82
      ],
      [
        727,
        -250
      ],
      [
        254,
        -39
      ],
      [
        160,
        1
      ],
      [
        73,
        44
      ],
      [
        112,
        -31
      ],
      [
        60,
        34
      ],
      [
        -75,
        50
      ],
      [
        148,
        9
      ],
      [
        20,
        -10
      ],
      [
        -156,
        -90
      ],
      [
        11,
        -22
      ],
      [
        163,
        107
      ],
      [
        -97,
        -139
      ],
      [
        89,
        -10
      ],
      [
        -8,
        -109
      ],
      [
        -32,
        -54
      ],
      [
        -107,
        -19
      ],
      [
        108,
        -31
      ],
      [
        21,
        -32
      ],
      [
        -8,
        28
      ],
      [
        -25,
        8
      ],
      [
        9,
        28
      ],
      [
        44,
        27
      ],
      [
        -43,
        -45
      ],
      [
        43,
        -2
      ],
      [
        166,
        185
      ],
      [
        -97,
        216
      ],
      [
        820,
        664
      ],
      [
        -281,
        209
      ],
      [
        74,
        156
      ],
      [
        -115,
        273
      ],
      [
        -400,
        94
      ],
      [
        -78,
        -35
      ],
      [
        -65,
        -137
      ],
      [
        -183,
        -13
      ],
      [
        13,
        86
      ],
      [
        -71,
        -13
      ],
      [
        -54,
        12
      ],
      [
        58,
        0
      ],
      [
        12,
        37
      ],
      [
        -109,
        -8
      ],
      [
        -194,
        74
      ],
      [
        -240,
        161
      ],
      [
        -47,
        50
      ],
      [
        46,
        -25
      ],
      [
        51,
        66
      ],
      [
        -51,
        -14
      ],
      [
        -21,
        125
      ],
      [
        -45,
        -97
      ],
      [
        -237,
        -83
      ],
      [
        -246,
        -256
      ],
      [
        -180,
        115
      ],
      [
        -13,
        -81
      ],
      [
        -168,
        -31
      ],
      [
        -136,
        77
      ],
      [
        14,
        41
      ],
      [
        117,
        -21
      ],
      [
        -19,
        28
      ],
      [
        -125,
        17
      ],
      [
        -90,
        -48
      ],
      [
        69,
        60
      ],
      [
        -176,
        104
      ],
      [
        18,
        152
      ],
      [
        -279,
        215
      ],
      [
        -5,
        44
      ],
      [
        10,
        31
      ],
      [
        24,
        -90
      ],
      [
        30,
        88
      ],
      [
        -60,
        57
      ],
      [
        94,
        82
      ],
      [
        -50,
        91
      ],
      [
        -108,
        -3
      ],
      [
        -111,
        153
      ],
      [
        40,
        -39
      ],
      [
        4,
        37
      ],
      [
        -115,
        29
      ],
      [
        -89,
        103
      ],
      [
        71,
        81
      ],
      [
        -205,
        110
      ],
      [
        -1110,
        -84
      ],
      [
        -215,
        -314
      ],
      [
        6,
        -134
      ],
      [
        160,
        -246
      ],
      [
        -363,
        -118
      ],
      [
        -168,
        -125
      ],
      [
        -609,
        57
      ],
      [
        -128,
        80
      ],
      [
        -71,
        9
      ],
      [
        -17,
        -33
      ],
      [
        11,
        34
      ],
      [
        -64,
        -21
      ],
      [
        -260,
        98
      ],
      [
        -138,
        -5
      ],
      [
        44,
        84
      ],
      [
        434,
        268
      ],
      [
        -7,
        230
      ],
      [
        -129,
        171
      ],
      [
        -76,
        24
      ],
      [
        -65,
        167
      ],
      [
        366,
        319
      ],
      [
        687,
        -26
      ],
      [
        681,
        144
      ],
      [
        234,
        11
      ],
      [
        32,
        -25
      ],
      [
        -164,
        -5
      ],
      [
        52,
        -73
      ],
      [
        -109,
        -18
      ],
      [
        -70,
        47
      ],
      [
        -40,
        -33
      ],
      [
        122,
        -151
      ],
      [
        26,
        -157
      ],
      [
        -106,
        -34
      ],
      [
        -45,
        -213
      ],
      [
        1102,
        78
      ],
      [
        -11,
        68
      ],
      [
        -237,
        133
      ],
      [
        -183,
        26
      ],
      [
        -154,
        126
      ],
      [
        -32,
        106
      ],
      [
        5,
        9
      ],
      [
        23,
        -5
      ],
      [
        63,
        29
      ],
      [
        35,
        51
      ],
      [
        -116,
        -66
      ],
      [
        110,
        101
      ],
      [
        -46,
        -12
      ],
      [
        -41,
        76
      ],
      [
        175,
        136
      ],
      [
        144,
        44
      ],
      [
        392,
        -27
      ],
      [
        315,
        70
      ],
      [
        533,
        208
      ],
      [
        49,
        130
      ],
      [
        124,
        87
      ],
      [
        1537,
        382
      ],
      [
        462,
        60
      ],
      [
        161,
        -27
      ],
      [
        895,
        148
      ],
      [
        493,
        -36
      ],
      [
        60,
        53
      ],
      [
        18,
        -30
      ],
      [
        155,
        36
      ],
      [
        -229,
        132
      ],
      [
        -174,
        1
      ],
      [
        178,
        2
      ],
      [
        237,
        -128
      ],
      [
        708,
        -73
      ],
      [
        92,
        26
      ],
      [
        66,
        -44
      ],
      [
        587,
        -85
      ],
      [
        94,
        25
      ],
      [
        -111,
        20
      ],
      [
        639,
        -93
      ],
      [
        648,
        -11
      ],
      [
        489,
        54
      ],
      [
        729,
        254
      ],
      [
        199,
        -22
      ],
      [
        233,
        134
      ],
      [
        864,
        24
      ],
      [
        381,
        -36
      ],
      [
        831,
        74
      ],
      [
        897,
        207
      ],
      [
        259,
        -12
      ],
      [
        824,
        -183
      ],
      [
        499,
        7
      ],
      [
        285,
        -128
      ],
      [
        293,
        -481
      ],
      [
        452,
        -481
      ],
      [
        528,
        -505
      ],
      [
        992,
        -807
      ],
      [
        513,
        -512
      ],
      [
        880,
        -683
      ],
      [
        809,
        -516
      ],
      [
        1197,
        -624
      ],
      [
        3779,
        -1768
      ],
      [
        3347,
        -1675
      ],
      [
        2795,
        -1222
      ],
      [
        2137,
        -1043
      ],
      [
        1019,
        -663
      ],
      [
        1804,
        -1021
      ],
      [
        1003,
        -498
      ],
      [
        1269,
        -512
      ],
      [
        842,
        -579
      ],
      [
        368,
        -530
      ],
      [
        1006,
        -1000
      ],
      [
        602,
        -1290
      ],
      [
        832,
        -1146
      ],
      [
        626,
        -632
      ],
      [
        206,
        -171
      ],
      [
        72,
        -3
      ],
      [
        1538,
        -1751
      ],
      [
        719,
        -706
      ],
      [
        631,
        -525
      ],
      [
        30,
        -93
      ],
      [
        229,
        -218
      ],
      [
        537,
        -408
      ],
      [
        512,
        -482
      ],
      [
        239,
        -126
      ],
      [
        173,
        78
      ],
      [
        844,
        -1075
      ],
      [
        418,
        -357
      ],
      [
        475,
        -293
      ],
      [
        402,
        -214
      ],
      [
        395,
        -134
      ],
      [
        113,
        30
      ],
      [
        -32,
        41
      ],
      [
        211,
        41
      ],
      [
        231,
        179
      ],
      [
        -94,
        -160
      ],
      [
        192,
        -85
      ],
      [
        140,
        31
      ],
      [
        -46,
        -120
      ],
      [
        231,
        -162
      ],
      [
        12,
        -200
      ],
      [
        163,
        -252
      ],
      [
        228,
        -247
      ],
      [
        111,
        -3
      ],
      [
        414,
        -469
      ],
      [
        341,
        -290
      ],
      [
        120,
        -9
      ],
      [
        652,
        -514
      ],
      [
        270,
        -123
      ],
      [
        158,
        43
      ],
      [
        -30,
        -59
      ],
      [
        515,
        -496
      ],
      [
        315,
        -208
      ],
      [
        338,
        -130
      ],
      [
        192,
        -263
      ],
      [
        405,
        -370
      ],
      [
        630,
        -787
      ],
      [
        297,
        -230
      ],
      [
        173,
        -65
      ],
      [
        107,
        -134
      ],
      [
        120,
        -18
      ],
      [
        211,
        -156
      ],
      [
        38,
        -134
      ],
      [
        -119,
        -252
      ],
      [
        164,
        -260
      ],
      [
        -328,
        -214
      ],
      [
        34,
        -316
      ],
      [
        241,
        -422
      ],
      [
        308,
        -292
      ],
      [
        321,
        -97
      ],
      [
        190,
        176
      ],
      [
        41,
        -15
      ],
      [
        -35,
        -157
      ],
      [
        -208,
        -53
      ],
      [
        -61,
        -103
      ],
      [
        47,
        -123
      ],
      [
        145,
        -23
      ],
      [
        -6,
        -91
      ],
      [
        137,
        -40
      ],
      [
        -98,
        -108
      ],
      [
        73,
        -66
      ],
      [
        -46,
        -52
      ],
      [
        53,
        -112
      ],
      [
        -553,
        -195
      ],
      [
        -24,
        -64
      ],
      [
        -217,
        -14
      ],
      [
        -29,
        91
      ],
      [
        146,
        146
      ],
      [
        111,
        23
      ],
      [
        -19,
        42
      ],
      [
        -446,
        -119
      ],
      [
        -1,
        39
      ],
      [
        244,
        136
      ],
      [
        7,
        75
      ],
      [
        155,
        65
      ],
      [
        38,
        130
      ],
      [
        91,
        16
      ],
      [
        -54,
        122
      ],
      [
        -199,
        122
      ],
      [
        -36,
        86
      ],
      [
        -140,
        56
      ],
      [
        -282,
        -160
      ],
      [
        -198,
        -21
      ],
      [
        -61,
        -64
      ],
      [
        -168,
        -25
      ],
      [
        152,
        105
      ],
      [
        -8,
        61
      ],
      [
        166,
        40
      ],
      [
        300,
        207
      ],
      [
        -83,
        73
      ],
      [
        -698,
        -410
      ],
      [
        72,
        116
      ],
      [
        -30,
        19
      ],
      [
        -65,
        -16
      ],
      [
        -6,
        12
      ],
      [
        83,
        51
      ],
      [
        -72,
        29
      ],
      [
        -69,
        -34
      ],
      [
        -52,
        92
      ],
      [
        -71,
        -28
      ],
      [
        -9,
        -102
      ],
      [
        94,
        -34
      ],
      [
        -229,
        52
      ],
      [
        -122,
        -75
      ],
      [
        11,
        -89
      ],
      [
        277,
        40
      ],
      [
        -93,
        -87
      ],
      [
        149,
        -77
      ],
      [
        -79,
        -35
      ],
      [
        -91,
        111
      ],
      [
        -87,
        -74
      ],
      [
        -111,
        -3
      ],
      [
        -57,
        -41
      ],
      [
        107,
        0
      ],
      [
        -68,
        -41
      ],
      [
        101,
        -20
      ],
      [
        -76,
        -97
      ],
      [
        56,
        -47
      ],
      [
        135,
        51
      ],
      [
        80,
        -37
      ],
      [
        95,
        46
      ],
      [
        56,
        -26
      ],
      [
        153,
        26
      ],
      [
        40,
        -49
      ],
      [
        -530,
        -120
      ],
      [
        2,
        -85
      ],
      [
        -88,
        -6
      ],
      [
        -8,
        -36
      ],
      [
        256,
        -1
      ],
      [
        42,
        38
      ],
      [
        172,
        -79
      ],
      [
        -38,
        -51
      ],
      [
        -114,
        17
      ],
      [
        -35,
        -110
      ],
      [
        116,
        -2
      ],
      [
        29,
        65
      ],
      [
        152,
        -95
      ],
      [
        -57,
        -47
      ],
      [
        -117,
        28
      ],
      [
        -35,
        -112
      ],
      [
        80,
        -31
      ],
      [
        230,
        16
      ],
      [
        -114,
        -69
      ],
      [
        61,
        -46
      ],
      [
        96,
        24
      ],
      [
        -53,
        -173
      ],
      [
        135,
        -62
      ],
      [
        -33,
        -79
      ],
      [
        135,
        -122
      ],
      [
        -84,
        -32
      ],
      [
        -228,
        49
      ],
      [
        -347,
        -106
      ],
      [
        -80,
        60
      ],
      [
        -150,
        13
      ],
      [
        -73,
        115
      ],
      [
        -196,
        -32
      ],
      [
        46,
        147
      ],
      [
        -52,
        144
      ],
      [
        88,
        50
      ],
      [
        47,
        135
      ],
      [
        -171,
        138
      ],
      [
        -112,
        38
      ],
      [
        -109,
        -38
      ],
      [
        80,
        -102
      ],
      [
        -165,
        -159
      ],
      [
        -130,
        144
      ],
      [
        -78,
        6
      ],
      [
        -276,
        200
      ],
      [
        -318,
        124
      ],
      [
        -264,
        50
      ],
      [
        -11,
        -169
      ],
      [
        -179,
        -76
      ],
      [
        1,
        -98
      ],
      [
        60,
        -25
      ],
      [
        -152,
        -73
      ],
      [
        -136,
        -156
      ],
      [
        -58,
        15
      ],
      [
        -231,
        -119
      ],
      [
        -118,
        -92
      ],
      [
        14,
        -74
      ],
      [
        -144,
        -16
      ],
      [
        -42,
        30
      ],
      [
        -93,
        -60
      ],
      [
        -128,
        8
      ],
      [
        -158,
        -53
      ],
      [
        23,
        -101
      ],
      [
        314,
        -301
      ],
      [
        129,
        8
      ],
      [
        148,
        -107
      ],
      [
        175,
        -12
      ],
      [
        27,
        77
      ],
      [
        216,
        30
      ],
      [
        77,
        139
      ],
      [
        100,
        34
      ],
      [
        46,
        196
      ],
      [
        128,
        -35
      ],
      [
        211,
        93
      ],
      [
        125,
        -3
      ],
      [
        48,
        47
      ],
      [
        107,
        -8
      ],
      [
        277,
        75
      ],
      [
        213,
        -78
      ],
      [
        110,
        15
      ],
      [
        154,
        -97
      ],
      [
        373,
        -56
      ],
      [
        124,
        -486
      ],
      [
        170,
        -223
      ],
      [
        319,
        -220
      ],
      [
        705,
        -212
      ],
      [
        244,
        26
      ],
      [
        133,
        -34
      ],
      [
        129,
        63
      ],
      [
        715,
        -33
      ],
      [
        1192,
        93
      ],
      [
        279,
        252
      ],
      [
        121,
        262
      ],
      [
        -81,
        149
      ],
      [
        -100,
        23
      ],
      [
        1,
        209
      ],
      [
        -148,
        175
      ],
      [
        912,
        52
      ],
      [
        157,
        82
      ],
      [
        303,
        65
      ],
      [
        0,
        110
      ],
      [
        257,
        156
      ],
      [
        147,
        -30
      ],
      [
        313,
        -246
      ],
      [
        353,
        -154
      ],
      [
        64,
        -71
      ],
      [
        298,
        -69
      ],
      [
        88,
        -107
      ],
      [
        205,
        -76
      ],
      [
        -16,
        -295
      ],
      [
        110,
        -104
      ],
      [
        9,
        -128
      ],
      [
        239,
        -352
      ],
      [
        168,
        -588
      ],
      [
        635,
        -1505
      ],
      [
        215,
        -324
      ],
      [
        315,
        -188
      ],
      [
        -168,
        -91
      ],
      [
        -9,
        -658
      ],
      [
        89,
        -258
      ],
      [
        127,
        -179
      ],
      [
        62,
        6
      ],
      [
        41,
        -386
      ],
      [
        155,
        -296
      ],
      [
        531,
        -1542
      ],
      [
        162,
        -287
      ],
      [
        240,
        -200
      ],
      [
        94,
        1
      ],
      [
        -70,
        -127
      ],
      [
        191,
        -422
      ],
      [
        182,
        -155
      ],
      [
        108,
        -37
      ],
      [
        127,
        23
      ],
      [
        -146,
        -109
      ],
      [
        -40,
        -192
      ],
      [
        296,
        -747
      ],
      [
        384,
        -475
      ],
      [
        222,
        -147
      ],
      [
        250,
        -77
      ],
      [
        -99,
        -226
      ],
      [
        43,
        -277
      ],
      [
        251,
        -616
      ],
      [
        285,
        -492
      ],
      [
        610,
        -693
      ],
      [
        442,
        -316
      ],
      [
        512,
        -252
      ],
      [
        321,
        -26
      ],
      [
        302,
        -221
      ],
      [
        274,
        -104
      ],
      [
        377,
        26
      ],
      [
        221,
        91
      ],
      [
        137,
        151
      ],
      [
        246,
        -62
      ],
      [
        69,
        -115
      ],
      [
        -13,
        -57
      ],
      [
        -444,
        -180
      ],
      [
        -143,
        -252
      ],
      [
        65,
        -325
      ],
      [
        139,
        -186
      ],
      [
        233,
        -188
      ],
      [
        1,
        -19
      ],
      [
        -100,
        -1
      ],
      [
        -96,
        -101
      ],
      [
        -341,
        -111
      ],
      [
        -417,
        -21
      ],
      [
        -86,
        64
      ],
      [
        -158,
        -14
      ],
      [
        -359,
        -321
      ],
      [
        -18,
        -223
      ],
      [
        85,
        -166
      ],
      [
        -151,
        -108
      ],
      [
        -73,
        43
      ],
      [
        -85,
        -40
      ],
      [
        -21,
        77
      ],
      [
        -110,
        22
      ],
      [
        102,
        -28
      ],
      [
        25,
        -77
      ],
      [
        164,
        -14
      ],
      [
        63,
        -102
      ],
      [
        -120,
        -68
      ],
      [
        -24,
        -52
      ],
      [
        87,
        -25
      ],
      [
        -63,
        34
      ],
      [
        99,
        74
      ],
      [
        185,
        -168
      ],
      [
        23,
        67
      ],
      [
        87,
        -193
      ],
      [
        -56,
        -148
      ],
      [
        121,
        -84
      ],
      [
        -59,
        -16
      ],
      [
        -6,
        -19
      ],
      [
        112,
        36
      ],
      [
        8,
        -96
      ],
      [
        94,
        -81
      ],
      [
        -85,
        -25
      ],
      [
        -48,
        31
      ],
      [
        40,
        -37
      ],
      [
        96,
        16
      ],
      [
        -3,
        -28
      ],
      [
        -160,
        -25
      ],
      [
        168,
        -48
      ],
      [
        -27,
        -139
      ],
      [
        151,
        62
      ],
      [
        148,
        -87
      ],
      [
        249,
        -240
      ],
      [
        158,
        -307
      ],
      [
        236,
        -86
      ],
      [
        66,
        -116
      ],
      [
        -303,
        -26
      ],
      [
        -76,
        124
      ],
      [
        -124,
        45
      ],
      [
        -162,
        -41
      ],
      [
        2,
        -127
      ],
      [
        -766,
        119
      ],
      [
        -90,
        -153
      ],
      [
        137,
        -117
      ],
      [
        -33,
        -113
      ],
      [
        164,
        -111
      ],
      [
        22,
        69
      ],
      [
        -73,
        57
      ],
      [
        333,
        -3
      ],
      [
        141,
        58
      ],
      [
        12,
        82
      ],
      [
        81,
        -41
      ],
      [
        162,
        17
      ],
      [
        61,
        -92
      ],
      [
        62,
        57
      ],
      [
        152,
        -64
      ],
      [
        148,
        45
      ],
      [
        306,
        207
      ],
      [
        -4,
        132
      ],
      [
        -424,
        260
      ],
      [
        127,
        42
      ],
      [
        -4,
        99
      ],
      [
        -125,
        -53
      ],
      [
        -311,
        313
      ],
      [
        -343,
        149
      ],
      [
        -99,
        257
      ],
      [
        105,
        -8
      ],
      [
        -172,
        51
      ],
      [
        -91,
        87
      ],
      [
        -16,
        52
      ],
      [
        25,
        -27
      ],
      [
        123,
        173
      ],
      [
        -153,
        132
      ],
      [
        0,
        80
      ],
      [
        -138,
        165
      ],
      [
        12,
        -72
      ],
      [
        -91,
        24
      ],
      [
        -30,
        28
      ],
      [
        -23,
        48
      ],
      [
        42,
        24
      ],
      [
        -15,
        -65
      ],
      [
        17,
        25
      ],
      [
        17,
        -42
      ],
      [
        20,
        -16
      ],
      [
        37,
        104
      ],
      [
        69,
        -75
      ],
      [
        111,
        145
      ],
      [
        -172,
        379
      ],
      [
        153,
        39
      ],
      [
        128,
        99
      ],
      [
        165,
        9
      ],
      [
        -254,
        -140
      ],
      [
        -15,
        -103
      ],
      [
        274,
        218
      ],
      [
        538,
        43
      ],
      [
        215,
        99
      ],
      [
        285,
        22
      ],
      [
        73,
        50
      ],
      [
        67,
        208
      ],
      [
        130,
        6
      ],
      [
        190,
        -116
      ],
      [
        -49,
        -148
      ],
      [
        128,
        -146
      ],
      [
        176,
        -50
      ],
      [
        99,
        56
      ],
      [
        239,
        -8
      ],
      [
        311,
        -178
      ],
      [
        -525,
        -24
      ],
      [
        -83,
        -37
      ],
      [
        -152,
        -204
      ],
      [
        -54,
        -340
      ],
      [
        44,
        -281
      ],
      [
        152,
        -340
      ],
      [
        195,
        -307
      ],
      [
        369,
        -386
      ],
      [
        428,
        -297
      ],
      [
        606,
        -241
      ],
      [
        284,
        -22
      ],
      [
        320,
        146
      ],
      [
        261,
        -377
      ],
      [
        631,
        -604
      ],
      [
        761,
        -432
      ],
      [
        578,
        -226
      ],
      [
        541,
        -107
      ],
      [
        34,
        -53
      ],
      [
        -160,
        65
      ],
      [
        150,
        -130
      ],
      [
        -160,
        37
      ],
      [
        175,
        -53
      ],
      [
        -20,
        -115
      ],
      [
        252,
        -101
      ],
      [
        529,
        -475
      ],
      [
        -57,
        68
      ],
      [
        64,
        -20
      ],
      [
        61,
        -124
      ],
      [
        -121,
        -230
      ],
      [
        -129,
        -43
      ],
      [
        -153,
        85
      ],
      [
        -341,
        81
      ],
      [
        -170,
        190
      ],
      [
        -301,
        32
      ],
      [
        -44,
        -75
      ],
      [
        275,
        -206
      ],
      [
        -142,
        -226
      ],
      [
        108,
        -20
      ],
      [
        67,
        31
      ],
      [
        30,
        -75
      ],
      [
        125,
        -69
      ],
      [
        6,
        -74
      ],
      [
        -69,
        -182
      ],
      [
        -77,
        -47
      ],
      [
        -215,
        -57
      ],
      [
        -291,
        52
      ],
      [
        -86,
        81
      ],
      [
        16,
        235
      ],
      [
        -123,
        139
      ],
      [
        -131,
        342
      ],
      [
        96,
        253
      ],
      [
        -303,
        95
      ],
      [
        -381,
        286
      ],
      [
        -310,
        40
      ],
      [
        -140,
        -77
      ],
      [
        -215,
        115
      ],
      [
        -260,
        64
      ],
      [
        -507,
        304
      ],
      [
        -685,
        137
      ],
      [
        -24,
        -86
      ],
      [
        -198,
        -1
      ],
      [
        47,
        -63
      ],
      [
        -51,
        -56
      ],
      [
        -45,
        70
      ],
      [
        6,
        -109
      ],
      [
        82,
        -21
      ],
      [
        -32,
        -41
      ],
      [
        -266,
        5
      ],
      [
        -40,
        -39
      ],
      [
        67,
        -62
      ],
      [
        -206,
        -8
      ],
      [
        138,
        -116
      ],
      [
        -230,
        -154
      ],
      [
        -121,
        -21
      ],
      [
        -21,
        -380
      ],
      [
        -187,
        13
      ],
      [
        -97,
        -95
      ],
      [
        -209,
        -70
      ],
      [
        -20,
        -57
      ],
      [
        197,
        -23
      ],
      [
        34,
        122
      ],
      [
        173,
        115
      ],
      [
        86,
        -37
      ],
      [
        -45,
        -47
      ],
      [
        59,
        -41
      ],
      [
        433,
        -27
      ],
      [
        79,
        -93
      ],
      [
        233,
        -10
      ],
      [
        98,
        -96
      ],
      [
        443,
        -94
      ],
      [
        60,
        48
      ],
      [
        -58,
        50
      ],
      [
        144,
        1
      ],
      [
        105,
        96
      ],
      [
        45,
        94
      ],
      [
        -50,
        204
      ],
      [
        68,
        82
      ],
      [
        105,
        18
      ],
      [
        154,
        -137
      ],
      [
        484,
        -177
      ],
      [
        526,
        -21
      ],
      [
        240,
        -78
      ],
      [
        43,
        54
      ],
      [
        133,
        17
      ],
      [
        46,
        -46
      ],
      [
        -107,
        -128
      ],
      [
        -97,
        1
      ],
      [
        -23,
        55
      ],
      [
        1,
        -47
      ],
      [
        -212,
        -129
      ],
      [
        -247,
        -57
      ],
      [
        -173,
        16
      ],
      [
        -105,
        -100
      ],
      [
        216,
        -115
      ],
      [
        133,
        50
      ],
      [
        -40,
        71
      ],
      [
        48,
        51
      ],
      [
        290,
        30
      ],
      [
        80,
        -213
      ],
      [
        335,
        -99
      ],
      [
        272,
        -138
      ],
      [
        -77,
        -16
      ],
      [
        108,
        -56
      ],
      [
        -134,
        -26
      ],
      [
        187,
        -424
      ],
      [
        67,
        -35
      ],
      [
        146,
        63
      ],
      [
        -126,
        234
      ],
      [
        45,
        28
      ],
      [
        566,
        -48
      ],
      [
        508,
        -596
      ],
      [
        -19,
        -43
      ],
      [
        -167,
        22
      ],
      [
        4,
        -85
      ],
      [
        -60,
        -27
      ],
      [
        -139,
        51
      ],
      [
        31,
        -200
      ],
      [
        -110,
        -156
      ],
      [
        260,
        22
      ],
      [
        24,
        -111
      ],
      [
        -167,
        -59
      ],
      [
        489,
        -1
      ],
      [
        175,
        220
      ],
      [
        265,
        -193
      ],
      [
        22,
        -137
      ],
      [
        33,
        223
      ],
      [
        197,
        189
      ],
      [
        87,
        -20
      ],
      [
        72,
        106
      ],
      [
        75,
        -13
      ],
      [
        94,
        -312
      ],
      [
        247,
        -174
      ],
      [
        -43,
        -82
      ],
      [
        -76,
        -12
      ],
      [
        2,
        -90
      ],
      [
        26,
        66
      ],
      [
        104,
        2
      ],
      [
        34,
        48
      ],
      [
        150,
        -65
      ],
      [
        -19,
        104
      ],
      [
        125,
        -33
      ],
      [
        277,
        -206
      ],
      [
        122,
        -188
      ],
      [
        333,
        -306
      ],
      [
        -83,
        -118
      ],
      [
        -260,
        137
      ],
      [
        -48,
        -21
      ],
      [
        192,
        -95
      ],
      [
        -71,
        -66
      ],
      [
        44,
        -52
      ],
      [
        123,
        -79
      ],
      [
        -38,
        109
      ],
      [
        208,
        -49
      ],
      [
        314,
        -176
      ],
      [
        285,
        -73
      ],
      [
        -41,
        -79
      ],
      [
        -229,
        -47
      ],
      [
        -141,
        -98
      ],
      [
        -41,
        -138
      ],
      [
        -59,
        22
      ],
      [
        -299,
        -116
      ],
      [
        -187,
        91
      ],
      [
        -75,
        -58
      ],
      [
        159,
        -58
      ],
      [
        88,
        -154
      ],
      [
        211,
        -63
      ],
      [
        66,
        23
      ],
      [
        11,
        130
      ],
      [
        61,
        -3
      ],
      [
        70,
        68
      ],
      [
        172,
        -16
      ],
      [
        19,
        -121
      ],
      [
        116,
        -19
      ],
      [
        112,
        -122
      ],
      [
        -16,
        -229
      ],
      [
        -72,
        -39
      ],
      [
        36,
        -59
      ],
      [
        -97,
        12
      ],
      [
        -196,
        -64
      ],
      [
        -297,
        50
      ],
      [
        -407,
        257
      ],
      [
        -182,
        3
      ],
      [
        -81,
        -36
      ],
      [
        -17,
        -105
      ],
      [
        145,
        -282
      ],
      [
        184,
        -69
      ],
      [
        50,
        95
      ],
      [
        239,
        87
      ],
      [
        308,
        -69
      ],
      [
        189,
        43
      ],
      [
        267,
        -207
      ],
      [
        -23,
        -92
      ],
      [
        271,
        -77
      ],
      [
        101,
        23
      ],
      [
        -1,
        55
      ],
      [
        55,
        -32
      ],
      [
        -55,
        -105
      ],
      [
        -490,
        -139
      ],
      [
        -98,
        -133
      ],
      [
        30,
        -118
      ],
      [
        -501,
        75
      ],
      [
        -183,
        108
      ],
      [
        -92,
        11
      ],
      [
        10,
        -47
      ],
      [
        -67,
        48
      ],
      [
        -57,
        6
      ],
      [
        64,
        -30
      ],
      [
        -17,
        -53
      ],
      [
        184,
        11
      ],
      [
        -108,
        -41
      ],
      [
        157,
        -57
      ],
      [
        87,
        -246
      ],
      [
        192,
        -20
      ],
      [
        -27,
        -115
      ],
      [
        393,
        -49
      ],
      [
        47,
        -83
      ],
      [
        -81,
        -132
      ],
      [
        -123,
        -5
      ],
      [
        -124,
        65
      ],
      [
        -79,
        -34
      ],
      [
        13,
        -189
      ],
      [
        -121,
        -212
      ],
      [
        -235,
        -113
      ],
      [
        109,
        -4
      ],
      [
        859,
        657
      ],
      [
        882,
        -458
      ],
      [
        -368,
        -370
      ],
      [
        83,
        -312
      ],
      [
        309,
        5
      ],
      [
        -33,
        234
      ],
      [
        89,
        247
      ],
      [
        88,
        17
      ],
      [
        223,
        -104
      ],
      [
        -50,
        -21
      ],
      [
        67,
        -75
      ],
      [
        141,
        173
      ],
      [
        -61,
        290
      ],
      [
        109,
        205
      ],
      [
        -42,
        90
      ],
      [
        -181,
        -14
      ],
      [
        -35,
        107
      ],
      [
        -15,
        177
      ],
      [
        118,
        98
      ],
      [
        -17,
        86
      ],
      [
        -243,
        -98
      ],
      [
        -62,
        -361
      ],
      [
        59,
        -85
      ],
      [
        -160,
        -75
      ],
      [
        -427,
        93
      ],
      [
        32,
        47
      ],
      [
        -205,
        48
      ],
      [
        -72,
        108
      ],
      [
        -134,
        24
      ],
      [
        -28,
        63
      ],
      [
        -102,
        4
      ],
      [
        -10,
        166
      ],
      [
        -138,
        28
      ],
      [
        20,
        290
      ],
      [
        156,
        99
      ],
      [
        165,
        9
      ],
      [
        119,
        56
      ],
      [
        97,
        114
      ],
      [
        -88,
        122
      ],
      [
        25,
        152
      ],
      [
        -213,
        174
      ],
      [
        33,
        253
      ],
      [
        -217,
        239
      ],
      [
        58,
        195
      ],
      [
        153,
        171
      ],
      [
        -119,
        195
      ],
      [
        268,
        126
      ],
      [
        -84,
        58
      ],
      [
        -183,
        -22
      ],
      [
        -128,
        36
      ],
      [
        -244,
        178
      ],
      [
        -31,
        111
      ],
      [
        -374,
        406
      ],
      [
        -138,
        262
      ],
      [
        -84,
        219
      ],
      [
        55,
        101
      ],
      [
        -139,
        -1
      ],
      [
        -54,
        132
      ],
      [
        -172,
        -75
      ],
      [
        -203,
        41
      ],
      [
        -263,
        -50
      ],
      [
        10,
        81
      ],
      [
        -314,
        299
      ],
      [
        -199,
        114
      ],
      [
        16,
        75
      ],
      [
        76,
        -26
      ],
      [
        97,
        47
      ],
      [
        74,
        141
      ],
      [
        -55,
        142
      ],
      [
        -583,
        663
      ],
      [
        -181,
        360
      ],
      [
        92,
        369
      ],
      [
        79,
        79
      ],
      [
        -134,
        5
      ],
      [
        -548,
        553
      ],
      [
        -382,
        232
      ],
      [
        345,
        -104
      ],
      [
        251,
        -147
      ],
      [
        336,
        -289
      ],
      [
        417,
        -502
      ],
      [
        1712,
        -1601
      ],
      [
        791,
        -897
      ],
      [
        369,
        -522
      ],
      [
        612,
        -1228
      ],
      [
        241,
        -644
      ],
      [
        204,
        -932
      ],
      [
        223,
        -446
      ],
      [
        298,
        -965
      ],
      [
        153,
        -189
      ],
      [
        504,
        -365
      ],
      [
        936,
        -1742
      ],
      [
        183,
        -468
      ],
      [
        32,
        -562
      ],
      [
        98,
        -214
      ],
      [
        -32,
        -124
      ],
      [
        48,
        -13
      ],
      [
        -77,
        -313
      ],
      [
        73,
        -22
      ],
      [
        62,
        -110
      ],
      [
        -178,
        -143
      ],
      [
        -139,
        -1040
      ],
      [
        -47,
        -1766
      ],
      [
        -159,
        -695
      ],
      [
        -13,
        -284
      ],
      [
        74,
        -120
      ],
      [
        -44,
        -323
      ],
      [
        382,
        -966
      ],
      [
        132,
        -570
      ],
      [
        96,
        -149
      ],
      [
        106,
        -48
      ],
      [
        178,
        -343
      ],
      [
        -261,
        -414
      ],
      [
        -4,
        -148
      ],
      [
        -286,
        -383
      ],
      [
        -24,
        -172
      ],
      [
        108,
        -134
      ],
      [
        -111,
        -233
      ],
      [
        -488,
        -706
      ],
      [
        -67,
        -223
      ],
      [
        -352,
        -533
      ],
      [
        49,
        -206
      ],
      [
        139,
        -53
      ],
      [
        -217,
        -317
      ],
      [
        101,
        -85
      ],
      [
        25,
        -245
      ],
      [
        -550,
        -381
      ],
      [
        -52,
        -344
      ],
      [
        47,
        -54
      ],
      [
        253,
        -29
      ],
      [
        51,
        -86
      ],
      [
        -524,
        -288
      ],
      [
        -229,
        -302
      ],
      [
        98,
        -92
      ],
      [
        -54,
        -98
      ],
      [
        37,
        -53
      ],
      [
        -240,
        -441
      ],
      [
        30,
        -78
      ],
      [
        123,
        -33
      ],
      [
        72,
        -79
      ],
      [
        -54,
        -243
      ],
      [
        25,
        -46
      ],
      [
        110,
        -20
      ],
      [
        22,
        -82
      ],
      [
        -695,
        -448
      ],
      [
        -392,
        -449
      ],
      [
        16,
        -75
      ],
      [
        100,
        -44
      ],
      [
        -125,
        -216
      ],
      [
        54,
        -102
      ],
      [
        -46,
        -69
      ],
      [
        -603,
        -393
      ],
      [
        -593,
        -587
      ],
      [
        -63,
        -286
      ],
      [
        61,
        -140
      ],
      [
        170,
        -62
      ],
      [
        -29,
        -85
      ],
      [
        74,
        -39
      ],
      [
        -175,
        -245
      ],
      [
        -91,
        -296
      ],
      [
        -480,
        -447
      ],
      [
        -14,
        -86
      ],
      [
        142,
        -75
      ],
      [
        -2,
        -155
      ],
      [
        -970,
        -548
      ],
      [
        -56,
        -84
      ],
      [
        78,
        -19
      ],
      [
        -534,
        -461
      ],
      [
        33,
        -105
      ],
      [
        -219,
        -228
      ],
      [
        32,
        -79
      ],
      [
        -348,
        -216
      ],
      [
        -362,
        -371
      ],
      [
        -138,
        -299
      ],
      [
        -223,
        -128
      ],
      [
        -267,
        -249
      ],
      [
        -1359,
        -581
      ],
      [
        -112,
        -235
      ],
      [
        -181,
        -63
      ],
      [
        -209,
        -160
      ],
      [
        -1003,
        -258
      ],
      [
        -305,
        -118
      ],
      [
        -166,
        -183
      ],
      [
        63,
        -92
      ],
      [
        154,
        -36
      ],
      [
        -94,
        -91
      ],
      [
        -428,
        -165
      ],
      [
        -313,
        -235
      ],
      [
        -474,
        -128
      ],
      [
        -926,
        -337
      ],
      [
        -133,
        -119
      ],
      [
        57,
        -67
      ],
      [
        -67,
        15
      ],
      [
        127,
        -55
      ],
      [
        -260,
        -56
      ],
      [
        -162,
        -88
      ],
      [
        -645,
        -37
      ],
      [
        -876,
        -148
      ],
      [
        -784,
        -273
      ],
      [
        -199,
        -159
      ],
      [
        15,
        -76
      ],
      [
        124,
        -61
      ],
      [
        -248,
        -149
      ],
      [
        -1,
        -76
      ],
      [
        -472,
        -149
      ],
      [
        16,
        -199
      ],
      [
        -122,
        -109
      ],
      [
        -1145,
        -217
      ],
      [
        -204,
        -108
      ],
      [
        -435,
        -95
      ],
      [
        -162,
        -141
      ],
      [
        -302,
        -105
      ],
      [
        -70,
        -89
      ],
      [
        30,
        -90
      ],
      [
        -312,
        -100
      ],
      [
        -149,
        -228
      ],
      [
        -198,
        -50
      ],
      [
        -326,
        -171
      ],
      [
        -115,
        -146
      ],
      [
        -235,
        -39
      ],
      [
        -54,
        -53
      ],
      [
        -552,
        -35
      ],
      [
        -331,
        -124
      ],
      [
        -62,
        -94
      ],
      [
        40,
        -45
      ],
      [
        -308,
        -93
      ],
      [
        -703,
        -96
      ],
      [
        -345,
        -104
      ],
      [
        -205,
        -151
      ],
      [
        164,
        48
      ],
      [
        -100,
        -104
      ],
      [
        73,
        -29
      ],
      [
        -553,
        -206
      ],
      [
        -103,
        -75
      ],
      [
        0,
        -116
      ],
      [
        -1218,
        -70
      ],
      [
        -178,
        -78
      ],
      [
        -490,
        -54
      ],
      [
        -349,
        -147
      ],
      [
        -1059,
        -76
      ],
      [
        -445,
        -70
      ],
      [
        -161,
        -77
      ],
      [
        4,
        -87
      ],
      [
        -273,
        -75
      ],
      [
        10,
        -151
      ],
      [
        -669,
        10
      ],
      [
        -1156,
        -176
      ],
      [
        -430,
        -162
      ],
      [
        -30,
        -69
      ],
      [
        -163,
        -81
      ],
      [
        -742,
        -77
      ],
      [
        -282,
        -171
      ],
      [
        -487,
        -49
      ],
      [
        -244,
        -153
      ],
      [
        155,
        -163
      ],
      [
        -142,
        -37
      ],
      [
        -826,
        -7
      ],
      [
        -69,
        -75
      ],
      [
        -12,
        65
      ],
      [
        -159,
        -25
      ],
      [
        107,
        29
      ],
      [
        -131,
        -2
      ],
      [
        -207,
        -117
      ],
      [
        304,
        -52
      ],
      [
        -337,
        49
      ],
      [
        -1094,
        -128
      ],
      [
        -619,
        35
      ],
      [
        -204,
        -116
      ],
      [
        -1078,
        -32
      ],
      [
        -1042,
        -104
      ],
      [
        -339,
        -86
      ],
      [
        -145,
        -84
      ],
      [
        3,
        -48
      ],
      [
        -153,
        1
      ],
      [
        -109,
        -75
      ],
      [
        -266,
        -68
      ],
      [
        -1452,
        -86
      ],
      [
        -264,
        -95
      ],
      [
        -14,
        -123
      ],
      [
        -170,
        11
      ],
      [
        -510,
        -92
      ],
      [
        -744,
        -217
      ],
      [
        -702,
        -18
      ],
      [
        -534,
        -87
      ],
      [
        -228,
        -89
      ],
      [
        -106,
        -135
      ],
      [
        44,
        -90
      ],
      [
        -66,
        1
      ],
      [
        -182,
        -122
      ],
      [
        -185,
        66
      ],
      [
        -378,
        15
      ],
      [
        -1213,
        -102
      ],
      [
        -446,
        -91
      ],
      [
        -188,
        -52
      ],
      [
        -219,
        -154
      ],
      [
        -23,
        -134
      ],
      [
        73,
        -23
      ],
      [
        -23,
        47
      ],
      [
        67,
        -73
      ],
      [
        -56,
        -57
      ],
      [
        -333,
        -40
      ],
      [
        10,
        -33
      ],
      [
        -85,
        25
      ],
      [
        -10,
        -65
      ],
      [
        -154,
        -24
      ],
      [
        33,
        -66
      ],
      [
        -274,
        -89
      ],
      [
        28,
        -66
      ],
      [
        -169,
        -39
      ],
      [
        -44,
        37
      ],
      [
        -109,
        -5
      ],
      [
        -149,
        -91
      ],
      [
        -128,
        59
      ],
      [
        -1,
        -53
      ],
      [
        -100,
        -9
      ],
      [
        -8,
        -45
      ],
      [
        -62,
        33
      ],
      [
        -97,
        -48
      ],
      [
        -190,
        36
      ],
      [
        -328,
        -73
      ],
      [
        -155,
        -200
      ],
      [
        30,
        -43
      ],
      [
        131,
        5
      ],
      [
        62,
        -5
      ],
      [
        -321,
        -28
      ],
      [
        -175,
        -58
      ],
      [
        -2,
        -79
      ],
      [
        -107,
        -55
      ],
      [
        20,
        -47
      ],
      [
        111,
        -16
      ],
      [
        -71,
        -158
      ],
      [
        -108,
        21
      ],
      [
        40,
        90
      ],
      [
        -257,
        89
      ],
      [
        -274,
        -31
      ],
      [
        -54,
        -40
      ],
      [
        45,
        -84
      ],
      [
        -185,
        -109
      ],
      [
        16,
        -71
      ],
      [
        -69,
        -48
      ],
      [
        56,
        -76
      ],
      [
        136,
        -45
      ],
      [
        -145,
        32
      ],
      [
        -365,
        -39
      ],
      [
        -80,
        78
      ],
      [
        -60,
        -88
      ],
      [
        -292,
        1
      ],
      [
        -15,
        79
      ],
      [
        -125,
        29
      ],
      [
        -365,
        -34
      ],
      [
        -72,
        -103
      ],
      [
        -60,
        47
      ],
      [
        -285,
        -45
      ],
      [
        -180,
        37
      ],
      [
        -1036,
        -119
      ],
      [
        -255,
        -73
      ],
      [
        -103,
        -143
      ],
      [
        51,
        -38
      ],
      [
        -120,
        -33
      ],
      [
        10,
        51
      ],
      [
        -102,
        -22
      ],
      [
        -38,
        79
      ],
      [
        -134,
        -73
      ],
      [
        -9,
        45
      ],
      [
        -101,
        -41
      ],
      [
        -70,
        48
      ],
      [
        -239,
        -38
      ],
      [
        -95,
        -60
      ],
      [
        49,
        -28
      ],
      [
        -33,
        -82
      ],
      [
        -89,
        9
      ],
      [
        -86,
        -57
      ],
      [
        121,
        -118
      ],
      [
        -185,
        -59
      ],
      [
        -100,
        66
      ],
      [
        -8,
        -64
      ],
      [
        -390,
        -104
      ],
      [
        -93,
        35
      ],
      [
        -12,
        -51
      ],
      [
        -175,
        -28
      ],
      [
        -103,
        42
      ],
      [
        -88,
        -96
      ],
      [
        65,
        -17
      ],
      [
        -22,
        -53
      ],
      [
        -113,
        -26
      ],
      [
        -169,
        43
      ],
      [
        -142,
        -15
      ],
      [
        -84,
        86
      ],
      [
        118,
        103
      ],
      [
        -217,
        165
      ],
      [
        -251,
        53
      ],
      [
        -90,
        64
      ],
      [
        -714,
        99
      ],
      [
        -213,
        13
      ],
      [
        -20,
        -37
      ],
      [
        -21,
        43
      ],
      [
        -239,
        6
      ],
      [
        -449,
        -146
      ],
      [
        -78,
        40
      ],
      [
        -178,
        -76
      ],
      [
        -239,
        -15
      ],
      [
        -1144,
        126
      ],
      [
        -352,
        -97
      ],
      [
        -479,
        20
      ],
      [
        -259,
        45
      ],
      [
        -179,
        91
      ],
      [
        -73,
        -35
      ],
      [
        -27,
        58
      ],
      [
        -134,
        36
      ],
      [
        -132,
        -14
      ],
      [
        -66,
        -81
      ],
      [
        -276,
        128
      ],
      [
        -127,
        6
      ],
      [
        149,
        19
      ],
      [
        35,
        33
      ],
      [
        89,
        45
      ],
      [
        -105,
        -63
      ],
      [
        112,
        -23
      ],
      [
        47,
        28
      ],
      [
        49,
        103
      ],
      [
        -71,
        104
      ],
      [
        137,
        83
      ],
      [
        -52,
        111
      ],
      [
        -179,
        106
      ],
      [
        -466,
        121
      ],
      [
        -501,
        -47
      ],
      [
        -208,
        -168
      ],
      [
        25,
        -99
      ],
      [
        -85,
        -43
      ],
      [
        8,
        -48
      ],
      [
        -121,
        -52
      ],
      [
        -23,
        58
      ],
      [
        -119,
        4
      ],
      [
        -56,
        47
      ],
      [
        -125,
        -47
      ],
      [
        -500,
        79
      ],
      [
        -300,
        76
      ],
      [
        -42,
        48
      ],
      [
        -428,
        -10
      ],
      [
        -244,
        73
      ],
      [
        -148,
        -14
      ],
      [
        -19,
        47
      ],
      [
        -501,
        134
      ],
      [
        -491,
        93
      ],
      [
        -155,
        70
      ],
      [
        -379,
        42
      ],
      [
        -745,
        219
      ],
      [
        -1036,
        99
      ],
      [
        -83,
        -21
      ],
      [
        -125,
        43
      ],
      [
        -966,
        98
      ],
      [
        -336,
        91
      ],
      [
        -298,
        174
      ],
      [
        -193,
        -18
      ],
      [
        -80,
        -86
      ],
      [
        -251,
        155
      ],
      [
        -36,
        134
      ],
      [
        -71,
        18
      ],
      [
        123,
        -1
      ],
      [
        107,
        57
      ],
      [
        8,
        150
      ],
      [
        68,
        61
      ],
      [
        -124,
        104
      ],
      [
        -117,
        23
      ],
      [
        -67,
        -75
      ],
      [
        -228,
        9
      ],
      [
        -105,
        40
      ],
      [
        242,
        3
      ],
      [
        -33,
        51
      ],
      [
        -62,
        -4
      ],
      [
        62,
        15
      ],
      [
        -175,
        38
      ],
      [
        14,
        -59
      ],
      [
        -37,
        67
      ],
      [
        -181,
        -5
      ],
      [
        -228,
        -129
      ],
      [
        106,
        -95
      ],
      [
        -6,
        -71
      ],
      [
        -100,
        -25
      ],
      [
        -157,
        70
      ],
      [
        7,
        124
      ],
      [
        -86,
        -16
      ],
      [
        -12,
        68
      ],
      [
        -113,
        70
      ],
      [
        -322,
        95
      ],
      [
        -120,
        -27
      ],
      [
        -354,
        139
      ],
      [
        -431,
        199
      ],
      [
        -135,
        127
      ],
      [
        17,
        47
      ],
      [
        -355,
        204
      ],
      [
        -774,
        301
      ],
      [
        -370,
        263
      ],
      [
        -707,
        324
      ],
      [
        -71,
        -13
      ],
      [
        43,
        56
      ],
      [
        -55,
        26
      ],
      [
        79,
        44
      ],
      [
        -89,
        136
      ],
      [
        -413,
        256
      ],
      [
        -580,
        254
      ],
      [
        -5,
        224
      ],
      [
        -132,
        72
      ],
      [
        107,
        -42
      ],
      [
        7,
        97
      ],
      [
        -68,
        -38
      ],
      [
        71,
        44
      ],
      [
        -25,
        99
      ],
      [
        -156,
        137
      ],
      [
        -157,
        41
      ],
      [
        -2,
        117
      ],
      [
        -113,
        166
      ],
      [
        -1108,
        641
      ],
      [
        -34,
        89
      ],
      [
        88,
        74
      ],
      [
        2,
        99
      ],
      [
        -457,
        628
      ],
      [
        -30,
        156
      ],
      [
        -37,
        2
      ],
      [
        -40,
        17
      ],
      [
        -28,
        34
      ],
      [
        83,
        -47
      ],
      [
        8,
        59
      ],
      [
        -63,
        38
      ],
      [
        -34,
        -35
      ],
      [
        -107,
        196
      ],
      [
        -102,
        36
      ],
      [
        -287,
        270
      ],
      [
        -67,
        211
      ],
      [
        -143,
        124
      ],
      [
        -9,
        125
      ],
      [
        103,
        15
      ],
      [
        9,
        50
      ],
      [
        -89,
        211
      ],
      [
        110,
        32
      ],
      [
        1,
        124
      ],
      [
        64,
        8
      ],
      [
        17,
        62
      ],
      [
        -164,
        313
      ],
      [
        -152,
        167
      ],
      [
        -88,
        24
      ],
      [
        25,
        171
      ],
      [
        66,
        51
      ],
      [
        -92,
        225
      ],
      [
        -531,
        669
      ],
      [
        12,
        54
      ],
      [
        -241,
        224
      ],
      [
        50,
        25
      ],
      [
        -24,
        86
      ],
      [
        -122,
        117
      ],
      [
        35,
        153
      ],
      [
        -219,
        321
      ],
      [
        57,
        51
      ],
      [
        -458,
        513
      ],
      [
        53,
        49
      ],
      [
        -79,
        259
      ],
      [
        -144,
        172
      ],
      [
        -175,
        107
      ],
      [
        -37,
        115
      ],
      [
        -236,
        97
      ],
      [
        -108,
        98
      ],
      [
        13,
        92
      ],
      [
        -133,
        101
      ],
      [
        30,
        189
      ],
      [
        -72,
        82
      ],
      [
        397,
        216
      ],
      [
        -34,
        319
      ],
      [
        -251,
        363
      ],
      [
        89,
        -7
      ],
      [
        136,
        83
      ],
      [
        -50,
        198
      ],
      [
        -867,
        1320
      ],
      [
        9,
        97
      ],
      [
        -76,
        50
      ],
      [
        -328,
        718
      ],
      [
        -774,
        1204
      ],
      [
        -629,
        853
      ],
      [
        -564,
        605
      ],
      [
        -140,
        266
      ],
      [
        -51,
        -5
      ],
      [
        34,
        74
      ],
      [
        -1016,
        1590
      ],
      [
        -577,
        1111
      ],
      [
        -73,
        216
      ],
      [
        81,
        69
      ],
      [
        -21,
        322
      ],
      [
        -380,
        1080
      ],
      [
        -440,
        935
      ],
      [
        -46,
        17
      ],
      [
        -40,
        -83
      ],
      [
        -210,
        -70
      ],
      [
        -266,
        -10
      ],
      [
        -266,
        69
      ],
      [
        -139,
        144
      ],
      [
        -14,
        257
      ],
      [
        136,
        66
      ],
      [
        -26,
        357
      ],
      [
        345,
        221
      ],
      [
        -319,
        -229
      ],
      [
        27,
        -312
      ],
      [
        73,
        -27
      ],
      [
        85,
        56
      ],
      [
        490,
        -12
      ],
      [
        31,
        166
      ],
      [
        10,
        -145
      ],
      [
        93,
        -7
      ],
      [
        97,
        227
      ],
      [
        -195,
        140
      ],
      [
        -7,
        -37
      ],
      [
        -35,
        25
      ],
      [
        47,
        24
      ],
      [
        204,
        -125
      ],
      [
        -1,
        -95
      ],
      [
        59,
        -8
      ],
      [
        -53,
        -245
      ],
      [
        -89,
        -57
      ],
      [
        101,
        -32
      ],
      [
        42,
        91
      ],
      [
        48,
        -8
      ],
      [
        -5,
        -101
      ],
      [
        92,
        35
      ],
      [
        -31,
        28
      ],
      [
        45,
        -24
      ],
      [
        -23,
        40
      ],
      [
        49,
        -23
      ],
      [
        81,
        39
      ],
      [
        -102,
        20
      ],
      [
        162,
        280
      ],
      [
        99,
        -6
      ],
      [
        -93,
        36
      ],
      [
        99,
        -7
      ],
      [
        -29,
        32
      ],
      [
        84,
        22
      ],
      [
        -144,
        2
      ],
      [
        105,
        47
      ],
      [
        -141,
        -18
      ],
      [
        -2,
        29
      ],
      [
        144,
        13
      ],
      [
        0,
        37
      ],
      [
        -139,
        8
      ],
      [
        188,
        28
      ],
      [
        -20,
        38
      ],
      [
        27,
        11
      ],
      [
        35,
        -34
      ],
      [
        20,
        54
      ],
      [
        51,
        -47
      ],
      [
        174,
        53
      ],
      [
        159,
        109
      ],
      [
        42,
        140
      ],
      [
        -85,
        516
      ],
      [
        39,
        150
      ],
      [
        -229,
        468
      ],
      [
        -872,
        2377
      ],
      [
        -584,
        1036
      ],
      [
        -490,
        1284
      ],
      [
        117,
        102
      ],
      [
        264,
        26
      ],
      [
        48,
        -90
      ],
      [
        152,
        -81
      ],
      [
        -25,
        -77
      ],
      [
        156,
        18
      ],
      [
        -151,
        160
      ],
      [
        202,
        66
      ],
      [
        -110,
        17
      ],
      [
        -155,
        -69
      ],
      [
        -2,
        95
      ],
      [
        315,
        137
      ],
      [
        149,
        274
      ],
      [
        96,
        623
      ],
      [
        -31,
        619
      ],
      [
        -901,
        3112
      ],
      [
        -725,
        1739
      ],
      [
        -597,
        2071
      ],
      [
        -107,
        1553
      ],
      [
        255,
        35
      ],
      [
        203,
        123
      ],
      [
        113,
        258
      ],
      [
        34,
        318
      ],
      [
        -39,
        1257
      ],
      [
        -153,
        703
      ],
      [
        -613,
        1916
      ],
      [
        -583,
        1281
      ],
      [
        -963,
        2469
      ],
      [
        -605,
        1062
      ],
      [
        -556,
        1215
      ],
      [
        -175,
        -32
      ],
      [
        172,
        38
      ],
      [
        -485,
        860
      ],
      [
        50,
        881
      ],
      [
        -77,
        267
      ],
      [
        -177,
        267
      ],
      [
        152,
        239
      ],
      [
        6,
        873
      ],
      [
        -84,
        373
      ],
      [
        -244,
        352
      ],
      [
        -205,
        617
      ],
      [
        378,
        292
      ],
      [
        287,
        -62
      ],
      [
        292,
        20
      ],
      [
        431,
        236
      ],
      [
        83,
        -21
      ],
      [
        131,
        40
      ],
      [
        166,
        139
      ],
      [
        161,
        273
      ],
      [
        117,
        542
      ],
      [
        170,
        406
      ],
      [
        673,
        739
      ],
      [
        148,
        433
      ],
      [
        373,
        524
      ],
      [
        -25,
        333
      ],
      [
        107,
        392
      ],
      [
        405,
        173
      ],
      [
        206,
        11
      ],
      [
        -165,
        -19
      ],
      [
        -255,
        -135
      ],
      [
        250,
        -183
      ],
      [
        -49,
        -157
      ],
      [
        -88,
        -184
      ],
      [
        -112,
        -44
      ],
      [
        -84,
        -132
      ],
      [
        25,
        -72
      ],
      [
        -91,
        -5
      ],
      [
        9,
        -58
      ],
      [
        61,
        -1
      ],
      [
        -188,
        -136
      ],
      [
        -44,
        -259
      ],
      [
        -99,
        -94
      ],
      [
        -49,
        6
      ],
      [
        117,
        163
      ],
      [
        -59,
        -2
      ],
      [
        -198,
        -185
      ],
      [
        116,
        31
      ],
      [
        -143,
        -185
      ],
      [
        42,
        -74
      ],
      [
        -185,
        -116
      ],
      [
        -124,
        -218
      ],
      [
        158,
        -36
      ],
      [
        165,
        27
      ],
      [
        78,
        -42
      ],
      [
        -233,
        -36
      ],
      [
        -7,
        -68
      ],
      [
        -168,
        -42
      ],
      [
        -6,
        -61
      ],
      [
        -172,
        -65
      ],
      [
        37,
        -53
      ],
      [
        -90,
        -82
      ],
      [
        119,
        -25
      ],
      [
        -87,
        -40
      ],
      [
        23,
        -59
      ],
      [
        202,
        -91
      ],
      [
        -29,
        -71
      ],
      [
        -143,
        -17
      ],
      [
        -35,
        -126
      ],
      [
        -119,
        -44
      ],
      [
        -21,
        -67
      ],
      [
        196,
        -15
      ],
      [
        159,
        107
      ],
      [
        -105,
        142
      ],
      [
        50,
        -47
      ],
      [
        178,
        38
      ],
      [
        84,
        -116
      ],
      [
        -167,
        -62
      ],
      [
        34,
        -94
      ],
      [
        -139,
        -114
      ],
      [
        19,
        -42
      ],
      [
        -145,
        -17
      ],
      [
        -24,
        -85
      ],
      [
        -18,
        21
      ],
      [
        -117,
        -72
      ],
      [
        -55,
        24
      ],
      [
        67,
        -51
      ],
      [
        72,
        62
      ],
      [
        28,
        -64
      ],
      [
        146,
        119
      ],
      [
        -144,
        -131
      ],
      [
        -88,
        -8
      ],
      [
        -172,
        88
      ],
      [
        -351,
        -39
      ],
      [
        56,
        -42
      ],
      [
        -45,
        -47
      ],
      [
        69,
        -37
      ],
      [
        -81,
        -2
      ],
      [
        29,
        -72
      ],
      [
        -78,
        -30
      ],
      [
        -75,
        -197
      ],
      [
        -199,
        -127
      ],
      [
        130,
        -14
      ],
      [
        250,
        77
      ],
      [
        321,
        278
      ],
      [
        81,
        19
      ],
      [
        -99,
        -72
      ],
      [
        216,
        96
      ],
      [
        235,
        201
      ],
      [
        268,
        113
      ],
      [
        -20,
        90
      ],
      [
        127,
        30
      ],
      [
        21,
        68
      ],
      [
        401,
        -45
      ],
      [
        42,
        -58
      ],
      [
        -228,
        -253
      ],
      [
        -285,
        -190
      ],
      [
        67,
        -205
      ],
      [
        135,
        -141
      ],
      [
        -62,
        -281
      ],
      [
        -273,
        -14
      ],
      [
        -37,
        120
      ],
      [
        -237,
        89
      ],
      [
        -30,
        -57
      ],
      [
        71,
        2
      ],
      [
        -322,
        -104
      ],
      [
        -185,
        -207
      ],
      [
        -136,
        -63
      ],
      [
        94,
        -86
      ],
      [
        -163,
        14
      ],
      [
        -110,
        -91
      ],
      [
        100,
        -109
      ],
      [
        -17,
        -67
      ],
      [
        357,
        -169
      ],
      [
        57,
        -156
      ],
      [
        -180,
        -21
      ],
      [
        -86,
        -152
      ],
      [
        140,
        -241
      ],
      [
        -278,
        -197
      ],
      [
        -12,
        -103
      ],
      [
        78,
        -66
      ],
      [
        -142,
        -119
      ],
      [
        40,
        -67
      ],
      [
        -275,
        -4
      ],
      [
        -184,
        -145
      ],
      [
        -17,
        -113
      ],
      [
        73,
        -115
      ],
      [
        -103,
        -167
      ],
      [
        245,
        -130
      ],
      [
        126,
        -209
      ],
      [
        -36,
        -265
      ],
      [
        -18,
        -39
      ],
      [
        -17,
        -14
      ],
      [
        -62,
        -9
      ],
      [
        70,
        65
      ],
      [
        -79,
        -46
      ],
      [
        -56,
        -172
      ],
      [
        10,
        -157
      ],
      [
        261,
        -213
      ],
      [
        -37,
        -59
      ],
      [
        114,
        -80
      ],
      [
        667,
        -191
      ],
      [
        -179,
        -18
      ],
      [
        -380,
        -207
      ],
      [
        -5,
        -218
      ],
      [
        142,
        -291
      ],
      [
        -370,
        -426
      ],
      [
        48,
        -154
      ],
      [
        359,
        -452
      ],
      [
        178,
        -90
      ],
      [
        392,
        -97
      ],
      [
        943,
        -180
      ],
      [
        444,
        -39
      ],
      [
        767,
        6
      ],
      [
        195,
        -57
      ],
      [
        131,
        99
      ],
      [
        162,
        1
      ],
      [
        99,
        -106
      ],
      [
        34,
        68
      ],
      [
        -84,
        22
      ],
      [
        66,
        25
      ],
      [
        -244,
        171
      ],
      [
        -36,
        159
      ],
      [
        44,
        91
      ],
      [
        264,
        21
      ],
      [
        130,
        120
      ],
      [
        191,
        41
      ],
      [
        -23,
        92
      ],
      [
        77,
        -9
      ],
      [
        50,
        68
      ],
      [
        -33,
        206
      ],
      [
        -190,
        241
      ],
      [
        -359,
        296
      ],
      [
        -1001,
        558
      ],
      [
        -227,
        181
      ],
      [
        20,
        68
      ],
      [
        -137,
        132
      ],
      [
        16,
        54
      ],
      [
        58,
        27
      ],
      [
        -61,
        -74
      ],
      [
        169,
        -126
      ],
      [
        42,
        55
      ],
      [
        200,
        -6
      ],
      [
        29,
        79
      ],
      [
        -104,
        100
      ],
      [
        -215,
        60
      ],
      [
        -79,
        -30
      ],
      [
        -36,
        131
      ],
      [
        66,
        10
      ],
      [
        -36,
        -32
      ],
      [
        124,
        -48
      ],
      [
        72,
        56
      ],
      [
        203,
        -68
      ],
      [
        157,
        80
      ],
      [
        275,
        261
      ],
      [
        175,
        59
      ],
      [
        135,
        286
      ],
      [
        109,
        92
      ],
      [
        -12,
        278
      ],
      [
        66,
        -22
      ],
      [
        -32,
        -41
      ],
      [
        85,
        10
      ],
      [
        267,
        93
      ],
      [
        107,
        97
      ],
      [
        128,
        -6
      ],
      [
        10,
        224
      ],
      [
        -203,
        192
      ],
      [
        151,
        112
      ],
      [
        -391,
        276
      ],
      [
        -223,
        47
      ],
      [
        83,
        103
      ],
      [
        -99,
        99
      ],
      [
        -10,
        24
      ],
      [
        0,
        35
      ],
      [
        23,
        16
      ],
      [
        21,
        7
      ],
      [
        22,
        3
      ],
      [
        -60,
        -30
      ],
      [
        26,
        -47
      ],
      [
        81,
        64
      ],
      [
        -223,
        211
      ],
      [
        255,
        -29
      ],
      [
        51,
        -63
      ],
      [
        36,
        98
      ],
      [
        -159,
        321
      ],
      [
        35,
        124
      ],
      [
        -88,
        153
      ],
      [
        -423,
        259
      ],
      [
        -620,
        199
      ],
      [
        -70,
        76
      ],
      [
        6,
        34
      ],
      [
        245,
        -155
      ],
      [
        173,
        15
      ],
      [
        75,
        47
      ],
      [
        235,
        -52
      ],
      [
        25,
        43
      ],
      [
        -117,
        62
      ],
      [
        -63,
        -41
      ],
      [
        69,
        53
      ],
      [
        -124,
        21
      ],
      [
        -214,
        134
      ],
      [
        -173,
        27
      ],
      [
        49,
        -80
      ],
      [
        -194,
        27
      ],
      [
        -44,
        -23
      ],
      [
        53,
        -41
      ],
      [
        -140,
        91
      ],
      [
        710,
        74
      ],
      [
        166,
        57
      ],
      [
        271,
        630
      ],
      [
        -1,
        146
      ],
      [
        59,
        2
      ],
      [
        245,
        361
      ],
      [
        164,
        118
      ],
      [
        251,
        94
      ],
      [
        -40,
        283
      ],
      [
        208,
        267
      ],
      [
        -214,
        302
      ],
      [
        302,
        247
      ],
      [
        -102,
        119
      ],
      [
        74,
        167
      ],
      [
        311,
        146
      ],
      [
        -64,
        545
      ],
      [
        56,
        504
      ],
      [
        -131,
        764
      ],
      [
        218,
        482
      ],
      [
        308,
        59
      ],
      [
        390,
        237
      ],
      [
        -127,
        545
      ],
      [
        163,
        177
      ],
      [
        -8,
        395
      ],
      [
        198,
        952
      ],
      [
        190,
        169
      ],
      [
        54,
        -72
      ],
      [
        144,
        -28
      ],
      [
        389,
        38
      ],
      [
        381,
        97
      ],
      [
        171,
        114
      ],
      [
        236,
        57
      ],
      [
        349,
        12
      ],
      [
        137,
        103
      ],
      [
        61,
        137
      ],
      [
        5,
        220
      ],
      [
        33,
        3
      ],
      [
        7,
        32
      ],
      [
        3,
        44
      ],
      [
        -65,
        36
      ],
      [
        38,
        175
      ],
      [
        -72,
        283
      ],
      [
        154,
        211
      ],
      [
        489,
        386
      ],
      [
        317,
        106
      ],
      [
        226,
        336
      ],
      [
        4,
        195
      ],
      [
        -160,
        236
      ],
      [
        -1,
        157
      ],
      [
        47,
        196
      ],
      [
        209,
        112
      ],
      [
        53,
        257
      ],
      [
        94,
        132
      ],
      [
        -147,
        246
      ],
      [
        103,
        75
      ],
      [
        -74,
        407
      ],
      [
        125,
        177
      ],
      [
        302,
        204
      ],
      [
        -215,
        338
      ],
      [
        -562,
        591
      ],
      [
        -138,
        226
      ],
      [
        0,
        106
      ],
      [
        -177,
        229
      ],
      [
        -679,
        561
      ],
      [
        -63,
        122
      ],
      [
        58,
        -71
      ],
      [
        8,
        35
      ],
      [
        149,
        -11
      ],
      [
        -70,
        96
      ],
      [
        93,
        20
      ],
      [
        -231,
        40
      ],
      [
        -139,
        185
      ],
      [
        85,
        43
      ],
      [
        -14,
        -113
      ],
      [
        36,
        -47
      ],
      [
        5,
        30
      ],
      [
        29,
        14
      ],
      [
        19,
        -77
      ],
      [
        16,
        62
      ],
      [
        128,
        27
      ],
      [
        -49,
        36
      ],
      [
        69,
        20
      ],
      [
        -117,
        38
      ],
      [
        71,
        59
      ],
      [
        -49,
        10
      ],
      [
        62,
        57
      ],
      [
        32,
        229
      ],
      [
        79,
        -88
      ],
      [
        17,
        12
      ],
      [
        -112,
        170
      ],
      [
        27,
        -78
      ],
      [
        -60,
        30
      ],
      [
        -104,
        -203
      ],
      [
        510,
        1120
      ],
      [
        -65,
        -60
      ],
      [
        54,
        58
      ],
      [
        27,
        12
      ],
      [
        18,
        354
      ],
      [
        -170,
        376
      ],
      [
        42,
        -41
      ],
      [
        23,
        -7
      ],
      [
        29,
        3
      ],
      [
        -11,
        -38
      ],
      [
        24,
        -50
      ],
      [
        198,
        32
      ],
      [
        -215,
        14
      ],
      [
        6,
        42
      ],
      [
        -53,
        9
      ],
      [
        -27,
        67
      ],
      [
        133,
        23
      ],
      [
        -69,
        -44
      ],
      [
        94,
        29
      ],
      [
        96,
        -48
      ],
      [
        -94,
        252
      ],
      [
        -101,
        -44
      ],
      [
        -143,
        79
      ],
      [
        61,
        32
      ],
      [
        -167,
        81
      ],
      [
        33,
        123
      ],
      [
        -213,
        114
      ],
      [
        113,
        15
      ],
      [
        16,
        51
      ],
      [
        -174,
        114
      ],
      [
        7,
        35
      ],
      [
        26,
        -16
      ],
      [
        23,
        -3
      ],
      [
        38,
        1
      ],
      [
        -135,
        36
      ],
      [
        -6,
        -32
      ],
      [
        -23,
        79
      ],
      [
        -100,
        -19
      ],
      [
        -44,
        36
      ],
      [
        37,
        -54
      ],
      [
        39,
        2
      ],
      [
        -94,
        -66
      ],
      [
        92,
        -122
      ],
      [
        -85,
        23
      ],
      [
        13,
        -58
      ],
      [
        128,
        -81
      ]
    ],
    [
      [
        97291,
        39577
      ],
      [
        -296,
        706
      ],
      [
        -106,
        73
      ],
      [
        186,
        -427
      ],
      [
        -66,
        -26
      ],
      [
        42,
        -115
      ],
      [
        82,
        -29
      ],
      [
        84,
        -203
      ],
      [
        82,
        -79
      ],
      [
        41,
        -14
      ],
      [
        -49,
        114
      ]
    ],
    [
      [
        78746,
        57729
      ],
      [
        88,
        -282
      ],
      [
        -55,
        -96
      ],
      [
        149,
        25
      ],
      [
        -31,
        -108
      ],
      [
        52,
        -76
      ],
      [
        -69,
        -139
      ],
      [
        227,
        -183
      ],
      [
        -67,
        -95
      ],
      [
        52,
        -71
      ],
      [
        147,
        -8
      ],
      [
        64,
        -58
      ],
      [
        240,
        -57
      ],
      [
        15,
        -65
      ],
      [
        112,
        -1
      ],
      [
        75,
        51
      ],
      [
        139,
        -44
      ],
      [
        -30,
        -85
      ],
      [
        172,
        -139
      ],
      [
        -34,
        -83
      ],
      [
        -94,
        -3
      ],
      [
        103,
        -381
      ],
      [
        231,
        -1
      ],
      [
        -37,
        -99
      ],
      [
        81,
        -7
      ],
      [
        9,
        -48
      ],
      [
        54,
        40
      ],
      [
        119,
        -38
      ],
      [
        -12,
        -59
      ],
      [
        82,
        -45
      ],
      [
        418,
        1
      ],
      [
        231,
        -65
      ],
      [
        63,
        -197
      ],
      [
        -59,
        -132
      ],
      [
        -199,
        -125
      ],
      [
        12,
        -122
      ],
      [
        585,
        2
      ],
      [
        -18,
        -75
      ],
      [
        97,
        -57
      ],
      [
        -31,
        133
      ],
      [
        -437,
        61
      ],
      [
        110,
        64
      ],
      [
        -88,
        94
      ],
      [
        102,
        167
      ],
      [
        -66,
        165
      ],
      [
        217,
        182
      ],
      [
        19,
        147
      ],
      [
        204,
        279
      ],
      [
        -307,
        405
      ],
      [
        -262,
        553
      ],
      [
        -47,
        -8
      ],
      [
        -3,
        -120
      ],
      [
        25,
        37
      ],
      [
        47,
        -164
      ],
      [
        53,
        23
      ],
      [
        -22,
        -99
      ],
      [
        45,
        30
      ],
      [
        -15,
        -57
      ],
      [
        45,
        13
      ],
      [
        -24,
        -131
      ],
      [
        246,
        -320
      ],
      [
        -32,
        -60
      ],
      [
        -73,
        -8
      ],
      [
        -78,
        -380
      ],
      [
        49,
        -59
      ],
      [
        47,
        108
      ],
      [
        3,
        -125
      ],
      [
        -255,
        -122
      ],
      [
        -320,
        97
      ],
      [
        -94,
        228
      ],
      [
        -221,
        179
      ],
      [
        -632,
        846
      ],
      [
        -133,
        966
      ],
      [
        -75,
        127
      ],
      [
        -108,
        67
      ],
      [
        -217,
        -134
      ],
      [
        46,
        142
      ],
      [
        -387,
        108
      ],
      [
        -136,
        -90
      ],
      [
        57,
        -143
      ],
      [
        -108,
        -204
      ],
      [
        -78,
        -25
      ],
      [
        22,
        -47
      ]
    ],
    [
      [
        95420,
        41315
      ],
      [
        20,
        -6
      ],
      [
        -20,
        -13
      ],
      [
        -11,
        13
      ],
      [
        11,
        6
      ]
    ],
    [
      [
        93720,
        43797
      ],
      [
        7,
        40
      ],
      [
        25,
        11
      ],
      [
        37,
        -43
      ],
      [
        -69,
        -8
      ]
    ],
    [
      [
        93536,
        43879
      ],
      [
        -27,
        96
      ],
      [
        74,
        30
      ],
      [
        27,
        -142
      ],
      [
        -74,
        16
      ]
    ],
    [
      [
        92346,
        45574
      ],
      [
        108,
        -108
      ],
      [
        138,
        53
      ],
      [
        92,
        -65
      ],
      [
        121,
        -299
      ],
      [
        -66,
        -95
      ],
      [
        -216,
        -81
      ],
      [
        -160,
        -201
      ],
      [
        -130,
        -58
      ],
      [
        -158,
        142
      ],
      [
        -79,
        267
      ],
      [
        14,
        220
      ],
      [
        128,
        190
      ],
      [
        208,
        35
      ]
    ],
    [
      [
        92526,
        44154
      ],
      [
        -103,
        12
      ],
      [
        -104,
        89
      ],
      [
        137,
        99
      ],
      [
        92,
        -18
      ],
      [
        49,
        -75
      ],
      [
        16,
        -81
      ],
      [
        -87,
        -26
      ]
    ],
    [
      [
        92325,
        45837
      ],
      [
        204,
        -56
      ],
      [
        -95,
        -94
      ],
      [
        -75,
        -57
      ],
      [
        -296,
        -25
      ],
      [
        -87,
        -52
      ],
      [
        -201,
        162
      ],
      [
        2,
        79
      ],
      [
        117,
        -84
      ],
      [
        161,
        119
      ],
      [
        270,
        8
      ]
    ],
    [
      [
        92182,
        44176
      ],
      [
        45,
        -34
      ],
      [
        -9,
        -21
      ],
      [
        -61,
        16
      ],
      [
        25,
        39
      ]
    ],
    [
      [
        90975,
        45536
      ],
      [
        -152,
        -148
      ],
      [
        -162,
        71
      ],
      [
        57,
        83
      ],
      [
        257,
        -6
      ]
    ],
    [
      [
        85014,
        51365
      ],
      [
        -89,
        -44
      ],
      [
        270,
        -14
      ],
      [
        -314,
        9
      ],
      [
        133,
        49
      ]
    ],
    [
      [
        84978,
        51386
      ],
      [
        -59,
        4
      ],
      [
        -75,
        -70
      ],
      [
        65,
        73
      ],
      [
        69,
        -7
      ]
    ],
    [
      [
        84705,
        50403
      ],
      [
        29,
        -69
      ],
      [
        54,
        18
      ],
      [
        -10,
        -108
      ],
      [
        33,
        41
      ],
      [
        60,
        -39
      ],
      [
        -62,
        -76
      ],
      [
        -84,
        123
      ],
      [
        -20,
        110
      ]
    ],
    [
      [
        84701,
        50751
      ],
      [
        21,
        8
      ],
      [
        5,
        13
      ],
      [
        1,
        -32
      ],
      [
        -27,
        11
      ]
    ],
    [
      [
        84645,
        50683
      ],
      [
        5,
        14
      ],
      [
        46,
        14
      ],
      [
        -67,
        -51
      ],
      [
        16,
        23
      ]
    ],
    [
      [
        84605,
        50940
      ],
      [
        89,
        -106
      ],
      [
        -92,
        -71
      ],
      [
        -118,
        157
      ],
      [
        66,
        56
      ],
      [
        55,
        -36
      ]
    ],
    [
      [
        84662,
        50452
      ],
      [
        -10,
        -65
      ],
      [
        -59,
        -36
      ],
      [
        -88,
        78
      ],
      [
        5,
        41
      ],
      [
        134,
        -21
      ],
      [
        -85,
        75
      ],
      [
        103,
        -72
      ]
    ],
    [
      [
        84475,
        50879
      ],
      [
        -2,
        17
      ],
      [
        19,
        -33
      ],
      [
        -14,
        11
      ],
      [
        -3,
        5
      ]
    ],
    [
      [
        84311,
        50635
      ],
      [
        29,
        15
      ],
      [
        27,
        -17
      ],
      [
        -19,
        -7
      ],
      [
        -37,
        9
      ]
    ],
    [
      [
        82411,
        55964
      ],
      [
        -35,
        -19
      ],
      [
        -57,
        7
      ],
      [
        42,
        52
      ],
      [
        50,
        -40
      ]
    ],
    [
      [
        81408,
        55972
      ],
      [
        -13,
        61
      ],
      [
        168,
        119
      ],
      [
        23,
        -89
      ],
      [
        -135,
        -131
      ],
      [
        -43,
        40
      ]
    ],
    [
      [
        46243,
        240
      ],
      [
        1,
        -18
      ],
      [
        -32,
        11
      ],
      [
        22,
        11
      ],
      [
        45,
        2
      ],
      [
        -36,
        -6
      ]
    ],
    [
      [
        38347,
        1262
      ],
      [
        22,
        -2
      ],
      [
        -1,
        -8
      ],
      [
        -18,
        -2
      ],
      [
        -3,
        12
      ]
    ],
    [
      [
        36771,
        91004
      ],
      [
        25,
        1
      ],
      [
        -61,
        -9
      ],
      [
        -11,
        9
      ],
      [
        47,
        -1
      ]
    ],
    [
      [
        36716,
        90997
      ],
      [
        -62,
        -9
      ],
      [
        -102,
        6
      ],
      [
        142,
        9
      ],
      [
        22,
        -6
      ]
    ],
    [
      [
        36647,
        90964
      ],
      [
        62,
        3
      ],
      [
        -73,
        -15
      ],
      [
        -55,
        15
      ],
      [
        66,
        -3
      ]
    ],
    [
      [
        36570,
        90966
      ],
      [
        -30,
        -27
      ],
      [
        -24,
        9
      ],
      [
        15,
        20
      ],
      [
        39,
        -2
      ]
    ],
    [
      [
        36496,
        91022
      ],
      [
        71,
        -45
      ],
      [
        -105,
        -21
      ],
      [
        5,
        63
      ],
      [
        29,
        3
      ]
    ],
    [
      [
        36416,
        90901
      ],
      [
        -21,
        -5
      ],
      [
        -28,
        18
      ],
      [
        32,
        5
      ],
      [
        17,
        -18
      ]
    ],
    [
      [
        36395,
        91011
      ],
      [
        -35,
        -3
      ],
      [
        -24,
        -11
      ],
      [
        29,
        15
      ],
      [
        45,
        1
      ],
      [
        -15,
        -2
      ]
    ],
    [
      [
        36361,
        90987
      ],
      [
        14,
        -12
      ],
      [
        -50,
        10
      ],
      [
        27,
        -4
      ],
      [
        9,
        6
      ]
    ],
    [
      [
        36357,
        90906
      ],
      [
        -34,
        -28
      ],
      [
        -26,
        13
      ],
      [
        43,
        45
      ],
      [
        17,
        -30
      ]
    ],
    [
      [
        36308,
        90932
      ],
      [
        -43,
        3
      ],
      [
        35,
        -30
      ],
      [
        -108,
        -36
      ],
      [
        44,
        61
      ],
      [
        65,
        22
      ],
      [
        7,
        -20
      ]
    ],
    [
      [
        36303,
        90880
      ],
      [
        -63,
        -18
      ],
      [
        -25,
        -25
      ],
      [
        9,
        19
      ],
      [
        39,
        22
      ],
      [
        40,
        2
      ]
    ],
    [
      [
        36295,
        90857
      ],
      [
        -23,
        1
      ],
      [
        26,
        21
      ],
      [
        13,
        -20
      ],
      [
        -16,
        -2
      ]
    ],
    [
      [
        36248,
        90838
      ],
      [
        0,
        9
      ],
      [
        28,
        7
      ],
      [
        -13,
        -18
      ],
      [
        -15,
        2
      ]
    ],
    [
      [
        36216,
        90948
      ],
      [
        -79,
        -21
      ],
      [
        18,
        -48
      ],
      [
        -71,
        -47
      ],
      [
        41,
        98
      ],
      [
        91,
        18
      ]
    ],
    [
      [
        36165,
        90834
      ],
      [
        -44,
        -2
      ],
      [
        -124,
        -53
      ],
      [
        135,
        64
      ],
      [
        33,
        -9
      ]
    ],
    [
      [
        35962,
        90764
      ],
      [
        -7,
        -12
      ],
      [
        -4,
        -1
      ],
      [
        18,
        23
      ],
      [
        -7,
        -10
      ]
    ],
    [
      [
        35896,
        90743
      ],
      [
        38,
        20
      ],
      [
        18,
        4
      ],
      [
        -46,
        -28
      ],
      [
        -10,
        4
      ]
    ],
    [
      [
        35933,
        90742
      ],
      [
        -15,
        -2
      ],
      [
        -3,
        1
      ],
      [
        10,
        7
      ],
      [
        8,
        -6
      ]
    ],
    [
      [
        35885,
        90720
      ],
      [
        -121,
        -45
      ],
      [
        -143,
        -15
      ],
      [
        244,
        65
      ],
      [
        20,
        -5
      ]
    ],
    [
      [
        35602,
        90645
      ],
      [
        -38,
        -3
      ],
      [
        -5,
        8
      ],
      [
        27,
        7
      ],
      [
        32,
        -16
      ],
      [
        -16,
        4
      ]
    ],
    [
      [
        35565,
        90639
      ],
      [
        16,
        -11
      ],
      [
        -21,
        -14
      ],
      [
        -30,
        24
      ],
      [
        35,
        1
      ]
    ],
    [
      [
        35521,
        92532
      ],
      [
        37,
        -13
      ],
      [
        2,
        -10
      ],
      [
        -84,
        11
      ],
      [
        45,
        12
      ]
    ],
    [
      [
        35275,
        92676
      ],
      [
        227,
        -104
      ],
      [
        11,
        -17
      ],
      [
        -353,
        138
      ],
      [
        115,
        -17
      ]
    ],
    [
      [
        35230,
        90557
      ],
      [
        -24,
        -3
      ],
      [
        -5,
        14
      ],
      [
        5,
        9
      ],
      [
        24,
        -20
      ]
    ],
    [
      [
        35215,
        90591
      ],
      [
        5,
        1
      ],
      [
        1,
        -4
      ],
      [
        -5,
        0
      ],
      [
        -1,
        3
      ]
    ],
    [
      [
        35200,
        90586
      ],
      [
        -11,
        -1
      ],
      [
        -11,
        7
      ],
      [
        20,
        3
      ],
      [
        2,
        -9
      ]
    ],
    [
      [
        35173,
        90572
      ],
      [
        7,
        7
      ],
      [
        9,
        -2
      ],
      [
        -11,
        -7
      ],
      [
        -5,
        2
      ]
    ],
    [
      [
        35166,
        90587
      ],
      [
        1,
        3
      ],
      [
        3,
        0
      ],
      [
        1,
        -5
      ],
      [
        -5,
        2
      ]
    ],
    [
      [
        35159,
        90574
      ],
      [
        4,
        5
      ],
      [
        6,
        0
      ],
      [
        -2,
        -7
      ],
      [
        -8,
        2
      ]
    ],
    [
      [
        35143,
        90580
      ],
      [
        -11,
        4
      ],
      [
        0,
        3
      ],
      [
        20,
        -8
      ],
      [
        -9,
        1
      ]
    ],
    [
      [
        35110,
        90533
      ],
      [
        13,
        8
      ],
      [
        13,
        1
      ],
      [
        -15,
        -10
      ],
      [
        -11,
        1
      ]
    ],
    [
      [
        35128,
        92697
      ],
      [
        -6,
        4
      ],
      [
        5,
        3
      ],
      [
        8,
        -5
      ],
      [
        -7,
        -2
      ]
    ],
    [
      [
        35066,
        92739
      ],
      [
        0,
        -5
      ],
      [
        33,
        -20
      ],
      [
        -52,
        24
      ],
      [
        -1,
        3
      ],
      [
        20,
        -2
      ]
    ],
    [
      [
        34619,
        90637
      ],
      [
        3,
        6
      ],
      [
        33,
        -18
      ],
      [
        -21,
        6
      ],
      [
        -15,
        6
      ]
    ],
    [
      [
        34555,
        90483
      ],
      [
        -1,
        8
      ],
      [
        10,
        2
      ],
      [
        5,
        -15
      ],
      [
        -14,
        5
      ]
    ],
    [
      [
        34550,
        90373
      ],
      [
        -1,
        -4
      ],
      [
        -4,
        -1
      ],
      [
        0,
        1
      ],
      [
        5,
        4
      ]
    ],
    [
      [
        34542,
        90378
      ],
      [
        0,
        3
      ],
      [
        7,
        -1
      ],
      [
        -9,
        -6
      ],
      [
        2,
        4
      ]
    ],
    [
      [
        34534,
        90487
      ],
      [
        2,
        4
      ],
      [
        8,
        -1
      ],
      [
        -3,
        -8
      ],
      [
        -7,
        5
      ]
    ],
    [
      [
        34537,
        90501
      ],
      [
        3,
        -3
      ],
      [
        -5,
        -4
      ],
      [
        -1,
        4
      ],
      [
        3,
        3
      ]
    ],
    [
      [
        34532,
        90479
      ],
      [
        5,
        -3
      ],
      [
        -4,
        -4
      ],
      [
        -3,
        2
      ],
      [
        2,
        5
      ]
    ],
    [
      [
        34520,
        90493
      ],
      [
        4,
        1
      ],
      [
        0,
        -6
      ],
      [
        -5,
        1
      ],
      [
        1,
        4
      ]
    ],
    [
      [
        34515,
        90478
      ],
      [
        -2,
        -4
      ],
      [
        -3,
        0
      ],
      [
        0,
        1
      ],
      [
        5,
        3
      ]
    ],
    [
      [
        34504,
        90487
      ],
      [
        5,
        -2
      ],
      [
        -1,
        -2
      ],
      [
        -6,
        0
      ],
      [
        2,
        4
      ]
    ],
    [
      [
        34491,
        90485
      ],
      [
        0,
        -1
      ],
      [
        -2,
        -3
      ],
      [
        -2,
        3
      ],
      [
        4,
        1
      ]
    ],
    [
      [
        34262,
        90520
      ],
      [
        108,
        -19
      ],
      [
        79,
        9
      ],
      [
        -67,
        -27
      ],
      [
        -201,
        21
      ],
      [
        81,
        16
      ]
    ],
    [
      [
        34314,
        90283
      ],
      [
        4,
        6
      ],
      [
        7,
        -7
      ],
      [
        -7,
        -1
      ],
      [
        -4,
        2
      ]
    ],
    [
      [
        34196,
        90529
      ],
      [
        -18,
        -24
      ],
      [
        -22,
        7
      ],
      [
        0,
        28
      ],
      [
        40,
        -11
      ]
    ],
    [
      [
        34121,
        90542
      ],
      [
        30,
        -4
      ],
      [
        -1,
        -14
      ],
      [
        -65,
        17
      ],
      [
        36,
        1
      ]
    ],
    [
      [
        33187,
        91008
      ],
      [
        147,
        -129
      ],
      [
        640,
        -278
      ],
      [
        105,
        -48
      ],
      [
        3,
        -13
      ],
      [
        -147,
        54
      ],
      [
        -14,
        -25
      ],
      [
        -161,
        102
      ],
      [
        -63,
        2
      ],
      [
        -26,
        -22
      ],
      [
        54,
        6
      ],
      [
        -22,
        -46
      ],
      [
        -144,
        25
      ],
      [
        24,
        56
      ],
      [
        110,
        3
      ],
      [
        -95,
        10
      ],
      [
        -230,
        136
      ],
      [
        172,
        -181
      ],
      [
        -12,
        -46
      ],
      [
        -341,
        394
      ]
    ],
    [
      [
        33364,
        90844
      ],
      [
        -21,
        18
      ],
      [
        -49,
        26
      ],
      [
        56,
        -52
      ],
      [
        14,
        8
      ]
    ],
    [
      [
        33820,
        90507
      ],
      [
        19,
        -80
      ],
      [
        -103,
        52
      ],
      [
        20,
        30
      ],
      [
        -252,
        -19
      ],
      [
        19,
        36
      ],
      [
        222,
        35
      ],
      [
        75,
        -54
      ]
    ],
    [
      [
        33601,
        90605
      ],
      [
        172,
        1
      ],
      [
        29,
        -18
      ],
      [
        -256,
        16
      ],
      [
        55,
        1
      ]
    ],
    [
      [
        33796,
        90654
      ],
      [
        -4,
        -6
      ],
      [
        -35,
        9
      ],
      [
        29,
        3
      ],
      [
        10,
        -6
      ]
    ],
    [
      [
        33475,
        90595
      ],
      [
        25,
        0
      ],
      [
        -26,
        -5
      ],
      [
        -5,
        2
      ],
      [
        -2,
        4
      ],
      [
        8,
        8
      ],
      [
        28,
        7
      ],
      [
        -28,
        -16
      ]
    ],
    [
      [
        33476,
        90761
      ],
      [
        7,
        2
      ],
      [
        14,
        -15
      ],
      [
        -18,
        -1
      ],
      [
        -3,
        14
      ]
    ],
    [
      [
        33431,
        90510
      ],
      [
        39,
        1
      ],
      [
        -53,
        -9
      ],
      [
        -135,
        0
      ],
      [
        149,
        8
      ]
    ],
    [
      [
        33363,
        90550
      ],
      [
        -33,
        -15
      ],
      [
        -66,
        -8
      ],
      [
        142,
        43
      ],
      [
        -43,
        -20
      ]
    ],
    [
      [
        33275,
        93587
      ],
      [
        4,
        -20
      ],
      [
        -73,
        18
      ],
      [
        8,
        7
      ],
      [
        61,
        -5
      ]
    ],
    [
      [
        33238,
        90534
      ],
      [
        -39,
        12
      ],
      [
        16,
        20
      ],
      [
        47,
        -23
      ],
      [
        -24,
        -9
      ]
    ],
    [
      [
        33210,
        90482
      ],
      [
        -6,
        8
      ],
      [
        43,
        6
      ],
      [
        -19,
        -10
      ],
      [
        -18,
        -4
      ]
    ],
    [
      [
        33052,
        90636
      ],
      [
        101,
        -26
      ],
      [
        37,
        -25
      ],
      [
        -23,
        -48
      ],
      [
        -27,
        70
      ],
      [
        -235,
        1
      ],
      [
        147,
        28
      ]
    ],
    [
      [
        33163,
        90979
      ],
      [
        21,
        -8
      ],
      [
        11,
        -33
      ],
      [
        -40,
        9
      ],
      [
        8,
        32
      ]
    ],
    [
      [
        33175,
        93595
      ],
      [
        -10,
        -2
      ],
      [
        3,
        10
      ],
      [
        20,
        -7
      ],
      [
        -13,
        -1
      ]
    ],
    [
      [
        33131,
        90449
      ],
      [
        -8,
        4
      ],
      [
        24,
        1
      ],
      [
        -11,
        -5
      ],
      [
        -5,
        0
      ]
    ],
    [
      [
        33034,
        90466
      ],
      [
        26,
        -11
      ],
      [
        57,
        7
      ],
      [
        -53,
        -11
      ],
      [
        -53,
        14
      ],
      [
        23,
        1
      ]
    ],
    [
      [
        33064,
        93622
      ],
      [
        29,
        -4
      ],
      [
        5,
        -6
      ],
      [
        -14,
        -4
      ],
      [
        -20,
        14
      ]
    ],
    [
      [
        33046,
        93609
      ],
      [
        11,
        -22
      ],
      [
        -63,
        25
      ],
      [
        46,
        2
      ],
      [
        6,
        -5
      ]
    ],
    [
      [
        33048,
        93623
      ],
      [
        -92,
        -3
      ],
      [
        -48,
        26
      ],
      [
        149,
        3
      ],
      [
        -9,
        -26
      ]
    ],
    [
      [
        33047,
        90491
      ],
      [
        4,
        2
      ],
      [
        -6,
        -5
      ],
      [
        -26,
        3
      ],
      [
        15,
        21
      ],
      [
        13,
        -21
      ]
    ],
    [
      [
        33041,
        90524
      ],
      [
        5,
        1
      ],
      [
        -8,
        -5
      ],
      [
        -19,
        -3
      ],
      [
        -11,
        4
      ],
      [
        33,
        3
      ]
    ],
    [
      [
        33009,
        90536
      ],
      [
        1,
        11
      ],
      [
        15,
        11
      ],
      [
        7,
        -20
      ],
      [
        -23,
        -2
      ]
    ],
    [
      [
        32999,
        90473
      ],
      [
        17,
        5
      ],
      [
        3,
        -1
      ],
      [
        -29,
        -7
      ],
      [
        -26,
        0
      ],
      [
        -12,
        7
      ],
      [
        47,
        -4
      ]
    ],
    [
      [
        32993,
        90577
      ],
      [
        0,
        -47
      ],
      [
        -102,
        0
      ],
      [
        7,
        43
      ],
      [
        95,
        4
      ]
    ],
    [
      [
        32931,
        90463
      ],
      [
        -19,
        -1
      ],
      [
        -8,
        8
      ],
      [
        11,
        -6
      ],
      [
        16,
        -1
      ]
    ],
    [
      [
        32815,
        90437
      ],
      [
        -11,
        -20
      ],
      [
        41,
        25
      ],
      [
        72,
        -50
      ],
      [
        -121,
        20
      ],
      [
        19,
        25
      ]
    ],
    [
      [
        32840,
        90471
      ],
      [
        51,
        48
      ],
      [
        14,
        2
      ],
      [
        -34,
        -36
      ],
      [
        -31,
        -14
      ]
    ],
    [
      [
        32876,
        90606
      ],
      [
        10,
        5
      ],
      [
        17,
        -13
      ],
      [
        -20,
        1
      ],
      [
        -7,
        7
      ]
    ],
    [
      [
        32860,
        90586
      ],
      [
        3,
        6
      ],
      [
        33,
        2
      ],
      [
        -19,
        -10
      ],
      [
        -17,
        2
      ]
    ],
    [
      [
        32861,
        90602
      ],
      [
        -8,
        5
      ],
      [
        10,
        7
      ],
      [
        11,
        -15
      ],
      [
        -13,
        3
      ]
    ],
    [
      [
        32811,
        90589
      ],
      [
        -54,
        14
      ],
      [
        59,
        29
      ],
      [
        4,
        -17
      ],
      [
        -9,
        -26
      ]
    ],
    [
      [
        32743,
        90702
      ],
      [
        11,
        -87
      ],
      [
        -183,
        48
      ],
      [
        74,
        39
      ],
      [
        -45,
        7
      ],
      [
        5,
        58
      ],
      [
        138,
        -65
      ]
    ],
    [
      [
        32553,
        90606
      ],
      [
        74,
        -29
      ],
      [
        37,
        26
      ],
      [
        74,
        -32
      ],
      [
        11,
        -32
      ],
      [
        -76,
        -59
      ],
      [
        58,
        82
      ],
      [
        -124,
        -29
      ],
      [
        63,
        -61
      ],
      [
        91,
        27
      ],
      [
        -143,
        -104
      ],
      [
        -89,
        183
      ],
      [
        -63,
        4
      ],
      [
        87,
        24
      ]
    ],
    [
      [
        32721,
        90409
      ],
      [
        -5,
        2
      ],
      [
        10,
        2
      ],
      [
        11,
        -2
      ],
      [
        -16,
        -2
      ]
    ],
    [
      [
        32633,
        90404
      ],
      [
        28,
        23
      ],
      [
        47,
        -15
      ],
      [
        -81,
        -16
      ],
      [
        6,
        8
      ]
    ],
    [
      [
        32681,
        90535
      ],
      [
        9,
        7
      ],
      [
        3,
        0
      ],
      [
        -7,
        -14
      ],
      [
        -5,
        7
      ]
    ],
    [
      [
        32599,
        90593
      ],
      [
        -9,
        4
      ],
      [
        4,
        5
      ],
      [
        18,
        -8
      ],
      [
        -13,
        -1
      ]
    ],
    [
      [
        32547,
        90364
      ],
      [
        3,
        20
      ],
      [
        29,
        0
      ],
      [
        1,
        -2
      ],
      [
        -33,
        -18
      ]
    ],
    [
      [
        32521,
        90420
      ],
      [
        -19,
        47
      ],
      [
        33,
        11
      ],
      [
        17,
        -75
      ],
      [
        -31,
        17
      ]
    ],
    [
      [
        32480,
        90415
      ],
      [
        -86,
        36
      ],
      [
        -1,
        15
      ],
      [
        123,
        -66
      ],
      [
        -36,
        15
      ]
    ],
    [
      [
        32484,
        90485
      ],
      [
        9,
        10
      ],
      [
        5,
        -20
      ],
      [
        -7,
        2
      ],
      [
        -7,
        8
      ]
    ],
    [
      [
        32483,
        90503
      ],
      [
        -4,
        6
      ],
      [
        8,
        3
      ],
      [
        5,
        -13
      ],
      [
        -9,
        4
      ]
    ],
    [
      [
        32322,
        91272
      ],
      [
        -202,
        -113
      ],
      [
        -569,
        150
      ],
      [
        608,
        -93
      ],
      [
        166,
        95
      ],
      [
        -87,
        -56
      ],
      [
        -19,
        -39
      ],
      [
        81,
        59
      ],
      [
        190,
        66
      ],
      [
        -168,
        -69
      ]
    ],
    [
      [
        32466,
        90609
      ],
      [
        -19,
        -25
      ],
      [
        -11,
        -5
      ],
      [
        10,
        29
      ],
      [
        20,
        1
      ]
    ],
    [
      [
        32372,
        90819
      ],
      [
        88,
        -22
      ],
      [
        -166,
        -30
      ],
      [
        -51,
        -2
      ],
      [
        -68,
        11
      ],
      [
        166,
        2
      ],
      [
        57,
        13
      ],
      [
        -26,
        28
      ]
    ],
    [
      [
        32442,
        90513
      ],
      [
        1,
        9
      ],
      [
        14,
        -2
      ],
      [
        -1,
        -13
      ],
      [
        -14,
        6
      ]
    ],
    [
      [
        32423,
        90554
      ],
      [
        -61,
        -73
      ],
      [
        13,
        -11
      ],
      [
        -35,
        16
      ],
      [
        -2,
        48
      ],
      [
        85,
        20
      ]
    ],
    [
      [
        32269,
        90855
      ],
      [
        33,
        -24
      ],
      [
        -2,
        -5
      ],
      [
        -87,
        33
      ],
      [
        56,
        -4
      ]
    ],
    [
      [
        32286,
        90391
      ],
      [
        -25,
        -9
      ],
      [
        -30,
        1
      ],
      [
        -22,
        10
      ],
      [
        77,
        -2
      ]
    ],
    [
      [
        32196,
        90420
      ],
      [
        -7,
        -6
      ],
      [
        -16,
        4
      ],
      [
        5,
        6
      ],
      [
        18,
        -4
      ]
    ],
    [
      [
        32158,
        90501
      ],
      [
        16,
        -26
      ],
      [
        -80,
        -21
      ],
      [
        3,
        56
      ],
      [
        31,
        38
      ],
      [
        17,
        10
      ],
      [
        13,
        -57
      ]
    ],
    [
      [
        32099,
        90485
      ],
      [
        4,
        -29
      ],
      [
        50,
        14
      ],
      [
        -17,
        13
      ],
      [
        -37,
        2
      ]
    ],
    [
      [
        32084,
        90857
      ],
      [
        14,
        6
      ],
      [
        7,
        -14
      ],
      [
        -1,
        0
      ],
      [
        -20,
        8
      ]
    ],
    [
      [
        32074,
        90747
      ],
      [
        -53,
        -14
      ],
      [
        -22,
        25
      ],
      [
        8,
        2
      ],
      [
        67,
        -13
      ]
    ],
    [
      [
        32058,
        91252
      ],
      [
        2,
        -6
      ],
      [
        -6,
        -1
      ],
      [
        0,
        2
      ],
      [
        4,
        5
      ]
    ],
    [
      [
        31992,
        90548
      ],
      [
        -31,
        11
      ],
      [
        -25,
        6
      ],
      [
        35,
        -6
      ],
      [
        49,
        -17
      ],
      [
        -28,
        6
      ]
    ],
    [
      [
        32001,
        90568
      ],
      [
        -20,
        13
      ],
      [
        6,
        11
      ],
      [
        32,
        -27
      ],
      [
        -7,
        -9
      ],
      [
        -11,
        12
      ]
    ],
    [
      [
        31951,
        90638
      ],
      [
        -39,
        -12
      ],
      [
        80,
        32
      ],
      [
        -4,
        -7
      ],
      [
        -37,
        -13
      ]
    ],
    [
      [
        31969,
        90601
      ],
      [
        -10,
        -9
      ],
      [
        -34,
        2
      ],
      [
        33,
        28
      ],
      [
        11,
        -21
      ]
    ],
    [
      [
        31930,
        90681
      ],
      [
        21,
        -5
      ],
      [
        -63,
        -21
      ],
      [
        -48,
        27
      ],
      [
        90,
        -1
      ]
    ],
    [
      [
        31870,
        90608
      ],
      [
        12,
        40
      ],
      [
        13,
        -1
      ],
      [
        8,
        -38
      ],
      [
        -33,
        -1
      ]
    ],
    [
      [
        31873,
        90621
      ],
      [
        0,
        -8
      ],
      [
        -7,
        -2
      ],
      [
        2,
        7
      ],
      [
        5,
        3
      ]
    ],
    [
      [
        31828,
        90630
      ],
      [
        -115,
        -50
      ],
      [
        0,
        7
      ],
      [
        -132,
        47
      ],
      [
        -11,
        11
      ],
      [
        150,
        -8
      ],
      [
        56,
        45
      ],
      [
        52,
        -52
      ]
    ],
    [
      [
        31717,
        90574
      ],
      [
        21,
        2
      ],
      [
        28,
        -10
      ],
      [
        44,
        5
      ],
      [
        3,
        -7
      ],
      [
        -89,
        -1
      ],
      [
        -40,
        14
      ],
      [
        33,
        -3
      ]
    ],
    [
      [
        31729,
        90816
      ],
      [
        24,
        4
      ],
      [
        -13,
        -18
      ],
      [
        -14,
        3
      ],
      [
        3,
        11
      ]
    ],
    [
      [
        31624,
        91067
      ],
      [
        -12,
        15
      ],
      [
        8,
        7
      ],
      [
        40,
        -18
      ],
      [
        -36,
        -4
      ]
    ],
    [
      [
        31630,
        91028
      ],
      [
        25,
        -14
      ],
      [
        -71,
        -14
      ],
      [
        25,
        40
      ],
      [
        21,
        -12
      ]
    ],
    [
      [
        31558,
        91018
      ],
      [
        23,
        10
      ],
      [
        6,
        -11
      ],
      [
        -24,
        -14
      ],
      [
        -5,
        15
      ]
    ],
    [
      [
        31496,
        90590
      ],
      [
        -41,
        -17
      ],
      [
        52,
        -41
      ],
      [
        6,
        -30
      ],
      [
        -28,
        -17
      ],
      [
        -8,
        38
      ],
      [
        -189,
        52
      ],
      [
        81,
        65
      ],
      [
        -3,
        -69
      ],
      [
        75,
        -32
      ],
      [
        -44,
        130
      ],
      [
        136,
        -60
      ],
      [
        -37,
        -19
      ]
    ],
    [
      [
        31501,
        91316
      ],
      [
        35,
        -21
      ],
      [
        -124,
        -4
      ],
      [
        49,
        35
      ],
      [
        40,
        -10
      ]
    ],
    [
      [
        31505,
        91379
      ],
      [
        10,
        3
      ],
      [
        2,
        -4
      ],
      [
        -18,
        -4
      ],
      [
        6,
        5
      ]
    ],
    [
      [
        31468,
        91096
      ],
      [
        -1,
        14
      ],
      [
        11,
        -13
      ],
      [
        -28,
        -13
      ],
      [
        18,
        12
      ]
    ],
    [
      [
        31428,
        91376
      ],
      [
        8,
        2
      ],
      [
        4,
        -3
      ],
      [
        -10,
        0
      ],
      [
        -2,
        1
      ]
    ],
    [
      [
        31412,
        91387
      ],
      [
        -13,
        -5
      ],
      [
        -8,
        6
      ],
      [
        27,
        4
      ],
      [
        -6,
        -5
      ]
    ],
    [
      [
        31400,
        91315
      ],
      [
        9,
        4
      ],
      [
        7,
        0
      ],
      [
        -5,
        -4
      ],
      [
        -11,
        0
      ]
    ],
    [
      [
        31389,
        91300
      ],
      [
        14,
        2
      ],
      [
        -20,
        -10
      ],
      [
        -4,
        5
      ],
      [
        10,
        3
      ]
    ],
    [
      [
        31367,
        91113
      ],
      [
        15,
        6
      ],
      [
        17,
        0
      ],
      [
        -35,
        -16
      ],
      [
        3,
        10
      ]
    ],
    [
      [
        31366,
        91362
      ],
      [
        -24,
        -6
      ],
      [
        -29,
        5
      ],
      [
        69,
        26
      ],
      [
        -16,
        -25
      ]
    ],
    [
      [
        31349,
        91344
      ],
      [
        -3,
        11
      ],
      [
        25,
        -1
      ],
      [
        -8,
        -9
      ],
      [
        -14,
        -1
      ]
    ],
    [
      [
        31346,
        91286
      ],
      [
        5,
        4
      ],
      [
        15,
        1
      ],
      [
        -7,
        -6
      ],
      [
        -13,
        1
      ]
    ],
    [
      [
        31298,
        90706
      ],
      [
        0,
        11
      ],
      [
        24,
        1
      ],
      [
        -2,
        -8
      ],
      [
        -22,
        -4
      ]
    ],
    [
      [
        31299,
        90677
      ],
      [
        -39,
        -2
      ],
      [
        -9,
        3
      ],
      [
        68,
        10
      ],
      [
        -20,
        -11
      ]
    ],
    [
      [
        31173,
        91278
      ],
      [
        92,
        8
      ],
      [
        46,
        -23
      ],
      [
        -158,
        -10
      ],
      [
        47,
        -28
      ],
      [
        -64,
        -24
      ],
      [
        -96,
        89
      ],
      [
        56,
        21
      ],
      [
        77,
        -33
      ]
    ],
    [
      [
        31282,
        90697
      ],
      [
        3,
        8
      ],
      [
        -18,
        -19
      ],
      [
        7,
        6
      ],
      [
        8,
        5
      ]
    ],
    [
      [
        31228,
        91196
      ],
      [
        34,
        30
      ],
      [
        12,
        -1
      ],
      [
        0,
        -26
      ],
      [
        -46,
        -3
      ]
    ],
    [
      [
        31231,
        90696
      ],
      [
        14,
        2
      ],
      [
        10,
        6
      ],
      [
        -8,
        -8
      ],
      [
        -16,
        0
      ]
    ],
    [
      [
        31219,
        91395
      ],
      [
        5,
        11
      ],
      [
        9,
        2
      ],
      [
        -12,
        -20
      ],
      [
        -2,
        7
      ]
    ],
    [
      [
        31217,
        91195
      ],
      [
        -25,
        -1
      ],
      [
        -8,
        11
      ],
      [
        33,
        10
      ],
      [
        0,
        -20
      ]
    ],
    [
      [
        31193,
        91390
      ],
      [
        5,
        4
      ],
      [
        13,
        5
      ],
      [
        -7,
        -16
      ],
      [
        -11,
        7
      ]
    ],
    [
      [
        31186,
        91169
      ],
      [
        -8,
        9
      ],
      [
        27,
        8
      ],
      [
        -3,
        -16
      ],
      [
        -16,
        -1
      ]
    ],
    [
      [
        31200,
        90695
      ],
      [
        -81,
        21
      ],
      [
        -57,
        22
      ],
      [
        143,
        -40
      ],
      [
        -5,
        -3
      ]
    ],
    [
      [
        31191,
        91190
      ],
      [
        -50,
        -11
      ],
      [
        -23,
        5
      ],
      [
        0,
        9
      ],
      [
        73,
        -3
      ]
    ],
    [
      [
        31090,
        91200
      ],
      [
        19,
        4
      ],
      [
        5,
        -7
      ],
      [
        -24,
        -4
      ],
      [
        0,
        7
      ]
    ],
    [
      [
        31039,
        90685
      ],
      [
        16,
        -6
      ],
      [
        -2,
        -8
      ],
      [
        -7,
        2
      ],
      [
        -7,
        12
      ]
    ],
    [
      [
        30999,
        91372
      ],
      [
        26,
        -10
      ],
      [
        17,
        -34
      ],
      [
        -52,
        19
      ],
      [
        9,
        25
      ]
    ],
    [
      [
        29901,
        92312
      ],
      [
        2,
        -34
      ],
      [
        -72,
        32
      ],
      [
        18,
        10
      ],
      [
        52,
        -8
      ]
    ],
    [
      [
        29821,
        92348
      ],
      [
        -28,
        5
      ],
      [
        -5,
        23
      ],
      [
        42,
        -15
      ],
      [
        -9,
        -13
      ]
    ],
    [
      [
        29724,
        92402
      ],
      [
        44,
        -17
      ],
      [
        -15,
        -28
      ],
      [
        -171,
        45
      ],
      [
        142,
        0
      ]
    ],
    [
      [
        29547,
        92409
      ],
      [
        5,
        19
      ],
      [
        25,
        4
      ],
      [
        -13,
        -29
      ],
      [
        -17,
        6
      ]
    ],
    [
      [
        29073,
        92351
      ],
      [
        118,
        0
      ],
      [
        99,
        -127
      ],
      [
        -364,
        138
      ],
      [
        147,
        -11
      ]
    ],
    [
      [
        28662,
        93834
      ],
      [
        107,
        -30
      ],
      [
        84,
        2
      ],
      [
        69,
        -16
      ],
      [
        -150,
        3
      ],
      [
        -159,
        46
      ],
      [
        49,
        -5
      ]
    ],
    [
      [
        28904,
        92390
      ],
      [
        7,
        -18
      ],
      [
        -18,
        -3
      ],
      [
        -22,
        22
      ],
      [
        33,
        -1
      ]
    ],
    [
      [
        28889,
        94679
      ],
      [
        -78,
        -51
      ],
      [
        -83,
        40
      ],
      [
        72,
        -9
      ],
      [
        89,
        20
      ]
    ],
    [
      [
        28834,
        94971
      ],
      [
        -74,
        5
      ],
      [
        -10,
        2
      ],
      [
        -12,
        4
      ],
      [
        165,
        28
      ],
      [
        -69,
        -39
      ]
    ],
    [
      [
        28848,
        94432
      ],
      [
        18,
        -2
      ],
      [
        -13,
        -11
      ],
      [
        -8,
        3
      ],
      [
        3,
        10
      ]
    ],
    [
      [
        28830,
        92513
      ],
      [
        28,
        -28
      ],
      [
        -40,
        -63
      ],
      [
        -88,
        77
      ],
      [
        100,
        14
      ]
    ],
    [
      [
        28681,
        93901
      ],
      [
        140,
        -49
      ],
      [
        -14,
        -22
      ],
      [
        -108,
        51
      ],
      [
        -68,
        -25
      ],
      [
        -19,
        30
      ],
      [
        69,
        15
      ]
    ],
    [
      [
        28753,
        93718
      ],
      [
        -73,
        -1
      ],
      [
        -172,
        62
      ],
      [
        135,
        -7
      ],
      [
        110,
        -54
      ]
    ],
    [
      [
        28708,
        94011
      ],
      [
        -45,
        -2
      ],
      [
        -128,
        -45
      ],
      [
        17,
        70
      ],
      [
        150,
        12
      ],
      [
        6,
        -35
      ]
    ],
    [
      [
        28603,
        95053
      ],
      [
        -9,
        9
      ],
      [
        136,
        -76
      ],
      [
        -85,
        43
      ],
      [
        -42,
        24
      ]
    ],
    [
      [
        28613,
        93948
      ],
      [
        -16,
        -3
      ],
      [
        49,
        17
      ],
      [
        24,
        0
      ],
      [
        -57,
        -14
      ]
    ],
    [
      [
        28570,
        93947
      ],
      [
        -25,
        -9
      ],
      [
        28,
        16
      ],
      [
        31,
        1
      ],
      [
        -34,
        -8
      ]
    ],
    [
      [
        28557,
        95110
      ],
      [
        7,
        -17
      ],
      [
        27,
        -28
      ],
      [
        -25,
        18
      ],
      [
        -9,
        27
      ]
    ],
    [
      [
        28437,
        94459
      ],
      [
        32,
        -3
      ],
      [
        36,
        -15
      ],
      [
        29,
        -1
      ],
      [
        45,
        23
      ],
      [
        -34,
        -23
      ],
      [
        -45,
        -4
      ],
      [
        -78,
        17
      ],
      [
        -36,
        28
      ],
      [
        -10,
        21
      ],
      [
        61,
        -43
      ]
    ],
    [
      [
        28553,
        92572
      ],
      [
        -10,
        3
      ],
      [
        3,
        4
      ],
      [
        9,
        -2
      ],
      [
        -2,
        -5
      ]
    ],
    [
      [
        28451,
        94592
      ],
      [
        64,
        3
      ],
      [
        20,
        -31
      ],
      [
        -109,
        19
      ],
      [
        -12,
        20
      ],
      [
        37,
        -11
      ]
    ],
    [
      [
        28474,
        93989
      ],
      [
        -58,
        5
      ],
      [
        33,
        -89
      ],
      [
        56,
        -1
      ],
      [
        -44,
        -29
      ],
      [
        -232,
        -24
      ],
      [
        -102,
        27
      ],
      [
        50,
        84
      ],
      [
        173,
        69
      ],
      [
        100,
        12
      ],
      [
        24,
        -54
      ]
    ],
    [
      [
        28490,
        93983
      ],
      [
        -1,
        -9
      ],
      [
        -10,
        -7
      ],
      [
        -5,
        17
      ],
      [
        16,
        -1
      ]
    ],
    [
      [
        28403,
        94330
      ],
      [
        55,
        -17
      ],
      [
        -139,
        -134
      ],
      [
        62,
        40
      ],
      [
        108,
        -1
      ],
      [
        -257,
        -107
      ],
      [
        -344,
        45
      ],
      [
        3,
        32
      ],
      [
        44,
        -19
      ],
      [
        76,
        68
      ],
      [
        94,
        12
      ],
      [
        -91,
        -101
      ],
      [
        137,
        127
      ],
      [
        125,
        58
      ],
      [
        127,
        -3
      ]
    ],
    [
      [
        28486,
        94439
      ],
      [
        -1,
        -5
      ],
      [
        -8,
        2
      ],
      [
        3,
        4
      ],
      [
        6,
        -1
      ]
    ],
    [
      [
        28463,
        94441
      ],
      [
        6,
        -3
      ],
      [
        -18,
        4
      ],
      [
        3,
        1
      ],
      [
        9,
        -2
      ]
    ],
    [
      [
        28370,
        94349
      ],
      [
        -104,
        -1
      ],
      [
        -255,
        -106
      ],
      [
        16,
        20
      ],
      [
        -2,
        19
      ],
      [
        -158,
        -82
      ],
      [
        36,
        96
      ],
      [
        159,
        6
      ],
      [
        167,
        131
      ],
      [
        108,
        1
      ],
      [
        98,
        -70
      ],
      [
        -65,
        -14
      ]
    ],
    [
      [
        28347,
        93841
      ],
      [
        72,
        -3
      ],
      [
        -60,
        -5
      ],
      [
        -95,
        16
      ],
      [
        83,
        -8
      ]
    ],
    [
      [
        28338,
        94567
      ],
      [
        64,
        -5
      ],
      [
        1,
        -27
      ],
      [
        -137,
        45
      ],
      [
        72,
        -13
      ]
    ],
    [
      [
        28231,
        94563
      ],
      [
        -21,
        -21
      ],
      [
        -39,
        18
      ],
      [
        19,
        17
      ],
      [
        41,
        -14
      ]
    ],
    [
      [
        27996,
        94377
      ],
      [
        82,
        -4
      ],
      [
        -24,
        -38
      ],
      [
        -120,
        3
      ],
      [
        14,
        46
      ],
      [
        48,
        -7
      ]
    ],
    [
      [
        27996,
        94691
      ],
      [
        -1,
        7
      ],
      [
        14,
        -5
      ],
      [
        -2,
        -2
      ],
      [
        -11,
        0
      ]
    ],
    [
      [
        27986,
        94087
      ],
      [
        13,
        2
      ],
      [
        5,
        -5
      ],
      [
        -15,
        -1
      ],
      [
        -3,
        4
      ]
    ],
    [
      [
        27982,
        94418
      ],
      [
        9,
        -8
      ],
      [
        -13,
        -19
      ],
      [
        -9,
        46
      ],
      [
        13,
        -19
      ]
    ],
    [
      [
        27978,
        94710
      ],
      [
        -41,
        23
      ],
      [
        -8,
        15
      ],
      [
        52,
        -35
      ],
      [
        -3,
        -3
      ]
    ],
    [
      [
        27967,
        94128
      ],
      [
        16,
        -8
      ],
      [
        0,
        -2
      ],
      [
        -10,
        0
      ],
      [
        -6,
        10
      ]
    ],
    [
      [
        27974,
        94099
      ],
      [
        -4,
        -3
      ],
      [
        -5,
        0
      ],
      [
        6,
        4
      ],
      [
        3,
        -1
      ]
    ],
    [
      [
        27966,
        94104
      ],
      [
        -2,
        -3
      ],
      [
        -10,
        1
      ],
      [
        4,
        1
      ],
      [
        8,
        1
      ]
    ],
    [
      [
        27964,
        94110
      ],
      [
        -1,
        -3
      ],
      [
        -11,
        -1
      ],
      [
        2,
        2
      ],
      [
        10,
        2
      ]
    ],
    [
      [
        27941,
        94122
      ],
      [
        21,
        -7
      ],
      [
        -19,
        -11
      ],
      [
        -32,
        11
      ],
      [
        30,
        7
      ]
    ],
    [
      [
        27951,
        94131
      ],
      [
        -2,
        -3
      ],
      [
        -5,
        -1
      ],
      [
        3,
        5
      ],
      [
        4,
        -1
      ]
    ],
    [
      [
        27873,
        94112
      ],
      [
        6,
        -1
      ],
      [
        14,
        -12
      ],
      [
        -10,
        2
      ],
      [
        -10,
        11
      ]
    ],
    [
      [
        27887,
        94145
      ],
      [
        -10,
        -1
      ],
      [
        -8,
        3
      ],
      [
        21,
        0
      ],
      [
        -3,
        -2
      ]
    ],
    [
      [
        27869,
        94125
      ],
      [
        2,
        0
      ],
      [
        3,
        -1
      ],
      [
        -6,
        -1
      ],
      [
        1,
        2
      ]
    ],
    [
      [
        27867,
        94643
      ],
      [
        -1,
        -9
      ],
      [
        -13,
        -4
      ],
      [
        -12,
        17
      ],
      [
        26,
        -4
      ]
    ],
    [
      [
        27865,
        94725
      ],
      [
        -72,
        1
      ],
      [
        -2,
        25
      ],
      [
        26,
        -16
      ],
      [
        48,
        -10
      ]
    ],
    [
      [
        27861,
        94097
      ],
      [
        -25,
        -10
      ],
      [
        -3,
        18
      ],
      [
        10,
        -9
      ],
      [
        18,
        1
      ]
    ],
    [
      [
        27834,
        94144
      ],
      [
        11,
        -3
      ],
      [
        -1,
        -5
      ],
      [
        -11,
        6
      ],
      [
        1,
        2
      ]
    ],
    [
      [
        27830,
        94151
      ],
      [
        1,
        1
      ],
      [
        5,
        -4
      ],
      [
        -6,
        0
      ],
      [
        0,
        3
      ]
    ],
    [
      [
        27806,
        94120
      ],
      [
        -4,
        1
      ],
      [
        14,
        16
      ],
      [
        6,
        -9
      ],
      [
        -16,
        -8
      ]
    ],
    [
      [
        27724,
        94698
      ],
      [
        11,
        12
      ],
      [
        11,
        4
      ],
      [
        -23,
        -22
      ],
      [
        1,
        6
      ]
    ],
    [
      [
        27672,
        94775
      ],
      [
        21,
        13
      ],
      [
        12,
        21
      ],
      [
        7,
        -22
      ],
      [
        -40,
        -12
      ]
    ],
    [
      [
        27454,
        95143
      ],
      [
        76,
        -77
      ],
      [
        115,
        9
      ],
      [
        -111,
        -13
      ],
      [
        -26,
        -63
      ],
      [
        -59,
        27
      ],
      [
        -26,
        -48
      ],
      [
        -132,
        10
      ],
      [
        -28,
        81
      ],
      [
        117,
        16
      ],
      [
        -24,
        58
      ],
      [
        92,
        40
      ],
      [
        6,
        -40
      ]
    ],
    [
      [
        27248,
        94974
      ],
      [
        89,
        -21
      ],
      [
        -130,
        -40
      ],
      [
        -75,
        86
      ],
      [
        116,
        -25
      ]
    ],
    [
      [
        27280,
        95215
      ],
      [
        7,
        5
      ],
      [
        34,
        0
      ],
      [
        -6,
        -4
      ],
      [
        -35,
        -1
      ]
    ],
    [
      [
        27301,
        95132
      ],
      [
        -38,
        1
      ],
      [
        -23,
        23
      ],
      [
        59,
        7
      ],
      [
        2,
        -31
      ]
    ],
    [
      [
        27298,
        95391
      ],
      [
        -5,
        -6
      ],
      [
        -36,
        3
      ],
      [
        43,
        24
      ],
      [
        -2,
        -21
      ]
    ],
    [
      [
        27255,
        95237
      ],
      [
        6,
        -30
      ],
      [
        -74,
        13
      ],
      [
        23,
        27
      ],
      [
        45,
        -10
      ]
    ],
    [
      [
        27209,
        95121
      ],
      [
        -9,
        -2
      ],
      [
        -10,
        1
      ],
      [
        28,
        5
      ],
      [
        -9,
        -4
      ]
    ],
    [
      [
        27189,
        95127
      ],
      [
        -87,
        -5
      ],
      [
        -13,
        19
      ],
      [
        70,
        13
      ],
      [
        30,
        -27
      ]
    ],
    [
      [
        27162,
        95304
      ],
      [
        -12,
        -6
      ],
      [
        -15,
        5
      ],
      [
        4,
        7
      ],
      [
        23,
        -6
      ]
    ],
    [
      [
        27143,
        95187
      ],
      [
        -57,
        -24
      ],
      [
        -16,
        31
      ],
      [
        42,
        10
      ],
      [
        31,
        -17
      ]
    ],
    [
      [
        26953,
        90122
      ],
      [
        -33,
        13
      ],
      [
        12,
        22
      ],
      [
        56,
        -40
      ],
      [
        -35,
        5
      ]
    ],
    [
      [
        26949,
        90266
      ],
      [
        3,
        9
      ],
      [
        19,
        1
      ],
      [
        -17,
        -15
      ],
      [
        -5,
        5
      ]
    ],
    [
      [
        26951,
        90244
      ],
      [
        6,
        1
      ],
      [
        -10,
        -5
      ],
      [
        -1,
        2
      ],
      [
        5,
        2
      ]
    ],
    [
      [
        26948,
        90109
      ],
      [
        -20,
        -11
      ],
      [
        -11,
        12
      ],
      [
        29,
        8
      ],
      [
        2,
        -9
      ]
    ],
    [
      [
        25605,
        89615
      ],
      [
        7,
        11
      ],
      [
        19,
        12
      ],
      [
        -14,
        -39
      ],
      [
        -12,
        16
      ]
    ],
    [
      [
        24868,
        83701
      ],
      [
        4,
        10
      ],
      [
        18,
        16
      ],
      [
        -16,
        -36
      ],
      [
        -6,
        10
      ]
    ],
    [
      [
        24215,
        93940
      ],
      [
        386,
        -99
      ],
      [
        126,
        -9
      ],
      [
        -230,
        13
      ],
      [
        -437,
        109
      ],
      [
        155,
        -14
      ]
    ],
    [
      [
        24452,
        5485
      ],
      [
        -14,
        84
      ],
      [
        48,
        71
      ],
      [
        3,
        -156
      ],
      [
        -37,
        1
      ]
    ],
    [
      [
        23844,
        95190
      ],
      [
        -22,
        -43
      ],
      [
        114,
        1
      ],
      [
        131,
        -84
      ],
      [
        143,
        -18
      ],
      [
        -273,
        22
      ],
      [
        -192,
        108
      ],
      [
        99,
        14
      ]
    ],
    [
      [
        23477,
        86887
      ],
      [
        350,
        -34
      ],
      [
        67,
        -105
      ],
      [
        141,
        -62
      ],
      [
        -44,
        -41
      ],
      [
        74,
        26
      ],
      [
        86,
        -46
      ],
      [
        -500,
        29
      ],
      [
        -258,
        173
      ],
      [
        10,
        63
      ],
      [
        74,
        -3
      ]
    ],
    [
      [
        24047,
        86675
      ],
      [
        -1,
        6
      ],
      [
        13,
        -8
      ],
      [
        -14,
        -3
      ],
      [
        2,
        5
      ]
    ],
    [
      [
        23290,
        94200
      ],
      [
        295,
        -149
      ],
      [
        400,
        -110
      ],
      [
        -555,
        136
      ],
      [
        -334,
        145
      ],
      [
        194,
        -22
      ]
    ],
    [
      [
        23876,
        86782
      ],
      [
        -4,
        15
      ],
      [
        17,
        20
      ],
      [
        20,
        -41
      ],
      [
        -33,
        6
      ]
    ],
    [
      [
        23858,
        86808
      ],
      [
        -2,
        21
      ],
      [
        7,
        2
      ],
      [
        20,
        -15
      ],
      [
        -25,
        -8
      ]
    ],
    [
      [
        23671,
        94257
      ],
      [
        116,
        -24
      ],
      [
        86,
        -26
      ],
      [
        -353,
        77
      ],
      [
        151,
        -27
      ]
    ],
    [
      [
        23800,
        95093
      ],
      [
        -16,
        11
      ],
      [
        37,
        6
      ],
      [
        3,
        -12
      ],
      [
        -24,
        -5
      ]
    ],
    [
      [
        23646,
        95320
      ],
      [
        0,
        5
      ],
      [
        16,
        2
      ],
      [
        -6,
        -8
      ],
      [
        -10,
        1
      ]
    ],
    [
      [
        23552,
        95291
      ],
      [
        7,
        19
      ],
      [
        5,
        4
      ],
      [
        0,
        -36
      ],
      [
        -12,
        13
      ]
    ],
    [
      [
        22708,
        87491
      ],
      [
        18,
        -109
      ],
      [
        90,
        -26
      ],
      [
        -72,
        -200
      ],
      [
        126,
        -24
      ],
      [
        -77,
        -54
      ],
      [
        -237,
        65
      ],
      [
        -55,
        144
      ],
      [
        71,
        180
      ],
      [
        122,
        83
      ],
      [
        14,
        -59
      ]
    ],
    [
      [
        20470,
        95195
      ],
      [
        157,
        -6
      ],
      [
        255,
        -154
      ],
      [
        -334,
        83
      ],
      [
        -121,
        62
      ],
      [
        -6,
        46
      ],
      [
        49,
        -31
      ]
    ],
    [
      [
        19843,
        86465
      ],
      [
        26,
        -64
      ],
      [
        162,
        -1
      ],
      [
        -191,
        -28
      ],
      [
        114,
        -102
      ],
      [
        106,
        -163
      ],
      [
        46,
        22
      ],
      [
        -53,
        -30
      ],
      [
        -49,
        75
      ],
      [
        -68,
        -37
      ],
      [
        72,
        -111
      ],
      [
        162,
        -77
      ],
      [
        -70,
        26
      ],
      [
        -37,
        -14
      ],
      [
        158,
        -66
      ],
      [
        4,
        -40
      ],
      [
        -31,
        14
      ],
      [
        -21,
        -6
      ],
      [
        51,
        -14
      ],
      [
        4,
        -25
      ],
      [
        25,
        -3
      ],
      [
        -16,
        -34
      ],
      [
        10,
        -41
      ],
      [
        4,
        -6
      ],
      [
        4,
        -1
      ],
      [
        10,
        3
      ],
      [
        24,
        -33
      ],
      [
        -16,
        -21
      ],
      [
        12,
        -4
      ],
      [
        1,
        -14
      ],
      [
        15,
        -23
      ],
      [
        3,
        -2
      ],
      [
        -17,
        25
      ],
      [
        5,
        35
      ],
      [
        -10,
        22
      ],
      [
        -16,
        16
      ],
      [
        -18,
        2
      ],
      [
        10,
        77
      ],
      [
        -32,
        77
      ],
      [
        -87,
        38
      ],
      [
        64,
        -7
      ],
      [
        -3,
        130
      ],
      [
        61,
        -17
      ],
      [
        5,
        22
      ],
      [
        -24,
        18
      ],
      [
        -2,
        4
      ],
      [
        2,
        0
      ],
      [
        110,
        -29
      ],
      [
        66,
        -47
      ],
      [
        -23,
        -32
      ],
      [
        -69,
        27
      ],
      [
        54,
        -34
      ],
      [
        214,
        7
      ],
      [
        -12,
        -104
      ],
      [
        -86,
        -29
      ],
      [
        -39,
        -65
      ],
      [
        -49,
        71
      ],
      [
        -15,
        -36
      ],
      [
        90,
        -101
      ],
      [
        27,
        120
      ],
      [
        118,
        28
      ],
      [
        -74,
        -92
      ],
      [
        40,
        -62
      ],
      [
        41,
        83
      ],
      [
        16,
        -65
      ],
      [
        -300,
        -160
      ],
      [
        -202,
        290
      ],
      [
        -304,
        83
      ],
      [
        -444,
        -131
      ],
      [
        -131,
        47
      ],
      [
        -134,
        142
      ],
      [
        -15,
        148
      ],
      [
        89,
        94
      ],
      [
        231,
        30
      ],
      [
        247,
        214
      ],
      [
        155,
        -19
      ]
    ],
    [
      [
        20610,
        94484
      ],
      [
        -3,
        -7
      ],
      [
        -17,
        -3
      ],
      [
        -15,
        11
      ],
      [
        2,
        8
      ],
      [
        33,
        -9
      ]
    ],
    [
      [
        20311,
        94868
      ],
      [
        243,
        -46
      ],
      [
        2,
        -75
      ],
      [
        -89,
        -24
      ],
      [
        -190,
        81
      ],
      [
        -49,
        44
      ],
      [
        83,
        20
      ]
    ],
    [
      [
        20522,
        94439
      ],
      [
        -20,
        7
      ],
      [
        2,
        6
      ],
      [
        57,
        -1
      ],
      [
        -39,
        -12
      ]
    ],
    [
      [
        20524,
        95035
      ],
      [
        18,
        -10
      ],
      [
        -62,
        17
      ],
      [
        13,
        1
      ],
      [
        31,
        -8
      ]
    ],
    [
      [
        20471,
        85791
      ],
      [
        14,
        35
      ],
      [
        17,
        13
      ],
      [
        -9,
        -54
      ],
      [
        -22,
        6
      ]
    ],
    [
      [
        20471,
        85766
      ],
      [
        12,
        -7
      ],
      [
        -2,
        -3
      ],
      [
        -4,
        0
      ],
      [
        -6,
        10
      ]
    ],
    [
      [
        20468,
        85763
      ],
      [
        6,
        -4
      ],
      [
        -4,
        -6
      ],
      [
        -3,
        1
      ],
      [
        1,
        9
      ]
    ],
    [
      [
        20466,
        85784
      ],
      [
        7,
        -2
      ],
      [
        -11,
        -3
      ],
      [
        0,
        1
      ],
      [
        4,
        4
      ]
    ],
    [
      [
        20303,
        95133
      ],
      [
        104,
        -44
      ],
      [
        53,
        -40
      ],
      [
        -215,
        58
      ],
      [
        58,
        26
      ]
    ],
    [
      [
        20436,
        85779
      ],
      [
        5,
        2
      ],
      [
        5,
        -6
      ],
      [
        -9,
        0
      ],
      [
        -1,
        4
      ]
    ],
    [
      [
        20410,
        85987
      ],
      [
        24,
        4
      ],
      [
        -36,
        -18
      ],
      [
        8,
        7
      ],
      [
        4,
        7
      ]
    ],
    [
      [
        20236,
        85823
      ],
      [
        3,
        0
      ],
      [
        1,
        -1
      ],
      [
        -4,
        0
      ],
      [
        -3,
        2
      ],
      [
        3,
        -1
      ]
    ],
    [
      [
        20218,
        85868
      ],
      [
        5,
        23
      ],
      [
        4,
        1
      ],
      [
        0,
        -33
      ],
      [
        -9,
        9
      ]
    ],
    [
      [
        20216,
        85900
      ],
      [
        2,
        3
      ],
      [
        4,
        -7
      ],
      [
        -3,
        3
      ],
      [
        -3,
        1
      ]
    ],
    [
      [
        20218,
        85883
      ],
      [
        5,
        -3
      ],
      [
        -7,
        -9
      ],
      [
        -3,
        3
      ],
      [
        5,
        9
      ]
    ],
    [
      [
        19878,
        95328
      ],
      [
        15,
        35
      ],
      [
        116,
        -29
      ],
      [
        -31,
        -11
      ],
      [
        -100,
        5
      ]
    ],
    [
      [
        19897,
        95090
      ],
      [
        -28,
        0
      ],
      [
        -10,
        17
      ],
      [
        9,
        -2
      ],
      [
        29,
        -15
      ]
    ],
    [
      [
        19695,
        95008
      ],
      [
        -53,
        44
      ],
      [
        1,
        30
      ],
      [
        157,
        -44
      ],
      [
        -36,
        -67
      ],
      [
        -69,
        37
      ]
    ],
    [
      [
        19666,
        94785
      ],
      [
        -34,
        -53
      ],
      [
        -67,
        21
      ],
      [
        55,
        49
      ],
      [
        46,
        -17
      ]
    ],
    [
      [
        19557,
        94537
      ],
      [
        -16,
        9
      ],
      [
        24,
        5
      ],
      [
        -5,
        -14
      ],
      [
        -3,
        0
      ]
    ],
    [
      [
        19529,
        94329
      ],
      [
        6,
        23
      ],
      [
        16,
        2
      ],
      [
        13,
        -25
      ],
      [
        -35,
        0
      ]
    ],
    [
      [
        19556,
        94420
      ],
      [
        -2,
        -5
      ],
      [
        -4,
        -2
      ],
      [
        1,
        5
      ],
      [
        5,
        2
      ]
    ],
    [
      [
        19549,
        94534
      ],
      [
        4,
        0
      ],
      [
        -7,
        -3
      ],
      [
        0,
        1
      ],
      [
        3,
        2
      ]
    ],
    [
      [
        19541,
        94309
      ],
      [
        -10,
        10
      ],
      [
        21,
        1
      ],
      [
        -7,
        -11
      ],
      [
        -4,
        0
      ]
    ],
    [
      [
        19542,
        94402
      ],
      [
        5,
        1
      ],
      [
        -14,
        -13
      ],
      [
        -1,
        3
      ],
      [
        10,
        9
      ]
    ],
    [
      [
        19542,
        94417
      ],
      [
        -1,
        -8
      ],
      [
        -8,
        -2
      ],
      [
        -1,
        1
      ],
      [
        10,
        9
      ]
    ],
    [
      [
        19504,
        94544
      ],
      [
        4,
        1
      ],
      [
        10,
        -5
      ],
      [
        -12,
        1
      ],
      [
        -2,
        3
      ]
    ],
    [
      [
        19341,
        13611
      ],
      [
        78,
        -60
      ],
      [
        12,
        -41
      ],
      [
        -114,
        120
      ],
      [
        24,
        -19
      ]
    ],
    [
      [
        19403,
        13489
      ],
      [
        5,
        -14
      ],
      [
        -32,
        4
      ],
      [
        8,
        10
      ],
      [
        19,
        0
      ]
    ],
    [
      [
        19407,
        13345
      ],
      [
        -1,
        4
      ],
      [
        10,
        1
      ],
      [
        1,
        -4
      ],
      [
        -10,
        -1
      ]
    ],
    [
      [
        19094,
        14044
      ],
      [
        -13,
        8
      ],
      [
        4,
        16
      ],
      [
        26,
        -8
      ],
      [
        -17,
        -16
      ]
    ],
    [
      [
        19049,
        14127
      ],
      [
        12,
        -32
      ],
      [
        -22,
        -7
      ],
      [
        -15,
        35
      ],
      [
        25,
        4
      ]
    ],
    [
      [
        18976,
        13930
      ],
      [
        68,
        -47
      ],
      [
        -47,
        -28
      ],
      [
        -83,
        40
      ],
      [
        62,
        35
      ]
    ],
    [
      [
        19038,
        94183
      ],
      [
        -5,
        -4
      ],
      [
        -17,
        1
      ],
      [
        -17,
        9
      ],
      [
        39,
        -6
      ]
    ],
    [
      [
        18954,
        94187
      ],
      [
        -66,
        -2
      ],
      [
        -6,
        25
      ],
      [
        43,
        -2
      ],
      [
        29,
        -21
      ]
    ],
    [
      [
        18341,
        77461
      ],
      [
        -10,
        -27
      ],
      [
        12,
        63
      ],
      [
        9,
        -32
      ],
      [
        -11,
        -4
      ]
    ],
    [
      [
        18305,
        77421
      ],
      [
        -73,
        -37
      ],
      [
        -18,
        -45
      ],
      [
        -2,
        36
      ],
      [
        93,
        46
      ]
    ],
    [
      [
        18292,
        77387
      ],
      [
        -10,
        -6
      ],
      [
        -10,
        10
      ],
      [
        13,
        1
      ],
      [
        7,
        -5
      ]
    ],
    [
      [
        18189,
        77339
      ],
      [
        -61,
        -33
      ],
      [
        -2,
        36
      ],
      [
        -44,
        -30
      ],
      [
        52,
        39
      ],
      [
        55,
        -12
      ]
    ],
    [
      [
        18085,
        77294
      ],
      [
        -29,
        12
      ],
      [
        -34,
        -6
      ],
      [
        46,
        11
      ],
      [
        17,
        -17
      ]
    ],
    [
      [
        18007,
        77282
      ],
      [
        -9,
        5
      ],
      [
        1,
        3
      ],
      [
        11,
        -3
      ],
      [
        -3,
        -5
      ]
    ],
    [
      [
        17706,
        95945
      ],
      [
        -6,
        16
      ],
      [
        43,
        -22
      ],
      [
        -12,
        -7
      ],
      [
        -25,
        13
      ]
    ],
    [
      [
        17700,
        95863
      ],
      [
        26,
        17
      ],
      [
        11,
        -6
      ],
      [
        -17,
        -14
      ],
      [
        -20,
        3
      ]
    ],
    [
      [
        17665,
        95852
      ],
      [
        -20,
        42
      ],
      [
        35,
        30
      ],
      [
        36,
        -43
      ],
      [
        -51,
        -29
      ]
    ],
    [
      [
        17670,
        95946
      ],
      [
        -56,
        1
      ],
      [
        -70,
        57
      ],
      [
        72,
        -12
      ],
      [
        54,
        -46
      ]
    ],
    [
      [
        17589,
        95734
      ],
      [
        36,
        14
      ],
      [
        9,
        -47
      ],
      [
        -63,
        -62
      ],
      [
        -65,
        196
      ],
      [
        76,
        91
      ],
      [
        -30,
        50
      ],
      [
        108,
        -49
      ],
      [
        -71,
        -193
      ]
    ],
    [
      [
        17520,
        95743
      ],
      [
        8,
        7
      ],
      [
        11,
        5
      ],
      [
        -16,
        -21
      ],
      [
        -3,
        9
      ]
    ],
    [
      [
        17506,
        95732
      ],
      [
        -41,
        -48
      ],
      [
        -26,
        -11
      ],
      [
        59,
        102
      ],
      [
        8,
        -43
      ]
    ],
    [
      [
        17502,
        95676
      ],
      [
        -1,
        13
      ],
      [
        11,
        8
      ],
      [
        9,
        -13
      ],
      [
        -19,
        -8
      ]
    ],
    [
      [
        17470,
        95756
      ],
      [
        -14,
        10
      ],
      [
        25,
        19
      ],
      [
        14,
        -9
      ],
      [
        -25,
        -20
      ]
    ],
    [
      [
        17250,
        76325
      ],
      [
        26,
        16
      ],
      [
        16,
        -36
      ],
      [
        -31,
        3
      ],
      [
        -11,
        17
      ]
    ],
    [
      [
        17249,
        76116
      ],
      [
        3,
        -2
      ],
      [
        -2,
        -4
      ],
      [
        -5,
        4
      ],
      [
        4,
        2
      ]
    ],
    [
      [
        8888,
        81408
      ],
      [
        717,
        -27
      ],
      [
        1598,
        -172
      ],
      [
        2541,
        -487
      ],
      [
        673,
        -196
      ],
      [
        1266,
        -634
      ],
      [
        -4,
        -63
      ],
      [
        -23,
        61
      ],
      [
        -26,
        -22
      ],
      [
        -13,
        44
      ],
      [
        -296,
        125
      ],
      [
        349,
        -217
      ],
      [
        443,
        -221
      ],
      [
        3,
        -61
      ],
      [
        300,
        -194
      ],
      [
        58,
        -102
      ],
      [
        717,
        -297
      ],
      [
        -13,
        -45
      ],
      [
        -345,
        26
      ],
      [
        -641,
        323
      ],
      [
        -1245,
        313
      ],
      [
        -115,
        -92
      ],
      [
        232,
        -290
      ],
      [
        371,
        -263
      ],
      [
        621,
        -337
      ],
      [
        66,
        10
      ],
      [
        117,
        -81
      ],
      [
        912,
        -281
      ],
      [
        70,
        -112
      ],
      [
        -40,
        -76
      ],
      [
        -165,
        -8
      ],
      [
        -59,
        12
      ],
      [
        74,
        3
      ],
      [
        -9,
        24
      ],
      [
        -431,
        -34
      ],
      [
        -178,
        -96
      ],
      [
        -531,
        -114
      ],
      [
        -12,
        -71
      ],
      [
        111,
        73
      ],
      [
        90,
        -43
      ],
      [
        76,
        13
      ],
      [
        -57,
        -22
      ],
      [
        -160,
        -1
      ],
      [
        -93,
        -90
      ],
      [
        -358,
        112
      ],
      [
        -71,
        111
      ],
      [
        -64,
        11
      ],
      [
        78,
        -127
      ],
      [
        115,
        -35
      ],
      [
        -83,
        1
      ],
      [
        115,
        -74
      ],
      [
        12,
        -32
      ],
      [
        -689,
        557
      ],
      [
        -931,
        576
      ],
      [
        -1265,
        619
      ],
      [
        -997,
        391
      ],
      [
        -1422,
        436
      ],
      [
        -1495,
        320
      ],
      [
        -929,
        99
      ],
      [
        -647,
        16
      ],
      [
        -168,
        -64
      ],
      [
        -103,
        17
      ],
      [
        116,
        84
      ],
      [
        -51,
        -38
      ],
      [
        643,
        34
      ],
      [
        -51,
        36
      ],
      [
        -31,
        -40
      ],
      [
        -44,
        20
      ],
      [
        -72,
        283
      ],
      [
        -40,
        -28
      ],
      [
        -41,
        24
      ],
      [
        63,
        37
      ],
      [
        -137,
        -53
      ],
      [
        -30,
        -55
      ],
      [
        -46,
        36
      ],
      [
        -47,
        -19
      ],
      [
        287,
        120
      ],
      [
        -10,
        -55
      ],
      [
        71,
        9
      ],
      [
        30,
        86
      ],
      [
        -86,
        4
      ],
      [
        83,
        86
      ],
      [
        -90,
        -2
      ],
      [
        -18,
        -40
      ],
      [
        -32,
        33
      ],
      [
        675,
        148
      ],
      [
        777,
        78
      ],
      [
        -6,
        58
      ],
      [
        40,
        -58
      ]
    ],
    [
      [
        16764,
        76646
      ],
      [
        -10,
        -2
      ],
      [
        35,
        -17
      ],
      [
        31,
        -55
      ],
      [
        85,
        -13
      ],
      [
        -18,
        -22
      ],
      [
        -27,
        3
      ],
      [
        -13,
        5
      ],
      [
        -8,
        -26
      ],
      [
        52,
        14
      ],
      [
        -2,
        -37
      ],
      [
        52,
        4
      ],
      [
        32,
        -9
      ],
      [
        -87,
        -5
      ],
      [
        82,
        -40
      ],
      [
        2,
        36
      ],
      [
        61,
        -12
      ],
      [
        42,
        -63
      ],
      [
        76,
        -7
      ],
      [
        -66,
        -10
      ],
      [
        -81,
        51
      ],
      [
        21,
        -79
      ],
      [
        122,
        -18
      ],
      [
        -35,
        -53
      ],
      [
        -283,
        225
      ],
      [
        16,
        31
      ],
      [
        16,
        -5
      ],
      [
        29,
        -1
      ],
      [
        9,
        12
      ],
      [
        -81,
        18
      ],
      [
        -93,
        93
      ],
      [
        41,
        -18
      ]
    ],
    [
      [
        17148,
        76207
      ],
      [
        6,
        1
      ],
      [
        -3,
        -11
      ],
      [
        -9,
        5
      ],
      [
        6,
        5
      ]
    ],
    [
      [
        16232,
        77074
      ],
      [
        208,
        -82
      ],
      [
        83,
        -221
      ],
      [
        452,
        -364
      ],
      [
        174,
        -181
      ],
      [
        -12,
        -60
      ],
      [
        -1497,
        1325
      ],
      [
        -24,
        42
      ],
      [
        13,
        40
      ],
      [
        90,
        -140
      ],
      [
        513,
        -359
      ]
    ],
    [
      [
        17020,
        77451
      ],
      [
        -9,
        10
      ],
      [
        27,
        3
      ],
      [
        -6,
        -11
      ],
      [
        -12,
        -2
      ]
    ],
    [
      [
        16978,
        77343
      ],
      [
        7,
        3
      ],
      [
        6,
        -7
      ],
      [
        -9,
        -3
      ],
      [
        -4,
        7
      ]
    ],
    [
      [
        16971,
        77365
      ],
      [
        8,
        2
      ],
      [
        3,
        -9
      ],
      [
        -7,
        1
      ],
      [
        -4,
        6
      ]
    ],
    [
      [
        16927,
        73862
      ],
      [
        16,
        1
      ],
      [
        30,
        -11
      ],
      [
        -66,
        2
      ],
      [
        20,
        8
      ]
    ],
    [
      [
        16970,
        77340
      ],
      [
        -3,
        -2
      ],
      [
        -3,
        1
      ],
      [
        2,
        3
      ],
      [
        4,
        -2
      ]
    ],
    [
      [
        16945,
        77347
      ],
      [
        9,
        2
      ],
      [
        0,
        -19
      ],
      [
        -4,
        2
      ],
      [
        -5,
        15
      ]
    ],
    [
      [
        16916,
        77533
      ],
      [
        1,
        -53
      ],
      [
        -141,
        116
      ],
      [
        125,
        17
      ],
      [
        15,
        -80
      ]
    ],
    [
      [
        16885,
        77473
      ],
      [
        4,
        19
      ],
      [
        -5,
        6
      ],
      [
        33,
        -30
      ],
      [
        -32,
        5
      ]
    ],
    [
      [
        16833,
        74094
      ],
      [
        31,
        1
      ],
      [
        54,
        -23
      ],
      [
        -72,
        1
      ],
      [
        -13,
        21
      ]
    ],
    [
      [
        16888,
        74360
      ],
      [
        -4,
        -29
      ],
      [
        -30,
        -10
      ],
      [
        25,
        77
      ],
      [
        9,
        -38
      ]
    ],
    [
      [
        16906,
        73813
      ],
      [
        10,
        -8
      ],
      [
        -11,
        -12
      ],
      [
        -21,
        22
      ],
      [
        22,
        -2
      ]
    ],
    [
      [
        16861,
        77649
      ],
      [
        40,
        -31
      ],
      [
        -166,
        -11
      ],
      [
        54,
        66
      ],
      [
        72,
        -24
      ]
    ],
    [
      [
        16831,
        74028
      ],
      [
        -20,
        39
      ],
      [
        89,
        -46
      ],
      [
        -48,
        -15
      ],
      [
        -21,
        22
      ]
    ],
    [
      [
        16863,
        77402
      ],
      [
        -1,
        11
      ],
      [
        22,
        -10
      ],
      [
        -10,
        -2
      ],
      [
        -11,
        1
      ]
    ],
    [
      [
        16868,
        73812
      ],
      [
        -29,
        -16
      ],
      [
        -19,
        19
      ],
      [
        24,
        -6
      ],
      [
        24,
        3
      ]
    ],
    [
      [
        16840,
        74269
      ],
      [
        40,
        -12
      ],
      [
        -25,
        -20
      ],
      [
        -21,
        7
      ],
      [
        6,
        25
      ]
    ],
    [
      [
        16859,
        74402
      ],
      [
        3,
        -17
      ],
      [
        -5,
        -7
      ],
      [
        -12,
        25
      ],
      [
        14,
        -1
      ]
    ],
    [
      [
        16826,
        74130
      ],
      [
        -6,
        15
      ],
      [
        26,
        7
      ],
      [
        -27,
        -35
      ],
      [
        7,
        13
      ]
    ],
    [
      [
        16835,
        74281
      ],
      [
        -1,
        -4
      ],
      [
        -12,
        3
      ],
      [
        4,
        3
      ],
      [
        9,
        -2
      ]
    ],
    [
      [
        16754,
        74071
      ],
      [
        24,
        7
      ],
      [
        38,
        -55
      ],
      [
        -92,
        3
      ],
      [
        30,
        45
      ]
    ],
    [
      [
        16794,
        74113
      ],
      [
        -2,
        28
      ],
      [
        17,
        8
      ],
      [
        3,
        -63
      ],
      [
        -18,
        27
      ]
    ],
    [
      [
        16785,
        73866
      ],
      [
        22,
        -19
      ],
      [
        -10,
        -9
      ],
      [
        -56,
        38
      ],
      [
        44,
        -10
      ]
    ],
    [
      [
        16738,
        77577
      ],
      [
        -4,
        24
      ],
      [
        71,
        -47
      ],
      [
        -43,
        8
      ],
      [
        -24,
        15
      ]
    ],
    [
      [
        16771,
        74112
      ],
      [
        -26,
        19
      ],
      [
        46,
        39
      ],
      [
        -7,
        -59
      ],
      [
        -13,
        1
      ]
    ],
    [
      [
        16787,
        77327
      ],
      [
        6,
        4
      ],
      [
        3,
        -8
      ],
      [
        -14,
        2
      ],
      [
        5,
        2
      ]
    ],
    [
      [
        16776,
        74209
      ],
      [
        2,
        60
      ],
      [
        12,
        8
      ],
      [
        4,
        -61
      ],
      [
        -23,
        -23
      ],
      [
        5,
        16
      ]
    ],
    [
      [
        16779,
        77601
      ],
      [
        -18,
        -10
      ],
      [
        -23,
        13
      ],
      [
        55,
        -1
      ],
      [
        -14,
        -2
      ]
    ],
    [
      [
        16775,
        96003
      ],
      [
        -70,
        15
      ],
      [
        -5,
        6
      ],
      [
        75,
        15
      ],
      [
        0,
        -36
      ]
    ],
    [
      [
        16762,
        77321
      ],
      [
        -28,
        17
      ],
      [
        16,
        7
      ],
      [
        20,
        -11
      ],
      [
        -8,
        -13
      ]
    ],
    [
      [
        16724,
        73863
      ],
      [
        36,
        -40
      ],
      [
        -28,
        -10
      ],
      [
        -10,
        13
      ],
      [
        2,
        37
      ]
    ],
    [
      [
        16745,
        77601
      ],
      [
        8,
        -2
      ],
      [
        4,
        -5
      ],
      [
        -3,
        -1
      ],
      [
        -9,
        8
      ]
    ],
    [
      [
        16744,
        77945
      ],
      [
        -38,
        6
      ],
      [
        12,
        53
      ],
      [
        37,
        -62
      ],
      [
        -11,
        3
      ]
    ],
    [
      [
        16675,
        76736
      ],
      [
        -3,
        0
      ]
    ],
    [
      [
        16672,
        76736
      ],
      [
        -31,
        37
      ],
      [
        34,
        -37
      ]
    ],
    [
      [
        16639,
        76709
      ],
      [
        -11,
        -1
      ],
      [
        -1,
        9
      ],
      [
        24,
        -5
      ],
      [
        -12,
        -3
      ]
    ],
    [
      [
        16347,
        97841
      ],
      [
        121,
        -79
      ],
      [
        -77,
        -72
      ],
      [
        -186,
        116
      ],
      [
        47,
        42
      ],
      [
        95,
        -7
      ]
    ],
    [
      [
        16252,
        77655
      ],
      [
        131,
        -47
      ],
      [
        -27,
        -111
      ],
      [
        -128,
        -153
      ],
      [
        -63,
        22
      ],
      [
        35,
        -30
      ],
      [
        -88,
        -37
      ],
      [
        -414,
        219
      ],
      [
        138,
        76
      ],
      [
        21,
        75
      ],
      [
        113,
        -24
      ],
      [
        -14,
        27
      ],
      [
        213,
        17
      ],
      [
        83,
        -34
      ]
    ],
    [
      [
        16274,
        95962
      ],
      [
        27,
        -4
      ],
      [
        2,
        -5
      ],
      [
        -18,
        1
      ],
      [
        -11,
        8
      ]
    ],
    [
      [
        16131,
        77191
      ],
      [
        22,
        -1
      ],
      [
        2,
        -16
      ],
      [
        -23,
        7
      ],
      [
        -1,
        10
      ]
    ],
    [
      [
        15689,
        77572
      ],
      [
        13,
        5
      ],
      [
        21,
        -1
      ],
      [
        -43,
        -23
      ],
      [
        -16,
        33
      ],
      [
        25,
        -14
      ]
    ],
    [
      [
        14563,
        96721
      ],
      [
        -21,
        15
      ],
      [
        2,
        3
      ],
      [
        25,
        -20
      ],
      [
        -6,
        2
      ]
    ],
    [
      [
        14503,
        94640
      ],
      [
        11,
        -43
      ],
      [
        -91,
        -29
      ],
      [
        -6,
        35
      ],
      [
        86,
        37
      ]
    ],
    [
      [
        14183,
        94862
      ],
      [
        88,
        -137
      ],
      [
        177,
        -73
      ],
      [
        -46,
        -75
      ],
      [
        43,
        -39
      ],
      [
        44,
        17
      ],
      [
        -96,
        -114
      ],
      [
        -82,
        6
      ],
      [
        -222,
        146
      ],
      [
        1,
        38
      ],
      [
        73,
        -11
      ],
      [
        -96,
        67
      ],
      [
        3,
        -32
      ],
      [
        -64,
        178
      ],
      [
        177,
        29
      ]
    ],
    [
      [
        14436,
        94431
      ],
      [
        -45,
        -29
      ],
      [
        -24,
        6
      ],
      [
        -50,
        34
      ],
      [
        119,
        -11
      ]
    ],
    [
      [
        14379,
        94403
      ],
      [
        -12,
        -6
      ],
      [
        -10,
        3
      ],
      [
        1,
        12
      ],
      [
        21,
        -9
      ]
    ],
    [
      [
        14305,
        95051
      ],
      [
        65,
        -29
      ],
      [
        -9,
        -16
      ],
      [
        -125,
        38
      ],
      [
        69,
        7
      ]
    ],
    [
      [
        14291,
        94416
      ],
      [
        -7,
        9
      ],
      [
        0,
        5
      ],
      [
        20,
        -25
      ],
      [
        -13,
        11
      ]
    ],
    [
      [
        14282,
        94994
      ],
      [
        10,
        -3
      ],
      [
        -27,
        -8
      ],
      [
        -21,
        17
      ],
      [
        38,
        -6
      ]
    ],
    [
      [
        14082,
        94403
      ],
      [
        -23,
        4
      ],
      [
        -41,
        26
      ],
      [
        139,
        -19
      ],
      [
        -75,
        -11
      ]
    ],
    [
      [
        13858,
        96824
      ],
      [
        -13,
        -7
      ],
      [
        -12,
        13
      ],
      [
        21,
        6
      ],
      [
        4,
        -12
      ]
    ],
    [
      [
        13618,
        94497
      ],
      [
        14,
        -4
      ],
      [
        4,
        -4
      ],
      [
        -5,
        -1
      ],
      [
        -13,
        9
      ]
    ],
    [
      [
        13471,
        94582
      ],
      [
        -28,
        -3
      ],
      [
        -44,
        27
      ],
      [
        47,
        6
      ],
      [
        25,
        -30
      ]
    ],
    [
      [
        12262,
        61756
      ],
      [
        -226,
        9
      ],
      [
        -6,
        -80
      ],
      [
        209,
        -55
      ],
      [
        -93,
        -11
      ],
      [
        -84,
        -80
      ],
      [
        153,
        -47
      ],
      [
        -172,
        -9
      ],
      [
        144,
        -126
      ],
      [
        287,
        2
      ],
      [
        -274,
        -97
      ],
      [
        -177,
        157
      ],
      [
        -235,
        437
      ],
      [
        138,
        -70
      ],
      [
        242,
        10
      ],
      [
        94,
        -40
      ]
    ],
    [
      [
        12373,
        96256
      ],
      [
        -12,
        -96
      ],
      [
        -128,
        34
      ],
      [
        -100,
        222
      ],
      [
        107,
        362
      ],
      [
        180,
        164
      ],
      [
        18,
        -131
      ],
      [
        -135,
        -238
      ],
      [
        102,
        -181
      ],
      [
        -48,
        -115
      ],
      [
        63,
        -24
      ],
      [
        -47,
        3
      ]
    ],
    [
      [
        11208,
        66986
      ],
      [
        -43,
        -59
      ],
      [
        100,
        -90
      ],
      [
        -12,
        -195
      ],
      [
        50,
        -80
      ],
      [
        69,
        -11
      ],
      [
        -140,
        -295
      ],
      [
        17,
        -101
      ],
      [
        54,
        5
      ],
      [
        -183,
        -60
      ],
      [
        24,
        -129
      ],
      [
        -107,
        -119
      ],
      [
        37,
        -64
      ],
      [
        -100,
        -69
      ],
      [
        293,
        -555
      ],
      [
        221,
        -37
      ],
      [
        -90,
        -102
      ],
      [
        39,
        -46
      ],
      [
        200,
        -30
      ],
      [
        -2,
        -73
      ],
      [
        165,
        -191
      ],
      [
        392,
        -105
      ],
      [
        35,
        -447
      ],
      [
        -122,
        -144
      ],
      [
        52,
        -73
      ],
      [
        -74,
        -215
      ],
      [
        79,
        -215
      ],
      [
        207,
        37
      ],
      [
        -112,
        -94
      ],
      [
        -189,
        81
      ],
      [
        -45,
        599
      ],
      [
        126,
        175
      ],
      [
        -76,
        217
      ],
      [
        -272,
        107
      ],
      [
        -572,
        503
      ],
      [
        -257,
        374
      ],
      [
        -167,
        465
      ],
      [
        67,
        125
      ],
      [
        170,
        102
      ],
      [
        182,
        367
      ],
      [
        -24,
        286
      ],
      [
        -123,
        145
      ],
      [
        87,
        28
      ],
      [
        55,
        97
      ],
      [
        85,
        6
      ],
      [
        -96,
        -120
      ]
    ],
    [
      [
        12075,
        57597
      ],
      [
        115,
        -59
      ],
      [
        -23,
        -92
      ],
      [
        176,
        -99
      ],
      [
        -83,
        -83
      ],
      [
        -109,
        76
      ],
      [
        -119,
        267
      ],
      [
        43,
        -10
      ]
    ],
    [
      [
        11864,
        93846
      ],
      [
        9,
        20
      ],
      [
        38,
        -19
      ],
      [
        -15,
        -15
      ],
      [
        -32,
        14
      ]
    ],
    [
      [
        11687,
        60919
      ],
      [
        221,
        -13
      ],
      [
        -39,
        -38
      ],
      [
        -247,
        54
      ],
      [
        -13,
        -119
      ],
      [
        85,
        -30
      ],
      [
        -81,
        -28
      ],
      [
        7,
        -41
      ],
      [
        90,
        -8
      ],
      [
        82,
        74
      ],
      [
        59,
        -6
      ],
      [
        -71,
        28
      ],
      [
        73,
        -6
      ],
      [
        2,
        -46
      ],
      [
        -51,
        -82
      ],
      [
        -67,
        -17
      ],
      [
        -103,
        24
      ],
      [
        -89,
        101
      ],
      [
        9,
        140
      ],
      [
        48,
        38
      ],
      [
        85,
        -25
      ]
    ],
    [
      [
        11819,
        93450
      ],
      [
        16,
        18
      ],
      [
        13,
        3
      ],
      [
        -10,
        -33
      ],
      [
        -19,
        12
      ]
    ],
    [
      [
        11464,
        60348
      ],
      [
        -70,
        36
      ],
      [
        -9,
        51
      ],
      [
        226,
        -62
      ],
      [
        -147,
        -25
      ]
    ],
    [
      [
        11526,
        96001
      ],
      [
        -93,
        146
      ],
      [
        70,
        108
      ],
      [
        34,
        -279
      ],
      [
        -11,
        25
      ]
    ],
    [
      [
        11123,
        96189
      ],
      [
        -32,
        -183
      ],
      [
        63,
        -183
      ],
      [
        -45,
        -62
      ],
      [
        150,
        -104
      ],
      [
        -313,
        -180
      ],
      [
        13,
        -83
      ],
      [
        -152,
        1
      ],
      [
        -114,
        -54
      ],
      [
        2,
        -32
      ],
      [
        149,
        -30
      ],
      [
        -6,
        -101
      ],
      [
        54,
        -15
      ],
      [
        -71,
        -19
      ],
      [
        52,
        -24
      ],
      [
        -128,
        -17
      ],
      [
        -150,
        74
      ],
      [
        86,
        137
      ],
      [
        -142,
        -34
      ],
      [
        -209,
        56
      ],
      [
        -61,
        138
      ],
      [
        322,
        428
      ],
      [
        203,
        111
      ],
      [
        86,
        112
      ],
      [
        185,
        79
      ],
      [
        58,
        -15
      ]
    ],
    [
      [
        11207,
        60134
      ],
      [
        1,
        27
      ],
      [
        50,
        -20
      ],
      [
        -15,
        -17
      ],
      [
        -36,
        10
      ]
    ],
    [
      [
        11017,
        60029
      ],
      [
        197,
        -63
      ],
      [
        -161,
        -131
      ],
      [
        -89,
        -7
      ],
      [
        -199,
        117
      ],
      [
        -32,
        107
      ],
      [
        111,
        102
      ],
      [
        173,
        -125
      ]
    ],
    [
      [
        11119,
        58716
      ],
      [
        45,
        -34
      ],
      [
        32,
        -60
      ],
      [
        -166,
        42
      ],
      [
        -7,
        38
      ],
      [
        96,
        14
      ]
    ],
    [
      [
        11012,
        59278
      ],
      [
        -47,
        1
      ],
      [
        -16,
        -5
      ],
      [
        51,
        22
      ],
      [
        12,
        -18
      ]
    ],
    [
      [
        10940,
        59188
      ],
      [
        26,
        -65
      ],
      [
        -77,
        -39
      ],
      [
        43,
        130
      ],
      [
        8,
        -26
      ]
    ],
    [
      [
        10916,
        57929
      ],
      [
        -464,
        -200
      ],
      [
        -535,
        -176
      ],
      [
        849,
        354
      ],
      [
        57,
        87
      ],
      [
        -69,
        59
      ],
      [
        112,
        -27
      ],
      [
        50,
        -97
      ]
    ],
    [
      [
        10624,
        94533
      ],
      [
        225,
        -80
      ],
      [
        -105,
        -5
      ],
      [
        -1,
        -141
      ],
      [
        76,
        -9
      ],
      [
        0,
        -4
      ],
      [
        -82,
        3
      ],
      [
        -54,
        -188
      ],
      [
        -17,
        -178
      ],
      [
        112,
        -49
      ],
      [
        12,
        -95
      ],
      [
        -91,
        -202
      ],
      [
        -440,
        133
      ],
      [
        -76,
        433
      ],
      [
        74,
        204
      ],
      [
        264,
        173
      ],
      [
        103,
        5
      ]
    ],
    [
      [
        10757,
        59384
      ],
      [
        16,
        22
      ],
      [
        38,
        -6
      ],
      [
        -20,
        -29
      ],
      [
        -34,
        13
      ]
    ],
    [
      [
        10633,
        60133
      ],
      [
        -24,
        64
      ],
      [
        17,
        51
      ],
      [
        69,
        -167
      ],
      [
        -62,
        52
      ]
    ],
    [
      [
        10604,
        58597
      ],
      [
        -182,
        -39
      ],
      [
        -18,
        -61
      ],
      [
        115,
        -35
      ],
      [
        -28,
        -32
      ],
      [
        -144,
        65
      ],
      [
        -11,
        74
      ],
      [
        268,
        28
      ]
    ],
    [
      [
        10216,
        60237
      ],
      [
        246,
        5
      ],
      [
        31,
        -53
      ],
      [
        -251,
        -50
      ],
      [
        -128,
        92
      ],
      [
        102,
        6
      ]
    ],
    [
      [
        9956,
        57673
      ],
      [
        -66,
        45
      ],
      [
        34,
        28
      ],
      [
        74,
        -42
      ],
      [
        -42,
        -31
      ]
    ],
    [
      [
        9615,
        57542
      ],
      [
        3,
        104
      ],
      [
        105,
        19
      ],
      [
        26,
        -45
      ],
      [
        -134,
        -78
      ]
    ],
    [
      [
        9634,
        57699
      ],
      [
        12,
        26
      ],
      [
        11,
        6
      ],
      [
        5,
        -28
      ],
      [
        -28,
        -4
      ]
    ],
    [
      [
        5907,
        92844
      ],
      [
        123,
        -85
      ],
      [
        -2,
        48
      ],
      [
        316,
        -12
      ],
      [
        250,
        -254
      ],
      [
        91,
        -49
      ],
      [
        10,
        2
      ],
      [
        -6,
        7
      ],
      [
        21,
        16
      ],
      [
        21,
        -76
      ],
      [
        166,
        -11
      ],
      [
        35,
        -75
      ],
      [
        105,
        20
      ],
      [
        -3,
        -46
      ],
      [
        135,
        -21
      ],
      [
        94,
        -89
      ],
      [
        57,
        24
      ],
      [
        71,
        -53
      ],
      [
        213,
        -28
      ],
      [
        600,
        25
      ],
      [
        111,
        -19
      ],
      [
        -82,
        -21
      ],
      [
        112,
        23
      ],
      [
        222,
        -49
      ],
      [
        87,
        -99
      ],
      [
        26,
        -308
      ],
      [
        227,
        -489
      ],
      [
        -91,
        -230
      ],
      [
        -253,
        -170
      ],
      [
        -142,
        -45
      ],
      [
        -659,
        30
      ],
      [
        -36,
        50
      ],
      [
        -731,
        187
      ],
      [
        -1340,
        510
      ],
      [
        35,
        177
      ],
      [
        -146,
        272
      ],
      [
        -60,
        603
      ],
      [
        210,
        190
      ],
      [
        213,
        45
      ]
    ],
    [
      [
        7523,
        81066
      ],
      [
        -31,
        -33
      ],
      [
        -21,
        -6
      ],
      [
        58,
        57
      ],
      [
        -6,
        -18
      ]
    ],
    [
      [
        7507,
        81179
      ],
      [
        8,
        5
      ],
      [
        19,
        5
      ],
      [
        -14,
        -22
      ],
      [
        -13,
        12
      ]
    ],
    [
      [
        7471,
        81073
      ],
      [
        -1,
        12
      ],
      [
        23,
        0
      ],
      [
        -3,
        -9
      ],
      [
        -19,
        -3
      ]
    ],
    [
      [
        7483,
        81170
      ],
      [
        2,
        -5
      ],
      [
        -11,
        -1
      ],
      [
        2,
        5
      ],
      [
        7,
        1
      ]
    ],
    [
      [
        7461,
        81149
      ],
      [
        0,
        -13
      ],
      [
        -43,
        -33
      ],
      [
        -5,
        -20
      ],
      [
        -4,
        15
      ],
      [
        39,
        38
      ],
      [
        -1,
        25
      ],
      [
        14,
        -12
      ]
    ],
    [
      [
        7469,
        81067
      ],
      [
        -1,
        -5
      ],
      [
        -4,
        0
      ],
      [
        2,
        5
      ],
      [
        3,
        0
      ]
    ],
    [
      [
        7442,
        80974
      ],
      [
        6,
        -9
      ],
      [
        -18,
        -20
      ],
      [
        -29,
        23
      ],
      [
        41,
        6
      ]
    ],
    [
      [
        7405,
        80863
      ],
      [
        -5,
        -3
      ],
      [
        -13,
        7
      ],
      [
        0,
        12
      ],
      [
        18,
        -16
      ]
    ],
    [
      [
        7371,
        80928
      ],
      [
        14,
        23
      ],
      [
        2,
        -46
      ],
      [
        -15,
        4
      ],
      [
        -1,
        19
      ]
    ],
    [
      [
        7392,
        80894
      ],
      [
        -18,
        3
      ],
      [
        -9,
        8
      ],
      [
        1,
        4
      ],
      [
        26,
        -15
      ]
    ],
    [
      [
        7351,
        80701
      ],
      [
        20,
        -1
      ],
      [
        -5,
        -10
      ],
      [
        -20,
        2
      ],
      [
        5,
        9
      ]
    ],
    [
      [
        93,
        88491
      ],
      [
        -93,
        153
      ],
      [
        67,
        53
      ],
      [
        97,
        3
      ],
      [
        192,
        -116
      ],
      [
        8,
        -75
      ],
      [
        -109,
        -66
      ],
      [
        -162,
        48
      ]
    ]
  ]
}