id	name	num	area_sqkm	center_lat	center_lng	lg_code	pd_code
LK-1103005	Sammanthranapura	 	0.18	6.977933	79.878128	11	001
LK-1103010	Mattakkuliya	 	2.16	6.972178	79.876962	11	001
LK-1103015	Modara	 	0.79	6.964661	79.871736	11	001
LK-1103020	Madampitiya	 	0.28	6.961778	79.875497	11	001
LK-1103025	Mahawatta	 	0.51	6.957463	79.874186	11	001
LK-1103030	Aluthmawatha	 	0.66	6.9618	79.865614	11	001
LK-1103035	Lunupokuna	 	1.37	6.955716	79.859101	11	001
LK-1103040	Bloemendhal	 	1.03	6.951047	79.870148	11	001
LK-1103045	Kotahena East	 	0.32	6.94936	79.863938	11	001
LK-1103050	Kotahena West	 	0.32	6.948995	79.859734	11	001
LK-1103055	Kochchikade North	 	0.21	6.942807	79.855212	11	002
LK-1103060	Jinthupitiya	 	0.2	6.943902	79.860296	11	002
LK-1103065	Masangasweediya	 	0.28	6.94249	79.863332	11	002
LK-1103070	New Bazaar	 	0.48	6.941974	79.866713	11	002
LK-1103075	Grandpass South	 	0.52	6.941995	79.875151	11	002
LK-1103080	Grandpass North	 	0.33	6.947224	79.873681	11	002
LK-1103085	Nawagampura	 	0.14	6.946311	79.877159	11	002
LK-1103090	Maligawatta East	 	0.61	6.935238	79.874922	11	002
LK-1103095	Khettarama	 	0.34	6.937798	79.870764	11	002
LK-1103100	Aluthkade East	 	0.31	6.936685	79.864496	11	002
LK-1103105	Aluthkade West	 	0.15	6.937002	79.85985	11	002
LK-1103110	Kochchikade South	 	0.24	6.938581	79.858062	11	002
LK-1103115	Pettah	 	0.92	6.940054	79.851538	11	002
LK-1103120	Fort	 	7.46	6.944053	79.835533	11	002
LK-1103125	Galle Face	 	0.68	6.924045	79.846861	11	005
LK-1103130	Slave Island	 	0.12	6.92537	79.850397	11	002
LK-1103135	Hunupitiya	 	0.71	6.923614	79.855542	11	002
LK-1103140	Suduwella	 	0.92	6.926554	79.859143	11	002
LK-1103145	Keselwatta	 	0.3	6.934651	79.861124	11	002
LK-1103150	Panchikawatta	 	0.21	6.931765	79.863663	11	002
LK-1103155	Maligawatta West	 	0.31	6.931695	79.869359	11	002
LK-1103160	Maligakanda	 	0.21	6.928646	79.867851	11	002
LK-1103165	Maradana	 	0.21	6.926081	79.864187	11	002
LK-1103170	Ibbanwala	 	0.75	6.918075	79.863032	11	002
LK-1103175	Wekanda	 	0.33	6.919531	79.851424	11	002
LK-1106005	Wadulla	509D	0.5	6.950738	79.878456	21	021
LK-1106010	Sedawatta	509A	0.59	6.953925	79.884183	21	021
LK-1106015	Halmulla	509C	0.39	6.95299	79.896116	33	021
LK-1106020	Kotuvila	509	0.55	6.949412	79.891826	33	021
LK-1106025	Veheragoda	509B	0.18	6.947849	79.886268	21	021
LK-1106030	Orugodawatta	510A	0.46	6.944612	79.881719	21	021
LK-1106035	Meethotamulla	510	0.44	6.937498	79.884973	21	021
LK-1106040	Welewatta	508A	0.58	6.943641	79.892568	33	021
LK-1106045	Kittampahuwa	508	0.62	6.943758	79.898733	33	021
LK-1106050	Wennawatta	507	0.69	6.94241	79.904029	33	021
LK-1106055	Maha Buthgamuwa B	506C	0.67	6.94491	79.90999	33	021
LK-1106060	Kuda Buthgamuwa	506A	0.62	6.941217	79.917034	33	021
LK-1106065	Kelanimulla	504	1.45	6.945143	79.92038	33	021
LK-1106070	Ambathale	501A	0.97	6.941375	79.938348	33	021
LK-1106075	Mulleriyawa North	501	1.22	6.942064	79.92954	33	021
LK-1106080	Belagama	504A	0.41	6.93509	79.922797	33	021
LK-1106085	Kotikawatta East	505	0.54	6.931424	79.91555	33	021
LK-1106090	Maha Buthgamuwa A	506	0.36	6.936904	79.913197	33	021
LK-1106095	Maha Buthgamuwa C	506D	0.49	6.937326	79.907436	33	021
LK-1106100	Wellampitiya	511	0.18	6.939398	79.894398	21	021
LK-1106105	Kuruniyawatta	510B	0.33	6.939931	79.887496	21	021
LK-1106110	Kolonnawa	512	0.25	6.933339	79.889752	21	021
LK-1106115	Dahampura	511A	0.4	6.937005	79.892286	21	021
LK-1106120	Singhapura	512B	0.29	6.933524	79.896035	21	021
LK-1106125	Megoda Kolonnawa	513A	0.55	6.932672	79.900151	33	021
LK-1106130	Bopetta	513D	0.29	6.932687	79.904619	33	021
LK-1106135	Batalandahena	506B 	0.42	6.930089	79.909381	33	021
LK-1106140	Kotikawatta West	505C	0.3	6.929217	79.920233	33	021
LK-1106145	Mulleriyawa South	503A	0.79	6.930283	79.929899	33	021
LK-1106150	Malgama	503C	1.0	6.931251	79.936839	33	021
LK-1106155	Udumulla North	502	0.87	6.932345	79.944941	33	021
LK-1106160	Maligagodella	502B	0.47	6.925692	79.951295	33	021
LK-1106165	Rajasinghagama	502C	1.76	6.920944	79.94958	33	021
LK-1106170	Udumulla South	502A	0.38	6.917125	79.940822	33	021
LK-1106175	Himbutana East	503B	0.63	6.921376	79.937578	33	021
LK-1106180	Himbutana West	503	0.46	6.922387	79.932367	33	021
LK-1106185	Malpura	505A	0.93	6.927013	79.925185	33	021
LK-1106190	Gothatuwa New Town	505B	0.25	6.924798	79.914575	33	021
LK-1106195	Kajugahawatta	513C	0.24	6.925972	79.910742	33	021
LK-1106200	Gothatuwa	513	0.67	6.924972	79.904825	33	021
LK-1106205	Salamulla	512A	0.54	6.926873	79.896956	21	021
LK-1106210	Wijayapura	512D	0.28	6.928201	79.891678	21	021
LK-1106215	Gajabapura	512C	0.69	6.928001	79.886577	21	021
LK-1106220	Madinnagoda	513B	0.69	6.918125	79.9041	33	021
LK-1106225	Elhena	513E	0.23	6.920702	79.910005	33	021
LK-1106230	Dodamgahahena	505D	0.32	6.918737	79.912784	33	021
LK-1109005	Welivita	475	1.81	6.936036	79.955809	15	023
LK-1109010	Raggahawatta	474A	1.4	6.932971	79.969767	15	023
LK-1109015	Hewagama	474	1.06	6.930477	79.977056	15	023
LK-1109020	Kaduwela	473A	1.77	6.930546	79.987041	15	023
LK-1109025	Pahala Bomiriya A	472A	2.32	6.934999	79.995619	15	023
LK-1109030	Ihala Bomiriya	471	1.38	6.939182	80.005065	15	023
LK-1109035	Wekewatta	471A	1.32	6.936316	80.012339	15	023
LK-1109040	Nawagamuwa	470	2.61	6.919974	80.018147	15	023
LK-1109045	Pahala Bomiriya B	472B	1.84	6.923196	80.004065	15	023
LK-1109050	Welihinda	488A	1.08	6.921955	79.993796	15	023
LK-1109055	Kothalawala	473	1.83	6.922262	79.979872	15	023
LK-1109060	Mahadeniya	475A	2.61	6.925706	79.961457	15	023
LK-1109065	Thalahena North	478	0.57	6.913247	79.955686	15	023
LK-1109070	Malabe North	476B	2.11	6.911582	79.966884	15	023
LK-1109075	Thunadahena	488B	2.88	6.903608	79.987338	15	023
LK-1109080	Korathota	488	5.1	6.905665	80.001578	15	023
LK-1109085	Nawagamuwa South	470A	1.89	6.904757	80.013213	15	023
LK-1109090	Batewela	480C	1.76	6.905953	80.024604	15	023
LK-1109095	Ranala	469	2.28	6.916568	80.033991	15	023
LK-1109100	Dedigamuwa	480A	1.93	6.897403	80.026211	15	023
LK-1109105	Embilladeniya	480B	0.91	6.891201	80.029897	15	023
LK-1109110	Welipillewa	480	1.26	6.884017	80.031506	15	023
LK-1109115	Shanthalokagama	487A	2.29	6.892657	79.996848	15	023
LK-1109120	Pore	489	2.06	6.887305	79.984516	15	023
LK-1109125	Malabe East	476	2.22	6.90337	79.972126	15	023
LK-1109130	Malabe West	476A	1.42	6.901978	79.96069	15	023
LK-1109135	Thalangama North B	477A	0.92	6.905863	79.952037	15	023
LK-1109140	Thalahena South	478A	0.55	6.913139	79.94833	15	023
LK-1109145	Muttettugoda	477B	1.31	6.907806	79.941507	15	023
LK-1109150	Thalangama North A	477	1.78	6.910422	79.930916	15	023
LK-1109155	Walpola	491A	1.52	6.916917	79.922696	15	023
LK-1109160	Kalapaluwawa	491	1.01	6.914251	79.912725	15	023
LK-1109165	Kotuwegoda	491B	0.6	6.911007	79.90644	15	023
LK-1109170	Subhoothipura	492	0.87	6.906223	79.914144	15	023
LK-1109175	Udumulla	492C	0.47	6.907769	79.922084	15	023
LK-1109180	Battaramulla North	492B	0.59	6.900512	79.924028	15	023
LK-1109185	Batapotha	479E	1.25	6.900243	79.939068	15	023
LK-1109190	Pothuarawa	477C	2.01	6.895796	79.95253	15	023
LK-1109195	Hokandara North	494	1.71	6.890876	79.971029	15	023
LK-1109200	Oruwala	487	1.93	6.88393	80.001009	15	023
LK-1109205	Athurugiriya	490	2.05	6.873307	79.998992	15	023
LK-1109210	Thaldiyawala	490B	1.74	6.871449	79.988222	15	023
LK-1109215	Boralugoda	489A	1.2	6.873984	79.980051	15	023
LK-1109220	Hokandara East	494A	1.95	6.874139	79.972826	15	023
LK-1109225	Arangala	494B	1.27	6.886052	79.962674	15	023
LK-1109230	Evarihena	495A	0.91	6.885495	79.95494	15	023
LK-1109235	Kumaragewatta	479D	2.16	6.889279	79.946021	15	023
LK-1109240	Jayawadanagama	479	0.12	6.888085	79.939834	15	023
LK-1109245	Aruppitiya	479F	0.46	6.897608	79.934082	15	023
LK-1109250	Asiri Uyana	479B	0.58	6.895002	79.928505	15	023
LK-1109255	Battaramulla South	492A	0.62	6.895283	79.919914	15	023
LK-1109260	Rajamalwatta	492D	0.79	6.898678	79.915386	15	023
LK-1109265	Pahalawela	479A	1.87	6.884875	79.927089	15	023
LK-1109270	Wickramasinghapura	479C	0.6	6.882379	79.941746	15	023
LK-1109275	Wellangiriya	495	1.14	6.87722	79.952745	15	023
LK-1109280	Hokandara South	494C	1.75	6.874472	79.962824	15	023
LK-1109285	Athurugiriya South	490A	1.34	6.863147	79.994677	15	023
LK-1112005	Jalthara	449	4.15	6.901725	80.042327	31	025
LK-1112010	Henpita	451	1.17	6.904049	80.051726	31	025
LK-1112015	Atigala West	446A	1.52	6.895339	80.054988	31	025
LK-1112020	Atigala East	446	2.81	6.896301	80.063193	31	025
LK-1112025	Batawala	450	2.14	6.878096	80.052849	31	025
LK-1112030	Walpita	450A	1.21	6.884809	80.043301	31	025
LK-1112035	Nawalamulla	482D	2.33	6.871782	80.043602	31	025
LK-1112040	Meegasmulla	482E	2.29	6.873617	80.028106	31	025
LK-1112045	Habarakada North	481	1.24	6.883647	80.019655	31	025
LK-1112050	Mullegama North	481D	0.67	6.886601	80.013779	31	025
LK-1112055	Mullegama South	481A	1.6	6.875798	80.01066	31	025
LK-1112060	Habarakada South	481B	0.81	6.869395	80.014653	31	025
LK-1112065	Panagoda Town	482B	1.08	6.864269	80.027052	31	025
LK-1112070	Henawatta	482C	2.69	6.859342	80.040409	31	025
LK-1112075	Meegoda North	447	1.53	6.864932	80.052479	31	025
LK-1112080	Panaluwa	447B	4.76	6.872029	80.068543	31	025
LK-1112085	Watareka North	448B	2.84	6.858194	80.072094	31	025
LK-1112090	Meegoda South	447A	1.15	6.855256	80.053933	31	025
LK-1112095	Godagama North	483	0.58	6.852275	80.029871	31	025
LK-1112100	Panagoda West	482	1.23	6.856478	80.025027	31	025
LK-1112105	Panagoda East	482A	2.03	6.856354	80.015573	31	025
LK-1112110	Habarakada Watta	481C	0.64	6.862227	80.009629	31	025
LK-1112115	Homagama North	486	0.8	6.857102	80.00624	31	025
LK-1112120	Homagama West	486B	0.92	6.853909	80.00093	31	025
LK-1112125	Homagama South	486F	1.35	6.85312	79.99386	31	025
LK-1112130	Galavilawatta North	486C	0.91	6.843456	79.995487	31	025
LK-1112135	Homagama Town	486A	0.94	6.84338	80.008122	31	025
LK-1112140	Homagama East	486D	0.6	6.849494	80.007578	31	025
LK-1112145	Pitipana Town	484B	0.85	6.84293	80.01869	31	025
LK-1112150	Godagama South	483A	0.98	6.847239	80.033094	31	025
LK-1112155	Kurunduwatta	448C	1.18	6.843956	80.041412	31	025
LK-1112160	Gehenuwala	447C	1.0	6.846641	80.049447	31	025
LK-1112165	Watareka South	448	3.05	6.842798	80.062003	31	025
LK-1112170	Ovitigama	448A	2.23	6.836626	80.047252	31	025
LK-1112175	Kandanawatta	484D	1.17	6.837283	80.032759	31	025
LK-1112180	Kiriberiyakele	484F	1.58	6.838762	80.023336	31	025
LK-1112185	Mawathgama	485	1.52	6.833269	80.013648	31	025
LK-1112190	Katuwana	486E	1.79	6.834662	80.002418	31	025
LK-1112195	Galavilawatta South	486G	0.78	6.836444	79.991692	31	025
LK-1112200	Niyandagala	499A	0.85	6.830982	79.988644	31	025
LK-1112205	Hiripitiya	499G	1.14	6.831931	79.976548	31	025
LK-1112210	Mambulgoda	500A	0.71	6.826561	79.974289	31	025
LK-1112215	Kithulhena	591C	0.5	6.825872	79.966175	31	025
LK-1112220	Siddamulla North	591	0.56	6.820658	79.959907	31	025
LK-1112225	Siddamulla South	591B	0.6	6.816239	79.957341	31	025
LK-1112230	Mattegoda West	587	1.87	6.814866	79.966608	31	025
LK-1112235	Mattegoda Central 'A'	587A	0.19	6.815367	79.971718	31	025
LK-1112240	Mattegoda East	587C	0.73	6.815789	79.975405	31	025
LK-1112245	Brahmanagama	500	1.95	6.820777	79.9801	31	025
LK-1112250	Deepangoda	590B	1.54	6.81385	79.989892	31	025
LK-1112255	Magammana West	590A	1.06	6.821247	79.994007	31	025
LK-1112260	Magammana East	590	1.36	6.81946	80.000377	31	025
LK-1112265	Uduwana	485A	1.2	6.82377	80.007645	31	025
LK-1112270	Prasannapura	484G	1.36	6.822838	80.016546	31	025
LK-1112275	Pitipana North	484	2.34	6.82422	80.034114	31	025
LK-1112280	Suwapubudugama	484E	0.89	6.809312	80.040851	31	025
LK-1112285	Pitipana South	484A	2.17	6.81319	80.031311	31	025
LK-1112290	Dolahena	484C	2.5	6.815367	80.018262	31	025
LK-1112295	Diyagama East	589	1.47	6.809086	80.003782	31	025
LK-1112300	Diyagama West	589A	1.85	6.803482	79.992298	31	025
LK-1112305	Kirigampamunuwa	588	1.72	6.800689	79.980463	31	025
LK-1112310	Mattegoda Central 'B'	587B	0.44	6.809709	79.974001	31	025
LK-1112315	Siyambalagoda North	592	1.68	6.800384	79.969551	31	025
LK-1112320	Kudamaduwa	591A	1.21	6.801195	79.958307	31	025
LK-1112325	Sangharama	591D	0.85	6.81045	79.95503	31	025
LK-1112330	Siyambalagoda South	592A	1.11	6.791041	79.969005	31	025
LK-1112335	Rilawala	593A	0.94	6.790639	79.979044	31	025
LK-1112340	Kahathuduwa West	602B	1.68	6.788709	79.986395	31	025
LK-1112345	Kiriwattuduwa South	603A	2.37	6.792104	80.004833	31	025
LK-1112350	Kiriwattuduwa North	603	1.14	6.804915	80.007836	31	025
LK-1112355	Moonamale - Yakahaluwa	603C	1.22	6.806039	80.015643	31	025
LK-1112360	Kithulavila	603B	2.53	6.79518	80.02074	31	025
LK-1112365	Kahathuduwa North	602	1.3	6.786583	79.992467	31	025
LK-1112370	Kahathuduwa East	602C	1.53	6.781295	80.000859	31	025
LK-1112375	Kahathuduwa South	602A	1.66	6.777436	79.99622	31	025
LK-1112380	Undurugoda	600	1.09	6.777348	79.97524	31	025
LK-1112385	Wethara	593	0.73	6.784187	79.970127	31	025
LK-1112390	Ambalangoda	594	1.23	6.775697	79.964906	31	025
LK-1112395	Heraliyawala	595	1.15	6.767778	79.956881	31	025
LK-1112400	Palagama	599	2.42	6.763668	79.968026	31	025
LK-1112405	Weniwelkola	601	3.37	6.770961	79.985767	31	025
LK-1115005	Bollathawa	433	2.64	6.959795	80.119119	34	024
LK-1115010	Kanampella West	425A	1.82	6.964971	80.130148	34	024
LK-1115015	Kanampella East	425	7.03	6.960663	80.148651	34	024
LK-1115020	Manakada	429B	1.48	6.959432	80.163852	34	024
LK-1115025	Eswatta North	429	4.33	6.966672	80.175263	34	024
LK-1115030	Kiriwandala North	431B	6.89	6.958839	80.189065	22	024
LK-1115035	Kudagama	432A	1.63	6.969144	80.201183	22	024
LK-1115040	Weralupitiya	432H	2.24	6.968241	80.212498	22	024
LK-1115045	Seethagama	432F	0.69	6.96181	80.208152	22	024
LK-1115050	Avissawella	432	0.76	6.954105	80.210286	22	024
LK-1115055	Ukwatta	432C	0.49	6.958454	80.199868	22	024
LK-1115060	Agra Pedesa	432G	0.4	6.962947	80.200756	22	024
LK-1115065	Eswatta South	429C	2.35	6.945806	80.174157	34	024
LK-1115070	Ihala Kosgama North	428	2.51	6.950093	80.142508	34	024
LK-1115075	Thawalgoda	426	1.26	6.951523	80.12915	34	024
LK-1115080	Muruthagama	426A	0.65	6.947754	80.121233	34	024
LK-1115085	Akaravita	434	1.46	6.946052	80.112997	34	024
LK-1115090	Kahatapitiya	435	1.56	6.941501	80.09584	34	024
LK-1115095	Kalu Aggala	436	4.76	6.930511	80.109207	34	024
LK-1115100	Salawa	427A	1.79	6.933823	80.121884	34	024
LK-1115105	Pahala Kosgama West	427B	0.93	6.941168	80.130134	34	024
LK-1115110	Pahala Kosgama East	427	1.54	6.940435	80.137212	34	024
LK-1115115	Ihala Kosgama South	428B	0.89	6.937185	80.145469	34	024
LK-1115120	Miriswatta	428C	1.88	6.942345	80.158595	34	024
LK-1115125	Aluth Ambalama	428A	2.14	6.934552	80.156194	34	024
LK-1115130	Kiriwandala South	431E	2.05	6.942886	80.204833	22	024
LK-1115135	Kotahera	432D	0.66	6.944366	80.213958	22	024
LK-1115140	Seethawaka	432B	0.81	6.954259	80.217257	22	024
LK-1115145	Aradhana Kanda	432E	1.16	6.944296	80.219062	22	024
LK-1115150	Puwakpitiya South	431C	1.43	6.933884	80.196509	22	024
LK-1115155	Puwakpitiya	431	0.39	6.937441	80.191361	22	024
LK-1115160	Egodagama	431D	1.04	6.930117	80.189975	22	024
LK-1115165	Weragolla North	431A	3.38	6.929421	80.180277	34	024
LK-1115170	Hingurala	429A	4.88	6.923631	80.167435	34	024
LK-1115175	Kadugoda North	430	2.97	6.926917	80.140504	34	024
LK-1115180	Mawalgama	437	2.87	6.916349	80.129359	34	024
LK-1115185	Suduwella	436A	2.54	6.920643	80.114615	34	024
LK-1115190	Gira Imbula	435A	0.9	6.922177	80.096368	34	024
LK-1115195	Walawwatta	445A	0.69	6.901053	80.071382	34	024
LK-1115200	Pahala Hanwella	445	1.32	6.905401	80.06775	34	024
LK-1115205	Hanwella Town	443B	1.48	6.906849	80.0852	34	024
LK-1115210	Ihala Hanwella North	443	1.36	6.906083	80.094194	34	024
LK-1115215	Niripola	438	2.17	6.904432	80.105242	34	024
LK-1115220	Brandigampala	440A	1.59	6.909009	80.114101	34	024
LK-1115225	Kadugoda South	430A	3.25	6.915001	80.143708	34	024
LK-1115230	Weragolla South	431F	5.79	6.922278	80.204174	34	024
LK-1115235	Digana	442F	5.16	6.904142	80.181347	34	024
LK-1115240	Lahirugama	442D	6.7	6.899932	80.155378	34	024
LK-1115245	Mambula	441	1.67	6.90576	80.139936	34	024
LK-1115250	Welikanna	442	2.21	6.891648	80.142442	34	024
LK-1115255	Kahahena	441A	2.72	6.89625	80.129539	34	024
LK-1115260	Neluwattuduwa	440	2.42	6.897988	80.115822	34	024
LK-1115265	Diddeniya North	439	2.61	6.889957	80.109101	34	024
LK-1115270	Ihala Hanwella South	443C	0.86	6.894887	80.092458	34	024
LK-1115275	Pahathgama	443A	0.7	6.896185	80.083634	34	024
LK-1115280	Jayaweeragoda	443D	1.3	6.893669	80.07479	34	024
LK-1115285	Koodaluvila	444D	1.17	6.888323	80.08145	34	024
LK-1115290	Thunnana East	444	1.59	6.886527	80.093382	34	024
LK-1115295	Diddeniya South	439A	2.52	6.880102	80.106214	34	024
LK-1115300	Elamalawala	442B	1.35	6.884605	80.136162	34	024
LK-1115305	Ilukovita	442C	3.88	6.882963	80.167202	34	024
LK-1115310	Koswatta	442E	1.16	6.892289	80.182829	34	024
LK-1115315	Pagngnagula	442A	2.9	6.877817	80.176597	34	024
LK-1115320	Pelpola	442G	1.8	6.875468	80.153185	34	024
LK-1115325	Kudakanda	444E	0.93	6.878722	80.092847	34	024
LK-1115330	Thunnana West	444B	1.95	6.88054	80.078904	34	024
LK-1115335	Mawathagama West	444C	1.51	6.867473	80.08345	34	024
LK-1115340	Mawathagama East	444A	2.05	6.868242	80.093928	34	024
LK-1118005	Pinnawala North	456	1.96	6.877434	80.119376	34	024
LK-1118010	Pinnawala South	456A	2.37	6.875814	80.129781	34	024
LK-1118015	Waga North	457B	0.98	6.874559	80.140206	34	024
LK-1118020	Waga East	457	3.4	6.859892	80.141157	34	024
LK-1118025	Thummodara	458A	1.97	6.864092	80.169001	34	024
LK-1118030	Waga South	457C	3.74	6.853123	80.15238	34	024
LK-1118035	Siyambalawa	459B	2.59	6.838481	80.14631	34	024
LK-1118040	Pahala Bope	459A	2.19	6.836031	80.133019	34	024
LK-1118045	Halpe	454/B	2.19	6.847857	80.129938	34	024
LK-1118050	Waga West	457A	2.41	6.863623	80.133277	34	024
LK-1118055	Uggalla	454	3.15	6.862252	80.119231	34	024
LK-1118060	Wewelpanawa	453A	0.99	6.866942	80.105691	34	024
LK-1118065	Pitumpe North	453	1.71	6.860075	80.103184	34	024
LK-1118070	Pitumpe South	453B	0.49	6.853622	80.099853	34	024
LK-1118075	Galagedara East	452	1.13	6.852574	80.092001	34	024
LK-1118080	Galagedara North	452A	1.07	6.857968	80.084627	34	024
LK-1118085	Galagedara South	452B	1.08	6.849329	80.083696	34	024
LK-1118090	Padukka	461	1.38	6.837786	80.092849	34	024
LK-1118095	Arukwatta North	460	0.88	6.848168	80.101061	34	024
LK-1118100	Arukwatta South	460A	1.64	6.838121	80.106056	34	024
LK-1118105	Ganegoda	460B	0.96	6.844484	80.109226	34	024
LK-1118110	Angampitiya	454A	2.56	6.845999	80.119028	34	024
LK-1118115	Weragala	455	2.2	6.828735	80.120209	34	024
LK-1118120	Angamuwa	461A	2.79	6.826395	80.106711	34	024
LK-1118125	Udumulla	461B	2.26	6.826144	80.093351	34	024
LK-1118130	Poregedara	462A	1.29	6.823988	80.08618	31	024
LK-1118135	Pahala Padukka	461C	0.71	6.840448	80.084556	34	024
LK-1118140	Liyanwala	462	2.17	6.836128	80.078359	31	024
LK-1118145	Kurugala	465	2.07	6.821146	80.075705	31	024
LK-1118150	Madulawa South	463A	1.45	6.827756	80.069566	31	024
LK-1118155	Madulawa North	463	1.55	6.826191	80.063212	31	024
LK-1118160	Horakandawala	464C	1.51	6.82679	80.053281	31	024
LK-1118165	Dampe	464A	2.78	6.819895	80.050736	31	024
LK-1118170	Beruketiya	464D	2.28	6.800569	80.051008	31	024
LK-1118175	Horagala West	464B	2.19	6.804322	80.058512	31	024
LK-1118180	Horagala East	464	1.74	6.808365	80.06862	31	024
LK-1118185	Beliattavila	461D	1.47	6.809295	80.09648	34	024
LK-1118190	Miriyagalla	466	3.08	6.814652	80.108975	34	024
LK-1118195	Malagala	467	4.7	6.794832	80.109402	34	024
LK-1118200	Kahawala	467A	1.59	6.777294	80.110314	34	024
LK-1118205	Yatawathura	468	2.25	6.780036	80.120047	34	024
LK-1118210	Mahingala	455A	2.26	6.815486	80.124702	34	024
LK-1118215	Ihala Bope	459	2.29	6.823408	80.13822	34	024
LK-1118220	Gurulana	458B	2.08	6.836454	80.156367	34	024
LK-1118225	Udagama	458	8.15	6.827976	80.175778	34	024
LK-1118230	Dambora	458C	10.5	6.837856	80.186174	34	024
LK-1121005	Mirihana South	523A	0.44	6.875496	79.905695	23	026
LK-1121010	Mirihana North	523	0.92	6.880683	79.908832	23	026
LK-1121015	Madiwela	524	1.4	6.877724	79.923097	23	026
LK-1121020	Thalawathugoda West	493A	1.3	6.871545	79.934794	23	026
LK-1121025	Thalawathugoda East	493B	1.3	6.874563	79.941196	23	026
LK-1121030	Kalalgoda	493	1.59	6.8675	79.949642	23	026
LK-1121035	Kottawa East	496A	1.74	6.859282	79.967069	23	026
LK-1121040	Rukmale West	497	1.91	6.855817	79.97684	23	026
LK-1121045	Rukmale East A	497A	0.38	6.859659	79.982749	23	026
LK-1121050	Rukmale East B	497B	0.42	6.855089	79.98616	23	026
LK-1121055	Liyanagoda	496E	0.9	6.858737	79.959157	23	026
LK-1121060	Kottawa North	496C	0.59	6.858078	79.954169	23	026
LK-1121065	Depanama	529A	1.81	6.858506	79.947756	23	026
LK-1121070	Polwatta	529	0.8	6.858956	79.938969	23	026
LK-1121075	Pamunuwa	528	1.07	6.85801	79.932248	23	026
LK-1121080	Thalapathpitiya	525	1.28	6.869894	79.922315	23	026
LK-1121085	Pragathipura	524A	0.35	6.876627	79.916342	23	026
LK-1121090	Udahamulla East	525A	0.66	6.87228	79.913079	23	026
LK-1121095	Udahamulla West	525B	0.73	6.864695	79.918822	23	026
LK-1121100	Pathiragoda	527A	0.92	6.856932	79.920788	23	026
LK-1121105	Maharagama East	527B	0.47	6.857731	79.926423	23	026
LK-1121110	Maharagama West	527C	0.37	6.851348	79.925084	23	026
LK-1121115	Dambahena	528A	1.0	6.851318	79.934509	23	026
LK-1121120	Pannipitiya North	531	0.7	6.84973	79.945298	23	026
LK-1121125	Kottawa West	496D	0.47	6.851267	79.956231	23	026
LK-1121130	Kottawa South	496	1.23	6.847576	79.964597	23	026
LK-1121135	Malapalla West	498B	0.57	6.846185	79.975415	23	026
LK-1121140	Malapalla East	498	1.06	6.848682	79.985988	23	026
LK-1121145	Makumbura North	498A	1.07	6.841686	79.978456	23	026
LK-1121150	Makumbura South	498C	0.8	6.83471	79.973063	23	026
LK-1121155	Kottawa Town	496B	1.32	6.83954	79.965831	23	026
LK-1121160	Pannipitiya South	531A	0.39	6.844849	79.947028	23	026
LK-1121165	Maharagama Town	530	1.3	6.842252	79.936176	23	026
LK-1121170	Godigamuwa South A	532A	0.99	6.835724	79.9299	23	026
LK-1121175	Godigamuwa South B	532B	0.85	6.836061	79.922216	23	026
LK-1121180	Godigamuwa North	532	0.64	6.840096	79.918731	23	026
LK-1121185	Wattegedara	532C	1.32	6.847364	79.918252	23	026
LK-1121190	Navinna	527	0.72	6.855039	79.914557	23	026
LK-1121195	Wijerama	526C	0.34	6.853631	79.908709	23	026
LK-1121200	Gangodavila South B	526B	0.95	6.856876	79.902715	23	026
LK-1121205	Jambugasmulla	526D	0.72	6.861819	79.895667	23	026
LK-1124005	Obeysekarapura	514C	0.5	6.915889	79.893175	14	022
LK-1124010	Welikada West	514A	0.74	6.91737	79.895655	14	022
LK-1124015	Welikada East	514	1.26	6.914262	79.897346	14	022
LK-1124020	Rajagiriya	514B	0.66	6.906753	79.896825	14	022
LK-1124025	Welikada North	514D	0.38	6.905956	79.889328	14	022
LK-1124030	Nawala West	520	1.38	6.894415	79.886933	14	022
LK-1124035	Koswatta	520A	1.0	6.899685	79.897723	14	022
LK-1124040	Ethulkotte West	521A	0.63	6.899253	79.903732	14	022
LK-1124045	Ethulkotte	521	0.85	6.898382	79.908295	14	022
LK-1124050	Pitakotte East	522A	1.26	6.888699	79.913165	14	022
LK-1124055	Pitakotte	522B	0.59	6.886453	79.90403	14	022
LK-1124060	Pitakotte West	522	0.92	6.888909	79.899007	14	022
LK-1124065	Nawala East	520B	1.06	6.890295	79.891553	14	022
LK-1124070	Nugegoda West	519B	0.93	6.877893	79.888354	14	022
LK-1124075	Pagoda	519A	0.81	6.881821	79.896882	14	022
LK-1124080	Nugegoda	519	0.54	6.875877	79.893818	14	022
LK-1124085	Pagoda East	519C	0.69	6.873139	79.899958	14	022
LK-1124090	Gangodavila North	526	0.59	6.867455	79.896019	14	022
LK-1124095	Gangodavila South	526A	0.96	6.864145	79.905828	14	022
LK-1124100	Gangodavila East	526C	0.58	6.867216	79.909996	14	022
LK-1127005	Kollupitiya	 	0.84	6.913023	79.851596	11	005
LK-1127010	Bambalapitiya	 	1.43	6.902504	79.854628	11	005
LK-1127015	Kurunduwatta	 	3.67	6.910057	79.867215	11	002
LK-1127020	Kuppiyawatta West	 	0.38	6.923567	79.8698	11	003
LK-1127025	Kuppiyawatta East	 	0.51	6.926225	79.872809	11	003
LK-1127030	Dematagoda	 	0.74	6.935812	79.87995	11	003
LK-1127035	Wanathamulla	 	0.65	6.926888	79.879453	11	003
LK-1127040	Borella North	 	1.03	6.919884	79.879676	11	003
LK-1127045	Borella South	 	0.66	6.913139	79.879937	11	003
LK-1127050	Gothamipura	 	1.05	6.908345	79.884119	11	004
LK-1127055	Narahenpita	 	0.86	6.902588	79.878252	11	004
LK-1127060	Thimbirigasyaya	 	1.87	6.899118	79.87049	11	004
LK-1127065	Milagiriya	 	1.07	6.891107	79.857342	11	005
LK-1127070	Havelock Town	 	1.21	6.886026	79.866288	11	005
LK-1127075	Kirula	 	1.83	6.889683	79.875608	11	004
LK-1127080	Kirulapone	 	1.37	6.88049	79.877633	11	004
LK-1127085	Wellawatta North	 	0.98	6.879076	79.86153	11	005
LK-1127090	Wellawatta South	 	0.68	6.868086	79.862151	11	005
LK-1127095	Pamankada West	 	0.64	6.874471	79.865488	11	004
LK-1127100	Pamankada East	 	0.88	6.874769	79.875536	11	004
LK-1130005	Sri Saranankara	538C	0.35	6.868695	79.868276	12	006
LK-1130010	Vilawala	537	0.55	6.870295	79.873864	12	006
LK-1130015	Dutugemunu	537A	0.79	6.868053	79.881694	12	006
LK-1130020	Kohuwala	537B	0.86	6.863895	79.88745	12	006
LK-1130025	Kalubovila	538	0.5	6.862987	79.877531	12	006
LK-1130030	Hathbodhiya	538B	0.42	6.865009	79.870389	12	006
LK-1130035	Galwala	538A	0.46	6.861272	79.868928	12	006
LK-1130040	Dehiwala West	540A	0.5	6.858228	79.862461	12	006
LK-1130045	Dehiwala East	540	0.47	6.8568	79.868681	12	006
LK-1130050	Udyanaya	536A	0.5	6.855652	79.8756	12	006
LK-1130055	Nedimala	536	0.79	6.855425	79.880484	12	006
LK-1130060	Malwatta	539/42A	0.37	6.853281	79.870692	12	006
LK-1130065	Jayathilaka	540B	0.36	6.851525	79.865153	12	006
LK-1130070	Karagampitiya	539/42	0.39	6.84796	79.871602	12	006
LK-1130075	Kawdana East	539/42B	1.13	6.844869	79.879535	12	006
LK-1131005	Mount Lavinia	541	1.13	6.83924	79.865035	12	007
LK-1131010	Kawdana West	539/42C	0.51	6.843791	79.871012	12	007
LK-1131015	Watarappala	544	0.39	6.840023	79.870777	12	007
LK-1131020	Wathumulla	5444A	0.54	6.832653	79.870098	12	007
LK-1131025	Katukurunduwatta	545A	1.12	6.835072	79.876379	12	007
LK-1131030	Attidiya North	543	1.33	6.837555	79.886382	12	007
LK-1131035	Attidiya South	543B	1.71	6.825464	79.883053	12	007
LK-1131040	Piriwena	545	0.62	6.825309	79.873721	12	007
LK-1131045	Wedikanda	546A	0.66	6.825114	79.865463	12	007
LK-1131050	Vihara	546 B	0.7	6.819504	79.869634	12	007
LK-1131055	Rathmalana West	546	0.4	6.809784	79.870749	12	007
LK-1131060	Rathmalana East	546 C	1.04	6.812162	79.877212	12	007
LK-1131065	Kandawala	543 A	2.71	6.819488	79.888127	12	007
LK-1133005	Angulana North	547	0.34	6.802406	79.872523	13	028
LK-1133010	Kaldemulla	548	0.42	6.806441	79.879407	13	028
LK-1133015	Soysapura North	548A	0.11	6.804386	79.881266	13	028
LK-1133020	Soysapura South	548B	0.13	6.803609	79.883291	13	028
LK-1133025	Dahampura	548C	0.35	6.802973	79.876814	13	028
LK-1133030	Thelawala North	549B	0.85	6.808992	79.895554	13	028
LK-1133035	Borupana	549A	1.02	6.812892	79.891829	13	028
LK-1133040	Thelawala South	549	0.44	6.804419	79.890268	13	028
LK-1133045	Lakshapathiya North	550A	0.62	6.800815	79.884138	13	028
LK-1133050	Lakshapathiya Central	550B	0.24	6.795579	79.876594	13	028
LK-1133055	Angulana South	547A	0.11	6.796577	79.873677	13	028
LK-1133060	Uyana South	552A	0.69	6.782992	79.880113	13	028
LK-1133065	Uyana North	552B	0.35	6.790927	79.876124	13	028
LK-1133070	Rawathawatta South	557B	0.25	6.786206	79.888417	13	028
LK-1133075	Rawathawatta East	557	0.49	6.792523	79.888709	13	028
LK-1133080	Lakshapathiya South	550	0.61	6.794046	79.882061	13	028
LK-1133085	Kuduwamulla	551 B	0.31	6.794608	79.89376	13	028
LK-1133090	Katubedda	551	1.64	6.80043	79.896381	13	028
LK-1133095	Molpe	551A	0.63	6.792152	79.90104	13	028
LK-1133100	Moratumulla North	551C	0.29	6.790157	79.894314	13	028
LK-1133105	Kadalana	558A	0.31	6.783406	79.890407	13	028
LK-1133110	Rawathawatta West	557A	0.56	6.789098	79.882329	13	028
LK-1133115	Idama	552	0.62	6.780022	79.886174	13	028
LK-1133120	Uswatta	553C	0.19	6.773941	79.880675	13	028
LK-1133125	Moratuwella South	553	0.5	6.767918	79.886461	13	028
LK-1133130	Indibedda West	559	0.45	6.778409	79.897615	13	028
LK-1133135	Moratumulla East	558	0.36	6.78414	79.896128	13	028
LK-1133140	Moratumulla West	558B	0.32	6.780817	79.894294	13	028
LK-1133145	Villorawatta East	560/61	0.46	6.784789	79.905014	13	028
LK-1133150	Villorawatta West	560/61A	0.32	6.78511	79.900423	13	028
LK-1133155	Indibedda East	559A	1.03	6.774564	79.903708	13	028
LK-1133160	Moratuwella North	553A	0.46	6.775367	79.884055	13	028
LK-1133165	Moratuwella West	553B	0.08	6.76745	79.882514	13	028
LK-1133170	Koralawella North	554	0.43	6.760967	79.886305	13	028
LK-1133175	Koralawella East	554B	0.4	6.762173	79.890661	13	028
LK-1133180	Koralawella West	554C	0.27	6.756065	79.889491	13	028
LK-1133185	Koralawella South	554A	0.34	6.752391	79.890777	13	028
LK-1133190	Katukurunda North	555	0.42	6.747237	79.892544	13	028
LK-1133195	Katukurunda South	555A	0.48	6.741462	79.894947	13	028
LK-1133200	Egoda Uyana North	556	0.53	6.734694	79.897495	13	028
LK-1133205	Egoda Uyana Central	556A	0.4	6.728461	79.89956	13	028
LK-1133210	Egoda Uyana South	556B	0.48	6.720594	79.901821	13	028
LK-1136005	Pepiliyana West	535	0.68	6.856524	79.886664	25	027
LK-1136010	Pepiliyana East	535C	0.29	6.858179	79.892762	25	027
LK-1136015	Divulpitiya East	535D	0.28	6.852819	79.895909	25	027
LK-1136020	Divulpitiya West	535B	0.44	6.849939	79.893384	25	027
LK-1136025	Bellanvila	535A	0.54	6.847911	79.888105	25	027
LK-1136030	Boralesgamuwa West A	533B	0.7	6.83876	79.896215	25	027
LK-1136035	Boralesgamuwa West C	533F	0.54	6.843184	79.896145	25	027
LK-1136040	Rattanapitiya	533A	0.66	6.848953	79.901427	25	027
LK-1136045	Egodawatta	533C	0.32	6.848857	79.907936	25	027
LK-1136050	Boralesgamuwa East A	533	0.77	6.840294	79.905396	25	027
LK-1136055	Boralesgamuwa West B	533E	0.73	6.834255	79.89846	25	027
LK-1136060	Werahera North	577	0.67	6.831003	79.90413	25	027
LK-1136065	Boralesgamuwa East B	533D	0.87	6.840885	79.911659	25	027
LK-1136070	Neelammahara	579	0.53	6.831064	79.918788	25	027
LK-1136075	Katuwawala North	578	0.76	6.830424	79.912659	25	027
LK-1136080	Vishwakalawa	574B	0.24	6.805736	79.928828	24	027
LK-1136085	Werahera South	577A	1.51	6.822737	79.904643	25	027
LK-1136090	Katuwawala South	578A	0.45	6.825296	79.915705	25	027
LK-1136095	Niwanthidiya	580A	0.73	6.825171	79.925645	24	027
LK-1136100	Erewwala West	581A	1.18	6.826031	79.934908	24	027
LK-1136105	Erewwala North	581D	1.09	6.833209	79.941157	24	027
LK-1136110	Erewwala East	581	0.7	6.837638	79.941809	24	027
LK-1136115	Rathmaldeniya	581C	1.16	6.839464	79.94994	24	027
LK-1136120	Mahalwarawa	581E	0.69	6.836531	79.955889	24	027
LK-1136125	Bangalawatta	581B	0.35	6.837643	79.961131	24	027
LK-1136130	Pelenwatta East	582B	0.97	6.82824	79.958596	24	027
LK-1136135	Pelenwatta North	582	1.2	6.826345	79.951864	24	027
LK-1136140	Pelenwatta West	582A	1.45	6.822271	79.944168	24	027
LK-1136145	Paligedara	583A	0.67	6.818973	79.932759	24	027
LK-1136150	Kaliyammahara	580	0.54	6.819813	79.926504	24	027
LK-1136155	Bokundara	575	0.6	6.817149	79.92026	24	027
LK-1136160	Thumbovila South	576B	0.85	6.81134	79.916176	24	027
LK-1136165	Thumbovila North	576A	1.74	6.814995	79.907729	24	027
LK-1136170	Wewala West	562B	1.08	6.799691	79.908016	24	027
LK-1136175	Wewala East	562	0.48	6.803639	79.912234	24	027
LK-1136180	Thumbovila West	576	0.62	6.803095	79.917461	24	027
LK-1136185	Mampe North	574A	1.25	6.80978	79.927967	24	027
LK-1136190	Makuludoowa	583	0.56	6.813581	79.933599	24	027
LK-1136195	Gorakapitiya	584	0.42	6.814296	79.948813	24	027
LK-1136200	Nampamunuwa	584A	0.86	6.811515	79.944212	24	027
LK-1136205	Mavittara North	586A	0.66	6.806879	79.938933	24	027
LK-1136210	Mampe East	574D	0.37	6.805247	79.933216	24	027
LK-1136215	Bodhirajapura	577B	0.11	6.827517	79.905848	25	027
LK-1136220	Mampe West	574	0.63	6.80109	79.928674	24	027
LK-1136225	Mampe South	574C	0.39	6.795404	79.927815	24	027
LK-1136230	Kolamunna	563/73A	0.81	6.795273	79.922606	24	027
LK-1136235	Suwarapola East	562A	0.5	6.797094	79.915977	24	027
LK-1136240	Suwarapola West	562C	0.27	6.79461	79.910732	24	027
LK-1136245	Hedigama	563/73	0.78	6.790025	79.912132	24	027
LK-1136250	Batakettara North	565	1.21	6.785302	79.921836	24	027
LK-1136255	Kesbewa North	572	0.95	6.794843	79.932587	24	027
LK-1136260	Kesbewa East	572B	0.73	6.793276	79.940003	24	027
LK-1136265	Mavittara South	586	0.81	6.798884	79.943783	24	027
LK-1136270	Honnanthara North	585	0.9	6.801918	79.949582	24	027
LK-1136275	Honnanthara South	585A	1.2	6.793056	79.947824	24	027
LK-1136280	Makandana East	569	1.12	6.781172	79.944006	24	027
LK-1136285	Kesbewa South	572A	1.6	6.783255	79.936314	24	027
LK-1136290	Batakettara South	565A	1.17	6.778418	79.927193	24	027
LK-1136295	Madapatha	567	1.67	6.76669	79.929199	24	027
LK-1136300	Delthara West	564	0.33	6.784424	79.911569	24	027
LK-1136305	Delthara East	564A	1.21	6.782897	79.908675	24	027
LK-1136310	Dampe	566	2.86	6.765964	79.918155	24	027
LK-1136315	Makandana West	569A	1.08	6.772396	79.939272	24	027
LK-1136320	Nivungama	568A	0.29	6.777011	79.951506	24	027
LK-1136325	Halpita	570/571	2.37	6.779366	79.956228	24	027
LK-1136330	Horathuduwa	570/71/A	0.64	6.790248	79.959264	24	027
LK-1136335	Morenda	568	0.65	6.770354	79.95255	24	027
LK-1136340	Batuwandara North	596	0.6	6.770177	79.946705	24	027
LK-1136345	Batuwandara South	596A	0.38	6.764877	79.947413	24	027
LK-1136350	Jamburaliya	597	1.65	6.758097	79.944015	24	027
LK-1136355	Polhena	598B	0.6	6.762453	79.934607	24	027
LK-1136360	Regidel Watta	598A	0.5	6.755466	79.935547	24	027
LK-1136365	Kahapola	598	2.19	6.75409	79.924853	24	027
LK-1203005	Kammalthura	77A	0.75	7.264003	79.842964	11	009
LK-1203010	Pallansena North	77	1.32	7.269525	79.852428	11	009
LK-1203015	Kochchikade	78	0.76	7.265264	79.85749	11	009
LK-1203020	Pallansena South	76	0.62	7.261888	79.849375	11	009
LK-1203025	Daluwakotuwa	74	1.06	7.252917	79.850217	11	009
LK-1203030	Palangathure	75A	1.0	7.248476	79.845003	11	009
LK-1203035	Ettukala	73	0.73	7.240088	79.843513	11	009
LK-1203040	Daluwakotuwa East	74A	1.1	7.245591	79.853889	11	009
LK-1203045	Kattuwa	75	1.28	7.235859	79.852828	11	009
LK-1203050	Dalupotha East	72A	1.21	7.230444	79.859328	11	009
LK-1203055	Dalupotha	72	0.46	7.227356	79.853527	11	009
LK-1203060	Kudapaduwa	73A	0.35	7.228114	79.847807	11	009
LK-1203065	Kudapaduwa North	73B	0.5	7.231384	79.843806	11	009
LK-1203070	Kudapaduwa South	73C	0.4	7.224622	79.843358	11	009
LK-1203075	Wellaweediya	158	0.31	7.222075	79.839452	11	009
LK-1203080	Wellaweediya East	158B	0.31	7.220331	79.842674	11	009
LK-1203085	Periyamulla	159	0.66	7.216378	79.846365	11	009
LK-1203090	Hunupitiya	159A	0.42	7.220957	79.850568	11	009
LK-1203095	Angurukaramulla	161A	0.89	7.210358	79.855403	11	009
LK-1203100	Udayarthoppuwa	160	1.07	7.209499	79.845584	11	009
LK-1203105	Wellaweediya South	158A	0.3	7.214548	79.838664	11	009
LK-1203110	Muttakkarai North	156A	0.44	7.209911	79.833872	11	009
LK-1203115	Doowa	162A	0.45	7.204988	79.820936	11	009
LK-1203120	Pitipana North	162	0.59	7.202153	79.824513	11	009
LK-1203125	Pitipana Central	162D	0.51	7.198808	79.820156	11	009
LK-1203130	Muttakkarai	156	0.23	7.203651	79.832284	11	009
LK-1203135	Muttakkarai East	156B	0.22	7.203826	79.834736	11	009
LK-1203140	Thaladoowa	160A	1.28	7.200049	79.842369	11	009
LK-1203145	Udayarthoppuwa South	160B	0.64	7.204421	79.846812	11	009
LK-1203150	Bolawalana	157	1.36	7.19951	79.855211	11	009
LK-1203155	Kurana West	157B	0.86	7.188134	79.859514	11	009
LK-1203160	Kurana East	157A	0.74	7.189456	79.864415	11	009
LK-1203165	Siriwardana Pedesa	156C	1.47	7.192115	79.832232	11	009
LK-1203170	Pitipana South - East	162C	0.6	7.188927	79.823308	11	009
LK-1203175	Pitipana South - West	162B	0.47	7.18859	79.820979	11	009
LK-1203180	Thalahena	163	1.33	7.166123	79.826608	11	009
LK-1203185	Dungalpitiya	163B	1.26	7.142426	79.834864	11	009
LK-1203190	Settappaduwa	163C	0.46	7.1288	79.838064	11	009
LK-1203195	Kepungoda	163A	0.78	7.11894	79.842952	11	009
LK-1206005	Muruthana	66	1.26	7.277017	79.87646	37	010
LK-1206010	Manaveriya	67A	0.78	7.267308	79.866131	37	010
LK-1206015	Udangawa	67	0.9	7.270396	79.874884	37	010
LK-1206020	Thoppuwa	65A	1.16	7.263728	79.873429	37	010
LK-1206025	Bambukuliya	65	1.49	7.26738	79.884108	37	010
LK-1206030	Katana North	64A	2.68	7.271519	79.898251	37	010
LK-1206035	Katana East	63	1.33	7.258929	79.911507	37	010
LK-1206040	Katana West	64	2.65	7.255274	79.899776	37	010
LK-1206045	Maha Ethgala	68A	1.0	7.256164	79.88899	37	010
LK-1206050	Ethgala	68	1.85	7.256507	79.874924	37	010
LK-1206055	Adikkandiya	69B	0.94	7.254329	79.863883	37	010
LK-1206060	Welihena North	69	1.21	7.250173	79.859802	11/37	010
LK-1206065	Welihena South	69A	1.36	7.239439	79.865307	37	010
LK-1206070	Pahala Kandawala	70A	1.44	7.239959	79.875105	37	010
LK-1206075	Ethgala South	68B	0.77	7.248874	79.875863	37	010
LK-1206080	Ihala Kandawala	70	3.06	7.239663	79.886384	37	010
LK-1206085	Kaluwarippuwa West	94	3.01	7.238692	79.900281	37	010
LK-1206090	Kondagammulla	93	2.13	7.222009	79.905422	37	010
LK-1206095	Katiyala	93B	1.62	7.220187	79.895656	37	010
LK-1206100	Kadirana North	93A	2.78	7.224205	79.885308	37	010
LK-1206105	K.C. De Silva Puraya	70B	0.85	7.229675	79.8756	37	010
LK-1206110	Thimbirigaskatuwa	71	1.02	7.22755	79.869102	37	010
LK-1206115	Sellakanda	161C	0.83	7.219922	79.856075	37	010
LK-1206120	Katuwapitiya	161B	0.55	7.211615	79.85906	37	010
LK-1206125	Mahahunupitiya West	161D	0.53	7.217021	79.863244	37	010
LK-1206130	Mahahunupitiya East	161	0.55	7.219121	79.867915	37	010
LK-1206135	Pahala Kadirana	93F	1.15	7.218505	79.875207	37	010
LK-1206140	Kadirana	93E	2.24	7.208469	79.871085	37	010
LK-1206145	Akkara 50	93D	2.34	7.197524	79.87232	37	010
LK-1206150	Kadirana South	93C	1.72	7.204205	79.88394	37	010
LK-1206155	Kimbulapitiya West	92B	1.26	7.206021	79.891386	37	010
LK-1206160	Kimbulapitiya North	92A	1.96	7.214641	79.908858	37	010
LK-1206165	Kimbulapitiya South	92	3.0	7.20308	79.912115	37	010
LK-1206170	Kimbulapitiya Central	92C	1.2	7.201723	79.899874	37	010
LK-1206175	Andiambalama West	155	2.59	7.189279	79.904546	37	010
LK-1206180	Walpola	155A	1.74	7.194461	79.923804	37	010
LK-1206185	Andiambalama East	155B	1.11	7.185728	79.915553	37	010
LK-1206190	Dewamottawa	154	1.55	7.175813	79.911496	37	010
LK-1206195	Kovinna	151	0.98	7.176355	79.899802	37	010
LK-1206200	Evariwatta	149	2.69	7.169402	79.889923	23/37	010
LK-1206205	Air Force Camp	150	8.13	7.17991	79.881264	23	010
LK-1206210	Kurana Katunayaka West	142B	0.53	7.176113	79.86631	23	010
LK-1206215	Kurana Katunayaka North	142	0.58	7.180714	79.863997	23	010
LK-1206220	Kurana Katunayaka South	142A	0.38	7.171334	79.868499	23	010
LK-1206225	Katunayaka North	143	0.37	7.166993	79.869398	23	010
LK-1206230	Katunayaka South	143A	0.96	7.159881	79.872691	23	010
LK-1206235	Walanagoda	152A	2.22	7.163422	79.896738	37	010
LK-1206240	Kalahapitiya	154A	0.82	7.174434	79.903703	37	010
LK-1206245	Madawala	152	1.89	7.157465	79.907249	37	010
LK-1206250	Muthuwadiya	201	0.75	7.158604	79.890093	37	010
LK-1206255	Liyanagemulla North	144A	1.52	7.150462	79.873283	23	010
LK-1206260	Liyanagemulla South	144	1.25	7.142082	79.874767	23	010
LK-1206265	Amandoluwa	148	1.44	7.146299	79.886175	23	010
LK-1206270	Thempala	200	0.93	7.148807	79.890553	37	010
LK-1206275	Kuswala	202	1.07	7.148948	79.898763	37	010
LK-1206280	Ganepola	203	1.68	7.141994	79.911437	37	010
LK-1206285	Heenatiyana West	153	1.31	7.150936	79.912654	37	010
LK-1206290	Heenatiyana South	153B	1.11	7.147227	79.923311	37	010
LK-1206295	Heenatiyana East	153A	1.17	7.151783	79.928051	37	010
LK-1206300	Raddolugama North A	199F	0.11	7.141183	79.904262	37	010
LK-1206305	Raddolugama North	199C	0.09	7.141786	79.899943	37	010
LK-1206310	Raddolugama South	199B	0.1	7.140505	79.898693	37	010
LK-1206315	Raddolugama South A	199E	0.11	7.139566	79.902592	37	010
LK-1206320	Raddoluwa North	199	1.2	7.135518	79.904838	37	010
LK-1206325	Raddoluwa West	199D	0.78	7.13734	79.894973	37	010
LK-1206330	Seeduwa	147	1.3	7.132098	79.888475	37	010
LK-1206335	Mookalangamuwa West	145B	1.23	7.132894	79.875916	37	010
LK-1206340	Mookalangamuwa East	145A	0.4	7.136498	79.882037	23	010
LK-1206345	Bandarawatta East	145C	0.4	7.127889	79.884491	23	010
LK-1206350	Bandarawatta West	145	1.41	7.125378	79.873428	23	010
LK-1206355	Dambaduraya	198A	0.79	7.119997	79.885755	37	010
LK-1206360	Raddoluwa South	199A	1.15	7.127687	79.899801	37	010
LK-1206365	Lansiyawadiya	204A	1.08	7.130555	79.912947	37	010
LK-1206370	Kotugoda	204	0.73	7.122759	79.921525	37	010
LK-1206375	Kasagahawatta	204B	0.49	7.121254	79.916958	37	010
LK-1206380	Udammita North	197	0.81	7.117129	79.893751	37	010
LK-1206385	Alawathupitiya	198	0.49	7.11567	79.888808	37	010
LK-1206390	Udammita South	197A	0.37	7.110011	79.890255	37	010
LK-1206395	Ambalammulla	146	3.37	7.11478	79.875111	23	010
LK-1209005	Andimulla	61A	0.78	7.263081	79.920047	33	011
LK-1209010	Ambalayaya	61	1.41	7.271057	79.921636	33	011
LK-1209015	Bolagala	60A	1.8	7.274764	79.930937	33	011
LK-1209020	Otharawadiya	60	1.04	7.273894	79.93931	33	011
LK-1209025	Godigamuwa West	57	3.1	7.280897	79.958947	33	011
LK-1209030	Godigamuwa East	57A	1.93	7.280808	79.966653	33	011
LK-1209035	Balawala	56C	1.06	7.282093	79.973117	33	011
LK-1209040	Badalgama	56	2.86	7.291449	79.980806	33	011
LK-1209045	Delpakadawara	56A	0.34	7.293563	79.98899	33	011
LK-1209050	Siringapathawatta	55C	2.03	7.296216	79.996565	33	011
LK-1209055	Pethigoda	55	1.99	7.304111	80.002503	33	011
LK-1209060	Alugolla	55B	5.73	7.305264	80.015113	33	011
LK-1209065	Polwatta	54A	3.15	7.303586	80.025493	33	011
LK-1209070	Polhena	80E	0.82	7.294597	80.029308	33	011
LK-1209075	Mellawagedara	80A	3.32	7.286639	80.030868	33	011
LK-1209080	Diklanda	80D	0.33	7.283885	80.021807	33	011
LK-1209085	Katukenda	55A	5.36	7.2763	80.002279	33	011
LK-1209090	Akarangaha	56B	1.39	7.278437	79.988261	33	011
LK-1209095	Kehelella West	82C	0.66	7.27139	79.990848	33	011
LK-1209100	Lihiniyagammana	82B	0.94	7.272998	79.977765	33	011
LK-1209105	Akaragama East	58B	1.04	7.267823	79.968431	33	011
LK-1209110	Akaragama West	58	1.75	7.263645	79.960775	33	011
LK-1209115	Akaragama North	58C	0.83	7.268967	79.953181	33	011
LK-1209120	Pahala Madampella	59	2.94	7.256559	79.945594	33	011
LK-1209125	Halpe 1	61B	1.5	7.262153	79.932126	33	011
LK-1209130	Kaluwarippuwa East - Uthura	95A	1.41	7.249716	79.911283	33	011
LK-1209135	Kongodamulla North	62B	0.77	7.254313	79.921529	33	011
LK-1209140	Kongodamulla West	62	1.05	7.251182	79.925376	33	011
LK-1209145	Kongodamulla South	62C	1.4	7.247333	79.931915	33	011
LK-1209150	Kongodamulla East	62A	2.08	7.248769	79.937255	33	011
LK-1209155	Ihala Madampella North	58E	0.95	7.251344	79.953332	33	011
LK-1209160	Ihala Madampella West	58D	0.78	7.245192	79.953869	33	011
LK-1209165	Ihala Madampella East	58A	1.04	7.250556	79.962761	33	011
LK-1209170	Ihalagama	58F	0.63	7.260839	79.968651	33	011
LK-1209175	Kehelella South	82A	2.25	7.261157	79.979807	33	011
LK-1209180	Kehelella North	82	1.25	7.26597	79.990694	33	011
LK-1209185	Delwagura	81	1.64	7.267378	80.005999	33	011
LK-1209190	Wekada	80B	2.37	7.273334	80.01908	33	011
LK-1209195	Kalumada	80C	0.88	7.268482	80.026862	33	011
LK-1209200	Agalegedara	79C	1.63	7.275181	80.036069	33	011
LK-1209205	Waradala	79A	3.07	7.283199	80.043291	33	011
LK-1209210	Kotadeniyawa	54B	2.81	7.281208	80.059101	33	011
LK-1209215	Erabadda	54	1.14	7.281792	80.076161	33	011
LK-1209220	Diyagampala	53C	3.52	7.286813	80.082008	33	011
LK-1209225	Koradaminna	53E	1.14	7.301734	80.087135	33	011
LK-1209230	Dimbuldeniya	53B	0.86	7.301162	80.097718	33	011
LK-1209235	Paragoda North	53F	0.87	7.294049	80.100262	33	011
LK-1209240	Paragoda South	53A	1.5	7.286422	80.094754	33	011
LK-1209245	Moragalkanda	53D	1.59	7.273973	80.105082	33	011
LK-1209250	Nawana West	53	1.56	7.274385	80.092747	33	011
LK-1209255	Hettimulla	52B	1.05	7.268615	80.08378	33	011
LK-1209260	Haloluwa	52	1.53	7.275219	80.078641	33	011
LK-1209265	Kelegedara	52A	1.48	7.266036	80.072835	33	011
LK-1209270	Heeralugedara	79B	3.89	7.26569	80.055141	33	011
LK-1209275	Walpita	79	3.1	7.26036	80.039218	33	011
LK-1209280	Welagana	80	1.89	7.257586	80.024619	33	011
LK-1209285	Thammita	84	3.76	7.255721	80.003295	33	011
LK-1209290	Palliyapitiya West	83	3.5	7.247047	79.977399	33	011
LK-1209295	Induragara North	88A	1.36	7.239875	79.967602	33	011
LK-1209300	Induragara South	88D	0.16	7.241245	79.958705	33	011
LK-1209305	Kadawala North	96A	1.89	7.239065	79.948474	33	011
LK-1209310	Kadawala	96	1.14	7.235778	79.932777	33	011
LK-1209315	Kaluwarippuwa East - Dakuna	95	2.28	7.239098	79.919401	33	011
LK-1209320	Miriswatta	95B	1.97	7.233384	79.91236	33	011
LK-1209325	Dagonna North	91	1.56	7.219491	79.919875	33	011
LK-1209330	Dagonna East	91C	1.85	7.221915	79.930299	33	011
LK-1209335	Halgahawelawatta	90B	0.77	7.22705	79.934561	33	011
LK-1209340	Katuwellegama North	90A	1.44	7.221807	79.941038	33	011
LK-1209345	Kadawala South	96B	1.59	7.228478	79.95341	33	011
LK-1209350	Batepola	88B	2.12	7.227312	79.963906	33	011
LK-1209355	Doonagaha South	88C	1.51	7.223501	79.971748	33	011
LK-1209360	Doonagaha	88	0.93	7.233356	79.97441	33	011
LK-1209365	Palliyapitiya East	83A	1.25	7.241481	79.985078	33	011
LK-1209370	Hunumulla	86	1.83	7.245566	79.997378	33	011
LK-1209375	Hapugahagama	85B	1.02	7.243514	80.013538	33	011
LK-1209380	Barawavila	85	2.24	7.245955	80.023782	33	011
LK-1209385	Kudagammana	51	3.02	7.249393	80.046117	33	011
LK-1209390	Pahala Madithiyawala	46	2.63	7.255748	80.065541	33	011
LK-1209395	Kaluaggala	44A	2.14	7.252371	80.08293	33	011
LK-1209400	Kuleegedara	45	2.78	7.260282	80.084156	33	011
LK-1209405	Nawana East	53G	0.56	7.265832	80.099931	33	011
LK-1209410	Nariyamulla	42A	1.4	7.253938	80.098198	33	011
LK-1209415	Halpe 2	42	2.98	7.260902	80.107843	33	011
LK-1209420	Parana Halpe West	41	0.74	7.247854	80.109485	33	011
LK-1209425	Parana Halpe East	41A	0.7	7.24308	80.113923	33	011
LK-1209430	Gurullagama	42B	1.4	7.244185	80.104039	33	011
LK-1209435	Kithulwala Ihala	43A	1.1	7.244102	80.094526	33	011
LK-1209440	Kithulwala Pahala	43	0.61	7.233658	80.092986	33	011
LK-1209445	Kithulwala North	43B	0.68	7.238383	80.086893	33	011
LK-1209450	Kaluaggala Pahalagama	44B	1.04	7.242159	80.081761	33	011
LK-1209455	Wattemulla	44	1.46	7.239877	80.073755	33	011
LK-1209460	Ihala Madithiyawala	46A	1.22	7.24152	80.064441	33	011
LK-1209465	Hangawatta	47	2.34	7.237973	80.054065	33	011
LK-1209470	Rassapana	48	1.3	7.237319	80.043648	33	011
LK-1209475	Balagalla West	50	1.43	7.238669	80.031927	33	011
LK-1209480	Parana Handiya	50B	0.16	7.233016	80.026834	33	011
LK-1209485	Pinnakele	85A	0.41	7.23444	80.016514	33	011
LK-1209490	Pinnakele South	85C	0.37	7.233007	80.00975	33	011
LK-1209495	Urapana	86B	2.28	7.235799	80.008873	33	011
LK-1209500	Kelepitimulla	86A	1.67	7.233233	79.991378	33	011
LK-1209505	Sayakkaramulla	86C	0.88	7.235109	79.986075	33	011
LK-1209510	Henpitagedara	87C	2.43	7.219653	79.978506	33	011
LK-1209515	Aluthepola West	89	2.27	7.208734	79.962034	33	011
LK-1209520	Thotillagahawatta	89A	2.01	7.216434	79.952835	33	011
LK-1209525	Katuwellegama South	90	1.78	7.209958	79.947975	33	011
LK-1209530	Palugahawela	91B	0.97	7.205917	79.940696	33	011
LK-1209535	Dagonna South	91A	3.13	7.207488	79.927755	33	011
LK-1209540	Hapuwalana South	87B	0.8	7.217611	79.993822	33	011
LK-1209545	Hapuwalana	87	1.17	7.217272	79.996165	33	011
LK-1209550	Bomugammana North	97A	2.2	7.220091	80.007496	33	011
LK-1209555	Bomugammana South	97B	0.6	7.228473	80.006961	33	011
LK-1209560	Pinnalanda	97D	0.23	7.228728	80.014181	33	011
LK-1209565	Divulapitiya	97	1.4	7.227551	80.018992	33	011
LK-1209570	Balagalla East	50A	2.32	7.228057	80.034679	33	011
LK-1209575	Ullalapola East	49	2.15	7.217996	80.043092	33	011
LK-1209580	Ullalapola West	49A	1.3	7.214849	80.032537	33	011
LK-1209585	Wewagedara	97C	1.36	7.21834	80.022825	33	011
LK-1209590	Horagasmulla	97E	1.01	7.212592	80.006594	33	011
LK-1209595	Assennawatta East	104	2.46	7.20251	79.995647	33	011
LK-1209600	Hapuwalana North	87A	0.85	7.21233	79.992429	33	011
LK-1209605	Assennawatta West	104A	1.09	7.207004	79.980564	33	011
LK-1209610	Weragodamulla	104B	0.92	7.200186	79.978913	33	011
LK-1209615	Aluthepola East	89B	2.04	7.199416	79.96847	33	011
LK-1212005	Nalla	3A	5.17	7.313499	80.113971	41	012
LK-1212010	Giriullagama	1A	4.61	7.317861	80.132116	41	012
LK-1212015	Loluwagoda	1	3.35	7.302998	80.133388	41	012
LK-1212020	Delwala South	3B	0.57	7.298718	80.118286	41	012
LK-1212025	Delwala	3	2.09	7.297112	80.110686	41	012
LK-1212030	Loluwagoda South	1B	0.5	7.296243	80.129911	41	012
LK-1212035	Madurupitiya	11	2.98	7.28716	80.152298	41	012
LK-1212040	Hapugahagedara	11A	1.88	7.292109	80.143202	41	012
LK-1212045	Kandangamuwa	2	2.21	7.285149	80.131206	41	012
LK-1212050	Henegama	5	1.87	7.285406	80.121128	41	012
LK-1212055	Maladeniya	4A	2.68	7.284898	80.109756	41	012
LK-1212060	Kahandawa	4	1.76	7.269568	80.120698	41	012
LK-1212065	Kandalama	6	1.79	7.270518	80.131558	41	012
LK-1212070	Walbothale	10	2.47	7.273393	80.145609	41	012
LK-1212075	Pirisyala	12A	3.9	7.273973	80.161617	41	012
LK-1212080	Kamarangawa	12B	1.25	7.271973	80.173373	41	012
LK-1212085	Keenadeniya	12	2.46	7.26167	80.175697	41	012
LK-1212090	Bothale Pahalagama North	14E	1.37	7.258516	80.156109	41	012
LK-1212095	Maveehena	9A	0.99	7.264875	80.143086	41	012
LK-1212100	Kurunduwatta	9B	0.82	7.257353	80.14471	41	012
LK-1212105	Purana Meerigama	9	0.85	7.257744	80.136613	41	012
LK-1212110	Hakurukumbura	7	2.15	7.256192	80.122598	41	012
LK-1212115	Mugurugampala	8	0.67	7.251487	80.126305	41	012
LK-1212120	Vilwatta	15	1.22	7.253184	80.133012	41	012
LK-1212125	Thawalampitiya	15E	0.67	7.250337	80.143122	41	012
LK-1212130	Bothale Pahalagama	14	0.66	7.254116	80.153204	41	012
LK-1212135	Bothale Pahalagama West	14D	0.77	7.243987	80.152871	41	012
LK-1212140	Bothale Medagama	14C	1.11	7.245527	80.158661	41	012
LK-1212145	Bothale Pahalagama East	14F	1.26	7.250516	80.165364	41	012
LK-1212150	Thalagama East	13B	0.46	7.251868	80.176629	41	012
LK-1212155	Thalagama	13A	1.06	7.252865	80.184158	41	012
LK-1212160	Balathawa	13C	3.06	7.251001	80.194467	41	012
LK-1212165	Makoora	13	0.66	7.244503	80.181831	41	012
LK-1212170	Pottekanda	14B	3.87	7.239287	80.177289	41	012
LK-1212175	Bothale Ihalagama	14A	1.51	7.234179	80.168031	41	012
LK-1212180	Andagalakanda	14G	1.59	7.233469	80.159578	41	012
LK-1212185	Halugama Ihala	16F	0.86	7.242383	80.147863	41	012
LK-1212190	Kindiwala	16B	0.55	7.242519	80.140163	41	012
LK-1212195	Halugama Pahala	16E	0.28	7.24048	80.134227	41	012
LK-1212200	Meerigama	15B	0.32	7.244554	80.129095	41	012
LK-1212205	Walawwatta	15D	0.65	7.243238	80.124061	41	012
LK-1212210	Thilinagama	40C	1.51	7.234599	80.114331	41	012
LK-1212215	Vijayarajadahana	40B	0.29	7.233119	80.119761	41	012
LK-1212220	Neligama Ihala	15C	0.15	7.234381	80.122762	41	012
LK-1212225	Neligama Central	15F	1.42	7.23517	80.128057	41	012
LK-1212230	Neligama	15A	0.52	7.233055	80.135649	41	012
LK-1212235	Lindara	16	0.4	7.22679	80.135279	41	012
LK-1212240	Halugama	16A	1.71	7.231304	80.146029	41	012
LK-1212245	Siyambalagoda	21C	1.31	7.228616	80.154442	41	012
LK-1212250	Lindara Pahala	16D	0.59	7.22418	80.130529	41	012
LK-1212255	Pohonnaruwa	17	1.01	7.226285	80.120791	41	012
LK-1212260	Indiparape	40A	2.0	7.226815	80.109348	41	012
LK-1212265	Kosetadeniya	39	1.06	7.233866	80.101575	41	012
LK-1212270	Imbulanwala	38	0.99	7.224246	80.099353	41	012
LK-1212275	Uduulla	37	1.3	7.231041	80.086963	41	012
LK-1212280	Gaspe	36	1.89	7.227544	80.074751	41	012
LK-1212285	Banduragoda	35	1.75	7.228457	80.051857	41	012
LK-1212290	Keppitiwalana	34A	1.23	7.220522	80.058004	41	012
LK-1212295	Gaspe Pahalagama	36A	1.2	7.221207	80.069162	41	012
LK-1212300	Galgana	32A	0.7	7.218301	80.081792	41	012
LK-1212305	Pelapitigama	31B	0.91	7.222255	80.085916	41	012
LK-1212310	Elhena	31C	0.94	7.217786	80.095986	41	012
LK-1212315	Ganegoda	40	0.77	7.218206	80.10351	41	012
LK-1212320	Hiriwala	40D	1.15	7.210592	80.109442	41	012
LK-1212325	Handurumulla	18A	0.87	7.21919	80.122583	41	012
LK-1212330	Pamunuwatta	19A	2.62	7.213787	80.142828	41	012
LK-1212335	Lindara Ihala	16C	0.99	7.226526	80.14121	41	012
LK-1212340	Arukgoda	21A	1.12	7.219802	80.155191	41	012
LK-1212345	Madabavita	21	2.09	7.213655	80.164526	41	012
LK-1212350	Madabavita Ihalagama	21B	2.55	7.217171	80.174599	41	012
LK-1212355	Newgala	22A	0.73	7.221394	80.184842	41	012
LK-1212360	Danovita	22	1.88	7.208822	80.179578	41	012
LK-1212365	Weweldeniya Pahalagama	20A	1.47	7.206517	80.156583	41	012
LK-1212370	Weweldeniya Pahalagama West	20B	1.44	7.207394	80.148993	41	012
LK-1212375	Henepola	19	0.66	7.210457	80.134835	41	012
LK-1212380	Palmada	18	1.43	7.208091	80.126024	41	012
LK-1212385	Kal/ Pallewela	26	1.34	7.207622	80.115464	41	012
LK-1212390	Raddalgoda	28B	0.58	7.203532	80.104635	41	012
LK-1212395	Ihala Bokalagama	31A	0.88	7.211948	80.095093	41	012
LK-1212400	Pahala Bokalagama	31	1.78	7.207578	80.092509	41	012
LK-1212405	Kukulnape	32	1.01	7.207811	80.084223	41	012
LK-1212410	Gaspe South	36B	1.68	7.214983	80.065881	41	012
LK-1212415	Muddaragama	34	0.55	7.21065	80.057624	41	012
LK-1212420	Hanchapola	33	1.92	7.204433	80.041477	41	012
LK-1212425	Hirikuluwa	33A	2.56	7.207562	80.051919	41	012
LK-1212430	Pathagama	34B	1.27	7.202501	80.062341	41	012
LK-1212435	Borukgamuwa West	336B	1.2	7.201766	80.069961	41	012
LK-1212440	Borukgamuwa	336	1.31	7.202233	80.077883	41	012
LK-1212445	Pallewela	29A	0.91	7.198437	80.089042	41	012
LK-1212450	Weragoda/ Kakkele	30A	0.63	7.195479	80.094431	41	012
LK-1212455	Hansagiriya	28F	0.48	7.195469	80.101678	41	012
LK-1212460	Wellevilamulla North	28D	0.54	7.200676	80.106754	41	012
LK-1212465	Wellevilamulla	28A	0.4	7.193509	80.107164	41	012
LK-1212470	Udawela	27	1.03	7.1949	80.115337	41	012
LK-1212475	Hapitigama	25	1.33	7.197659	80.12402	41	012
LK-1212480	Makkanigoda North	25C	1.2	7.191823	80.13472	41	012
LK-1212485	Pahalawela	19B	1.27	7.202537	80.135605	41	012
LK-1212490	Millawala	20D	1.04	7.197495	80.142342	41	012
LK-1212495	Weweldeniya Ihalagama West	20C	0.74	7.195839	80.149936	41	012
LK-1212500	Weweldeniya Ihalagama	20	1.27	7.192321	80.157397	41	012
LK-1212505	Kotadeniya	23	1.08	7.196354	80.170754	41	012
LK-1212510	Ilukpatha/ Weragoda	23A	1.04	7.199362	80.178324	41	012
LK-1212515	Hedidenikanda	358A	0.56	7.186463	80.145082	41	012
LK-1212520	Radawadunna	360	0.68	7.183355	80.140323	41	012
LK-1212525	Bataleeya	25A	1.43	7.185628	80.134581	41	012
LK-1212530	Bataleeya South	25B	0.78	7.183077	80.126211	41	012
LK-1212535	Bolana	28C	0.45	7.187589	80.117762	41	012
LK-1212540	Mallehewa	28	0.71	7.186809	80.114028	41	012
LK-1212545	Webadamulla	28E	1.14	7.187618	80.106733	41	012
LK-1212550	Weragoda	30	0.83	7.188022	80.092721	41	012
LK-1212555	Midellawala	29	0.43	7.192104	80.088753	41	012
LK-1212560	Kendalanda	336A	0.95	7.194009	80.080972	41	012
LK-1212565	Nungamuwa	336C	1.38	7.190896	80.071192	41	012
LK-1212570	Uthuwanbogahawatta	335	2.55	7.187538	80.047712	41	012
LK-1212575	Maligathenna Pahala	337B	0.82	7.183783	80.063911	41	012
LK-1212580	Maligathenna Central	337C	0.64	7.182959	80.058035	41	012
LK-1212585	Wandurawa	337	1.0	7.173098	80.068613	41	012
LK-1212590	Galgamuwa West	338A	1.04	7.177574	80.073876	41	012
LK-1212595	Galgamuwa East	338	0.97	7.183098	80.079467	41	012
LK-1212600	Kumbaloluwa	340	0.6	7.179202	80.083946	41	012
LK-1212605	Kumbaloluwa Ihala	340B	1.58	7.182198	80.094917	41	012
LK-1212610	Kumbaloluwa Pahala	340A	1.42	7.177479	80.10282	41	012
LK-1212615	Dumunnegedara South	341A	0.18	7.172392	80.104252	41	012
LK-1212620	Dumunnegedara	341	1.03	7.173295	80.108615	41	012
LK-1212625	Pasyala	342	1.89	7.17247	80.118528	41	012
LK-1212630	Pasyala West	342B	0.5	7.174893	80.123085	41	012
LK-1212635	Muruthawala	24	0.38	7.178635	80.130461	41	012
LK-1212640	Kithanawatta	356A	0.46	7.173373	80.130606	41	012
LK-1212645	Kammalpitiya	360B	0.61	7.17714	80.137394	41	012
LK-1212650	Radawadunna Central	360C	0.38	7.177418	80.144518	41	012
LK-1212655	Imbulgasovita	360D	0.23	7.180061	80.147301	41	012
LK-1212660	Radawadunna Pahala	360A	0.96	7.171709	80.140525	41	012
LK-1212665	Weerasooriyakanda	358	2.57	7.168657	80.150564	41	012
LK-1212670	Pasyala East	342A	1.0	7.168376	80.127587	41	012
LK-1212675	Udugama	334A	1.35	7.177663	80.04134	41	012
LK-1212680	Panawala	344	1.26	7.166801	80.093575	41	012
LK-1212685	Delgahamedilla	340C	1.53	7.170279	80.081745	41	012
LK-1212690	Mottunna West	339A	0.64	7.161465	80.076953	41	012
LK-1212695	Mottunna	339	0.79	7.166506	80.074384	41	012
LK-1212700	Maligathenna	337A	1.14	7.172146	80.06136	41	012
LK-1212705	Kureekotuwa	334	1.88	7.173089	80.052896	41	012
LK-1212710	Hakwadunna	344A	0.93	7.165735	80.104386	41	012
LK-1212715	Kureekotuwa Pahala	334B	0.23	7.165032	80.059699	41	012
LK-1212720	Ellalamulla	356	1.51	7.160241	80.131789	41	012
LK-1212725	Debahera	357A	2.29	7.15816	80.145517	41	012
LK-1212730	Mawathahena	357C	0.44	7.150312	80.146885	41	012
LK-1212735	Meevitiya	357	1.56	7.149487	80.137138	41	012
LK-1212740	Ketakalapitiya	357B	0.54	7.142503	80.142185	41	012
LK-1212745	Dambutuwa	359	1.95	7.143235	80.15132	41	012
LK-1215005	Medemulla North	112/3	1.03	7.195827	79.950716	40	013
LK-1215010	Nilpanagoda West	112/4	0.51	7.201304	79.951152	40	013
LK-1215015	Nilpanagoda East	112/2	0.87	7.196737	79.958617	40	013
LK-1215020	Nilpanagoda	112/1	1.43	7.19029	79.96349	40	013
LK-1215025	Arangawa	105/3	0.91	7.184121	79.970876	40	013
LK-1215030	Horampella North	105/1	1.13	7.186402	79.979077	40	013
LK-1215035	Galkanda	105/4	0.35	7.192476	79.982069	40	013
LK-1215040	Bodhipihituwala	105/5	1.27	7.188534	79.988369	40	013
LK-1215045	Watinapaha	103	1.95	7.193544	79.998803	40	013
LK-1215050	Mabodala West	98/3	1.89	7.202149	80.010923	40	013
LK-1215055	Mabodala North	98/1	1.63	7.210073	80.020867	40	013
LK-1215060	Ihala Vithanamulla	98/4	1.05	7.20214	80.02981	40	013
LK-1215065	Nalapaha	99/3	1.61	7.193265	80.042927	40	013
LK-1215070	Pahala Vithanamulla	98/5	1.28	7.19092	80.029169	40	013
LK-1215075	Mabodala East	98	2.38	7.197343	80.021558	40	013
LK-1215080	Mabodala South	98/2	1.17	7.188446	80.00997	40	013
LK-1215085	Watinapaha South	103/1	1.72	7.181419	80.004023	40	013
LK-1215090	Wankepumulla	103/2	0.62	7.182713	79.992649	40	013
LK-1215095	Kamaragoda	103/3	1.23	7.174943	79.991913	40	013
LK-1215100	Kudagoda	105/6	1.18	7.175585	79.982544	40	013
LK-1215105	Horampella South	105	0.94	7.172305	79.979473	40	013
LK-1215110	Mahagama	105/2	0.99	7.174723	79.970938	40	013
LK-1215115	Wegowwa South	113	0.59	7.179621	79.963783	40	013
LK-1215120	Minuwangoda East	125/3	0.62	7.178359	79.959822	24	013
LK-1215125	Minuwangoda North	125/2	0.62	7.177746	79.956809	24	013
LK-1215130	Medemulla South	112	1.56	7.182924	79.952878	40	013
LK-1215135	Boragodawatta North	124	1.5	7.187637	79.944823	40	013
LK-1215140	Yatiyana	123	2.42	7.18584	79.93063	40	013
LK-1215145	Peellawatta	123/1	0.56	7.180664	79.92191	40	013
LK-1215150	Unnaruwa	122	1.16	7.172334	79.919044	40	013
LK-1215155	Yatiyana Central	123/4	0.88	7.175512	79.92815	40	013
LK-1215160	Yatiyana East	123/3	1.39	7.175649	79.934366	40	013
LK-1215165	Kopiwatta	123/2	0.42	7.180705	79.938276	40	013
LK-1215170	Boragodawatta South	124/1	0.86	7.176767	79.94174	40	013
LK-1215175	Minuwangoda West	125/1	0.72	7.170849	79.941017	24	013
LK-1215180	Meda Minuwangoda	125	0.62	7.170971	79.955352	24	013
LK-1215185	Pansilgoda	126/1	0.7	7.166891	79.959612	40	013
LK-1215190	Wegowwa East	113/1	0.3	7.170389	79.96571	40	013
LK-1215195	Helakandana	115	1.94	7.162541	79.97642	40	013
LK-1215200	Peralanda	107/1	0.56	7.166167	79.987851	40	013
LK-1215205	Dewalapola	106	2.23	7.163349	79.998553	40	013
LK-1215210	Wadumulla	101	1.59	7.169483	80.009507	40	013
LK-1215215	Metikotumulla	102/1	1.99	7.173648	80.017454	40	013
LK-1215220	Essella	102	1.86	7.17971	80.023779	40	013
LK-1215225	Yatagama	99/4	1.64	7.182955	80.034176	40	013
LK-1215230	Naiwala North	99	1.38	7.170943	80.034145	40	013
LK-1215235	Naiwala East	99/2	0.53	7.159272	80.034654	40	013
LK-1215240	Naiwala West	99/1	0.99	7.162771	80.031188	40	013
LK-1215245	Walpitamulla	100	2.34	7.1594	80.019011	40	013
LK-1215250	Balabowa	127	1.44	7.155911	80.011349	40	013
LK-1215255	Balabowa West	127/1	1.29	7.154065	80.001488	40	013
LK-1215260	Pethiyagoda North	108	0.6	7.147104	79.997544	40	013
LK-1215265	Gallegedara	109	0.62	7.150552	79.989444	40	013
LK-1215270	Ganihimulla	107	1.41	7.15623	79.988435	40	013
LK-1215275	Hendimahara	141	1.49	7.149396	79.976615	40	013
LK-1215280	Kalawana	114	1.04	7.161284	79.965744	40	013
LK-1215285	Wattegedara	126	0.58	7.163333	79.95713	40	013
LK-1215290	Ambagahawatta	126/3	0.53	7.163846	79.948774	24	013
LK-1215295	Galloluwa East	121/1	0.65	7.162916	79.941292	40	013
LK-1215300	Galloluwa	121	0.98	7.164887	79.934666	40	013
LK-1215305	Kalahugoda	122/1	1.74	7.162261	79.92246	40	013
LK-1215310	Polwatta West	120/1	0.27	7.156903	79.934568	40	013
LK-1215315	Polwatta East	120	0.5	7.155103	79.938156	40	013
LK-1215320	Pattanduwana North	118/2	1.1	7.154018	79.945742	40	013
LK-1215325	Ellangala	117/2	0.35	7.157858	79.950583	40	013
LK-1215330	Burullapitiya	126/2	0.53	7.159259	79.954819	24	013
LK-1215335	Mathammana	116	1.88	7.150897	79.964439	40	013
LK-1215340	Weediyawatta East	130	0.77	7.1422	79.972873	40	013
LK-1215345	Goigama	131/5	1.49	7.14559	79.987634	40	013
LK-1215350	Ihala Udugampala	131/4	1.2	7.138042	79.985816	40	013
LK-1215355	Pethiyagoda South	108/1	0.45	7.137493	79.99852	40	013
LK-1215360	Korase	111	0.67	7.142952	80.002787	40	013
LK-1215365	Korase Meda	111/1	1.02	7.143628	80.009843	40	013
LK-1215370	Marapola	129	2.12	7.14734	80.028243	40	013
LK-1215375	Vigoda	128	1.99	7.137021	80.023642	40	013
LK-1215380	Doranagoda East	110/1	1.14	7.130193	80.018631	40	013
LK-1215385	Korase East	111/2	0.47	7.134015	80.014673	40	013
LK-1215390	Doranagoda North	110	1.18	7.132961	80.008523	40	013
LK-1215395	Doranagoda West	110/2	0.87	7.129142	79.999416	40	013
LK-1215400	Pahala Udugampola East	131/1	1.04	7.128542	79.988903	40	013
LK-1215405	Pahala Udugampola North	131	0.84	7.131379	79.982959	40	013
LK-1215410	Pahala Udugampola West	131/3	1.0	7.131068	79.974887	40	013
LK-1215415	Weediyawatta West	130/1	0.96	7.139174	79.97227	40	013
LK-1215420	Welhena	117	1.49	7.144584	79.956031	40	013
LK-1215425	Weliya	117/1	0.64	7.150818	79.952096	40	013
LK-1215430	Pattanduwana	118	0.5	7.142572	79.942224	40	013
LK-1215435	Pattanduwana West	118/1	0.61	7.14803	79.941035	40	013
LK-1215440	Yagodamulla North	119/3	0.77	7.149602	79.934936	40	013
LK-1215445	Yagodamulla	119/2	0.53	7.140647	79.935696	40	013
LK-1215450	Uggalboda West	140/3	1.27	7.137595	79.950333	40	013
LK-1215455	Uggalboda	140/2	1.18	7.131661	79.955198	40	013
LK-1215460	Kehelbaddara West	140/1	1.29	7.128149	79.964029	40	013
LK-1215465	Kehelbaddara East	140	1.05	7.123037	79.970443	40	013
LK-1215470	Pahala Udugampola South	131/2	0.78	7.120885	79.976394	40	013
LK-1215475	Asgiriwalpola North	135	0.92	7.113871	79.976268	40	013
LK-1215480	Dombawala	132	1.1	7.11691	79.98449	40	013
LK-1215485	Pedipola	133/1	1.27	7.122603	79.995211	40	013
LK-1215490	Doranagoda South	110/3	1.6	7.123408	80.007335	40	013
LK-1215495	Wathumulla	133	2.15	7.111816	79.999497	40	013
LK-1215500	Asgiriya North	134/1	0.64	7.110647	79.991498	40	013
LK-1215505	Asgiriya South	134/2	0.75	7.10475	79.993692	40	013
LK-1215510	Asgiriya	134	0.73	7.108154	79.986075	40	013
LK-1215515	Asgiriya West	134/3	0.79	7.098878	79.986386	40	013
LK-1215520	Asgiriwalpola South	135/1	1.49	7.10245	79.979118	40	013
LK-1215525	Asgiriwalpola West	135/2	1.14	7.106843	79.972677	40	013
LK-1215530	Madelgamuwa East	137	1.34	7.112038	79.962888	40	013
LK-1215535	Batapotha	137/2	2.08	7.120346	79.954441	40	013
LK-1215540	Nedagamuwa North	139/1	1.32	7.131036	79.942891	40	013
LK-1215545	Nedagamuwa South	139	0.67	7.122827	79.943036	40	013
LK-1215550	Nedagamuwa West	139/2	0.64	7.129659	79.936658	40	013
LK-1215555	Arachchiwatta	139/3	0.31	7.132154	79.935022	40	013
LK-1215560	Yagodamulla South	119/4	0.7	7.138071	79.932468	40	013
LK-1215565	Samurdhigama	119/6	0.65	7.140126	79.923148	40	013
LK-1215570	Opatha	119/5	1.43	7.132603	79.923624	40	013
LK-1215575	Kotugoda 2	119/1	0.59	7.125029	79.925389	40	013
LK-1215580	Kotugoda 1	119	0.71	7.117287	79.9256	40	013
LK-1215585	Maduruvita	138/1	1.01	7.119693	79.931942	40	013
LK-1215590	Siyambalapitiya	138	1.61	7.116492	79.938114	40	013
LK-1215595	Madelgamuwa West	137/1	1.24	7.110193	79.950149	40	013
LK-1215600	Thammita West	136/1	0.73	7.101162	79.954603	40	013
LK-1215605	Thammita	136	1.11	7.10474	79.961716	40	013
LK-1218005	Pamunugama	164	1.29	7.09636	79.846861	42	008
LK-1218010	Maha Pamunugama	164A	2.15	7.097973	79.853196	42	008
LK-1218015	Delathura West	193	3.45	7.093571	79.8687	42	008
LK-1218020	Delathura East	193A	1.09	7.08343	79.87367	42	008
LK-1218025	Bopitiyathuduwa	165A	2.24	7.079692	79.8656	42	008
LK-1218030	Bopitiya	165	0.78	7.079159	79.857276	42	008
LK-1218035	Pulluhena	165B	0.69	7.077895	79.854095	42	008
LK-1218040	Paranambalama	167A	1.93	7.063384	79.855164	42	008
LK-1218045	Nugape	166	1.53	7.058862	79.861919	42	008
LK-1218050	Kunjawatta	166A	4.08	7.060053	79.871501	42	008
LK-1218055	Mangulpokuna	182A	0.6	7.030257	79.910183	42	008
LK-1218060	Elehiwatta	182B	0.89	7.030881	79.902743	42	008
LK-1218065	Welisara	182	1.05	7.030865	79.893493	42	008
LK-1218070	Pattiyawala	167B	6.95	7.033581	79.876467	42	008
LK-1218075	Uswetakeiyawa	167	1.65	7.032552	79.862418	42	008
LK-1218080	Mahabage	178	0.98	7.023868	79.89784	42	008
LK-1218085	Elapitiwala	179	2.22	7.019217	79.907974	42	008
LK-1218090	Horapethuduwa	180A	0.55	7.018784	79.921182	42	008
LK-1218095	Horape	180	0.39	7.019581	79.927398	42	008
LK-1218100	Kurukulawa North	250	0.74	7.011613	79.934846	42	008
LK-1218105	Kurukulawa South	250A	0.67	7.009771	79.930432	42	008
LK-1218110	Heenkenda	254	1.23	7.009616	79.925482	42	008
LK-1218115	Thuduwegedara	254A	1.07	7.009959	79.916261	42	008
LK-1218120	Galudupita	177B	1.01	7.011082	79.905295	42	008
LK-1218125	Mattumagala	177	1.02	7.017512	79.894559	42	008
LK-1218130	Kerangapokuna	177A	0.35	7.010628	79.895845	42	008
LK-1218135	Kerawalapitiya	171	2.67	7.012988	79.887767	42	008
LK-1218140	Matagoda	171A	1.03	7.007557	79.880433	42	008
LK-1218145	Balagala	171B	3.2	7.010082	79.874352	42	008
LK-1218150	Dikovita	168B	0.68	7.006891	79.867508	42	008
LK-1218155	Palliyawatta North	168A	0.79	6.992827	79.87092	42	008
LK-1218160	Elakanda	170A	0.34	6.996706	79.8767	42	008
LK-1218165	Nayakakanda North	172B	0.32	6.998075	79.884408	42	008
LK-1218170	Mabola	176A	0.74	7.001873	79.896335	26	008
LK-1218175	Welikadamulla	176C	0.85	6.999305	79.901727	26	008
LK-1218180	Wattala	176	0.78	6.988808	79.893426	26	008
LK-1218185	Hendala North	172A	0.5	6.997508	79.890649	42	008
LK-1218190	Hendala South	172	0.55	6.991969	79.889126	42	008
LK-1218195	Nayakakanda South	172C	0.62	6.990149	79.884292	42	008
LK-1218200	Thimbirigasyaya	170	0.53	6.991629	79.877995	42	008
LK-1218205	Palliyawatta South	168	0.45	6.982628	79.871837	42	008
LK-1218210	Kurunduhena	169A	0.29	6.986802	79.878036	42	008
LK-1218215	Evariwatta	175A	0.64	6.981892	79.893205	26	008
LK-1218220	Telangapatha	175	0.42	6.974082	79.889965	26	008
LK-1218225	Galwetiya	176B	0.52	6.980153	79.885455	26	008
LK-1218230	Hekitta	169	0.64	6.98375	79.880507	42	008
LK-1221005	Mahawatta	205B	3.97	7.116104	79.907646	36	016
LK-1221010	Dandugama	194	3.22	7.101551	79.874646	36	016
LK-1221015	Dehiyagatha North	194B	0.56	7.104728	79.886082	36	016
LK-1221020	Kudahakapola North	196	0.39	7.104786	79.891405	36	016
LK-1221025	Gallawatta	205A	1.83	7.10646	79.899878	36	016
LK-1221030	Ekala	206	1.21	7.106454	79.914365	36	016
LK-1221035	Dehiyagatha South	194A	0.18	7.096979	79.888046	36	016
LK-1221040	Kudahakapola South	195	0.34	7.098764	79.891362	36	016
LK-1221045	Ekala Kurunduwatta	205	1.43	7.096462	79.899388	36	016
LK-1221050	Vishakawatta	206B	2.15	7.096691	79.913189	36	016
LK-1221055	Thudella North	192B	1.03	7.091868	79.887982	36	016
LK-1221060	Thudella West	192	1.2	7.082795	79.883059	22	016
LK-1221065	Thudella South	192A	0.43	7.08667	79.890022	22	016
LK-1221070	Kanuwana	191	0.47	7.083685	79.894821	22	016
LK-1221075	Alexendrawatta	206A	1.38	7.086987	79.904263	36	016
LK-1221080	Bandigoda	211B	2.31	7.080451	79.91357	36	016
LK-1221085	Yakkaduwa	207A	2.22	7.09163	79.921944	36	016
LK-1221090	Nivandama North	207	2.13	7.08909	79.933746	36	016
LK-1221095	Nivandama South	207B	1.62	7.078101	79.9289	36	016
LK-1221100	Batagama North	211	0.95	7.065522	79.903379	36	016
LK-1221105	Maeliya	190B	1.22	7.078029	79.901455	36	016
LK-1221110	Ja-Ela	191A	0.4	7.076733	79.893944	22	016
LK-1221115	Weligampitiya North	190A	0.63	7.076029	79.887981	22	016
LK-1221120	Indivitiya	190E	1.09	7.072661	79.882139	22	016
LK-1221125	Wewala	189	1.16	7.063865	79.883678	22	016
LK-1221130	Weligampitiya South	190	0.67	7.071394	79.894044	22	016
LK-1221135	Thumpeliya	190D	0.74	7.066056	79.899165	36	016
LK-1221140	Indiminna	211A	1.26	7.069684	79.916669	36	016
LK-1221145	Dolahena	185D	0.78	7.060138	79.906841	36	016
LK-1221150	Hapugoda West	185A	0.32	7.050643	79.899944	36	016
LK-1221155	Kapuwatta	190C	1.38	7.059828	79.890632	22	016
LK-1221160	Kalaeliya	188	0.49	7.055296	79.882038	22	016
LK-1221165	Nedurupitiya	187	0.66	7.048883	79.885438	36	016
LK-1221170	Rilavulla	186	0.66	7.053218	79.892253	36	016
LK-1221175	Kandana East	184C	0.29	7.050929	79.897691	36	016
LK-1221180	Kandana West	184	0.39	7.046458	79.895512	36	016
LK-1221185	Uswatta	184B	0.66	7.04312	79.889303	36	016
LK-1221190	Hapugoda Central	185C	0.81	7.053396	79.903891	36	016
LK-1221195	Batagama South	185	0.91	7.056952	79.91255	36	016
LK-1221200	Polpitimookalana	212A	1.82	7.060883	79.920305	36	016
LK-1221205	Batuwatta West	213	1.07	7.058621	79.934032	36	016
LK-1221210	Batuwatta East	213A	1.6	7.056018	79.94456	36	016
LK-1221215	Walpola East	212B	0.87	7.048715	79.931685	36	016
LK-1221220	Jayasrigama	181A	0.9	7.048062	79.918787	36	016
LK-1221225	Hapugoda East	185B	0.61	7.047997	79.90704	36	016
LK-1221230	Nagoda	183	0.82	7.038817	79.892174	36	016
LK-1221235	Jayasamarugama	184A	1.2	7.040343	79.902718	36	016
LK-1221240	Peralanda	181D	1.01	7.039652	79.911736	36	016
LK-1221245	Podiveekumbura	181E	1.59	7.039298	79.921723	36	016
LK-1221250	Walpola West	212	0.7	7.04956	79.925557	36	016
LK-1221255	Narangodapaluwa West	214	1.11	7.045584	79.936208	36	016
LK-1221260	Narangodapaluwa East	214A	1.09	7.042236	79.941836	36	016
LK-1221265	Thewatta	181B	0.98	7.036262	79.92932	36	016
LK-1221270	Ragama	181	1.41	7.026577	79.921248	36	016
LK-1221275	Ketagewatta	181F	0.83	7.030288	79.930822	36	016
LK-1221280	Dambuwa	181G	0.59	7.028114	79.936355	36	016
LK-1221285	Rampitiya	181C	0.72	7.024619	79.926713	36	016
LK-1224005	Makevita North	218	1.0	7.108718	79.929691	35	015
LK-1224010	Makevita South	218A	0.71	7.101724	79.931273	35	015
LK-1224015	Mabima	217	0.88	7.104835	79.939064	35	015
LK-1224020	Gonagaha II	219A	0.67	7.096604	79.941822	35	015
LK-1224025	Welikada	217A	0.72	7.093441	79.947255	35	015
LK-1224030	Gonagaha I	219	1.71	7.098226	79.950775	35	015
LK-1224035	Ambanvita	220A	1.02	7.091377	79.96036	35	015
LK-1224040	Kirindivita	220	1.07	7.088118	79.970092	35	015
LK-1224045	Akaravita	222B	1.14	7.093528	79.977836	35	015
LK-1224050	Pahalagama	222	0.63	7.091512	79.985827	12	015
LK-1224055	Medagama II	223A	1.39	7.093107	79.991565	12	015
LK-1224060	Ihalagama West	224	0.66	7.09737	80.002966	12	015
LK-1224065	Ihalagama East	224A	1.14	7.099517	80.007969	12	015
LK-1224070	Gampaha Aluthgama North	225A	0.86	7.102503	80.017504	12	015
LK-1224075	Karanekamulla	226A	0.27	7.108841	80.021729	12	015
LK-1224080	Baduwathugoda	226	0.56	7.109037	80.027785	12	015
LK-1224085	Boraliyawatha	228	0.97	7.111967	80.025488	12	015
LK-1224090	Thittalapitigoda	228A	0.77	7.112283	80.040917	12	015
LK-1224095	Aluthgama Bogamuwa North	229	2.01	7.110461	80.052226	12	015
LK-1224100	Aluthgama Bogamuwa South	229A	1.16	7.106713	80.046384	12	015
LK-1224105	Mahipalagoda	230	1.21	7.101495	80.046816	12	015
LK-1224110	Morenna	230A	0.91	7.093278	80.050267	12	015
LK-1224115	Weediyawatta	230B	1.17	7.09541	80.038788	12	015
LK-1224120	Keselwathugoda North	227	1.7	7.097167	80.027429	12	015
LK-1224125	Indigolla	225C	0.52	7.096937	80.020866	12	015
LK-1224130	Gampaha Aluthgama West	225	0.68	7.094672	80.014587	12	015
LK-1224135	Bendiyamulla North	234	0.45	7.087427	79.999546	12	015
LK-1224140	Medagama IV	223C	0.49	7.092962	80.004131	12	015
LK-1224145	Medagama III	223B	0.33	7.089546	80.003202	12	015
LK-1224150	Medagama I	223	0.1	7.092575	79.995149	12	015
LK-1224155	Oruthota South	235A	0.65	7.077847	79.991069	35	015
LK-1224160	Kosovita	222A	0.83	7.084507	79.980831	35	015
LK-1224165	Rathmalavita	221A	0.66	7.082878	79.974974	35	015
LK-1224170	Makilangamuwa	221	0.31	7.07782	79.970601	35	015
LK-1224175	Horagolla North	216	0.68	7.077551	79.963677	35	015
LK-1224180	Thibbotugoda	216B	1.42	7.083172	79.956978	35	015
LK-1224185	Midellavita	208	0.69	7.086846	79.946781	35	015
LK-1224190	Kudabollatha	209A	0.41	7.081186	79.947919	35	015
LK-1224195	Bollatha North	209	1.79	7.077612	79.940991	35	015
LK-1224200	Wewel Agara	209D	0.2	7.075031	79.932061	35	015
LK-1224205	Bollatha West	209C	0.55	7.071344	79.930147	35	015
LK-1224210	Bollatha South	209B	1.27	7.06521	79.93226	35	015
LK-1224215	Bulugahagoda West	210A	0.42	7.067284	79.940937	35	015
LK-1224220	Bulugahagoda East	210	0.32	7.065724	79.944295	35	015
LK-1224225	Galahitiyawa North	215	1.12	7.073754	79.951573	35	015
LK-1224230	Horagolla South	216A	0.5	7.074141	79.956979	35	015
LK-1224235	Neduna	236C	0.42	7.070643	79.966359	35	015
LK-1224240	Pahala Yagoda	236	1.59	7.071507	79.976232	35	015
LK-1224245	Oruthota North	235	0.85	7.078098	79.982004	35	015
LK-1224250	Moragoda 1	233	0.52	7.075296	79.995272	35	015
LK-1224255	Bendiyamulla West	234B	0.91	7.08325	79.998089	12	015
LK-1224260	Kidagammulla	234C	0.88	7.081911	80.008621	12	015
LK-1224265	Bendiyamulla East	234A	0.68	7.087697	80.010167	12	015
LK-1224270	Gampaha Aluthgama East	225B	1.19	7.087785	80.020319	12	015
LK-1224275	Keselwathugoda South	227A	0.36	7.086606	80.028215	12	015
LK-1224280	Yakkala North	231	1.03	7.084625	80.035716	12	015
LK-1224285	Galthotamulla	230C	0.52	7.087932	80.03604	12	015
LK-1224290	Yakkala West	231A	1.0	7.080166	80.02823	12	015
LK-1224295	Pepolgasdeniya	231B	0.93	7.076284	80.035727	12	015
LK-1224300	Yakkala East	231D	0.26	7.08063	80.020468	12	015
LK-1224305	Yakkala South	231C	0.59	7.079363	80.015324	12	015
LK-1224310	Henarathgoda	232	1.58	7.07275	80.017709	12	015
LK-1224315	Mudungoda West	232D	0.3	7.073297	80.005089	35	015
LK-1224320	Moragoda 2	233A	1.02	7.074303	80.000896	35	015
LK-1224325	Ihala Yagoda North	235B	1.77	7.06732	79.988983	35	015
LK-1224330	Mahena	236A	1.58	7.058005	79.983239	35	015
LK-1224335	Ganemulla South	236D	1.63	7.061838	79.969317	35	015
LK-1224340	Ganemulla North	236B	0.48	7.065151	79.965235	35	015
LK-1224345	Galahitiyawa East	215B	0.56	7.064342	79.958911	35	015
LK-1224350	Galahitiyawa South	215A	1.13	7.062417	79.951117	35	015
LK-1224355	Kossinna East	237	1.16	7.053209	79.977221	35	015
LK-1224360	Amunugoda North	238	1.13	7.049117	79.988022	35	015
LK-1224365	Ihala Yagoda South	235C	1.29	7.056472	79.995082	35	015
LK-1224370	Mudungoda South	232C	0.51	7.065926	80.001029	35	015
LK-1224375	Mudungoda North	232B	0.79	7.06748	80.00876	35	015
LK-1224380	Godagedara	232A	1.36	7.063458	80.022627	35	015
LK-1224385	Rathupaswala	239A	1.54	7.05789	80.016809	35	015
LK-1224390	Galloluwa	239B	1.06	7.048563	80.013994	35	015
LK-1224395	Belummahara	239	1.29	7.05766	80.005087	35	015
LK-1224400	Ihala Imbulgoda North	240	0.96	7.049179	80.003971	35	015
LK-1224405	Ihala Imbulgoda South	240A	0.95	7.043922	79.999469	35	015
LK-1224410	Pahala Imbulgoda South	243B	0.94	7.035459	80.000039	35	015
LK-1224415	Pahala Imbulgoda West	243A	1.45	7.038816	79.988603	35	015
LK-1224420	Amunugoda South	238A	0.5	7.043826	79.983762	35	015
LK-1224425	Parakandeniya North 1	244A	0.88	7.038337	79.979145	35	015
LK-1224430	Kossinna West 1	237A	1.0	7.046379	79.972529	35	015
LK-1224435	Katuwalamulla North	244C	0.55	7.041261	79.964733	35	015
LK-1224440	Kossinna West 2	237B	0.97	7.049242	79.96282	35	015
LK-1224445	Katuwalamulla South	244D	0.71	7.038302	79.962278	35	015
LK-1224450	Parakandeniya North 2	244B	0.67	7.037985	79.97319	35	015
LK-1224455	Parakandeniya	244	0.45	7.029428	79.97488	35	015
LK-1224460	Pahala Imbulgoda East	243	0.3	7.03254	79.994201	35	015
LK-1224465	Embaraluwa North 2	242A	0.65	7.028979	80.00533	35	015
LK-1224470	Embaraluwa North 1	242	1.4	7.030909	80.011408	35	015
LK-1224475	Weliweriya West	240B	1.98	7.040209	80.012204	35	015
LK-1224480	Nedungamuwa	241	1.7	7.042856	80.028318	35	015
LK-1224485	Weliweriya East	241A	0.59	7.034066	80.030627	35	015
LK-1224490	Weliweriya North	241B	0.78	7.040413	80.021963	35	015
LK-1224495	Weliweriya South	241C	0.64	7.030269	80.025402	35	015
LK-1224500	Embaraluwa South 1	242B	1.24	7.020844	80.021533	35	015
LK-1224505	Embaraluwa South 2	242C	1.86	7.018637	80.011466	35	015
LK-1227005	Eluwapitiya West	333A	0.64	7.163823	80.039203	31	014
LK-1227010	Eluwapitiya	333	0.64	7.163267	80.045156	31	014
LK-1227015	Hiripitiya West	329D	0.72	7.153906	80.051215	31	014
LK-1227020	Hiripitiya North	329	0.23	7.162511	80.05469	31	014
LK-1227025	Hiripitiya Central	329C	0.28	7.158219	80.056561	31	014
LK-1227030	Hiripitiya East	329B	0.56	7.159238	80.060658	31	014
LK-1227035	Thalgasmote West	328E	0.74	7.15909	80.06853	31	014
LK-1227040	Thalgasmote	328A	0.39	7.155029	80.065362	31	014
LK-1227045	Thalgasmote East	328D	0.69	7.154912	80.074235	31	014
LK-1227050	Udammita	347	0.79	7.153206	80.080119	31	014
LK-1227055	Humbutiyawa West	347C	1.28	7.160125	80.085899	31	014
LK-1227060	Humbutiyawa	347A	0.6	7.153871	80.089475	31	014
LK-1227065	Parana Veyangoda	346	1.13	7.156005	80.097287	31	014
LK-1227070	Kongasdeniya	346A	2.34	7.150924	80.101668	31	014
LK-1227075	Wedagama	343A	1.14	7.160094	80.113053	31	014
LK-1227080	Kalalpitiya	343	1.86	7.156249	80.120049	31	014
LK-1227085	Nawagamuwa	343B	0.55	7.151717	80.110917	31	014
LK-1227090	Napagoda	345	0.4	7.148999	80.105674	31	014
LK-1227095	Nittambuwa South	348A	0.49	7.143749	80.09729	31	014
LK-1227100	Nittambuwa North	348	0.57	7.147491	80.093842	31	014
LK-1227105	Nittambuwa East	348F	0.41	7.148699	80.086238	31	014
LK-1227110	Kolawatta	347B	0.43	7.145678	80.077817	31	014
LK-1227115	Pattalagedara East	328B	0.67	7.144111	80.071788	31	014
LK-1227120	Pattalagedara	328	1.25	7.145858	80.06597	31	014
LK-1227125	Hiripitiya South	329A	0.32	7.154147	80.056497	31	014
LK-1227130	Wataddara	332	0.38	7.161754	80.051101	31	014
LK-1227135	Wataddara West	332B	1.03	7.152835	80.043972	31	014
LK-1227140	Magalegoda	331	1.87	7.146056	80.037568	31	014
LK-1227145	Magalegoda South	331A	0.97	7.133404	80.034025	31	014
LK-1227150	Heendeniya	330A	0.63	7.137736	80.042325	31	014
LK-1227155	Pattigoda	330	0.75	7.143886	80.046402	31	014
LK-1227160	Wataddara South	332A	0.61	7.144861	80.052895	31	014
LK-1227165	Hiripitiya Pahala	329E	0.39	7.147126	80.057582	31	014
LK-1227170	Danvilana	328C	0.21	7.147029	80.060459	31	014
LK-1227175	Dadagamuwa East	327A	0.67	7.138495	80.064034	31	014
LK-1227180	Pinnagolla	348I	1.08	7.13727	80.078024	31	014
LK-1227185	Egoda Nittambuwa	348C	0.32	7.144895	80.084025	31	014
LK-1227190	Horagollagama	348H	1.15	7.139922	80.087755	31	014
LK-1227195	Nambadaluwa West	348B	0.15	7.142305	80.093566	31	014
LK-1227200	Nambadaluwa East	348G	0.82	7.136711	80.09416	31	014
LK-1227205	Ranpokunagama A Zone	349A	0.43	7.133396	80.109163	31	014
LK-1227210	Ellakkala West	355A	1.95	7.14402	80.126605	31	014
LK-1227215	Maimbula	350B	1.36	7.135269	80.121337	31	014
LK-1227220	Ranpokunagama	349F	0.19	7.137031	80.114701	31	014
LK-1227225	Ranpokunagama D Zone	349E	0.15	7.139702	80.114885	31	014
LK-1227230	Ranpokunagama C Zone	349D	0.04	7.138148	80.111944	31	014
LK-1227235	Ranpokunagama B Zone	349C	0.27	7.137505	80.108699	31	014
LK-1227240	Maduwegedara	349	0.99	7.132103	80.102222	31	014
LK-1227245	Yatiyana	349B	0.69	7.130252	80.09826	31	014
LK-1227250	Orchardwatta North	348D	0.14	7.13142	80.092339	31	014
LK-1227255	Malwatta	348E	1.45	7.129645	80.08418	31	014
LK-1227260	Thihariya North	318C	0.8	7.131487	80.071408	31	014
LK-1227265	Katuwasgoda West	321B	0.24	7.131815	80.063261	31	014
LK-1227270	Katuwasgoda	321A	0.45	7.128231	80.06525	31	014
LK-1227275	Dadagamuwa	327	1.65	7.137701	80.055794	31	014
LK-1227280	Mudagamuwa	324A	0.43	7.125218	80.025261	31	014
LK-1227285	Bandarabatawala	325A	0.75	7.124197	80.019309	31	014
LK-1227290	Pitiyegedara	325	1.37	7.11535	80.018958	31	014
LK-1227295	Daraluwa	325B	0.92	7.108502	80.012733	31	014
LK-1227300	Bemmulla	324	1.59	7.122064	80.030708	31	014
LK-1227305	Kandaoluwawa	326	1.61	7.124932	80.038226	31	014
LK-1227310	Raniswala	323	0.36	7.125086	80.046014	31	014
LK-1227315	Sapugasthenna	323A	0.66	7.117847	80.047226	31	014
LK-1227320	Thiriwanegama South	322B	0.53	7.124441	80.05029	31	014
LK-1227325	Thiriwanegama North	322A	0.88	7.128841	80.05121	31	014
LK-1227330	Halgampitiya	322	0.73	7.126556	80.059075	31	014
LK-1227335	Kalagedihena	321	1.15	7.115891	80.06006	31	014
LK-1227340	Thihariyagama	318D	0.48	7.123526	80.067294	31	014
LK-1227345	Thihariya East	318	0.96	7.120063	80.079626	31	014
LK-1227350	Kalotuwawa	319	1.5	7.111705	80.080885	31	014
LK-1227355	Kattota	317	0.98	7.123565	80.090723	31	014
LK-1227360	Orchardwatta South	348J	0.16	7.126855	80.092685	31	014
LK-1227365	Bogoda	316	0.8	7.115763	80.090368	31	014
LK-1227370	Mathalana West	352D	1.36	7.118797	80.096662	31	014
LK-1227375	Wathupitiwala	350A	0.77	7.125971	80.110736	31	014
LK-1227380	Walpola	350	1.38	7.122526	80.116254	31	014
LK-1227385	Haggalla	354	1.42	7.127039	80.124958	31	014
LK-1227390	Ellakkala	355	1.3	7.136954	80.138663	31	014
LK-1227395	Godagama West	361A	0.91	7.129022	80.146332	31	014
LK-1227400	Godagama	361	1.54	7.12896	80.155132	31	014
LK-1227405	Welikadamulla	363	1.78	7.119886	80.158458	31	014
LK-1227410	Karasnagala	365	2.53	7.122258	80.169608	31	014
LK-1227415	Alawala North	364	4.26	7.12521	80.184389	31	014
LK-1227420	Etha Udakanda	364B	2.72	7.127562	80.200179	31	014
LK-1227425	Alawala South	364A	3.63	7.112134	80.187299	31	014
LK-1227430	Nikahetikanda	365A	2.43	7.099309	80.17954	31	014
LK-1227435	Karasnagala South	365C	1.26	7.107695	80.171682	31	014
LK-1227440	Palkumbura	363A	2.56	7.106171	80.157984	31	014
LK-1227445	Pelpita	362	1.29	7.114511	80.1462	31	014
LK-1227450	Walaliyadda	353B	1.11	7.125588	80.142172	31	014
LK-1227455	Haggalla East	354A	0.43	7.127473	80.135615	31	014
LK-1227460	Diyakade	353A	1.0	7.120625	80.133656	31	014
LK-1227465	Welagedara	353	0.51	7.121019	80.127145	31	014
LK-1227470	Kamburagalla	352A	2.12	7.107455	80.115767	31	014
LK-1227475	Mathalana North	352F	0.4	7.115076	80.1076	31	014
LK-1227480	Mathalana	352	0.55	7.117608	80.104203	31	014
LK-1227485	Meewala	315	0.98	7.106008	80.099288	31	014
LK-1227490	Kittammahara	316A	0.2	7.111324	80.089571	31	014
LK-1227495	Thihariya South	318E	0.44	7.11575	80.074761	31	014
LK-1227500	Pahala Thihariya	318B	0.67	7.11495	80.070133	31	014
LK-1227505	Thihariya West	318A	0.57	7.117139	80.066504	31	014
LK-1227510	Bogamuwa	320A	0.52	7.105896	80.063881	31	014
LK-1227515	Mangalathiriya	320	1.37	7.104597	80.071775	31	014
LK-1227520	Pilankada	319A	0.64	7.100364	80.079666	31	014
LK-1227525	Bonegala	313	1.64	7.100104	80.087885	31	014
LK-1227530	Meewala West	315A	0.7	7.103664	80.093849	31	014
LK-1227535	Udugoda West	351A	0.43	7.104032	80.104132	31	014
LK-1227540	Mathalana East	352B	0.64	7.111449	80.109065	31	014
LK-1227545	Udugoda	351	0.64	7.104263	80.10961	31	014
LK-1227550	Pannila	352E	0.56	7.108162	80.123076	31	014
LK-1227555	Hunupola	352C	1.44	7.111097	80.132435	31	014
LK-1227560	Halpandeniya	362A	0.47	7.120095	80.139872	31	014
LK-1227565	Urapola	366	0.67	7.103479	80.141852	31	014
LK-1227570	Wanduramulla	366C	1.17	7.106709	80.143997	31	014
LK-1227575	Deenapamunuwa West	366D	0.39	7.094204	80.146157	31	014
LK-1227580	Deenapamunuwa	366B	0.57	7.094838	80.151355	31	014
LK-1227585	Yatawaka	366A	2.85	7.090932	80.159646	31	014
LK-1227590	Sapugasthenna	365B	2.26	7.092185	80.169681	31	014
LK-1227595	Bopagama	376	3.89	7.072358	80.164087	31	014
LK-1227600	Bopagama East	376A	1.69	7.078885	80.158202	31	014
LK-1227605	Meevitigammana	375A	1.85	7.082533	80.144431	31	014
LK-1227610	Bopetta South	367B	2.19	7.087504	80.137301	31	014
LK-1227615	Bopetta	367	0.98	7.091261	80.132101	31	014
LK-1227620	Nagoda	367A	2.58	7.099691	80.128071	31	014
LK-1227625	Kurawalana	368A	1.2	7.092651	80.118242	31	014
LK-1227630	Kahatovita	369	0.39	7.096363	80.112297	31	014
LK-1227635	Kahatovita West	369A	0.31	7.093972	80.109377	31	014
LK-1227640	Ogodapola North	314A	0.45	7.096851	80.10397	31	014
LK-1227645	Ogodapola	314	0.93	7.093948	80.099813	31	014
LK-1227650	Kahambilihena	312A	1.37	7.08569	80.088171	31	014
LK-1227655	Udatuttiripitiya	312	1.66	7.090313	80.082109	31	014
LK-1227660	Mattagoda	311	1.82	7.090587	80.067191	31	014
LK-1227665	Weerangula	310	0.97	7.101025	80.061599	31	014
LK-1227670	Weerangula South	310A	0.89	7.092598	80.059436	31	014
LK-1227675	Koskandawala North	308A	0.86	7.08394	80.054949	31	014
LK-1227680	Kirikittamulla	309	0.32	7.088136	80.049162	31	014
LK-1227685	Kirikittamulla South	309A	0.3	7.084897	80.045599	31	014
LK-1227690	Koskandawala	308	0.99	7.078111	80.046789	31	014
LK-1227695	Opathella	371	1.62	7.082996	80.098266	31	014
LK-1227700	Paranagama	370	0.61	7.086523	80.10467	31	014
LK-1227705	Paranagama East	370C	0.67	7.08386	80.111333	31	014
LK-1227710	Aruppassa	368	1.76	7.084681	80.120111	31	014
LK-1227715	Madakotuwa West	375B	0.92	7.074672	80.12636	31	014
LK-1227720	Madakotuwa	375	0.91	7.073282	80.134812	31	014
LK-1227725	Rathambale	374	2.08	7.069871	80.147123	31	014
LK-1227730	Walgammulla	373	1.91	7.069668	80.117768	31	014
LK-1227735	Ruwanpura	370B	0.86	7.064495	80.111435	31	014
LK-1227740	Lavulupitiya	372A	1.18	7.072047	80.104966	31	014
LK-1227745	Galboda	370A	0.35	7.072202	80.100844	31	014
LK-1227750	Dematalanda	370D	0.47	7.074029	80.09489	31	014
LK-1227755	Happitiya	372	1.99	7.064634	80.101294	31	014
LK-1230005	Maryland Colony	389B	0.76	7.065287	80.094184	34	018
LK-1230010	Indurugalla	389	2.33	7.057815	80.091161	34	018
LK-1230015	Wathurugama	293	1.76	7.056101	80.107668	34	018
LK-1230020	Bandaranayakapura West	388C	0.42	7.052328	80.11955	34	018
LK-1230025	Bandaranayakapura East	388A	0.19	7.054398	80.123952	34	018
LK-1230030	Mailawalana	388	1.52	7.059206	80.124896	34	018
LK-1230035	Mailawalana South	388B	0.5	7.055918	80.129573	34	018
LK-1230040	Thimbirigama	387A	1.21	7.064899	80.134392	34	018
LK-1230045	Mahal Loluwa	387	1.12	7.057746	80.137818	34	018
LK-1230050	Millathe Ihala	386B	2.19	7.05515	80.147531	34	018
LK-1230055	Pingamuwa	377	2.27	7.049674	80.153194	34	018
LK-1230060	Pahala Millathe	386A	1.07	7.045794	80.138214	34	018
LK-1230065	Millathe	386	0.59	7.050485	80.132682	34	018
LK-1230070	Kirindiwela	385	1.09	7.043984	80.128075	34	018
LK-1230075	Bogahawatta	385A	0.99	7.043791	80.119976	34	018
LK-1230080	Rambutanwatta	390B	1.25	7.039594	80.106256	34	018
LK-1230085	Etambagahawatta	389C	1.07	7.046634	80.111807	34	018
LK-1230090	Kannimahara	389A	1.45	7.045939	80.098604	34	018
LK-1230095	Radawana North	390	0.41	7.036538	80.084578	34	018
LK-1230100	Palupelpita	390E	1.41	7.029392	80.089228	34	018
LK-1230105	Kithulakanda	390C	0.73	7.037442	80.096566	34	018
LK-1230110	Radawana South	390A	1.27	7.029779	80.102623	34	018
LK-1230115	Alliyawatta	390D	1.14	7.029383	80.110768	34	018
LK-1230120	Diyawala North	391A	0.93	7.033911	80.116365	34	018
LK-1230125	Diyawala	391	1.12	7.029708	80.121569	34	018
LK-1230130	Meddegama	383	3.18	7.02679	80.128349	34	018
LK-1230135	Udagama	384	0.97	7.039004	80.136979	34	018
LK-1230140	Vihara Kumbura	384A	1.15	7.036103	80.14311	34	018
LK-1230145	Kuttivila	377B	0.85	7.036206	80.153199	34	018
LK-1230150	Thalgaswatta	377C	0.46	7.042133	80.157746	34	018
LK-1230155	Kendagolla	377A	1.33	7.047596	80.163775	34	018
LK-1230160	Udawela	378B	1.79	7.026652	80.168322	34	018
LK-1230165	Kirimetiyawatta	378A	1.31	7.033821	80.159691	34	018
LK-1230170	Hiswella	378	1.3	7.020231	80.161779	34	018
LK-1230175	Kiriwana	382A	0.82	7.022419	80.153517	34	018
LK-1230180	Meddegama North	383A	1.45	7.025162	80.147892	34	018
LK-1230185	Meddegama South	383B	1.16	7.023695	80.140859	34	018
LK-1230190	Werahera	382	2.14	7.009873	80.154199	34	018
LK-1230195	Pallegama South	381B	1.11	7.012144	80.138608	34	018
LK-1230200	Pallegama	381	0.66	7.012905	80.129975	34	018
LK-1230205	Anuragoda	392	1.39	7.013404	80.120539	34	018
LK-1230210	Weralugampala	392A	1.76	7.016571	80.108521	34	018
LK-1230215	Nedungolla South	392D	0.25	7.020135	80.108189	34	018
LK-1230220	Nedungolla	392B	0.27	7.022647	80.109036	34	018
LK-1230225	Nandarama Pedesa	394A	1.49	7.014564	80.098233	34	018
LK-1230230	Mandawala North	394	1.41	7.01777	80.092266	34	018
LK-1230235	Mawatha	394B	1.22	7.016664	80.084595	34	018
LK-1230240	Parakadamulla	397B	0.89	7.008233	80.051438	34	018
LK-1230245	Nakandapola	397A	1.04	7.013208	80.055841	34	018
LK-1230250	Keragala	397	2.43	7.006012	80.059371	34	018
LK-1230255	Weliketiyawatta	397C	2.07	7.00817	80.069253	34	018
LK-1230260	Kurunduhena	395B	1.02	7.007343	80.078283	34	018
LK-1230265	Baduwatta	395C	1.54	7.005178	80.089415	34	018
LK-1230270	Mandawala South	395	1.7	7.001947	80.099707	34	018
LK-1230275	Anuragoda South	392C	2.01	7.002752	80.113915	34	018
LK-1230280	Walpola	381A	0.61	7.006137	80.124312	34	018
LK-1230285	Pepiliyawala	380B	1.18	7.002847	80.130321	34	018
LK-1230290	Ganihigama North	380A	1.28	7.005954	80.150308	34	018
LK-1230295	Watawala	379B	1.1	7.009093	80.162443	34	018
LK-1230300	Meethirigala	379	2.57	7.003382	80.17235	34	018
LK-1230305	Polhena	379C	0.6	7.003468	80.160047	34	018
LK-1230310	Ganihigama South	380D	0.8	7.00017	80.148228	34	018
LK-1230315	Dangalla North	380C	1.43	6.995325	80.140806	34	018
LK-1230320	Meniklanda	422A	1.07	6.991491	80.122556	34	018
LK-1230325	Pelpita	393	1.87	6.992186	80.113398	34	018
LK-1230330	Punchi Mandawala	395A	2.0	6.992119	80.10081	34	018
LK-1230335	Waharaka	410C	2.06	6.993545	80.086873	34	018
LK-1230340	Putupagala	396	1.96	6.994847	80.067253	34	018
LK-1230345	Walaramba	398A	0.66	6.994437	80.056106	34	018
LK-1230350	Demalagama	398	1.22	6.989606	80.04818	34	018
LK-1230355	Helummahara	399	0.76	6.984843	80.036895	34	018
LK-1230360	Pananwala	399A	1.09	6.98132	80.032131	34	018
LK-1230365	Egoda Pelahela	400B	1.22	6.980405	80.042632	34	018
LK-1230370	Pelahela	400	0.95	6.977475	80.05046	34	018
LK-1230375	Madurawa	400A	1.16	6.980681	80.061566	34	018
LK-1230380	Kajugaswatta	400C	0.91	6.987663	80.059613	34	018
LK-1230385	Ihala Lunugama	410	1.84	6.986504	80.077994	34	018
LK-1230390	Meegahawatta	410B	2.08	6.982266	80.094542	34	018
LK-1230395	Yakambe	393A	0.96	6.98232	80.108185	34	018
LK-1230400	Pattiyagama	421	1.61	6.986706	80.129236	34	018
LK-1230405	Dangalla	380	0.74	6.991199	80.139038	34	018
LK-1230410	Ranwala	379A	5.9	6.985229	80.170171	34	018
LK-1230415	Wedagama	379D	2.37	6.986252	80.154706	34	018
LK-1230420	Udugama	423	1.71	6.982484	80.149276	34	018
LK-1230425	Udakanampella South	424B	0.66	6.979437	80.141662	34	018
LK-1230430	Udakanampella	424A	0.57	6.981824	80.139623	34	018
LK-1230435	Senasungoda	424	0.76	6.981003	80.133183	34	018
LK-1230440	Poogoda	422	0.9	6.97945	80.121555	34	018
LK-1230445	Bangalawatta	420A	0.59	6.978824	80.115907	34	018
LK-1230450	Kumarimulla	419	0.49	6.969611	80.120536	34	018
LK-1230455	Ovitigama	420	0.79	6.968521	80.114433	34	018
LK-1230460	Parathapakanda	420B	0.91	6.976006	80.110032	34	018
LK-1230465	Dethemulla	406A	1.48	6.966383	80.103698	34	018
LK-1230470	Pahala Lunugama	410A	1.57	6.974487	80.09422	34	018
LK-1230475	Wanaluwawa North	408	1.28	6.979013	80.076266	34	018
LK-1230480	Thelkekuna	404B	2.39	6.972583	80.069412	34	018
LK-1230485	Indolamulla	404	1.65	6.969829	80.059126	34	018
LK-1230490	Parangoda	401A	0.63	6.971754	80.051721	34	018
LK-1230495	Namaluwa	401C	0.81	6.973208	80.03964	34	018
LK-1230500	Dekatana	401	0.78	6.96973	80.03646	34	018
LK-1230505	Narampola	401B	1.66	6.966582	80.028605	34	018
LK-1230510	Kalukondayawa West	402A	1.28	6.956939	80.031623	34	018
LK-1230515	Kalukondayawa East	402	1.62	6.955689	80.038652	34	018
LK-1230520	Galwalagoda	401D	0.99	6.962616	80.048296	34	018
LK-1230525	Ganegoda	404A	1.58	6.957596	80.054203	34	018
LK-1230530	Dompe	405	2.13	6.950633	80.055192	34	018
LK-1230535	Iddamaldeniya	405A	1.15	6.954135	80.067158	34	018
LK-1230540	Guruwala	409	1.09	6.951706	80.074993	34	018
LK-1230545	Egoda Guruwala	409A	0.97	6.955342	80.070718	34	018
LK-1230550	Wanaluwawa South	408A	1.68	6.967522	80.081507	34	018
LK-1230555	Giridara West	407C	1.64	6.954689	80.084656	34	018
LK-1230560	Galpothugoda	406	1.43	6.963114	80.093122	34	018
LK-1230565	Nikawala	418	1.06	6.9601	80.107338	34	018
LK-1230570	Kapugoda	418A	0.73	6.945605	80.094876	34	018
LK-1230575	Giridara	407	0.88	6.953159	80.093569	34	018
LK-1230580	Malinda East	407B	0.94	6.943159	80.086875	34	018
LK-1230585	Malinda	407A	0.57	6.944569	80.079709	34	018
LK-1230590	Palugama	411	2.83	6.936514	80.072352	34	018
LK-1230595	Degawatta	405B	1.78	6.94121	80.056669	34	018
LK-1230600	Pahala Dompe	403	1.01	6.944641	80.045738	34	018
LK-1230605	Malwana	413	1.93	6.941957	80.020848	34	018
LK-1230610	Pahala Mapitigama	412	1.96	6.930935	80.027327	34	018
LK-1230615	Morahena	412B	1.91	6.940171	80.033203	34	018
LK-1230620	Kimbulvilawatta	412A	0.84	6.938241	80.042315	34	018
LK-1230625	Udamapitigama	414	1.84	6.927436	80.037496	34	018
LK-1230630	Udamapitigama South	414A	2.69	6.922389	80.049039	34	018
LK-1230635	Palugama West	411A	1.57	6.933162	80.058277	34	018
LK-1230640	Welgama	415	1.4	6.917675	80.058244	34	018
LK-1230645	Lansiyahena	415A	1.73	6.921264	80.064656	34	018
LK-1230650	Samanabedda North	416A	2.51	6.919539	80.073771	34	018
LK-1230655	Mahawalawatta	417A	1.23	6.932088	80.082095	34	018
LK-1230660	Thittapattara	417	1.67	6.929801	80.089516	34	018
LK-1230665	Samanabedda	416	2.01	6.917175	80.086187	34	018
LK-1233005	Kimbulgoda	304A	0.7	7.067624	80.027623	39	017
LK-1233010	Pituwalgoda	306A	0.83	7.071534	80.039235	39	017
LK-1233015	Kinigama	304	1.59	7.062708	80.036353	39	017
LK-1233020	Maharagama	303A	0.87	7.056109	80.028141	39	017
LK-1233025	Siwralumulla	303	1.57	7.051021	80.035059	39	017
LK-1233030	Pilikuttuwa	305	1.87	7.062918	80.04781	39	017
LK-1233035	Yongammulla	306	2.0	7.070369	80.05472	39	017
LK-1233040	Ambagaspitiya	307A	1.38	7.080359	80.066476	39	017
LK-1233045	Warapalana	294	2.02	7.075781	80.083568	39	017
LK-1233050	Kandumulla	307	2.52	7.071527	80.071495	39	017
LK-1233055	Pasgammana	298	1.0	7.058826	80.060776	39	017
LK-1233060	Maligathenna	297A	1.25	7.062423	80.068804	39	017
LK-1233065	Batepola North	295A	0.77	7.064452	80.079285	39	017
LK-1233070	Batepola	295	1.36	7.061729	80.080383	39	017
LK-1233075	Amunukumbura	296	1.4	7.048163	80.07133	39	017
LK-1233080	Malwathuhiripitiya	297	0.82	7.051584	80.065158	39	017
LK-1233085	Buthpitiya North	299	0.65	7.057696	80.053692	39	017
LK-1233090	Uruwala East	302A	1.03	7.048044	80.047174	39	017
LK-1233095	Uruwala West	302	2.07	7.043799	80.038781	39	017
LK-1233100	Buthpitiya South	300	1.39	7.044061	80.05351	39	017
LK-1233105	Neelamahara North	298A	0.46	7.045575	80.060075	39	017
LK-1233110	Neelamahara South	298B	0.6	7.039812	80.058496	39	017
LK-1233115	Aramangoda North	301B	0.84	7.032094	80.064921	39	017
LK-1233120	Puwakpitiya	292A	1.21	7.040944	80.065933	39	017
LK-1233125	Amunukumbura South	296B	0.63	7.043829	80.074863	39	017
LK-1233130	Balivila	296A	2.4	7.043175	80.085229	39	017
LK-1233135	Vilimbula North	292	1.63	7.028998	80.07679	39	017
LK-1233140	Vilimbula South	292B	2.79	7.020626	80.069194	39	017
LK-1233145	Aramangoda	301	0.99	7.032405	80.0569	39	017
LK-1233150	Kahatana	301A	0.6	7.030398	80.046596	39	017
LK-1233155	Henegama	291	2.09	7.022607	80.048404	39	017
LK-1233160	Etikehelgalla East	290	0.8	7.027767	80.039202	39	017
LK-1233165	Etikehelgalla West	290A	0.35	7.030088	80.032255	39	017
LK-1233170	Kirikitta North	289B	0.77	7.023262	80.03045	39	017
LK-1233175	Kirikitta East	289	1.57	7.016733	80.041609	39	017
LK-1233180	Kirikitta West	289A	2.23	7.008642	80.039421	39	017
LK-1233185	Ahugammana	284A	1.94	6.994835	80.042289	39	017
LK-1233190	Naranwala South	284B	1.45	7.001998	80.030577	39	017
LK-1233195	Naranwala	284	0.91	7.009905	80.024104	39	017
LK-1233200	Udupila East	285B	1.47	7.007043	80.018749	39	017
LK-1233205	Udupila South	285A	1.61	6.999121	80.016387	39	017
LK-1233210	Udupila North	285	2.7	7.002809	80.004509	39	017
LK-1233215	Webada South	288A	1.13	7.019773	79.991741	39	017
LK-1233220	Webada North	288	0.72	7.023185	79.996669	39	017
LK-1233225	Webada West	288B	0.91	7.025494	79.991391	39	017
LK-1233230	Kirillawala North	287D	1.07	7.026678	79.985222	39	017
LK-1233235	Kirillawala	287	1.01	7.01836	79.984693	39	017
LK-1233240	Kirillawala West	287C	0.56	7.02538	79.975414	39	017
LK-1233245	Sooriyapaluwa North	245	1.21	7.031555	79.964762	39	017
LK-1233250	Kendaliyeddapaluwa East	246	1.51	7.037906	79.955525	39	017
LK-1233255	Kendaliyeddapaluwa North	246C	1.64	7.051505	79.955626	39	017
LK-1233260	Dangahawela	246B	1.15	7.038882	79.948646	39	017
LK-1233265	Kendaliyeddapaluwa West	246A	1.3	7.035201	79.944934	39	017
LK-1233270	Mahara Nugegoda North	247B	0.48	7.02429	79.945114	39	017
LK-1233275	Mahara Nugegoda West	247A	0.56	7.025547	79.94959	39	017
LK-1233280	Mahara Nugegoda East	247	0.38	7.026543	79.955123	39	017
LK-1233285	Sooriyapaluwa East	245B	1.04	7.020659	79.966647	39	017
LK-1233290	Sooriyapaluwa South	245A	0.88	7.014708	79.964024	39	017
LK-1233295	Rammuthugala	287A	1.06	7.013988	79.969889	39	017
LK-1233300	Kirillawala South	287B	1.14	7.014433	79.978005	39	017
LK-1233305	Webada East	288C	1.6	7.012543	79.99498	39	017
LK-1233310	Gonahena East	286	1.3	7.000872	79.99428	39	017
LK-1233315	Gonahena North	286C	1.19	7.004798	79.983992	39	017
LK-1233320	Gonahena South	286D	0.77	6.995078	79.989138	39	017
LK-1233325	Gonahena West	286A	1.24	6.99753	79.977221	39	017
LK-1233330	Eldeniya East	286E	1.0	7.003896	79.973526	39	017
LK-1233335	Eldeniya West	286B	0.9	7.005167	79.964959	39	017
LK-1233340	Puwakwetiya	248C	0.47	7.010512	79.9582	39	017
LK-1233345	Ihala Karagahamuna South	248A	0.43	7.005511	79.952624	39	017
LK-1233350	Ihala Karagahamuna East	248B	0.66	7.016082	79.958141	39	017
LK-1233355	Ihala Karagahamuna North	248	1.37	7.013827	79.95057	39	017
LK-1233360	Mahara Nugegoda South	247C	0.83	7.017208	79.944241	39	017
LK-1233365	Neligama	249C	0.48	7.019545	79.93778	39	017
LK-1233370	Pahala Karagahamuna North	249	0.53	7.012743	79.939758	39	017
LK-1233375	Pahala Karagahamuna East	249A	0.56	7.005644	79.943677	39	017
LK-1233380	Pahala Karagahamuna West	249B	0.85	7.002127	79.944001	39	017
LK-1233385	Kopiwatta	251A	0.35	6.996614	79.940027	39	017
LK-1233390	Dalupitiya East	252	0.37	6.994631	79.938491	39	017
LK-1233395	Kirimetiyagara	251	0.67	7.001226	79.935508	39	017
LK-1233400	Dalupitiya South	252B	0.37	6.994436	79.932876	39	017
LK-1233405	Dalupitiya West	252A	0.68	6.997448	79.927622	39	017
LK-1233410	Pinnameda West	255D	0.64	7.002383	79.918945	39	017
LK-1233415	Gongithota	255C	0.38	7.004057	79.911007	39	017
LK-1233420	Appugewatta	255H	0.58	7.003156	79.904711	39	017
LK-1233425	Gongithota West	255G	0.26	6.998924	79.908695	39	017
LK-1233430	Enderamulla South	255B	0.34	6.998343	79.913571	39	017
LK-1233435	Enderamulla East	255E	0.51	6.992745	79.915885	39	017
LK-1233440	Pinnameda	255	0.36	6.996657	79.921166	39	017
LK-1233445	Nathuduwa	253	0.38	6.99127	79.925095	39	017
LK-1233450	Enderamulla West	255F	0.31	6.993244	79.919677	39	017
LK-1233455	Nathuduwa West	253A	0.24	6.988786	79.919398	39	017
LK-1233460	Akbar Town	255A	0.25	6.99217	79.912027	39	017
LK-1236005	Welegoda	256B	1.07	6.990709	79.9015	38	020
LK-1236010	Hunupitiya North	256	0.28	6.99112	79.907085	38	020
LK-1236015	Nahena	256C	0.63	6.987033	79.91214	38	020
LK-1236020	Eriyawetiya	259A	0.55	6.982076	79.921765	38	020
LK-1236025	Kiribathgoda	267A	0.55	6.982904	79.927574	38	020
LK-1236030	Thalawathuhenpita North	267	0.93	6.987455	79.931065	38	020
LK-1236035	Thalawathuhenpita South	266	0.7	6.982035	79.934577	38	020
LK-1236040	Kendahena	266A	0.6	6.977274	79.933751	38	020
LK-1236045	Egoda Eriyawetiya	259C	0.44	6.979598	79.920729	38	020
LK-1236050	Hunupitiya East	256D	0.86	6.981722	79.910164	38	020
LK-1236055	Hunupitiya South	256A	0.39	6.98118	79.902483	38	020
LK-1236060	Wanawasala West	257	0.73	6.975655	79.896311	38	020
LK-1236065	Wanawasala East	257B	0.31	6.974812	79.900036	38	020
LK-1236070	Dippitigoda	260	0.65	6.973863	79.905829	38	020
LK-1236075	Weweldoowa	258	0.65	6.976525	79.912389	38	020
LK-1236080	Warakanatta	259	0.56	6.973494	79.920233	38	020
LK-1236085	Koholvila	259B	0.66	6.969778	79.925153	38	020
LK-1236090	Dalugamgoda	258A	0.42	6.966121	79.919518	38	020
LK-1236095	Nungamugoda	258B	0.83	6.966522	79.913687	38	020
LK-1236100	Dalugama	260A	0.38	6.970158	79.910397	38	020
LK-1236105	Himbutuwelgoda	257A	0.86	6.966846	79.905098	38	020
LK-1236110	Pattiya East	173	0.49	6.962282	79.898034	25	020
LK-1236115	Pattiya North	173B	0.99	6.962888	79.892739	25	020
LK-1236120	Meegahawatta	174C	0.69	6.96585	79.888334	25	020
LK-1236125	Peliyagodawatta	174A	0.47	6.969191	79.885057	25	020
LK-1236130	Peliyagoda Gangabada	174	0.41	6.960532	79.880336	25	020
LK-1236135	Peliyagoda Gangabada East	174B	0.49	6.959126	79.884415	25	020
LK-1236140	Pattiya West	173A	0.29	6.958019	79.892847	25	020
LK-1236145	Wedamulla	261	0.8	6.960682	79.907562	38	020
LK-1236150	Galborella	261A	0.25	6.957688	79.912343	38	020
LK-1236155	Polhena	264A	0.32	6.961356	79.923137	38	020
LK-1236160	Kelaniya	264	1.01	6.956392	79.923826	38	020
LK-1236165	Sinharamulla North	263B	0.56	6.954178	79.915036	38	020
LK-1236170	Pilapitiya	263A	0.33	6.952802	79.909357	38	020
LK-1236175	Pethiyagoda	262	0.78	6.956312	79.901625	38	020
LK-1236180	Mewella	262A	0.56	6.950729	79.90153	38	020
LK-1236185	Sinharamulla	263	0.46	6.949492	79.915829	38	020
LK-1239005	Pahala Biyanvila East	268	0.68	6.995729	79.95224	32	019
LK-1239010	Ihala Biyanvila North	269	0.94	6.999441	79.955922	32	019
LK-1239015	Ihala Biyanvila Central	269B	1.17	6.995661	79.964346	32	019
LK-1239020	Mawaramandiya	269A	1.18	6.991072	79.971521	32	019
LK-1239025	Meegahawatta West	272A	1.33	6.988045	79.986351	32	019
LK-1239030	Meegahawatta East	272	0.96	6.98813	79.996579	32	019
LK-1239035	Kammalwatta	273	1.72	6.986196	80.004436	32	019
LK-1239040	Delgoda	282A	1.37	6.987432	80.017939	32	019
LK-1239045	Athurumulla	283	1.05	6.991921	80.024054	32	019
LK-1239050	Kanduboda East	282	1.36	6.977762	80.023817	32	019
LK-1239055	Kanduboda West	282B	1.52	6.976917	80.014607	32	019
LK-1239060	Siyambalape Watta	274C	0.96	6.974854	80.006357	32	019
LK-1239065	Daranagama	272B	1.17	6.974086	79.996005	32	019
LK-1239070	Siyambalape North	274	1.54	6.980116	79.98702	32	019
LK-1239075	Heiyanthuduwa North	275	1.36	6.977067	79.974649	32	019
LK-1239080	Makola South Ihala	271	1.55	6.977591	79.963537	32	019
LK-1239085	Makola North Ihala	270	1.02	6.986255	79.96701	32	019
LK-1239090	Makola North Central	270A	1.56	6.982756	79.957041	32	019
LK-1239095	Pahala Biyanvila West	268A	1.15	6.986134	79.944111	32	019
LK-1239100	Pahala Biyanvila Central	268B	0.53	6.993163	79.946586	32	019
LK-1239105	Makola North Pahala	270B	0.93	6.979783	79.944175	32	019
LK-1239110	Makola South Pahala	271B	0.8	6.973424	79.943877	32	019
LK-1239115	Pamunuvila	265	1.31	6.97013	79.934769	32	019
LK-1239120	Gonawala East	277	0.87	6.964718	79.945101	32	019
LK-1239125	Sapugaskanda	271A	3.08	6.96666	79.956472	32	019
LK-1239130	Heiyanthuduwa West	275C	1.25	6.962613	79.965081	32	019
LK-1239135	Heiyanthuduwa East	275B	1.52	6.966485	79.9773	32	019
LK-1239140	Siyambalape South	274A	2.6	6.965102	79.987792	32	019
LK-1239145	Yatihena	274B	1.48	6.968565	80.002784	32	019
LK-1239150	Ulahitiwala	281B	0.8	6.966924	80.019604	32	019
LK-1239155	Walgama West	281A	2.48	6.95935	80.009902	32	019
LK-1239160	Biyagama North	280	1.32	6.956773	79.996484	32	019
LK-1239165	Biyagama West	280D	1.23	6.952432	79.984319	32	019
LK-1239170	Heiyanthuduwa South	275A	1.59	6.953471	79.973474	32	019
LK-1239175	Mabima East	276	1.49	6.950148	79.968303	32	019
LK-1239180	Mabima West	276A	1.42	6.94926	79.961819	32	019
LK-1239185	Pattivila North	279	0.55	6.954409	79.95534	32	019
LK-1239190	Gonawala Central	277B	1.25	6.95726	79.943123	32	019
LK-1239195	Galedanda	265A	0.57	6.964672	79.933876	32	019
LK-1239200	Gonawala West	277A	1.35	6.957023	79.933261	32	019
LK-1239205	Thalwatta	278	0.95	6.949103	79.940408	32	019
LK-1239210	Bollegala	278A	1.29	6.944925	79.948207	32	019
LK-1239215	Pattivila South	279A	0.67	6.947885	79.95669	32	019
LK-1239220	Biyagama South	280C	1.64	6.942833	79.981745	32	019
LK-1239225	Biyagama East	280B	0.98	6.944006	79.99066	32	019
LK-1239230	Yabaraluwa North	280A	0.79	6.947895	80.000188	32	019
LK-1239235	Yabaraluwa South	280E	0.43	6.948029	80.006923	32	019
LK-1239240	Malwana Town	281/C	0.97	6.952406	80.015607	32	019
LK-1239245	Walgama East	281	1.25	6.954436	80.023714	32	019
LK-1303005	Horethuduwa North	670B	0.48	6.773828	79.8904	39	029
LK-1303010	Horethuduwa	670	0.41	6.772293	79.895751	39	029
LK-1303015	Horethuduwa Central	670C	0.28	6.769616	79.893622	39	029
LK-1303020	Horethuduwa South	670A	0.49	6.767349	79.896606	39	029
LK-1303025	Gorakana	671	0.98	6.763448	79.899118	39	029
LK-1303030	Gorakana South	671A	1.32	6.759779	79.895051	39	029
LK-1303035	Paratta West	672D	0.28	6.757976	79.90686	39	029
LK-1303040	Paratta	672A	0.38	6.761552	79.912945	39	029
LK-1303045	Diggala	672B	0.99	6.755037	79.914652	39	029
LK-1303050	Keselwatta	672	0.62	6.751285	79.904475	39	029
LK-1303055	Sarikkamulla	673	0.4	6.754069	79.901096	39	029
LK-1303060	Henamulla	673A	0.38	6.745926	79.90014	39	029
LK-1303065	Wattalpola	674A	0.33	6.742486	79.906946	39	029
LK-1303070	Miriyawatta	672C	0.38	6.749028	79.909747	39	029
LK-1303075	Thotawatta	675	0.47	6.745098	79.915192	39	029
LK-1303080	Werawatta	674B	0.33	6.742608	79.909627	39	029
LK-1303085	Pallimulla	673B	0.37	6.742518	79.901306	39	029
LK-1303090	Gorakapola	674	0.44	6.738738	79.903141	39	029
LK-1303095	Walana North	679A	0.51	6.737675	79.912362	39	029
LK-1303100	Ambalanduwa	675A	0.39	6.739783	79.918385	39	029
LK-1303105	Galthude North	677A	1.62	6.741955	79.92491	39	030
LK-1303110	Galthude	677	0.56	6.737908	79.929929	39	030
LK-1303115	Hirana West	676A	1.87	6.740434	79.938538	39	030
LK-1303120	Hirana	676	0.77	6.737731	79.943668	39	030
LK-1303125	Thanthirimulla East	681A	0.78	6.729329	79.925434	39	029
LK-1303130	Thanthirimulla	681	0.43	6.726897	79.918877	24/39	029
LK-1303135	Bekkegama	680	0.68	6.732546	79.916974	39	029
LK-1303140	Walana South	679B	0.45	6.731292	79.909881	39	029
LK-1303145	Walana	679	0.93	6.730362	79.905012	24	029
LK-1303150	Udahamulla	682	0.48	6.722377	79.913054	24/39	029
LK-1303155	Punchideniya	682C	0.23	6.72382	79.921549	39	029
LK-1303160	Malamulla West	684A	1.42	6.725074	79.932578	39	030
LK-1303165	Kiriberiya	684B	1.71	6.731393	79.940938	39	030
LK-1303170	Malamulla	684	1.25	6.720489	79.94349	39	030
LK-1303175	Kuruppumulla	682A	0.43	6.722409	79.924586	24/39	029
LK-1303180	Etambagoda	682B	0.36	6.718279	79.915983	24/39	029
LK-1303185	Pattiya North	685	0.4	6.721959	79.906381	24	029
LK-1303190	Bazaar North	685A	0.34	6.718646	79.909543	24	029
LK-1303195	Sagara Place	685D	0.26	6.713538	79.903136	24	029
LK-1303200	Bazaar West	685C	0.11	6.71376	79.90561	24	029
LK-1303205	Bazaar	685B	0.2	6.713817	79.908303	24	029
LK-1303210	Walapala Pattiya	683A	0.22	6.714977	79.914286	24	029
LK-1303215	Walapala	683	0.39	6.716196	79.918848	39	029
LK-1303220	Eluvila	687B	0.35	6.710177	79.927479	39	029
LK-1303225	Wekada East	687A	0.45	6.70739	79.92128	39	029
LK-1303230	Wekada North	687C	0.36	6.71122	79.918067	24	029
LK-1303235	Wekada West	687	0.43	6.708906	79.915317	24	029
LK-1303240	Pattiya	686B	0.22	6.708732	79.905583	24	029
LK-1303245	Uyankele	686A	0.36	6.70428	79.907449	24	029
LK-1303250	Pattiya South	686	0.43	6.706365	79.91086	24	029
LK-1303255	Kaludewala	689	0.43	6.703237	79.924087	39	029
LK-1303260	Kaludewala East	689B	0.55	6.703411	79.930486	39	029
LK-1303265	Moravinna	689A	0.51	6.70304	79.917468	24/39	029
LK-1303270	Nallooruwa North	692A	0.33	6.699411	79.911049	24	029
LK-1303275	Nallooruwa	692	0.64	6.696169	79.91491	24	029
LK-1303280	Dibbedda	693	0.24	6.699848	79.923659	39	029
LK-1303285	Dibbedda North	693A	0.67	6.695355	79.926213	39	029
LK-1303290	Narampitiya	696A	1.31	6.68873	79.933581	39	029
LK-1303295	Pinwatta	696	0.71	6.689465	79.922338	39	029
LK-1303300	Pinwatta West	696B	0.61	6.688755	79.91662	39	029
LK-1303305	Thalpitiya North	697	0.69	6.682356	79.923201	39	029
LK-1303310	Thalpitiya South	697A	1.59	6.681335	79.93295	39	029
LK-1303315	Pallimankada	697B	0.64	6.672631	79.926513	39	029
LK-1303320	Wadduwa West	699	0.26	6.667054	79.926536	39	029
LK-1303325	Wadduwa East	698	0.67	6.668525	79.929891	39	029
LK-1303330	Maha Wadduwa	698A	3.25	6.679601	79.946837	39	029
LK-1303335	Pattieliya	702A	0.3	6.667165	79.938592	39	029
LK-1303340	Kuda Wadduwa	702	0.49	6.6656	79.934628	39	029
LK-1303345	Wadduwa South	699A	0.32	6.662582	79.928756	39	029
LK-1303350	Molligoda	704	0.67	6.655108	79.932319	39	029
LK-1303355	Molligoda North	704A	0.81	6.660002	79.938145	39	029
LK-1303360	Molligoda South	704B	1.01	6.652894	79.942352	39	029
LK-1306005	Kidelpitiya West	669	2.57	6.753223	79.956229	32	030
LK-1306010	Kidelpitiya East	669A	1.1	6.75441	79.969412	32	030
LK-1306015	Senapura	669C	1.65	6.746998	79.962013	32	030
LK-1306020	Newdawa	678B	2.16	6.733005	79.958457	32	030
LK-1306025	Aluthgama	668	3.01	6.731463	79.970299	32	030
LK-1306030	Alothiyawa	668B	1.19	6.742307	79.976255	32	030
LK-1306035	Walgama North	667B	0.91	6.738745	79.988964	32	030
LK-1306040	Rerukana	667A	1.31	6.737386	79.999689	32	030
LK-1306045	Samaranayakapura	667C	0.97	6.740307	80.00825	32	030
LK-1306050	Kothalawala	661A	2.11	6.72765	80.0084	32	030
LK-1306055	Veedagama East	664	0.89	6.726321	79.999603	32	030
LK-1306060	Walgama South	667D	0.8	6.730645	79.993839	32	030
LK-1306065	Gammanpila	667	1.35	6.728624	79.985875	32	030
LK-1306070	Medagama	668A	1.23	6.727408	79.978541	32	030
LK-1306075	Alubomulla East	691	0.98	6.710268	79.965179	32	030
LK-1306080	Kuda Aruggoda East	678A	1.27	6.717971	79.960281	32	030
LK-1306085	Maha Aruggoda	678	1.71	6.732678	79.951716	32	030
LK-1306090	Kuda Aruggoda West	678C	0.7	6.718671	79.951383	32	030
LK-1306095	Batadombathuduwa	691B	1.21	6.712349	79.959803	32	030
LK-1306100	Miriswatta	690B	0.45	6.71092	79.937722	32	030
LK-1306105	Wanduramulla West	688 B	0.19	6.713782	79.930968	32	030
LK-1306110	Pinwala East	688	0.27	6.715004	79.928577	32	030
LK-1306115	Pinwala West	688A	0.32	6.71544	79.925373	32	030
LK-1306120	Wanduramulla East	688C	0.46	6.71526	79.935169	32	030
LK-1306125	Mahavila	690	0.6	6.705638	79.935961	32	030
LK-1306130	Pamunugama	694	0.64	6.703958	79.946107	32	030
LK-1306135	Alubomulla West	691A	1.05	6.710685	79.947538	32	030
LK-1306140	Rambukkana North	665	0.56	6.713396	79.982673	32	030
LK-1306145	Kamburugoda West	666A	1.14	6.719212	79.98069	32	030
LK-1306150	Kamburugoda East	666	0.35	6.718185	79.988012	32	030
LK-1306155	Veedagama West	664A	1.0	6.71684	79.996018	32	030
LK-1306160	Gelanigama	661	0.55	6.717777	80.001374	32	030
LK-1306165	Raigama South	656	0.86	6.710537	80.006769	32	030
LK-1306170	Raigama West	656C	1.07	6.726905	80.021683	32	030
LK-1306175	Raigama East	656B	1.24	6.70965	80.011106	32	030
LK-1306180	Raigama North	656A	0.81	6.725215	80.015478	32	030
LK-1306185	Kolamediriya North	657A	0.77	6.703718	79.999872	32	030
LK-1306190	Bandaragama East	663A	0.73	6.711345	79.994406	32	030
LK-1306195	Bandaragama	663	0.38	6.709965	79.988518	32	030
LK-1306200	Rambukkana South	665A	0.39	6.707512	79.981824	32	030
LK-1306205	Bolgoda	665B	1.26	6.705693	79.971999	32	030
LK-1306210	Mahabellana	695	1.55	6.697697	79.96653	32	030
LK-1306215	Imbulliha	694A	0.99	6.702744	79.95457	32	030
LK-1306220	Diganathuduwa	694B	2.11	6.695832	79.946984	32	030
LK-1306225	Madupitiya	690A	1.15	6.695587	79.935594	32	030
LK-1306230	Mahawatta	695A	1.0	6.695694	79.957286	32	030
LK-1306235	Bandaragama West	663B	0.81	6.705045	79.983721	32	030
LK-1306240	Yatiyana	662A	1.83	6.693594	79.980418	32	030
LK-1306245	Wevita	662	0.96	6.700235	79.987788	32	030
LK-1306250	Atulugama East	659	0.18	6.701736	79.995852	32	030
LK-1306255	Panape	657	1.12	6.700485	80.006607	32	030
LK-1306260	Galgemandiya	659D	0.25	6.696494	79.997193	32	030
LK-1306265	Atulugama West	659A	0.22	6.6964	79.99127	32	030
LK-1306270	Bamunumulla (Muslim)	659C	0.14	6.69078	79.988313	32	030
LK-1306275	Bamunumulla	660	0.59	6.6859	79.987088	32	030
LK-1306280	Epitamulla	660A	0.33	6.699304	79.999506	32	030
LK-1306285	Korawala	659B	0.3	6.690847	79.992172	32	030
LK-1306290	Bogahawatta	659E	0.31	6.694124	79.99426	32	030
LK-1306295	Kimmanthudawa	658	1.03	6.692397	80.001878	32	030
LK-1309005	Kotigamgoda	628B	2.18	6.809697	80.082009	36	031
LK-1309010	Pahala Millewa North	628C	3.0	6.799601	80.079966	36	031
LK-1309015	Pahala Millewa South	628	1.07	6.79334	80.086963	36	031
LK-1309020	Ihala Millewa North	628A	2.32	6.785473	80.075318	36	031
LK-1309025	Ihala Millewa South	628D	2.23	6.783456	80.062586	36	031
LK-1309030	Thalagala East	613C	2.41	6.784692	80.049849	36	031
LK-1309035	Thalagala North	613	3.72	6.791387	80.041448	36	031
LK-1309040	Thalagala West	613B	3.34	6.784835	80.025996	36	031
LK-1309045	Olaboduwa North	605B	1.58	6.776863	80.017007	36	031
LK-1309050	Koralaima	604A	2.09	6.771351	80.010469	36	031
LK-1309055	Godigamuwa East	606B	2.48	6.757676	79.999471	36	031
LK-1309060	Halapitiya	606C	2.36	6.754628	79.985026	36	031
LK-1309065	Welmilla	606A	1.62	6.751669	79.980474	36	031
LK-1309070	Godigamuwa West	606	1.77	6.748275	79.996182	36	031
LK-1309075	Palannoruwa	604	2.25	6.761728	80.016244	36	031
LK-1309080	Olaboduwa South	605	1.27	6.764122	80.029158	36	031
LK-1309085	Olaboduwa East	605A	1.24	6.766244	80.03585	36	031
LK-1309090	Thalagala South	613A	1.47	6.773916	80.038207	36	031
LK-1309095	Pannila	612B	0.87	6.768426	80.045899	36	031
LK-1309100	Kahatapitiya	612	2.04	6.768177	80.054461	36	031
LK-1309105	Uduwa North	614	2.58	6.77006	80.065865	36	031
LK-1309110	Kidelpitiya	629	5.8	6.786589	80.089129	36	031
LK-1309115	Gorokgoda	630A	1.22	6.781818	80.099255	36	031
LK-1309120	Dambara	630	3.32	6.760779	80.106194	36	031
LK-1309125	Handupelpola	631	2.63	6.758026	80.08829	36	031
LK-1309130	Kuda Uduwa	614C	3.19	6.748966	80.07929	36	031
LK-1309135	Maha Uduwa	614B	1.88	6.761693	80.067523	36	031
LK-1309140	Kananvila North	612A	1.83	6.759436	80.05561	36	031
LK-1309145	Batuvita North	611	2.46	6.751453	80.039636	36	031
LK-1309150	Kumbuka East	607	1.09	6.747117	80.027626	36	031
LK-1309155	Kumbuka South	607B	1.2	6.755529	80.022888	36	031
LK-1309160	Kumbuka North	607C	1.48	6.747821	80.013132	36	031
LK-1309165	Kumbuka West	607A	1.9	6.742768	80.02048	36	031
LK-1309170	Pokunuvita	608	2.97	6.73486	80.029277	36	031
LK-1309175	Batuvita South	611B	0.96	6.742786	80.041221	36	031
LK-1309180	Meemana	611A	1.85	6.73794	80.047208	36	031
LK-1309185	Kananvila South	612C	1.7	6.746931	80.058385	36	031
LK-1309190	Uduwa South	614A	1.65	6.748284	80.072297	36	031
LK-1309195	Kirigalahena	617C	1.78	6.737378	80.088367	36	031
LK-1309200	Meewanapalana West	617B	1.59	6.749994	80.092307	36	031
LK-1309205	Meewanapalana East	617	1.75	6.751573	80.099019	36	031
LK-1309210	Gurugoda	617A	3.6	6.734225	80.102178	36	031
LK-1309215	Munagama East	616D	1.24	6.723545	80.08622	36	031
LK-1309220	Midellamulahena	616E	2.54	6.737203	80.070673	36	031
LK-1309225	Ovitiyagala	616A	2.21	6.730064	80.064697	36	031
LK-1309230	Aramanagolla	610A	2.4	6.734015	80.051016	36	031
LK-1309235	Werullahena	610B	0.6	6.726564	80.045561	36	031
LK-1309240	Kulupana	610	0.35	6.723293	80.039646	36	031
LK-1309245	Kanewala	609	1.05	6.719075	80.035743	36	031
LK-1309250	Henegama	609A	0.99	6.721119	80.028309	36	031
LK-1309255	Gal Edandugoda	615C	0.55	6.722144	80.048778	22/36	031
LK-1309260	Horana North	615	1.06	6.720703	80.061274	22/36	031
LK-1309265	Munagama West	616	0.54	6.721441	80.076997	22	031
LK-1309270	Dikhenagama	616B	0.61	6.717247	80.084711	36	031
LK-1309275	Narthanagala	616C	1.08	6.714147	80.0791	36	031
LK-1309280	Horana South	615A	0.89	6.71445	80.06777	22	031
LK-1309285	Wewala West	615F	0.49	6.712952	80.061198	22	031
LK-1309290	Halthotiyawatta	615D	0.51	6.716042	80.056758	22	031
LK-1309295	Mahena	615B	2.48	6.705864	80.055974	36	031
LK-1309300	Wewala East	615G	1.02	6.704627	80.065719	36	031
LK-1309305	Horana East	615E	0.96	6.707576	80.071679	22/36	031
LK-1310005	Menerigama	625A	4.37	6.801606	80.128912	36	031
LK-1310010	Arakavila	625	2.66	6.807628	80.142212	36	031
LK-1310015	Kandanapitiya	626	2.95	6.817046	80.154161	36	031
LK-1310020	Kottiyawatta	626A	11.77	6.787461	80.177761	36	031
LK-1310025	Kurana North	627B	2.03	6.806131	80.157778	36	031
LK-1310030	Kurana South	627	2.07	6.792086	80.161994	36	031
LK-1310035	Kotigala	627A	1.3	6.796536	80.149516	36	031
LK-1310040	Handapangoda East	623A	1.29	6.788975	80.140201	36	031
LK-1310045	Handapangoda West	623B	2.37	6.786339	80.130269	36	031
LK-1310050	Kekuladola	624A	1.39	6.77262	80.133279	36	031
LK-1310055	Handapangoda South	623	2.95	6.783483	80.155713	36	031
LK-1310060	Batugampala	624	1.45	6.766712	80.144041	36	031
LK-1310065	Raigam Watta	620B	5.28	6.770299	80.174192	36	031
LK-1310070	Maha Ingiriya	620G	3.27	6.763995	80.1597	36	031
LK-1310075	Nambapana	619A	3.43	6.742041	80.194503	36	031
LK-1310080	Urugala East	619	2.84	6.739507	80.184415	36	031
LK-1310085	Ingiriya East	620	1.2	6.749964	80.179315	36	031
LK-1310090	Ingiriya North	620C	1.54	6.741949	80.176063	36	031
LK-1310095	Nimalagama	620D	2.83	6.75462	80.160661	36	031
LK-1310100	Eduragala	620E	5.36	6.751353	80.147769	36	031
LK-1310105	Maputugala	621	4.39	6.753629	80.13448	36	031
LK-1310110	Pelpitigoda	622	1.88	6.76439	80.117176	36	031
LK-1310115	Rathmalgoda East	621A	1.82	6.753555	80.123174	36	031
LK-1310120	Rathmalgoda West	621B	2.63	6.746684	80.11528	36	031
LK-1310125	Poruwadanda West	618C	3.62	6.723302	80.115915	36	031
LK-1310130	Poruwadanda East	618A	3.18	6.735009	80.129648	36	031
LK-1310135	Wagawatta	618	5.67	6.714211	80.127759	36	031
LK-1310140	Kekulaliya	618B	2.69	6.727784	80.143538	36	031
LK-1310145	Dombagaskanda	620F	3.17	6.730678	80.157873	36	031
LK-1310150	Ingiriya West	620A	1.28	6.734929	80.169492	36	031
LK-1310155	Urugala West	619B	2.02	6.730299	80.178519	36	031
LK-1312005	Ihala Naragala	813A	3.54	6.693599	80.112652	34	032
LK-1312010	Kobawaka North	813	3.6	6.693397	80.134686	34	032
LK-1312015	Diwalakada	822B	4.0	6.700523	80.145349	34	032
LK-1312020	Meegahakumbura	822E	3.02	6.704228	80.153779	34	032
LK-1312025	Yahalawatta	822D	4.3	6.71226	80.160903	34	032
LK-1312030	Bothale Gamgoda	822C	3.76	6.708047	80.175637	34	032
LK-1312035	Kongasthenna	822F	5.31	6.715856	80.19239	34	032
LK-1312040	Halwathura	822A	4.7	6.703311	80.197832	34	032
LK-1312045	Amaragedara North	821E	2.62	6.688117	80.182999	34	032
LK-1312050	Bothale	822	2.04	6.696852	80.166996	34	032
LK-1312055	Bulathsinhala North	821	2.2	6.679627	80.17313	34	032
LK-1312060	Egaloya	821D	3.31	6.674272	80.159335	34	032
LK-1312065	Kobawaka South	813B	4.64	6.674037	80.145093	34	032
LK-1312070	Ihala Naragala South	813C	4.35	6.679879	80.128128	34	032
LK-1312075	Govinna North	814	1.65	6.676619	80.118992	34	032
LK-1312080	Pahala Naragala	812A	2.52	6.684128	80.103732	34	032
LK-1312085	Dewamulla	812	5.73	6.664732	80.100578	34	032
LK-1312090	Govinna South	814B	3.8	6.66229	80.121103	34	032
LK-1312095	Retiyala	814A	10.02	6.647141	80.131569	34	032
LK-1312100	Galahena	824H	4.83	6.647816	80.155707	34	032
LK-1312105	Bulathsinhala South	821B	3.01	6.666241	80.164991	34	032
LK-1312110	Bulathsinhala	824B	1.38	6.649406	80.178989	34	032
LK-1312115	Bulathsinhala Central	821F	2.32	6.66388	80.180399	34	032
LK-1312120	Amaragedara South	821C	7.39	6.669974	80.19432	34	032
LK-1312125	Delmella	821A	6.45	6.684334	80.209154	34	032
LK-1312130	Udugalakanda	821G	8.19	6.669665	80.227615	34	032
LK-1312135	Niggaha	823A	8.82	6.649044	80.23036	34	032
LK-1312140	Yatagampitiya	823	2.54	6.64079	80.205657	34	032
LK-1312145	Karaldekma	824F	3.36	6.649222	80.193282	34	032
LK-1312150	Bulathsinhala East	824E	0.75	6.65244	80.183865	34	032
LK-1312155	Damparadugoda	824C	4.9	6.63189	80.196412	34	032
LK-1312160	Pahala Welgama	824	4.62	6.630871	80.174656	34	032
LK-1312165	Bulathsinhala West	824G	1.88	6.644554	80.167349	34	032
LK-1312170	Diyakaduwa East	820	2.04	6.630851	80.153069	34	032
LK-1312175	Diyakaduwa West	820A	3.64	6.628723	80.138774	34	032
LK-1312180	Bogahawatta	819D	3.42	6.608613	80.146288	34	032
LK-1312185	Mahagama North	819	2.13	6.620589	80.154795	34	032
LK-1312190	Demodarawatta	819E	4.16	6.616896	80.167369	34	032
LK-1312195	Thennahena	824D	11.32	6.601011	80.189952	34	032
LK-1312200	Ihala Welgama	824A	5.42	6.603262	80.209726	34	032
LK-1312205	Paragoda West	825C	4.55	6.615513	80.2221	34	032
LK-1312210	Paragoda East	825A	9.8	6.628847	80.236793	34	032
LK-1312215	Molkawa	825	3.2	6.60851	80.241473	34	032
LK-1312220	Galahitiya	825B	3.01	6.601977	80.227207	34	032
LK-1312225	Mahagama East	819B	1.72	6.607385	80.164884	34	032
LK-1312230	Polegoda West	819F	1.19	6.594186	80.161208	34	032
LK-1312235	Mahagama West	819C	2.71	6.589425	80.15177	34	032
LK-1312240	Pahala Kudaligama	817A	3.08	6.591339	80.137792	34	032
LK-1312245	Ihala Kudaligama	817	4.43	6.581043	80.122637	34	032
LK-1312250	Weyangalla West	818A	2.58	6.577997	80.141781	34	032
LK-1312255	Weyangalla East	818	0.6	6.58434	80.147122	34	032
LK-1312260	Mahagama South	819A	1.75	6.581256	80.165477	34	032
LK-1312265	Muduna	819G	3.5	6.592194	80.174771	34	032
LK-1312270	Gamagewatta	819H	1.24	6.582008	80.17618	34	032
LK-1315005	Ilimba	632A	4.36	6.7122	80.10084	41	032
LK-1315010	Kandana North	632	1.13	6.698902	80.099551	41	032
LK-1315015	Kandana South	632B	3.05	6.700772	80.093193	41	032
LK-1315020	Elawella	650E	2.17	6.701915	80.081352	41	032
LK-1315025	Bellapitiya West	650B	0.99	6.695987	80.069963	41	032
LK-1315030	Mahena South	650F	1.42	6.68999	80.065848	41	032
LK-1315035	Bellapitiya East	650A	1.31	6.691904	80.080634	41	032
LK-1315040	Walpita	633B	1.41	6.678311	80.088441	41	032
LK-1315045	Werawatta	633	1.43	6.670875	80.082623	41	032
LK-1315050	Peramunagama	650C	1.1	6.680918	80.078965	41	032
LK-1315055	Weliketella	650D	1.03	6.680698	80.072367	41	032
LK-1315060	Remuna	650	1.64	6.677913	80.065919	41	032
LK-1315065	Mahayala East	634	0.71	6.666778	80.074749	41	032
LK-1315070	Kananvila	633A	0.98	6.662965	80.082966	41	032
LK-1315075	Mahayala West	634A	0.76	6.666801	80.065776	41	032
LK-1315080	Hallankanda	648B	0.81	6.662975	80.059733	41	032
LK-1315085	Koodella	648A	0.63	6.653184	80.066086	41	032
LK-1315090	Madurawala East	635	0.91	6.650154	80.078793	41	032
LK-1315095	Kudayala	636	2.75	6.652874	80.087637	41	032
LK-1315100	Pahala Karannagoda	811A	2.59	6.642777	80.089582	41	032
LK-1315105	Anguruwathota	637	1.8	6.635294	80.076497	41	032
LK-1315110	Madurawala West	635A	1.65	6.647166	80.068125	41	032
LK-1315115	Keselhenawa	648	1.27	6.653147	80.059391	41	032
LK-1315120	Karannagoda	811	3.02	6.636918	80.096642	41	032
LK-1315125	Ihala Karannagoda	811B	3.38	6.643029	80.109361	41	032
LK-1315130	Katuhena	815A	2.03	6.62873	80.116139	41	032
LK-1315135	Warakagoda North	816B	1.71	6.625507	80.105742	41	032
LK-1315140	Warakagoda West	816A	1.82	6.621687	80.095615	41	032
LK-1315145	Warakagoda South	816C	3.81	6.597593	80.103032	41	032
LK-1315150	Warakagoda East	816	3.47	6.605669	80.104879	41	032
LK-1315155	Nahalla	815	0.72	6.615254	80.114869	41	032
LK-1315160	Pahalagoda	815B	3.63	6.61485	80.127118	41	032
LK-1315165	Ihalagoda	815C	2.71	6.606278	80.118022	41	032
LK-1318005	Gungamuwa	655	1.64	6.71313	80.023319	43	030
LK-1318010	Bellanthudawa	655A	1.84	6.703748	80.019795	43	030
LK-1318015	Kelesgamuwa	647B	1.53	6.705147	80.032659	43	030
LK-1318020	Welikala	654	2.16	6.708958	80.039409	43	030
LK-1318025	Thibbotugoda	654A	1.95	6.703508	80.049373	43	030
LK-1318030	Lenawara	647A	2.19	6.693574	80.036311	43	030
LK-1318035	Halthota	647	1.16	6.69525	80.016933	43	030
LK-1318040	Langana	646	1.22	6.689725	80.02566	43	030
LK-1318045	Deldorawatta	645B	2.08	6.668088	80.020137	43	030
LK-1318050	Millaniya	645	1.8	6.685302	80.018638	43	030
LK-1318055	Raddegoda	644C	2.11	6.681813	80.00499	43	030
LK-1318060	Delkada	644A	1.4	6.680736	79.990278	43	030
LK-1318065	Paragasthota	644	2.0	6.669568	79.989719	43	030
LK-1318070	Dikhena	644B	1.94	6.669442	80.000679	43	030
LK-1318075	Arakagoda	645A	1.87	6.674403	80.011974	43	030
LK-1318080	Kennanthudawa	652	0.79	6.682466	80.034105	43	030
LK-1318085	Mawathgama	646A	0.66	6.673607	80.034455	43	030
LK-1318090	Yalagala	651	1.33	6.678857	80.039793	43	030
LK-1318095	Labugama	653	1.81	6.687535	80.050683	43	030
LK-1318100	Pethigamuwa North	653B	2.11	6.675204	80.057764	43	030
LK-1318105	Pethigamuwa South	653A	1.24	6.673451	80.047761	43	030
LK-1318110	Weniwelpitiya	651A	1.65	6.66523	80.042951	43	030
LK-1318115	Millagaspola	651B	0.69	6.663341	80.033998	43	030
LK-1318120	Boralessa	652A	3.56	6.656751	80.022196	43	030
LK-1318125	Pelpola	643	1.78	6.648608	79.997675	43	030
LK-1318130	Imbulahena	643B	2.82	6.659694	80.002829	43	030
LK-1318135	Punsiripura	643A	4.06	6.645535	80.012098	43	030
LK-1318140	Galpatha West	642A	1.05	6.632728	80.016377	43	030
LK-1318145	Galpatha East	642	2.11	6.637064	80.028582	43	030
LK-1318150	Batagoda	649	1.57	6.65368	80.038525	43	030
LK-1318155	Mulkadakanda	649B	1.23	6.646079	80.0386	43	030
LK-1318160	Adhikarigoda	649C	1.44	6.650432	80.048566	43	030
LK-1318165	Dombagoda	649A	1.43	6.660364	80.051516	43	030
LK-1318170	Uduwara North	638B	5.26	6.63539	80.057591	43	030
LK-1318175	Uduwara West	638	0.38	6.625323	80.065489	43	030
LK-1318180	Uduwara East	638A	0.93	6.632208	80.068704	43	030
LK-1318185	Uduwara South	638C	1.0	6.620115	80.06059	43	030
LK-1318190	Pathakada	639	3.32	6.629534	80.041452	43	030
LK-1318195	Panagoda	641	2.57	6.616712	80.032487	43	030
LK-1318200	Yatawara South	640A	0.77	6.598644	80.041642	43	030
LK-1318205	Mahadurupitiya	639B	2.28	6.612205	80.042158	43	030
LK-1318210	Delgoda	639A	1.92	6.608606	80.052152	43	030
LK-1318215	Yatawara North	640	1.05	6.602599	80.033343	43	030
LK-1318220	Begamuwa Thalahitiya	640B	1.71	6.596904	80.049085	43	030
LK-1321005	Mestiya	700	1.56	6.677157	79.956225	37	034
LK-1321010	Maha Gonadoowa	701	3.15	6.679067	79.96651	37	034
LK-1321015	Kuda Gonadoowa	701A	3.52	6.68176	79.976162	37	034
LK-1321020	Moronthuduwa North	706	1.69	6.662025	79.978084	37	034
LK-1321025	Mawala	705B	1.57	6.668542	79.963075	37	034
LK-1321030	Melegama North	703	0.66	6.668955	79.948716	37	034
LK-1321035	Melegama South	703B	0.72	6.662679	79.954066	37	034
LK-1321040	Habaralagahalanda	703A	1.11	6.661102	79.947437	37	034
LK-1321045	Pohoddaramulla West	707A	0.35	6.646786	79.934803	37	034
LK-1321050	Pohoddaramulla East	707	0.67	6.646863	79.942219	37	034
LK-1321055	Pothupitiya East	708B	1.19	6.646777	79.948887	37	034
LK-1321060	Mawala South	705A	0.9	6.653832	79.957391	37	034
LK-1321065	Maharekma	705	0.74	6.655977	79.964154	37	034
LK-1321070	Nandoowa	706A	1.32	6.655542	79.982732	37	034
LK-1321075	Moronthuduwa South	706B	1.39	6.653272	79.970525	37	034
LK-1321080	Kalapugama	709	2.28	6.643794	79.984476	37	034
LK-1321085	Kalapugama West	709C	1.73	6.642194	79.97275	37	034
LK-1321090	Ariyagama	709D	0.45	6.644674	79.964489	37	034
LK-1321095	Deldoowa	709A	1.74	6.643117	79.956063	37	034
LK-1321100	Nugagoda	709B	1.4	6.633839	79.959404	37	034
LK-1321105	Pothupitiya South	708A	0.29	6.632612	79.948096	37	034
LK-1321110	Pothupitiya North	708	0.29	6.640044	79.943027	37	034
LK-1321115	Pothupitiya West	708C	0.5	6.637552	79.938171	37	034
LK-1321120	Meda Pothupitiya	708D	0.27	6.636507	79.942865	37	034
LK-1321125	Kuda Waskaduwa West	710B	0.57	6.62524	79.942556	37	034
LK-1321130	Kuda Waskaduwa North	710	0.71	6.631214	79.947811	37	034
LK-1321135	Kuda Waskaduwa East	710C	0.79	6.62677	79.954951	37	034
LK-1321140	Kapuhena	715A	1.03	6.622174	79.961637	37	034
LK-1321145	Usgodella	711C	0.71	6.632547	79.969598	37	034
LK-1321150	Panapitiya North	711B	1.38	6.632309	79.981376	37	034
LK-1321155	Paraduwa	712	1.46	6.634489	79.993217	37	034
LK-1321160	Dodammulla	713A	0.61	6.636739	80.00326	37	034
LK-1321165	Diyagama	713	0.93	6.631939	80.002957	37	034
LK-1321170	Panapitiya South	711	0.93	6.625932	79.982447	37	034
LK-1321175	Rannungala	711A	0.31	6.625497	79.973266	37	034
LK-1321180	Uggalbada West	716A	0.68	6.622499	79.967025	37	034
LK-1321185	Dediyawala	715	0.88	6.616803	79.95613	37	034
LK-1321190	Kuda Waskaduwa South	710A	0.63	6.623505	79.949436	37	034
LK-1321195	Mahawaskaduwa South	714	0.71	6.612153	79.950197	37	034
LK-1321200	Mahawaskaduwa North	714A	0.29	6.617442	79.947746	37	034
LK-1321205	Vilegoda North	718C	0.66	6.609218	79.958961	37	034
LK-1321210	Malwatta	718D	0.27	6.613799	79.967111	37	034
LK-1321215	Wijerathnawatta	716B	0.68	6.61216	79.973294	37	034
LK-1321220	Uggalbada East	716	1.49	6.618815	79.975798	37	034
LK-1321225	Thekkawatta	723F	2.36	6.600836	79.97879	37	034
LK-1321230	Jawatta	718A	0.26	6.611902	79.965127	37	034
LK-1321235	Botnikwatta	718B	0.41	6.604793	79.962926	11	034
LK-1321240	Kalutara North	717	1.25	6.583597	79.956625	11	034
LK-1321245	Deshasthra Kalutara	717A	0.58	6.60241	79.958052	11	034
LK-1321250	Deshasthra Kalutara West	717D	0.39	6.602101	79.951751	11	034
LK-1321255	Vidyasara	717C	0.31	6.602992	79.953913	11	034
LK-1321260	Thotupala	717B	0.49	6.594483	79.960971	11	034
LK-1321265	Ethanamadala	718	1.51	6.602216	79.969553	11	034
LK-1321270	Palathota	723E	0.73	6.590309	79.968083	37	034
LK-1321275	Welapura	725B	0.44	6.584607	79.964949	11	034
LK-1321280	Kalutara South	725	1.04	6.581783	79.960726	11	034
LK-1321285	Kuda Heenatiyangala	727B	0.3	6.577401	79.967832	11	034
LK-1321290	Ilukwatta	723B	0.76	6.585979	79.975358	11	034
LK-1321295	Vilegoda South	723D	0.21	6.58416	79.968461	11	034
LK-1321300	Godaparagahahena	723C	0.36	6.592846	79.979121	37	034
LK-1321305	Kithulawa	723	2.54	6.598162	79.994628	37	034
LK-1321310	Alwiswatta	723A	0.31	6.588333	79.980743	37	034
LK-1321315	Etavila	727A	0.74	6.582527	79.98202	11	034
LK-1321320	Akkaragoda	727E	0.16	6.573052	79.96957	11	034
LK-1321325	Mahawatta	727	0.13	6.573348	79.96702	11	034
LK-1321330	Kalutara South A	725A	0.21	6.57073	79.964814	11	034
LK-1321335	Kalapuwa	730A	0.63	6.56476	79.963927	11	034
LK-1321340	Wettumakada	730	0.22	6.566143	79.968156	11	034
LK-1321345	Kurunduwatta	727C	0.21	6.568109	79.969777	11	034
LK-1321350	Maha Heenatiyangala	727D	0.59	6.572265	79.972064	11	034
LK-1321355	Wattamulla	727F	1.77	6.575216	79.981789	11	034
LK-1321360	Alubogahalanda	729A	0.99	6.567955	79.981521	11	034
LK-1321365	Rajawatta Aluth Kotasa	729G	0.08	6.578467	79.994374	37	034
LK-1321370	Rajawatta Parana Kotasa	729H	0.2	6.579364	79.992815	37	034
LK-1321375	Pulartan	729C	2.72	6.580831	79.989733	37	034
LK-1321380	Uswatta	729F	0.53	6.563323	79.974084	11	034
LK-1321385	Katukurunda	730B	0.18	6.56282	79.967467	11	034
LK-1321390	Kalamulla North	731	0.43	6.555336	79.967253	11	034
LK-1321395	Nagoda West	729B	1.69	6.556679	79.97948	11	034
LK-1321400	Kajudoowawatta	729E	0.43	6.561151	79.989166	11	034
LK-1321405	Nagoda South	729	1.47	6.565824	79.993134	11	034
LK-1321410	Weniwelketiya	729I	0.72	6.560449	80.001555	11	034
LK-1321415	Gallassa	729D	0.47	6.557148	79.993451	11	034
LK-1321420	Kalamulla East	731B	0.27	6.554984	79.971504	11	034
LK-1321425	Kalamulla South	731A	0.26	6.550135	79.969363	11	034
LK-1321430	Ethagama West	732A	0.23	6.546095	79.970913	11	034
LK-1321435	Ethagama East	732	0.75	6.549748	79.977175	11	034
LK-1324005	Kuda Payagala North	734	0.42	6.544267	79.975534	33	035
LK-1324010	Mehimulla	733B	0.46	6.553289	79.992214	33	035
LK-1324015	Pambe	733A	1.38	6.549658	79.994933	33	035
LK-1324020	Hirigalgodella	737A	3.72	6.540243	80.003512	33	035
LK-1324025	Malegoda	733	1.19	6.541681	79.981528	33	035
LK-1324030	Kuda Payagala South	734A	0.28	6.538897	79.973702	33	035
LK-1324035	Payagala North	735A	0.58	6.531739	79.97669	33	035
LK-1324040	Pinidiyamulla	736	0.65	6.53551	79.981514	33	035
LK-1324045	Viharakanda	737	0.75	6.534027	79.986737	33	035
LK-1324050	Palayangoda	738	1.65	6.53177	79.994228	33	035
LK-1324055	Weragala	738A	2.65	6.527688	80.005368	33	035
LK-1324060	Katukurundugahalanda East	738B	1.56	6.523568	80.014071	33	035
LK-1324065	Katukurundugahalanda West	740B	0.78	6.515795	80.008032	33	035
LK-1324070	Pothuvila East	740	0.99	6.517837	79.99425	33	035
LK-1324075	Mahagammedda	739	0.72	6.523245	79.986113	33	035
LK-1324080	Maha Payagala	735	0.54	6.519168	79.980549	33	035
LK-1324085	Pothuvila West	740A	0.24	6.517661	79.98491	33	035
LK-1324090	Munasinghagoda	741A	1.0	6.512735	79.986175	33	035
LK-1324095	Diyalagoda	741	0.48	6.508276	79.986147	33	035
LK-1324100	Kapugoda	741B	0.97	6.511248	80.005303	33	035
LK-1324105	Halkandavila	744	1.75	6.515917	80.020197	33	035
LK-1324110	Yovungama	744B	1.22	6.498685	80.031027	33	035
LK-1324115	Doowegoda	744A	2.08	6.498254	80.023223	33	035
LK-1324120	Kendagahavila	744C	1.36	6.503543	80.017517	33	035
LK-1324125	Munhena	745	1.98	6.501777	80.005676	33	035
LK-1324130	Maggona East	743	0.62	6.501325	79.987126	33	035
LK-1324135	Akkaramale	743A	1.04	6.503905	79.990774	33	035
LK-1324140	Maggona West	742	0.34	6.503054	79.978639	33	035
LK-1324145	Idiriligoda	746	0.19	6.497397	79.982436	33	035
LK-1324150	Kuda Magalkanda	746A	0.22	6.493605	79.98305	33	035
LK-1324155	Magalkanda North	746C	0.69	6.492002	79.989768	33	035
LK-1324160	Magalkanda South	746B	0.34	6.496821	79.988551	33	035
LK-1324165	Akkara Asoowa	745B	1.05	6.493904	80.001937	33	035
LK-1324170	Bubulalanda	747B	0.55	6.49119	79.996704	33	035
LK-1324175	Kadurugasmulla	745A	2.07	6.491374	80.013829	33	035
LK-1324180	Bandanagoda	750A	2.18	6.481525	80.027818	33	035
LK-1324185	Kalavilakanda	750B	0.97	6.472466	80.022918	33	035
LK-1324190	Walathara	750	4.08	6.476273	80.011135	33	035
LK-1324195	Pannila	752A	0.55	6.478262	80.000173	33	035
LK-1324200	Cheenakotuwa	751A	0.35	6.477325	79.992901	21	035
LK-1324205	Akkaragoda	751	0.41	6.479249	79.990643	21	035
LK-1324210	Karandagoda	747	0.6	6.484447	79.995396	33	035
LK-1324215	Marakkalahawatta	747A	0.77	6.485584	79.987322	33	035
LK-1324220	Polkotuwa	748	0.84	6.476466	79.981884	21	035
LK-1324225	Paranakade	753	0.37	6.471812	79.977498	21	035
LK-1324230	Maradana	754	0.5	6.462822	79.976148	21	035
LK-1324235	Hettiyakanda	753A	0.2	6.466509	79.980749	21	035
LK-1324240	Massalgoda	757	0.23	6.467321	79.984118	21	035
LK-1324245	Kankanamgoda	749	1.01	6.470713	79.989483	21	035
LK-1324250	Ambepitiya	752	1.18	6.469768	79.998571	33	035
LK-1324255	Pinhena	759	1.04	6.465808	80.003494	33	035
LK-1324260	Pinhena Colony	759B	0.37	6.464352	80.013849	33	035
LK-1324265	Kalavila	767	4.04	6.458988	80.030762	33	035
LK-1324270	Malewangoda	768B	1.19	6.457408	80.020112	33	035
LK-1324275	Padagoda	768	1.04	6.456691	80.009259	33	035
LK-1324280	Hettimulla	758	1.38	6.460758	79.994969	33	035
LK-1324285	Mahagoda	755	0.49	6.460945	79.98448	21	035
LK-1324290	Maligahena	756	0.32	6.460482	79.980194	21	035
LK-1324295	Moragalla	760	1.68	6.44954	79.983817	33	035
LK-1324300	Mullapitiya	761	0.85	6.453699	79.993523	33	035
LK-1324305	Gammedda	762B	0.43	6.447376	79.992911	33	035
LK-1324310	Kaluwamodara North	762A	0.49	6.448872	79.998713	33	035
LK-1324315	Galhena	759A	0.64	6.453281	80.005496	33	035
LK-1324320	Alakadupitiya	766B	0.36	6.447022	80.006333	33	035
LK-1324325	Welipitiya	768A	0.33	6.44981	80.010383	33	035
LK-1324330	Pathirajagoda	766C	0.12	6.446241	80.01275	33	035
LK-1324335	Kadiyawatta	766D	0.18	6.443598	80.011938	33	035
LK-1324340	Malewana	766F	0.57	6.446241	80.017228	33	035
LK-1324345	Adikarigoda	766G	0.56	6.448441	80.022207	33	035
LK-1324350	Nakandalagoda	770A	0.57	6.443461	80.023697	33	035
LK-1324355	Danwattagoda	770B	0.59	6.443868	80.031632	33	035
LK-1324360	Kotapitiya	770	0.54	6.439906	80.026494	33	035
LK-1324365	Warapitiya	769	1.38	6.434214	80.025559	33	035
LK-1324370	Dharga Town East	766A	0.52	6.437425	80.013846	33	035
LK-1324375	Ganga Addara	766E	0.48	6.441272	80.008647	33	035
LK-1324380	Dharga Town	766	0.41	6.4427	80.003631	33	035
LK-1324385	Kaluwamodara East	762C	0.4	6.443068	79.99901	33	035
LK-1324390	Kaluwamodara West	762	0.51	6.440299	79.994677	33	035
LK-1324395	Ganegama	763	0.24	6.434865	79.997165	33	035
LK-1324400	Seenawatta	765A	0.28	6.437681	80.001934	33	035
LK-1324405	Aluthgama East	765	0.5	6.431112	80.002631	33	035
LK-1324410	Aluthgama West	764	0.28	6.429915	79.997949	33	035
LK-1327005	Koholana North	719B	1.22	6.615435	79.983825	35	033
LK-1327010	Ukwatta	720	1.26	6.624062	79.998083	35	033
LK-1327015	Bolossagama	721	3.28	6.601941	80.019296	35	033
LK-1327020	Remunagoda North	726A	1.55	6.614843	80.023379	35	033
LK-1327025	Pelapitiyagoda	810	2.36	6.617422	80.07284	35	033
LK-1327030	Pelapitiyagoda North	810A	3.01	6.618539	80.087387	35	033
LK-1327035	Pahala Nebada	807B	4.28	6.600323	80.078021	35	033
LK-1327040	Nebada	807	1.93	6.591853	80.093191	35	033
LK-1327045	Nebada West	807C	0.8	6.587699	80.082221	35	033
LK-1327050	Thebuwana East	809	5.83	6.59883	80.060178	35	033
LK-1327055	Thebuwana West	809A	3.55	6.582207	80.052013	35	033
LK-1327060	Remunagoda South	726	1.51	6.593045	80.034685	35	033
LK-1327065	Gamagoda East	724	1.87	6.624864	80.019324	35	033
LK-1327070	Serupita East	722A	1.46	6.619349	80.007354	35	033
LK-1327075	Serupita West	722	1.7	6.613825	80.001092	35	033
LK-1327080	Koholana South	719	0.73	6.616771	79.991544	35	033
LK-1327085	Adhikarigoda	719A	1.34	6.606855	79.9915	35	033
LK-1327090	Gamagoda West	724A	3.62	6.59704	80.009059	35	033
LK-1327095	Bombuwala North - West	728C	1.37	6.57914	80.00396	35	033
LK-1327100	Bombuwala North - Central	728B	1.26	6.583362	80.011897	35	033
LK-1327105	Bombuwala North - East	728A	3.02	6.585037	80.024894	35	033
LK-1327110	Bombuwala South - West	728D	0.83	6.569226	80.00539	35	033
LK-1327115	Bombuwala South - Central	728	1.13	6.571541	80.014911	35	033
LK-1327120	Bombuwala South - East	728E	2.89	6.572518	80.028196	35	033
LK-1327125	Thudugala East	808A	5.52	6.569522	80.057703	35	033
LK-1327130	Wellatha	807D	3.93	6.57115	80.078417	35	033
LK-1327135	Ihala Nebada	807A	3.78	6.578419	80.101634	35	033
LK-1327140	Wattahena	807E	3.96	6.565635	80.08806	35	033
LK-1327145	Nehinna	801	5.45	6.546945	80.067063	35	033
LK-1327150	Wadugama	801A	2.72	6.552894	80.050039	35	033
LK-1327155	Thudugala West	808	1.83	6.569249	80.041217	35	033
LK-1327160	Dodangoda East - North	800H	1.79	6.552019	80.038315	35	033
LK-1327165	Dodangoda West - North	800D	2.09	6.560934	80.030099	35	033
LK-1327170	Dodangoda West - North West	800F	1.41	6.561527	80.019073	35	033
LK-1327175	Dodangoda West	800	3.31	6.556544	80.00808	35	033
LK-1327180	Dodangoda West - Central	800 E	0.37	6.55102	80.02448	35	033
LK-1327185	Dodangoda West - South	800 C	1.32	6.545991	80.02399	35	033
LK-1327190	Dodangoda East - South	800G	1.41	6.536483	80.040079	35	033
LK-1327195	Sapugahawatta	800B	1.81	6.537671	80.05023	35	033
LK-1327200	Puhambugoda East	799	4.01	6.521453	80.048732	35	033
LK-1327205	Dodangoda East	800A	0.92	6.535763	80.035	35	033
LK-1327210	Dodangoda East - Central	800 I	3.7	6.532997	80.0256	35	033
LK-1327215	Puhambugoda West	799C	2.09	6.518981	80.033473	35	033
LK-1327220	Eladoowa	799A	3.97	6.504763	80.042041	35	033
LK-1327225	Galpottavila	799B	2.63	6.492867	80.043126	35	033
LK-1330005	Iddagoda West	806A	2.45	6.556387	80.100997	38	033
LK-1330010	Iddagoda East	806	3.77	6.564174	80.108546	38	033
LK-1330015	Hiriketiya	806B	1.0	6.54167	80.112557	38	033
LK-1330020	Panthiya	804	5.36	6.542114	80.098614	38	033
LK-1330025	Welimanana	804A	4.2	6.53258	80.086606	38	033
LK-1330030	Bopitiya East	802	2.4	6.516138	80.087579	38	033
LK-1330035	Yattovita	805E	1.39	6.520986	80.103726	38	033
LK-1330040	Mathugama West	805A	1.54	6.529105	80.105455	38	033
LK-1330045	Mathugama North	805B	1.5	6.529602	80.118006	38	033
LK-1330050	Gurudola	806C	0.99	6.541469	80.120281	38	033
LK-1330055	Wettewa	805D	2.53	6.528253	80.128569	38	033
LK-1330060	Mathugama East	805	1.15	6.517899	80.12146	38	033
LK-1330065	Mathugama South	805C	2.21	6.510984	80.112503	38	033
LK-1330070	Naravila	803	4.47	6.504037	80.101598	38	033
LK-1330075	Bopitiya West	802A	2.23	6.503579	80.088033	38	033
LK-1330080	Diyagala	802C	2.81	6.496965	80.079961	38	033
LK-1330085	Thambaretiya	802E	1.05	6.508656	80.079871	38	033
LK-1330090	Yatadolawatta East	802D	5.36	6.526717	80.068581	38	033
LK-1330095	Yatadolawatta West	802B	2.97	6.513269	80.062732	38	033
LK-1330100	Aluthgamgoda	796A	3.51	6.496624	80.061429	38	033
LK-1330105	Navuttuduwa	796	1.44	6.488688	80.065942	38	033
LK-1330110	Keeranthidiya	797	4.36	6.47829	80.053846	38	033
LK-1330115	Pussalamulla	797A	2.43	6.470303	80.037354	38	033
LK-1330120	Kolehekada	798A	5.42	6.473738	80.070842	38	033
LK-1330125	Kotagedara	798	2.66	6.478542	80.08806	38	033
LK-1330130	Henegama	803A	4.84	6.485614	80.104036	38	033
LK-1330135	Badugama	795A	4.35	6.487958	80.125196	38	033
LK-1330140	Ovitigala	795	2.27	6.505395	80.122928	38	033
LK-1330145	Sandasirigama	795B	3.09	6.509159	80.137032	38	033
LK-1330150	Badugama New Colony	795C	2.37	6.500659	80.145081	38	033
LK-1330155	Horawala East	794B	4.47	6.476456	80.149699	38	033
LK-1330160	Horawala North	794A	2.61	6.482086	80.138316	38	033
LK-1330165	Horawala	794	1.61	6.472824	80.134591	38	033
LK-1330170	Horawala West	794C	2.2	6.473786	80.120819	38	033
LK-1330175	Welipenna East - South	793A	0.35	6.464272	80.112696	38	033
LK-1330180	Welipenna West	793	3.15	6.461292	80.108253	38	033
LK-1330185	Welipenna East - North	793B	0.85	6.468982	80.102015	38	033
LK-1330190	Dippita	793C	1.6	6.467053	80.095876	38	033
LK-1330195	Lewwanduwa North	792B	0.84	6.459153	80.09773	38	033
LK-1330200	Henpita	774B	1.54	6.463765	80.084117	38	033
LK-1330205	Galmatta	774A	1.72	6.457607	80.079849	38	033
LK-1330210	Walagedara North	774	1.96	6.455052	80.070476	38	033
LK-1330215	Warakatholla	772A	4.5	6.446033	80.060677	38	033
LK-1330220	Nugagahalanda	772B	2.08	6.452982	80.04407	38	033
LK-1330225	Keppetiyagahalanda	771A	1.53	6.44549	80.041275	38	033
LK-1330230	Bondupitiya	771	0.86	6.433436	80.036774	38	033
LK-1330235	Andawala	776	2.93	6.423851	80.037167	38	033
LK-1330240	Thalgasgoda	771B	2.02	6.439903	80.048158	38	033
LK-1330245	Indigasthuduwa	772	1.55	6.435644	80.052253	38	033
LK-1330250	Ladduwa	776A	2.29	6.418779	80.054305	38	033
LK-1330255	Meegama	775	1.2	6.419289	80.065029	38	033
LK-1330260	Dewagoda	775A	0.98	6.425984	80.062135	38	033
LK-1330265	Walagedara South	773A	3.01	6.436613	80.070143	38	033
LK-1330270	Kurudippita	773	1.53	6.442719	80.079973	38	033
LK-1330275	Lewwanduwa West	792A	1.55	6.451329	80.090078	38	033
LK-1330280	Lewwanduwa East	792	0.83	6.453547	80.105439	38	033
LK-1330285	Madawala	793D	2.98	6.463505	80.13241	38	033
LK-1333005	Girikola	827A	3.52	6.570326	80.144638	31	032
LK-1333010	Pimbura	827	2.85	6.571768	80.162304	31	032
LK-1333015	Omatta	826	2.79	6.565753	80.180713	31	032
LK-1333020	Omatta East	826B	1.96	6.570523	80.188819	31	032
LK-1333025	Evariwatta	826A	3.82	6.555611	80.192736	31	032
LK-1333030	Kekulandala South	829B	3.37	6.549402	80.172039	31	032
LK-1333035	Halovita	827B	2.64	6.56417	80.168351	31	032
LK-1333040	Udawela	828	3.55	6.555259	80.14619	31	032
LK-1333045	Helamba	828A	5.61	6.552426	80.127764	31	032
LK-1333050	Yatiyana West	830B	1.14	6.533396	80.136987	31	036
LK-1333055	Gorokgoda	828B	1.91	6.543951	80.143848	31	032
LK-1333060	Beragama	829C	0.92	6.54101	80.149431	31	036
LK-1333065	Agalawatta	829	0.79	6.542909	80.156304	31	036
LK-1333070	Kekulandala North	829A	1.52	6.547626	80.161365	31	036
LK-1333075	Dapiligoda	831	2.2	6.536372	80.17076	31	036
LK-1333080	Wandurabba	830	1.34	6.530515	80.15697	31	036
LK-1333085	Yatiyana East	830A	1.12	6.531641	80.147129	31	036
LK-1333090	Pinnagoda	832	3.31	6.519641	80.147285	31	036
LK-1333095	Bodhiyakanda	830C	0.86	6.512049	80.149482	31	036
LK-1333100	Mulatiyana	832A	2.11	6.50862	80.15839	31	036
LK-1333105	Ridirekhagama	832B	3.02	6.515635	80.166848	31	036
LK-1333110	Kithulgoda	833	5.54	6.501865	80.181375	31	036
LK-1333115	Kithulgoda South	833A	2.01	6.497927	80.192156	31	036
LK-1333120	Kuda Kalupahana	847A	5.54	6.485921	80.166629	31	036
LK-1333125	Kalupahana	847	3.43	6.476325	80.162078	31	036
LK-1333130	Kevitiyagala North	846B	1.94	6.485137	80.184511	31	036
LK-1333135	Diyapattugama	846A	1.89	6.480983	80.197761	31	036
LK-1333140	Kurupita	845	2.48	6.488595	80.20731	31	036
LK-1333145	Harankahapatha	845A	8.12	6.472782	80.218243	31	036
LK-1333150	Kevitiyagala	846	1.82	6.472701	80.189776	31	036
LK-1333155	Polgampala	844D	2.73	6.460059	80.192002	31	036
LK-1333160	Polgampala East	844C	1.27	6.45967	80.200951	31	036
LK-1333165	Rathmale East	844B	2.8	6.454221	80.218652	31	036
LK-1333170	Rathmale	844	2.33	6.445223	80.210977	31	036
LK-1336005	Kosgulana	836 L	4.4	6.613558	80.269263	42	036
LK-1336010	Kelinkanda	836 B	8.66	6.588596	80.296934	42	036
LK-1336015	Kelinkanda Colony	836 I	3.48	6.585487	80.278749	42	036
LK-1336020	Walakada	836K	6.61	6.597779	80.265719	42	036
LK-1336025	Kapugedara	836 C	7.05	6.58812	80.247191	42	036
LK-1336030	Galahitiya	836 F	7.48	6.576937	80.230428	42	036
LK-1336035	Ilukpatha	835 A	9.22	6.564979	80.210032	42	036
LK-1336040	Pelenda West	836E	5.85	6.558153	80.236971	42	036
LK-1336045	Pelenda	836	5.87	6.565871	80.259155	42	036
LK-1336050	Bampara	836 J	6.55	6.567711	80.285306	42	036
LK-1336055	Ambegoda	836M	8.0	6.552027	80.282534	42	036
LK-1336060	Morapitiya North	836 H	2.94	6.544636	80.260996	42	036
LK-1336065	Morapitiya	836 A	4.8	6.527652	80.266171	42	036
LK-1336070	Midalana West	837A	4.54	6.522108	80.246304	42	036
LK-1336075	Maragahadeniya	835 C	5.41	6.542784	80.226351	42	036
LK-1336080	Lathpandura East	835 B	5.41	6.540983	80.207832	42	036
LK-1336085	Bellana East	834 A	4.01	6.531972	80.197448	42	036
LK-1336090	Viharagama	834 C	2.65	6.532444	80.183656	42	036
LK-1336095	Kapugama	834 B	0.7	6.521105	80.171237	42	036
LK-1336100	Bellana	834	1.55	6.520416	80.184263	42	036
LK-1336105	Yakupitiya	834 D	4.59	6.510888	80.203256	42	036
LK-1336110	Lathpandura	835	2.32	6.522536	80.215739	42	036
LK-1336115	Kamburawala	839 B	2.42	6.518087	80.223459	42	036
LK-1336120	Baduraliya	839	2.87	6.523214	80.23451	42	036
LK-1336125	Diggoda	839 C	2.83	6.508899	80.242007	42	036
LK-1336130	Midalana	837	3.49	6.519093	80.260932	42	036
LK-1336135	Morapitiya South	836 G	5.89	6.514428	80.288666	42	036
LK-1336140	Athwelthota	836 D	4.13	6.53094	80.278286	42	036
LK-1336145	Diganna	836 N	18.26	6.509203	80.315586	42	036
LK-1336150	Batahena	838 A	8.9	6.493113	80.286375	42	036
LK-1336155	Hedigalla	838	6.69	6.483122	80.269261	42	036
LK-1336160	Magura East	839 D	4.68	6.493675	80.248594	42	036
LK-1336165	Magura West	839 A	7.22	6.495417	80.222088	42	036
LK-1336170	Addaragoda	840 B	8.13	6.465232	80.242681	42	036
LK-1336175	Penigala	840 A	2.35	6.479224	80.253819	42	036
LK-1336180	Kalugala	840	13.71	6.4523	80.254057	42	036
LK-1336185	Athale	841	3.67	6.450906	80.275799	42	036
LK-1336190	Ingurudaluwa	841 A	4.21	6.463808	80.28968	42	036
LK-1336195	Bollunna	841C	5.33	6.474979	80.303076	42	036
LK-1336200	Kalukandawa	842 B	34.69	6.457891	80.343445	42	036
LK-1336205	Batagodavila	841 B	11.08	6.448932	80.304776	42	036
LK-1336210	Boralugoda	842	2.31	6.439027	80.280577	42	036
LK-1336215	Thiniyawala	842 A	19.18	6.42063	80.318201	42	036
LK-1339005	Pannila South	791A	3.17	6.444132	80.095801	40	036
LK-1339010	Pannila East	791B	3.96	6.437636	80.121013	40	036
LK-1339015	Uragoda West	790B	1.82	6.448961	80.122972	40	036
LK-1339020	Uragoda East	790	2.18	6.452387	80.13419	40	036
LK-1339025	Lihiniyawa West	848B	3.47	6.45606	80.159395	40	036
LK-1339030	Lihiniyawa East	848A	3.43	6.454462	80.173361	40	036
LK-1339035	Moragala	848	1.64	6.46239	80.180465	40	036
LK-1339040	Meegahathenna	849	3.47	6.445184	80.190388	40	036
LK-1339045	Mallawachchigoda Gangabada	849C	1.65	6.44119	80.202943	40	036
LK-1339050	Bothalawa	844A	2.84	6.434336	80.215801	40	036
LK-1339055	Kumbadoowa	849E	2.08	6.42432	80.206242	40	036
LK-1339060	Maddegama	849A	2.58	6.429351	80.19225	40	036
LK-1339065	Bogodakanda	849D	4.1	6.430812	80.176511	40	036
LK-1339070	Halwalakele Malwathukanda	848C	7.05	6.441286	80.15876	40	036
LK-1339075	Uthumgama	790A	6.36	6.430241	80.14434	40	036
LK-1339080	Kuda Mathugama	781	6.83	6.415738	80.137508	40	036
LK-1339085	Pareigama North	782	2.98	6.416544	80.121044	40	036
LK-1339090	Halwala	779	2.72	6.416167	80.108308	40	036
LK-1339095	Pannila	791	1.42	6.432474	80.107285	40	036
LK-1339100	Miriswatta	778A	2.13	6.432472	80.098692	40	036
LK-1339105	Ittapana North	778	1.67	6.427205	80.089756	40	036
LK-1339110	Malambehena	777C	1.76	6.414551	80.090862	40	036
LK-1339115	Ittapana West	777A	2.45	6.421318	80.080889	40	036
LK-1339120	Ittapana South	777	3.66	6.406469	80.074064	40	036
LK-1339125	Ittapana East	777B	1.56	6.407373	80.089544	40	036
LK-1339130	Loolbadduwa	780	3.09	6.405968	80.105297	40	036
LK-1339135	Pareigama South	782A	2.99	6.403177	80.127605	40	036
LK-1339140	Gulavita North	789	7.19	6.411144	80.165845	40	036
LK-1339145	Wedawatta	849B	2.08	6.415722	80.192716	40	036
LK-1339150	Katukele Welmeegoda	844E	5.54	6.427579	80.22506	40	036
LK-1339155	Ranepuragoda	843I	4.53	6.421073	80.239269	40	036
LK-1339160	Mandagala	843C	8.01	6.420012	80.263318	40	036
LK-1339165	Yattapatha	843B	7.77	6.40237	80.287293	40	036
LK-1339170	Pahala Hewessa North	843A	4.35	6.401042	80.256529	40	036
LK-1339175	Pahala Hewessa South	843G	1.95	6.399663	80.241221	40	036
LK-1339180	Pelawatta East	850B	2.2	6.400199	80.231363	40	036
LK-1339185	Pelawatta	850	2.54	6.404147	80.22022	40	036
LK-1339190	Pelawatta West North	850D	3.05	6.404728	80.210134	40	036
LK-1339195	Makalandawa	788	1.81	6.406691	80.195269	40	036
LK-1339200	Makalandawa South	788 A	1.36	6.397494	80.198095	40	036
LK-1339205	Gulavita South	789 A	5.61	6.398852	80.17803	40	036
LK-1339210	Udugama	786	4.46	6.381135	80.141172	40	036
LK-1339215	Karapagala	784	3.07	6.389198	80.135787	40	036
LK-1339220	Gammana East	783	1.25	6.39389	80.120252	40	036
LK-1339225	Gammana West	783 A	1.67	6.391981	80.1086	40	036
LK-1339230	Gorakadoowa	784 A	3.11	6.378806	80.124611	40	036
LK-1339235	Yagirala	785	9.5	6.381312	80.16159	40	036
LK-1339240	Katudora	787A	3.47	6.385508	80.183279	40	036
LK-1339245	Magurumasvila	788 B	1.49	6.387305	80.200428	40	036
LK-1339250	Walallavita East	787	2.21	6.373428	80.20531	40	036
LK-1339255	Pelawatta West South	850E	2.67	6.384691	80.211331	40	036
LK-1339260	Gorakadoowa	850C	2.37	6.385901	80.223026	40	036
LK-1339265	Miriswatta	850A	1.93	6.38686	80.23377	40	036
LK-1339270	Thundola	843E	6.44	6.376053	80.252342	40	036
LK-1339275	Weerakanda	843F	2.3	6.386156	80.264754	40	036
LK-1339280	Gulanawatta	843H	3.24	6.395738	80.27425	40	036
LK-1339285	Kankotawatta	843D	5.69	6.372085	80.276691	40	036
LK-1339290	Ihala Hewessa	843	10.04	6.346356	80.288535	40	036
LK-1339295	Walallavita South	787B	1.89	6.367179	80.197723	40	036
LK-1339300	Thotaha	787C	3.8	6.36615	80.183682	40	036
LK-2103005	Meegahahena South	380	0.72	7.408973	80.466734	43	041
LK-2103010	Meegahahena	379	1.53	7.40229	80.476877	43	041
LK-2103015	Galabawa	378	1.09	7.394017	80.482167	43	041
LK-2103020	Kobbegala	370	0.63	7.393004	80.487641	43	041
LK-2103025	Ambagahahena	371	1.33	7.388693	80.497551	43	041
LK-2103030	Rokhill	302	0.51	7.385542	80.513596	43	041
LK-2103035	Akkarawatta	303	0.09	7.382863	80.518319	43	041
LK-2103040	Bonakot	304	0.2	7.380143	80.520458	43	041
LK-2103045	Haddapitiya	305	0.99	7.375187	80.528132	43	041
LK-2103050	Delgasyaya	307	1.2	7.382248	80.531429	43	041
LK-2103055	Gallenawatta	364	0.41	7.369077	80.539307	43	041
LK-2103060	Kandanhena East	400	0.42	7.368601	80.545306	43	041
LK-2103065	Namaltenna	401	0.49	7.37068	80.550096	43	041
LK-2103070	Alawattegama	399	0.43	7.365325	80.552868	43	041
LK-2103075	Kumburegama	398	0.71	7.357789	80.552044	43	041
LK-2103080	Ban Anga	363	0.49	7.365334	80.544904	43	041
LK-2103085	Ethamulla	362	0.69	7.359078	80.542516	43	041
LK-2103090	Palukopi Watta	308	1.11	7.366383	80.534298	43	041
LK-2103095	Damunugasthenna	306	0.84	7.384189	80.522654	43	041
LK-2103100	Galagedara West	301	0.57	7.370283	80.52058	43	041
LK-2103105	Udapitiya	311	0.66	7.366592	80.524673	43	041
LK-2103110	Galagedara Madige South	369	0.18	7.371038	80.51555	43	041
LK-2103115	Galagedara	300	0.47	7.376998	80.51718	43	041
LK-2103120	Galagedara Madige	368	0.14	7.374744	80.515021	43	041
LK-2103125	Pethigewela	310	0.92	7.379496	80.510197	43	041
LK-2103130	Udalagama	309	0.3	7.374199	80.510892	43	041
LK-2103135	Gunadaha	372	1.5	7.375737	80.503622	43	041
LK-2103140	Medagoda Pahala	406	1.42	7.373738	80.498533	43	041
LK-2103145	Opalla	373	0.51	7.383781	80.494164	43	041
LK-2103150	Gangodapitiya	320	0.73	7.390126	80.480159	43	041
LK-2103155	Pubbiliya	321	0.43	7.386874	80.483338	43	041
LK-2103160	Kannadeniya	319	1.35	7.387219	80.474417	43	041
LK-2103165	Barandara	322	1.12	7.380267	80.473849	43	041
LK-2103170	Kaluwana	318	0.65	7.378046	80.483339	43	041
LK-2103175	Kinigama West	317	0.97	7.372399	80.477599	43	041
LK-2103180	Kinigama East	316	0.58	7.369909	80.484049	43	041
LK-2103185	Ponnila	313	0.69	7.366042	80.481072	43	041
LK-2103190	Uduwa	312	0.97	7.361968	80.488036	43	041
LK-2103195	Medagoda Ihala	407	0.65	7.369606	80.490708	43	041
LK-2103200	Naranwala	299	0.64	7.365605	80.502723	43	041
LK-2103205	Hikgodawalpola	298	0.89	7.360596	80.49717	43	041
LK-2103210	Paranagama	367	1.19	7.357968	80.509183	43	041
LK-2103215	Wettewa	296	0.87	7.364312	80.513386	43	041
LK-2103220	Pavulpawa	297	0.38	7.362414	80.518339	43	041
LK-2103225	Kirindiwelpola	285	1.75	7.336122	80.541953	43	041
LK-2103230	Kuragama North	366	0.59	7.35963	80.522662	43	041
LK-2103235	Nikathenna	289	0.58	7.361953	80.529774	43	041
LK-2103240	Etambegoda	290	0.67	7.354973	80.532225	43	041
LK-2103245	Thahalpitiya	286	0.65	7.347467	80.531413	43	041
LK-2103250	Dehideniya	284	1.2	7.34972	80.537668	43	041
LK-2103255	Kandekumbura	361	0.53	7.353678	80.541841	43	041
LK-2103260	Diyapalagoda	359	0.35	7.352198	80.547115	43	041
LK-2103265	Niyangoda	358	0.6	7.348541	80.550158	43	041
LK-2103270	Niyambepola	403	0.63	7.349993	80.559064	43	041
LK-2103275	Henegama Palkumbura	405	0.58	7.348999	80.572174	43	041
LK-2103280	Idamegama	404	0.88	7.346323	80.565109	43	041
LK-2103285	Marawanagoda	402	0.32	7.345679	80.556556	43	041
LK-2103290	Adungama Palkumbura	360	0.51	7.34282	80.550008	43	041
LK-2103295	Kuragama	365	1.31	7.351389	80.519831	43	041
LK-2103300	Udahenepola	287	1.38	7.338144	80.529759	43	041
LK-2103305	Poholiyadda	288	1.51	7.347071	80.523339	43	041
LK-2103310	Hiyadala	295	0.62	7.346113	80.513132	43	041
LK-2103315	Pallekotuwa	392	1.09	7.329521	80.529263	43	041
LK-2103320	Hiyadala Walpola	294	1.24	7.346888	80.505247	43	041
LK-2103325	Minigamuwa	291	0.42	7.339871	80.503335	43	041
LK-2103330	Minigamuwa Ihala	293	0.4	7.337074	80.509507	43	041
LK-2103335	Thennewela	292	0.5	7.339963	80.51321	43	041
LK-2106005	Egodamulla North	531	1.95	7.445348	80.554565	42	042
LK-2106010	Ihalamulla	528	0.88	7.449487	80.562616	42	042
LK-2106015	Dehiwatta	529	1.15	7.453085	80.566682	42	042
LK-2106020	Egodamulla South	530	0.67	7.440674	80.565045	42	042
LK-2106025	Pahala Kithulgolla	540	2.24	7.436361	80.556698	42	042
LK-2106030	Alawatta	538	1.26	7.426687	80.558451	42	042
LK-2106035	Uda Kithulgolla	539	0.54	7.430396	80.567629	42	042
LK-2106040	Ankumbura South	532	0.68	7.434704	80.570859	42	042
LK-2106045	Ankumbura North	533	0.93	7.434044	80.578439	42	042
LK-2106050	Uggala Janapadaya	535	0.6	7.427679	80.582323	42	042
LK-2106055	Pallegama Pahala	534	0.45	7.425878	80.57735	42	042
LK-2106060	Welgala	537	0.6	7.421988	80.576961	42	042
LK-2106065	Ankumbura Udagama	536	0.74	7.423022	80.569853	42	042
LK-2106070	Kovilamuduna	525	0.28	7.41835	80.568765	42	042
LK-2106075	Galhinna	524	0.65	7.417965	80.559756	42	042
LK-2106080	Galkanda	523	0.93	7.415644	80.555398	42	042
LK-2106085	Palliya Kotuwa	526	0.33	7.415468	80.565076	42	042
LK-2106090	Batagolladeniya	527	1.09	7.416883	80.579735	42	042
LK-2106095	Watagalathenna	522	0.52	7.409409	80.57183	42	042
LK-2106100	Morankanda	505	1.03	7.408883	80.554292	42	042
LK-2106105	Wewala North	506	1.87	7.407178	80.54666	42	042
LK-2106110	Udahena	500	1.92	7.409247	80.535349	42	042
LK-2106115	Siyapathgama	501	2.4	7.404977	80.526191	42	042
LK-2106120	Pathirada	497	2.11	7.394507	80.522456	42	042
LK-2106125	Udahingulwala	499	2.03	7.396103	80.541465	42	042
LK-2106130	Pahala Hingulwala	507	0.63	7.398181	80.551545	42	042
LK-2106135	Rambukewela	517	2.28	7.401225	80.564618	42	042
LK-2106140	Godahena	521	1.15	7.400922	80.574848	42	042
LK-2106145	Kahatagasthenna	520	1.01	7.406263	80.58279	42	042
LK-2106150	Watagoda	541	1.42	7.39693	80.589861	42	042
LK-2106155	Dolapihilla North	518	0.8	7.392967	80.586582	42	042
LK-2106160	Dolapihilla South	519	1.16	7.392589	80.578691	42	042
LK-2106165	Weligalla	516	1.01	7.389448	80.568819	42	042
LK-2106170	Wewala	503	0.91	7.39454	80.561377	42	042
LK-2106175	Bokkawala	502	0.64	7.391365	80.55417	42	042
LK-2106180	Harankahawa	494	0.77	7.389089	80.540296	42	042
LK-2106185	Henegama	495	0.62	7.38227	80.544138	42	042
LK-2106190	Molagoda	498	0.53	7.38699	80.548627	42	042
LK-2106195	Waldeniya	504	0.56	7.38503	80.558413	42	042
LK-2106200	Medagoda	513	0.64	7.384599	80.572764	42	042
LK-2106205	Diddeniya	547	0.63	7.38232	80.588923	42	042
LK-2106210	Ovissa North	542	0.59	7.382641	80.595133	42	042
LK-2106215	Ovissa South	543	1.65	7.380807	80.603993	42	042
LK-2106220	Kiralagama	545	0.59	7.373728	80.595392	42	042
LK-2106225	Paleepana	546	0.79	7.375037	80.589506	42	042
LK-2106230	Dombagammana	515	0.62	7.380596	80.580425	42	042
LK-2106235	Uggahakumbura	514	0.26	7.381887	80.573728	42	042
LK-2106240	Marathugoda North	508	0.83	7.377959	80.565798	42	042
LK-2106245	Marathugoda South	509	0.68	7.380213	80.561883	42	042
LK-2106250	Ambaruppa	496	0.54	7.38077	80.538726	42	042
LK-2106255	Gallella	492	0.76	7.377945	80.548877	42	042
LK-2106260	Maruddana	493	1.01	7.377959	80.555373	42	042
LK-2106265	Alagoda	510	0.8	7.374503	80.575683	42	042
LK-2106270	Madadeniya	511	1.0	7.370471	80.57696	42	042
LK-2106275	Warakadeniya	512	0.4	7.3732	80.584146	42	042
LK-2106280	Batagalla North	548	0.58	7.368151	80.588347	42	042
LK-2106285	Bamunupola	544	0.31	7.365689	80.603963	42	042
LK-2106290	Batugoda North	550	0.4	7.366927	80.597521	42	042
LK-2106295	Batagalla South	549	0.48	7.36404	80.589885	42	042
LK-2106300	Batugoda South	551	0.56	7.360382	80.593552	42	042
LK-2106305	Diwanawatta	552	0.44	7.361375	80.601357	42	042
LK-2106310	Mullegama North	554	0.2	7.361171	80.607435	42	042
LK-2106315	Kahawatta North	557	0.41	7.359268	80.613085	42	042
LK-2106320	Kahawatta South	558	0.38	7.354179	80.613691	42	042
LK-2106325	Mullegama South	553	0.88	7.353852	80.607798	42	042
LK-2106330	Kaluwana South	555	0.28	7.356789	80.595326	42	042
LK-2106335	Kaluwana North	556	0.54	7.353859	80.598836	42	042
LK-2109005	Rambuke Ela	590	1.33	7.425279	80.591675	31	042
LK-2109010	Vilana Udagama	589	1.58	7.41882	80.594741	31	042
LK-2109015	Vilana Pallegama	591	3.17	7.404493	80.594381	31	042
LK-2109020	Walahena	587	0.26	7.405524	80.603441	31	042
LK-2109025	Alawathugoda	583	1.57	7.410515	80.608177	31	042
LK-2109030	Balakaduwa	585	0.41	7.411709	80.6152	31	042
LK-2109035	Mawathupola	580	1.27	7.401831	80.620877	31	042
LK-2109040	Arambepola	584	1.06	7.39531	80.61398	31	042
LK-2109045	Delgasgoda	588	1.43	7.398594	80.606063	31	042
LK-2109050	Dippitiya	586	1.09	7.388191	80.606863	31	042
LK-2109055	Malwanahinna	569	0.61	7.383414	80.614591	31	042
LK-2109060	Konakalagala	581	0.76	7.391235	80.619774	31	042
LK-2109065	Malgamandeniya	574	1.19	7.396575	80.633909	31	042
LK-2109070	Rathukoho	575	0.76	7.388881	80.634712	31	042
LK-2109075	Marahela	582	0.73	7.390244	80.625458	31	042
LK-2109080	Hureegolla	571	0.65	7.383416	80.621524	31	042
LK-2109085	Neerella	567	0.44	7.375157	80.616636	31	042
LK-2109090	Melchena	568	0.47	7.377102	80.611188	31	042
LK-2109095	Bulugohothenna	559	0.49	7.371075	80.614202	31	042
LK-2109100	Kasawatta	560	0.46	7.372758	80.601726	31	042
LK-2109105	Udaweliketiya	561	0.49	7.366556	80.608743	31	042
LK-2109110	Palleweliketiya	562	0.24	7.365748	80.612956	31	042
LK-2109115	Dodangolla	563	0.32	7.364499	80.616414	31	042
LK-2109120	Akurana	564	0.43	7.369988	80.618305	31	042
LK-2109125	Delgasthenna	572	0.46	7.377376	80.625734	31	042
LK-2109130	Kurugoda	570	0.39	7.38	80.624365	31	042
LK-2109135	Deegala	576	0.99	7.383321	80.63603	31	042
LK-2109140	Pangollamada	573	0.93	7.389104	80.642254	31	042
LK-2109145	Dunuvila North	578	1.7	7.3806	80.651405	31	042
LK-2109150	Dunuvila South	579	1.49	7.375674	80.648439	31	042
LK-2109155	Palle Deegala	577	0.82	7.37738	80.635472	31	042
LK-2109160	Thelambugahawatta	565	0.65	7.371457	80.627962	31	042
LK-2109165	Waragashinna	566	0.21	7.367399	80.620616	31	042
LK-2109170	Kurudugahaela	592	0.55	7.362605	80.621382	31	042
LK-2109175	Uggala	593	0.5	7.365812	80.627086	31	042
LK-2112005	Yatawara	620	2.4	7.375899	80.664628	40	043
LK-2112010	Yatawara Kandagama	621	5.54	7.376395	80.681971	40	043
LK-2112015	Ihala Yatawara	622	1.75	7.364003	80.676162	24/40	043
LK-2112020	Udurawana	598	0.77	7.362601	80.666269	24/40	043
LK-2112025	Doragamuwa	600	2.1	7.36248	80.657039	40	043
LK-2112030	Bogahakumbura	626	1.23	7.356163	80.64128	40	043
LK-2112035	Deegahawathura	623	0.78	7.372044	80.639682	40	043
LK-2112040	Mahakumbura	624	0.87	7.365018	80.640076	40	043
LK-2112045	Mandandawela	632	1.1	7.361364	80.631307	40	043
LK-2112050	Paranagama	627	0.67	7.354695	80.63567	40	043
LK-2112055	Aluthgama	625	1.05	7.360502	80.645508	40	043
LK-2112060	Walpaladeniya	602	1.17	7.351106	80.659788	40	043
LK-2112065	Puwakgahadeniya	599	0.86	7.357917	80.665455	40	043
LK-2112070	Wattegama	594	0.82	7.351682	80.678838	24/40	043
LK-2112075	Wattegama North	595	1.68	7.353328	80.685836	24/40	043
LK-2112080	Gunembill	596	0.65	7.357838	80.687414	40	043
LK-2112085	Eriyagasthenna	597	1.28	7.344465	80.692389	24/40	043
LK-2112090	Pitiyegedara	642	0.62	7.338038	80.681805	24/40	043
LK-2112095	Yatirawana	641	0.86	7.340813	80.675965	24/40	043
LK-2112100	Meegammana	601	1.71	7.346636	80.668964	24/40	043
LK-2112105	Meegammana West	603	0.55	7.342188	80.657056	40	043
LK-2112110	Galadeniya	612	0.79	7.347521	80.650458	40	043
LK-2112115	Udathalavinna	615	1.14	7.338589	80.649323	40	043
LK-2112120	Pallethalavinna Ihala	614	0.61	7.345267	80.640878	40	043
LK-2112125	Moonamale	628	0.48	7.34934	80.638126	40	043
LK-2112130	Kendaliyadda	630	1.01	7.352096	80.627485	40	043
LK-2112135	Girakaduwa	631	0.44	7.358249	80.622806	40	043
LK-2112140	Ambathenna	629	0.74	7.350833	80.620274	40	043
LK-2112145	Molagodayawatta	619	0.55	7.341675	80.621635	40	043
LK-2112150	Megodagama	618	0.42	7.340773	80.627507	40	043
LK-2112155	Egodagama	616	0.63	7.342274	80.629033	40	043
LK-2112160	Millanga	617	0.65	7.343815	80.633391	40	043
LK-2112165	Pallethalavinna	613	0.71	7.339242	80.639517	40	043
LK-2112170	Udathalavinna Madige	611	0.89	7.337044	80.655707	40	043
LK-2112175	Meegamawatta	604	1.49	7.3356	80.666547	40	043
LK-2112180	Madawala Madige	637	0.34	7.330477	80.670261	40	043
LK-2112185	Madawala	640	1.07	7.331118	80.678731	40	043
LK-2112190	Walala	643	0.65	7.326209	80.687112	40	043
LK-2112195	Ketakahala	644	0.91	7.326371	80.693776	40	043
LK-2112200	Thalkotuwa	645	0.44	7.319812	80.68928	40	043
LK-2112205	Napana	633	0.5	7.320136	80.681596	40	043
LK-2112210	Leemagahadeniya	636	0.67	7.324602	80.678736	40	043
LK-2112215	Pihilladeniya	639	0.32	7.325189	80.67128	40	043
LK-2112220	Gunnepana Madige	638	0.43	7.325557	80.666774	40	043
LK-2112225	Polgolla	609	0.97	7.329278	80.64856	40	043
LK-2112230	Balanagala	610	0.43	7.331539	80.641978	40	043
LK-2112235	Nawayalathenna	608	0.71	7.331111	80.634285	11/40	043
LK-2112240	Kahalla	605	0.59	7.334276	80.634445	40	043
LK-2112245	Kalugalawatta	606	0.4	7.335008	80.624335	40	043
LK-2112250	Galewatta	607	0.3	7.329979	80.624542	11	048
LK-2112255	Abasingama	635	0.57	7.319947	80.673546	40	043
LK-2112260	Hamindagoda	634	0.66	7.312388	80.685326	40	043
LK-2115005	Kelebokka	735	18.56	7.446125	80.724494	38	043
LK-2115010	Watakele	734	6.12	7.429761	80.740595	38	043
LK-2115015	Mahapathana	733	3.26	7.412788	80.723892	38	043
LK-2115020	Kosgama	739	11.36	7.419566	80.753746	38	043
LK-2115025	Thawalanthenna	737	18.47	7.409032	80.782191	38	043
LK-2115030	Gomaraya	738	3.77	7.390565	80.778501	38	043
LK-2115035	Beddegama	736	2.44	7.38592	80.754433	38	043
LK-2115040	Arattana	730	4.79	7.3796	80.741404	38	043
LK-2115045	Madulkele	731	5.93	7.400841	80.730158	38	043
LK-2115050	Hathale	732	6.3	7.38273	80.723944	38	043
LK-2115055	Angammana	728	5.47	7.376991	80.704736	38	043
LK-2115060	Udugoda	726	2.11	7.361848	80.695056	38	043
LK-2115065	Pitawala	727	1.36	7.35606	80.700905	38	043
LK-2115070	Panvila	729	2.67	7.363888	80.719985	38	043
LK-2118005	Meemure	893	25.94	7.44761	80.836456	44	044
LK-2118010	Kumbukgolla	895	13.73	7.407782	80.864722	44	044
LK-2118015	Kaikawala	894	6.69	7.43095	80.825153	44	044
LK-2118020	Pusseela	897	16.42	7.414193	80.824595	44	044
LK-2118025	Karambaketiya	896	12.97	7.381551	80.837665	44	044
LK-2118030	Geradigala	879	6.34	7.377177	80.866813	44	044
LK-2118035	Moonamalpelessa	880	1.85	7.374532	80.885312	44	044
LK-2118040	Kalugala	885	4.06	7.39427	80.882837	44	044
LK-2118045	Udailuka	887	2.66	7.40047	80.897954	44	044
LK-2118050	Padupola	874	2.48	7.391065	80.911681	44	044
LK-2118055	Udakumbura	873	3.35	7.382069	80.917736	44	044
LK-2118060	Kalugaloya	886	1.79	7.385362	80.898877	44	044
LK-2118065	Dumbaragama	881	3.58	7.371657	80.89777	44	044
LK-2118070	Pallewela	878	1.31	7.363294	80.883573	44	044
LK-2118075	Udawela	888	1.68	7.360089	80.871571	44	044
LK-2118080	Kandegama	889	2.56	7.363193	80.85772	44	044
LK-2118085	Wadawalakanda	890	1.56	7.360391	80.850361	44	044
LK-2118090	Kobonilla	891	7.32	7.3513	80.84528	44	044
LK-2118095	Pallekanda	892	2.14	7.345286	80.864674	44	044
LK-2118100	Hanwella	882	1.72	7.349032	80.873941	44	044
LK-2118105	Andideniya	884	0.96	7.351937	80.884482	44	044
LK-2118110	Dambagahapitiya	883	2.45	7.346112	80.897217	44	044
LK-2118115	Poppitiya	871	3.1	7.366048	80.908724	44	044
LK-2118120	Oyathenna	872	4.76	7.341077	80.907966	44	044
LK-2118125	Thalagune	875	4.85	7.334073	80.889408	44	044
LK-2118130	Gedaramada	876	1.52	7.328818	80.886185	44	044
LK-2118135	Kirigankumbura	877	3.49	7.330463	80.87092	44	044
LK-2118140	Udadumbara	847	1.03	7.318723	80.874676	44	044
LK-2118145	Nawanagala	848	2.95	7.318326	80.863166	44	044
LK-2118150	Hunnasgiriya	843	2.47	7.298857	80.852211	44	044
LK-2118155	Kiripattiya	851	2.02	7.30175	80.871137	44	044
LK-2118160	Halyala	845	0.92	7.311957	80.872676	44	044
LK-2118165	Mendiriya	846	1.06	7.309914	80.882761	44	044
LK-2118170	Gangoda	855	2.86	7.313838	80.896501	44	044
LK-2118175	Udapitawala	866	4.36	7.311222	80.911061	44	044
LK-2118180	Mahawala	870	16.39	7.291752	80.93542	44	044
LK-2118185	Pitawala Udagammedda	868	2.06	7.290287	80.910901	44	044
LK-2118190	Godakumbura	854	1.11	7.301461	80.898936	44	044
LK-2118195	Mediwaka	852	2.18	7.299998	80.888087	44	044
LK-2118200	Karandagolla	853	0.52	7.297372	80.878798	44	044
LK-2118205	Rambukwella East	850	0.89	7.289918	80.875463	44	044
LK-2118210	Rambukwella West	849	1.01	7.28681	80.872077	44	044
LK-2118215	Denapitiya	844	1.11	7.297098	80.859672	44	044
LK-2118220	Nugethenna East	842	0.84	7.287691	80.858184	44	044
LK-2118225	Nugethenna West	841	2.08	7.277599	80.849037	44	044
LK-2118230	Kevulgama	840	1.87	7.282041	80.862424	44	044
LK-2118235	Ganegala	839	2.93	7.267686	80.85473	44	044
LK-2118240	Minuwangamuwa	856	4.55	7.283918	80.886557	44	044
LK-2118245	Kalalgamuwa	857	1.93	7.285842	80.89867	44	044
LK-2118250	Pitawala	867	3.63	7.282378	80.918029	44	044
LK-2118255	Dewahandiya East	863	21.94	7.234218	80.912492	44	044
LK-2118260	Hapukanda East	865	1.32	7.273739	80.907199	44	044
LK-2118265	Hapukanda West	864	1.85	7.272447	80.900453	44	044
LK-2118270	Madugalla Udagammedda	858	1.67	7.270295	80.891784	44	044
LK-2118275	Madugalla North	859	0.55	7.266533	80.883366	44	044
LK-2118280	Madugalla South	860	4.53	7.261676	80.877379	44	044
LK-2118285	Pamunethenna	835	3.07	7.255727	80.861756	44	044
LK-2118290	Devinnegama	838	1.45	7.260125	80.849067	44	044
LK-2118295	Bambarabedda East	836	1.02	7.250374	80.8502	44	044
LK-2118300	Bambarabedda West	837	1.32	7.244989	80.851715	44	044
LK-2118305	Pitigoda	834	19.3	7.219038	80.860634	44	044
LK-2118310	Kalawala	861	11.84	7.223812	80.885152	44	044
LK-2118315	Dewahandiya West	862	5.62	7.25026	80.901658	44	044
LK-2121005	Galamuduna	898	9.86	7.452938	80.884172	37	044
LK-2121010	Dungolla	900	7.34	7.453796	80.908002	37	044
LK-2121015	Thotillagas Ella	904	3.59	7.470414	80.932784	37	044
LK-2121020	Palugolla	906	4.71	7.482407	80.941981	37	044
LK-2121025	Wewere	907	7.28	7.47126	80.95765	37	044
LK-2121030	Dehemigama	905	2.93	7.459462	80.934233	37	044
LK-2121035	Himbutuwa	903	2.76	7.451713	80.933176	37	044
LK-2121040	Udattawa North	911	3.5	7.440637	80.926149	37	044
LK-2121045	Pallegaladebokka	901	7.59	7.426814	80.915449	37	044
LK-2121050	Udagaladebokka	899	8.31	7.423785	80.895457	37	044
LK-2121055	Udattawa	912	10.08	7.412122	80.932299	37	044
LK-2121060	Dambagahawela	902	2.06	7.441241	80.938574	37	044
LK-2121065	Kindigoda North	908	3.03	7.448051	80.953041	37	044
LK-2121070	Udawela	910	2.43	7.434004	80.946504	37	044
LK-2121075	Kindigoda South	909	6.66	7.440602	80.965178	37	044
LK-2121080	Ulpathagama	914	4.71	7.410539	80.961798	37	044
LK-2121085	Ambagolla	913	1.88	7.415136	80.949994	37	044
LK-2121090	Dambepitiya	915	2.43	7.397426	80.945622	37	044
LK-2121095	Welgahawadiya	918	3.49	7.389168	80.934157	37	044
LK-2121100	Mahayaya North	916	1.3	7.394311	80.956411	37	044
LK-2121105	08 Ela	921	1.03	7.39264	80.965925	37	044
LK-2121110	Welgala	923	3.68	7.389942	80.974148	37	044
LK-2121115	Mahayaya South	917	1.48	7.384281	80.954895	37	044
LK-2121120	Thorapitiya	919	2.79	7.376402	80.939017	37	044
LK-2121125	Keenapelessa	920	1.3	7.370272	80.952877	37	044
LK-2121130	Mahagalaheenna	922	1.22	7.380109	80.959624	37	044
LK-2121135	Hasalaka	924	5.24	7.371589	80.967401	37	044
LK-2121140	Pallewatta	930	3.46	7.353376	80.967004	37	044
LK-2121145	Hasalaka Nagaraya	928	2.85	7.346567	80.94403	37	044
LK-2121150	Maha Eswedduma	925	1.44	7.360927	80.943728	37	044
LK-2121155	Rathnella	926	3.59	7.366383	80.929878	37	044
LK-2121160	Gurulupotha	927	16.06	7.343762	80.924689	37	044
LK-2121165	Waragolla	929	2.76	7.341506	80.96071	37	044
LK-2121170	Weragama	931	4.51	7.337258	80.972035	37	044
LK-2121175	Bulathwelkandura	932	6.54	7.325105	80.96953	37	044
LK-2121180	Weraganthota	933	3.25	7.315034	80.974021	37	044
LK-2121185	Morayaya	934	10.32	7.295166	80.958146	37	044
LK-2121190	Lunumadalaketiya	935	10.28	7.281211	80.972192	37	044
LK-2121195	Diyabubula	936	3.56	7.293812	80.992314	37	044
LK-2121200	Handaganawa	937	5.27	7.278129	80.991502	37	044
LK-2121205	Batumulla	938	8.37	7.256294	80.973987	37	044
LK-2121210	Udayagala	939	3.67	7.250207	80.988657	37	044
LK-2121215	Asamodagamyaya	940	2.75	7.239697	80.988093	37	044
LK-2121220	Ambagahapelessa	941	2.44	7.244143	81.005389	37	044
LK-2121225	Muttettuthenna	942	3.61	7.228169	81.007422	37	044
LK-2121230	Minipe	943	3.05	7.223814	80.99271	37	044
LK-2121235	Kolonyaya	944	8.04	7.243	80.969519	37	044
LK-2121240	Bembiya	945	30.81	7.230195	80.948696	37	044
LK-2124005	Elliyadda	745	1.92	7.375918	80.755801	36	045
LK-2124010	Thunisgala	742	5.44	7.377926	80.777025	36	045
LK-2124015	Gonawala	740	4.64	7.381834	80.803884	36	045
LK-2124020	Thangappuwa	793	4.33	7.367206	80.817452	36	045
LK-2124025	Kotaganga	741	3.07	7.366068	80.798963	36	045
LK-2124030	Bulathwatta	749	2.88	7.361987	80.771218	36	045
LK-2124035	Galabadawatta	743	0.71	7.368232	80.773074	36	045
LK-2124040	Nagolla	744	1.61	7.368832	80.762443	36	045
LK-2124045	Galkotuwa	746	0.53	7.365263	80.751543	36	045
LK-2124050	Werapitiya	747	2.04	7.358974	80.743582	36	045
LK-2124055	Werathenna	748	0.47	7.358319	80.756022	36	045
LK-2124060	Randiwela	753	1.55	7.351968	80.770959	36	045
LK-2124065	Bobebila	781	1.0	7.346779	80.770444	36	045
LK-2124070	Duckwariya	792	1.69	7.353289	80.789268	36	045
LK-2124075	Rangala Aluthwatta	790	2.69	7.351851	80.805228	36	045
LK-2124080	Ferndail	794	2.18	7.360766	80.827796	36	045
LK-2124085	Hakmana	800	9.67	7.334309	80.825382	36	045
LK-2124090	Burnside	795	2.28	7.340783	80.812138	36	045
LK-2124095	Rangala	791	1.73	7.344672	80.796634	36	045
LK-2124100	Weladaramba	788	0.89	7.3365	80.79031	25	045
LK-2124105	Makuldeniya	782	2.23	7.34292	80.780061	36	045
LK-2124110	Waradiwela	780	0.98	7.341719	80.762399	36	045
LK-2124115	Giddawa-Waradiwela	752	0.68	7.349694	80.760644	36	045
LK-2124120	Dunhinna	750	1.81	7.350492	80.751914	36	045
LK-2124125	Maneluwa	751	1.18	7.346678	80.742652	35	045
LK-2124130	Giddawa	756	0.64	7.343444	80.738824	36	045
LK-2124135	Weliketiya	754	0.4	7.34188	80.75398	36	045
LK-2124140	Putuhapuwa	755	1.05	7.335454	80.760902	36	045
LK-2124145	Udabage	779	0.58	7.336051	80.769623	36	045
LK-2124150	Amupitiya	778	1.03	7.329615	80.771222	36	045
LK-2124155	Godamunna	783	1.09	7.331712	80.784452	36	045
LK-2124160	Katugoda	789	0.92	7.333347	80.797574	36	045
LK-2124165	Heeloya	796	2.08	7.3276	80.806221	36	045
LK-2124170	Kandekumbura	802	5.67	7.319096	80.828995	36	045
LK-2124175	Retiyagama	801	1.41	7.31575	80.815981	36	045
LK-2124180	Poddalgoda	787	0.91	7.330479	80.793896	36	045
LK-2124185	Nilgala	786	0.66	7.320254	80.790722	36	045
LK-2124190	Madeniyawaka	784	0.52	7.317159	80.787386	36	045
LK-2124195	Embalagama	777	0.71	7.328448	80.779284	36	045
LK-2124200	Siridigana	774	1.12	7.325031	80.76792	36	045
LK-2124205	Nugepathana	759	0.66	7.325915	80.758062	36	045
LK-2124210	Watapana	758	1.37	7.330708	80.751231	36	045
LK-2124215	Ambalagala	757	0.69	7.337309	80.743707	36	045
LK-2124220	Gangasirigama	760	0.8	7.324645	80.748396	36	045
LK-2124225	Madapola	761	1.13	7.321248	80.757504	36	045
LK-2124230	Kandegama	763	0.63	7.316745	80.7654	36	045
LK-2124235	Randeniya	765	1.21	7.310545	80.772429	36	045
LK-2124240	Pallebage	775	0.41	7.320342	80.776038	36	045
LK-2124245	Gabbela	776	0.48	7.321338	80.779614	36	045
LK-2124250	Udispattuwa	773	0.9	7.311013	80.778628	36	045
LK-2124255	Ranmulla	772	2.21	7.303211	80.789286	36	045
LK-2124260	Maharawela	785	0.68	7.310342	80.792801	36	045
LK-2124265	Kurukohogama	797	0.76	7.314416	80.797684	36	045
LK-2124270	Kiribattalawa	798	0.82	7.305092	80.799807	36	045
LK-2124275	Hathiyalwela	804	3.69	7.313595	80.832204	36	045
LK-2124280	Mangoda	806	3.34	7.307632	80.84039	36	045
LK-2124285	Rambukpotha	807	3.79	7.304052	80.845215	36	045
LK-2124290	Namandagala	805	2.22	7.298664	80.826256	36	045
LK-2124295	Metideniya	803	1.02	7.299835	80.816965	36	045
LK-2124300	Doraliyadda South	799	1.87	7.292442	80.806201	36	045
LK-2124305	Wegala	771	2.1	7.289895	80.798551	36	045
LK-2124310	Meegahamaditta	770	1.84	7.285304	80.794272	36	045
LK-2124315	Rambukwella - East	769	2.1	7.290425	80.783844	36	045
LK-2124320	Rambukwella	768	1.54	7.289609	80.777714	36	045
LK-2124325	Udawela	766	0.35	7.299744	80.773516	36	045
LK-2124330	Wellethota	767	0.85	7.298319	80.76965	36	045
LK-2124335	Vilamuna	764	1.27	7.30658	80.762178	36	045
LK-2124340	Karalliyadda	762	1.57	7.31153	80.756045	36	045
LK-2124345	Ambagahalanda	833	0.55	7.303048	80.75004	36	045
LK-2124350	Hijrapura	832	0.17	7.297892	80.746232	36	045
LK-2124355	Galambalama	831	0.5	7.293906	80.746026	36	045
LK-2124360	Maberiyathenna	827	7.01	7.268934	80.773161	36	045
LK-2124365	Ellepola	830	1.74	7.291967	80.754872	36	045
LK-2124370	Wewegama	829	2.4	7.293216	80.764992	36	045
LK-2124375	Senarathwela	828	0.99	7.280856	80.763844	36	045
LK-2124380	Nithulemada	826	2.09	7.276603	80.772258	36	045
LK-2124385	Udathenna	811	0.53	7.284265	80.811579	36	045
LK-2124390	Medamahanuwara	810	0.89	7.288733	80.819075	36	045
LK-2124395	Bomure	809	1.07	7.282956	80.82004	36	045
LK-2124400	Rajagala	808	2.93	7.281196	80.834962	36	045
LK-2124405	Wathuliyadda	813	1.71	7.273958	80.820392	36	045
LK-2124410	Moragahamula	812	0.67	7.277698	80.810026	36	045
LK-2124415	Mahadoraliyadda	814	11.08	7.258854	80.799707	36	045
LK-2124425	Puwakgahadiwela	817	1.97	7.257467	80.816035	36	045
LK-2124430	Ambale	815	1.31	7.261178	80.824009	36	045
LK-2124435	Meeriyagolla	816	3.68	7.265046	80.835431	36	045
LK-2124440	Bambaragahadeniya	818	3.68	7.244088	80.83735	36	045
LK-2124445	Meegahalanda	821	1.54	7.239572	80.829527	36	045
LK-2124450	Sandasiri Dunuvila	819	1.8	7.24521	80.819021	36	045
LK-2124455	Thennalanda	820	6.13	7.229353	80.805149	36	045
LK-2124460	Udagammedda	824	3.28	7.228074	80.826566	36	045
LK-2124465	Welapahala	822	6.7	7.210091	80.816833	36	045
LK-2124470	Meda Gammedda	823	7.08	7.209521	80.838662	36	045
LK-2127005	Dunuhappawa	647	1.68	7.357448	80.718982	35	046
LK-2127010	Naranpanawa West	725	1.72	7.354562	80.732588	35	046
LK-2127015	Kandekumbura	724	1.83	7.342743	80.72283	35	046
LK-2127020	Alawathugirigama	649	1.96	7.345643	80.711841	35	046
LK-2127025	Galpihilla	646	0.81	7.351597	80.708644	35	046
LK-2127030	Makkanigama	648	0.62	7.346474	80.702936	35	046
LK-2127035	Wavinna	671	1.66	7.336582	80.701635	35	046
LK-2127040	Pallegama	670	0.81	7.333889	80.690519	35	046
LK-2127045	Maharathenna West	675	0.38	7.325403	80.70015	35	046
LK-2127050	Udagama North	672	0.78	7.329432	80.704519	35	046
LK-2127055	Ihala Gonagama	676	1.1	7.333952	80.712417	35	046
LK-2127060	Delgaslanda	708	1.03	7.327406	80.718229	35	046
LK-2127065	Lunuketiyamaditta	709	0.9	7.3267	80.725017	35	046
LK-2127070	Naranpanawa East	723	1.15	7.341107	80.731439	35	046
LK-2127075	Kuruambemuduna	722	0.98	7.333242	80.733947	35	046
LK-2127080	Maluwegama	720	1.15	7.324191	80.740752	35	046
LK-2127085	Wepathana	721	1.52	7.322847	80.731516	35	046
LK-2127090	Gonawala North	718	1.87	7.314294	80.738438	35	046
LK-2127095	Deliwalathenna	710	0.89	7.318332	80.719925	35	046
LK-2127100	Heepitiya	711	0.91	7.317242	80.711984	35	046
LK-2127105	Udagama South	673	0.71	7.324646	80.709354	35	046
LK-2127110	Maharathenna East	674	0.44	7.320481	80.702643	35	046
LK-2127115	Menikhinna	705	0.92	7.313267	80.704662	35	046
LK-2127120	Hurikaduwa North	678	0.67	7.312017	80.696116	35	046
LK-2127125	Hurikaduwa West	677	1.04	7.313214	80.691198	35	046
LK-2127130	Bogaskumbura	661	0.53	7.31024	80.682066	35	046
LK-2127135	Pilawala North	660	0.95	7.304891	80.673147	35	046
LK-2127140	Amunugama North	656	0.75	7.312502	80.672414	35	046
LK-2127145	Amunugama South	657	0.69	7.309903	80.664097	35	046
LK-2127150	Udagunnepana South	667	0.58	7.316952	80.665506	35	046
LK-2127155	Udagunnepana North	666	0.74	7.322048	80.659267	35	046
LK-2127160	Gabadagama South	668	0.37	7.328377	80.662864	35	046
LK-2127165	Gabadagama North	669	0.63	7.328962	80.657488	35	046
LK-2127170	Pallegunnepana South	665	0.92	7.319263	80.650968	35	046
LK-2127175	Pallegunnepana North	664	1.19	7.314784	80.651739	35	046
LK-2127180	Sirimalwatta West	651	0.52	7.305979	80.652234	35	046
LK-2127185	Sirimalwatta East	650	0.37	7.305875	80.657229	35	046
LK-2127190	Sirimalwatta Pallegama	653	0.43	7.30213	80.659244	35	046
LK-2127195	Lewellagama	655	0.63	7.296544	80.659426	35	046
LK-2127200	Degaldoruwa	652	0.37	7.29868	80.66422	35	046
LK-2127205	Deekirimadawala	659	0.37	7.303109	80.66681	35	046
LK-2127210	Hapuwala	658	0.67	7.298037	80.670555	35	046
LK-2127215	Galapitaambe	663	0.57	7.301053	80.677647	35	046
LK-2127220	Hathamuna	707	0.47	7.301372	80.686284	35	046
LK-2127225	Dodamgolla	682	0.71	7.302233	80.695573	35	046
LK-2127230	Hurikaduwa South	679	0.6	7.306902	80.697239	35	046
LK-2127235	Hurikaduwa East	680	0.72	7.303194	80.703989	35	046
LK-2127240	Hurikaduwa Madige	704	0.38	7.302652	80.710106	35	046
LK-2127245	Galamuna	713	0.4	7.309268	80.709897	35	046
LK-2127250	Malpana	712	1.2	7.309081	80.719221	35	046
LK-2127255	Ahaspokuna North	714	0.66	7.304959	80.72796	35	046
LK-2127260	Gonawala South	719	1.38	7.30734	80.735862	35	046
LK-2127265	Kumbukkandura South	717	0.53	7.306812	80.743286	35	046
LK-2127270	Kumbukkandura North	716	0.53	7.304391	80.745074	35	046
LK-2127275	Rajawella North	696	1.23	7.292788	80.739987	35	046
LK-2127280	Ahaspokuna South	715	0.62	7.300471	80.728681	35	046
LK-2127285	Ihalawela	701	1.15	7.298659	80.721999	35	046
LK-2127290	Kengalla	700	1.88	7.297032	80.713823	35	046
LK-2127295	Nithulethenna	681	1.33	7.290802	80.702285	35	046
LK-2127300	Dambarawa	706	1.15	7.29797	80.691793	35	046
LK-2127305	Pilawala South	662	0.42	7.297445	80.682693	35	046
LK-2127310	Mahawatta East	690	0.23	7.292688	80.686604	35	046
LK-2127315	Mahawatta North	689	0.76	7.286941	80.685714	35	046
LK-2127320	Mahawatta West	688	0.34	7.290057	80.678248	35	046
LK-2127325	Mahawatta South	687	0.41	7.293194	80.677665	35	046
LK-2127330	Arangala North	685	0.4	7.292055	80.670538	35	046
LK-2127335	Karattamada	654	0.44	7.291324	80.664089	35	046
LK-2127340	Arangala South	686	0.38	7.286761	80.667838	35	046
LK-2127345	Galmaduwa	683	0.49	7.284748	80.679484	35	046
LK-2127350	Nattarampotha	684	1.21	7.282254	80.671179	35	046
LK-2127355	Kundasale North	691	2.72	7.276232	80.689601	35	046
LK-2127360	Kundasale South	692	4.65	7.280379	80.705244	35	046
LK-2127365	Balagolla West	699	0.6	7.285998	80.711276	35	046
LK-2127370	Balagolla East	698	3.21	7.274821	80.723145	35	046
LK-2127375	Aswalapitiya	702	0.57	7.288376	80.724496	35	046
LK-2127380	Diyabubula	703	1.07	7.290661	80.732126	35	046
LK-2127385	Rajawella South	697	1.02	7.281962	80.749279	35	046
LK-2127390	Aluth Pallekele	694	3.07	7.268579	80.747096	35	046
LK-2127395	Wijaya Sri Gama	693	1.33	7.268632	80.742499	35	046
LK-2127400	Ambakotayawatta	695	4.15	7.271179	80.735106	35	046
LK-2130005	Mavilmada	227	0.65	7.325541	80.638097	11	048
LK-2130010	Siyambalagasthenna	226	0.36	7.322958	80.632352	11	048
LK-2130015	Pitakanda Gama	250	0.6	7.322044	80.627953	11	048
LK-2130020	Senkadagala	251	0.22	7.323297	80.624324	11	048
LK-2130025	Wattaranthenna	238	0.97	7.311492	80.625989	11	049
LK-2130030	Nittawela	225	0.54	7.318004	80.63423	11	048
LK-2130035	Watapuluwa	228	0.31	7.316908	80.641172	11	048
LK-2130040	Mahaweli Uyana	231	0.51	7.319455	80.64381	11	048
LK-2130045	Watapuluwa South	230	0.29	7.311243	80.642894	11	048
LK-2130050	Aruppala East	224	0.26	7.309409	80.64844	11	048
LK-2130055	Aruppala West	223	0.48	7.306471	80.645871	11	048
LK-2130060	Watapuluwa West	229	0.71	7.308389	80.64012	11	048
LK-2130065	Mahaiyawa	239	0.49	7.303856	80.636589	11	049
LK-2130070	Mapanawathura	237	0.48	7.310855	80.63029	11	049
LK-2130075	Poorna Watta East	241	0.21	7.307934	80.635075	11	049
LK-2130080	Poorna Watta West	240	0.18	7.303758	80.632726	11	049
LK-2130085	Asgiriya	235	0.5	7.300578	80.630888	11	049
LK-2130090	Bahirawa Kanda	236	0.66	7.296495	80.626473	11	049
LK-2130095	Nuwara Dodamwala	232	0.81	7.29633	80.61993	11	049
LK-2130100	Aniwatta East	234	0.67	7.290645	80.621279	11	049
LK-2130105	Katukele West	256	0.26	7.284719	80.623533	11	049
LK-2130110	Katukele	255	0.42	7.290931	80.629496	11	049
LK-2130115	Ihala Katukele	258	0.22	7.294051	80.632772	11	049
LK-2130120	Mahanuwara	257	0.62	7.297711	80.637586	11	049
LK-2130125	Lewella	222	0.63	7.300713	80.64841	11	048
LK-2130130	Thalwatta	221	0.67	7.29425	80.653427	11	048
LK-2130135	Boowelikada	220	0.93	7.293288	80.646218	11	048
LK-2130140	Malwatta	254	2.48	7.278549	80.64219	11	048
LK-2130145	Bogambara	264	0.28	7.28901	80.63554	11/34	048
LK-2130150	Deiyannewela	261	0.34	7.2881	80.630916	11	049
LK-2130155	Nagasthenna	262	0.29	7.282168	80.631505	11	049
LK-2130160	Suduhumpala East	265	0.16	7.281733	80.628913	11	048
LK-2130165	Suduhumpala West	266	0.22	7.281409	80.624951	11	049
LK-2130170	Welata	260	0.57	7.278685	80.616584	11	049
LK-2130175	Aniwatta West	233	0.77	7.285605	80.617011	11	049
LK-2130180	Getambe	259	2.57	7.272761	80.596139	11	049
LK-2130185	Pahala Eriyagama	282	0.6	7.261572	80.590598	34	049
LK-2130190	Godagandeniya	283	0.31	7.258457	80.5877	34	049
LK-2130195	Palle Peradeniya	248	1.93	7.255341	80.598787	34	048
LK-2130200	Uda Bowala	244	0.7	7.267768	80.618048	11/34	048
LK-2130205	Bowala	245	0.77	7.271298	80.614492	11/34	048
LK-2130210	Mulgampala	243	0.33	7.275719	80.618301	11	048
LK-2130215	Heeressagala	242	3.24	7.269371	80.629874	11/34	048
LK-2130220	Hanthana Pedesa	263	1.36	7.274588	80.636299	34	048
LK-2130225	Ampitiya South	253	0.69	7.283774	80.64716	11	048
LK-2130230	Ampitiya North	252	0.58	7.285569	80.652292	11	048
LK-2130235	Ampitiya Udagama North	269	0.72	7.278914	80.658388	34	048
LK-2130240	Thennakumbura	275	1.33	7.283983	80.662471	34	048
LK-2130245	Ampitiya Pallegama	271	0.8	7.273343	80.665052	34	048
LK-2130250	Meddegama	272	0.9	7.268109	80.657858	34	048
LK-2130255	Ampitiya Udagama South	270	0.99	7.27415	80.652684	34	048
LK-2130260	Wewathenna	274	1.22	7.26363	80.662597	34	048
LK-2130265	Ulpathakumbura	273	1.39	7.268132	80.672155	34	048
LK-2130270	Gurudeniya West	278	0.6	7.270653	80.6811	34	048
LK-2130275	Gurudeniya East	276	3.24	7.265559	80.708766	34	048
LK-2130280	Maligathenna	279	2.42	7.259951	80.708831	34	048
LK-2130285	Gurudeniya Dambawela	277	0.46	7.265466	80.685822	34	048
LK-2130290	Lewla	280	0.67	7.257968	80.681051	34	048
LK-2130295	Ketawala	281	1.02	7.259553	80.674682	34	048
LK-2130300	Bowalawatta	247	2.2	7.259001	80.620699	34	048
LK-2130305	Ogastawatta	246	0.59	7.262445	80.61147	34	048
LK-2130310	Uda Peradeniya	249	4.52	7.251133	80.612145	34	048
LK-2130315	Hindagala	267	2.34	7.23245	80.603741	34	048
LK-2130320	Mahakanda	268	2.41	7.227714	80.611232	34	048
LK-2133005	Amuwathdeniya	488	0.74	7.368261	80.562408	33	042
LK-2133010	Doranegama	487	0.68	7.370749	80.566181	33	042
LK-2133015	Ihagama	489	0.82	7.363335	80.571536	33	042
LK-2133020	Medawala	484	1.57	7.361698	80.560212	33	042
LK-2133025	Angoda	485	0.58	7.355076	80.558374	33	042
LK-2133030	Dembaralawa	486	1.26	7.360248	80.575965	33	042
LK-2133035	Bothota	483	1.03	7.359748	80.583534	33	042
LK-2133040	Attaragama East	481	0.98	7.352417	80.586096	33	042
LK-2133045	Attaragama	480	0.8	7.347348	80.585676	33	042
LK-2133050	Gonigoda-Palkumbura	468	0.62	7.345325	80.577032	33	042
LK-2133055	Gonigoda	467	0.36	7.344628	80.583507	33	042
LK-2133060	Attaragama South	482	0.39	7.349055	80.594231	33	042
LK-2133065	Hapugoda	408	1.15	7.346694	80.606114	33	042
LK-2133070	Udabokalawela	411	0.84	7.342093	80.604501	33	042
LK-2133075	Rajapihilla	463	0.63	7.343424	80.594543	33	042
LK-2133080	Ulladupitiya East	465	0.56	7.339455	80.582931	33	042
LK-2133085	Ulladupitiya West	466	0.46	7.339386	80.576213	33	042
LK-2133090	Arambegama	470	0.92	7.337138	80.571387	33	042
LK-2133095	Aladeniya	471	0.73	7.33834	80.56257	33	042
LK-2133100	Hedeniya	472	0.39	7.339472	80.55841	33	042
LK-2133105	Rajasinghagama	476	0.84	7.33225	80.553828	33	042
LK-2133110	Palkumbura	475	0.74	7.330547	80.547228	33	042
LK-2133115	Narangoda	473	0.14	7.336506	80.558797	33	042
LK-2133120	Kurundugolla	474	0.97	7.329544	80.562298	33	042
LK-2133125	Viguhumpola	469	1.1	7.326277	80.567398	33	042
LK-2133130	Hiriyalagammana	455	0.46	7.326673	80.579212	33	042
LK-2133135	Thittapajjala	461	0.54	7.330455	80.580696	33	042
LK-2133140	Thittapajjala North	462	0.48	7.333378	80.583788	33	042
LK-2133145	Nugawela	452	0.99	7.332265	80.589613	33	042
LK-2133150	Batuambe	454	0.29	7.332933	80.592466	33	042
LK-2133155	Endaruthenna	464	0.38	7.337451	80.591706	33	042
LK-2133160	Embulpuraya	453	0.53	7.334472	80.597486	33	042
LK-2133165	Uduwawala West	417	0.6	7.332929	80.603485	33	042
LK-2133170	Uduwawala North	418	0.46	7.336563	80.606541	33	042
LK-2133175	Pallebokalawela	412	0.62	7.3427	80.61453	33	042
LK-2133180	Ranawana West	409	0.72	7.336551	80.61567	33	042
LK-2133185	Ranawana East	410	0.42	7.330972	80.619374	33	042
LK-2133190	Uduwawala East	419	0.46	7.331497	80.609141	33	042
LK-2133195	Senarathgama North	425	0.46	7.325612	80.605964	33	042
LK-2133200	Wathuwala	490	0.25	7.324787	80.601284	33	042
LK-2133205	Uyanwatta	491	0.31	7.327706	80.598544	33	042
LK-2133210	Dadahogama	449	0.59	7.322108	80.595827	33	042
LK-2133215	Mapamadulla	450	0.43	7.323046	80.589443	33	042
LK-2133220	Malagammana	451	0.19	7.322869	80.583708	33	042
LK-2133225	Ruwanpuraya	460	0.73	7.315228	80.584272	33	042
LK-2133230	Kurunduwatta	456	0.35	7.326097	80.572546	33	042
LK-2133235	Karanduwawala Ihala	477	0.6	7.320971	80.559403	33	042
LK-2133240	Karanduwawala Pahala	478	0.23	7.322562	80.556668	33	042
LK-2133245	Owathenna	479	1.1	7.324346	80.550666	33	042
LK-2133250	Yahalathenna West	459	0.54	7.318102	80.573163	33	042
LK-2133255	Yahalathenna Kanda	457	0.73	7.316	80.580349	33	042
LK-2133260	Kulugammana	447	1.18	7.315937	80.592379	33	042
LK-2133265	Uguressapitiya	426	0.27	7.318476	80.601691	33	042
LK-2133270	Senarathgama South	424	0.45	7.319501	80.606555	33	042
LK-2133275	Kondadeniya	423	0.7	7.318915	80.611983	33	042
LK-2133280	Etamurungagoda	414	0.56	7.328675	80.616013	33	042
LK-2133285	Yatiwawala	415	0.46	7.325027	80.61986	11	042
LK-2133290	Katugasthota	413	0.08	7.326159	80.623771	33	042
LK-2133295	Inigala	416	0.22	7.322019	80.61667	33	042
LK-2133300	Rathmale	422	0.48	7.317575	80.616176	33	042
LK-2133305	Hamangoda North	436	0.68	7.30913	80.610137	33	042
LK-2133310	Hamangoda South	437	0.69	7.310931	80.603591	33	042
LK-2133315	Uggalla	427	0.17	7.313684	80.600927	33	042
LK-2133320	Udadoolwala	442	0.57	7.308339	80.596369	33	042
LK-2133325	Kurundugahamada	448	0.22	7.310018	80.589775	33	042
LK-2133330	Seewaleekanda	446	0.51	7.303302	80.594019	33	042
LK-2133335	Mahathenna	458	1.23	7.308004	80.582074	33	042
LK-2133340	Bulathgolla	444	0.67	7.299285	80.587734	33	042
LK-2133345	Yatihalagala Udagama	445	0.72	7.297983	80.594798	33	042
LK-2133350	Pahala Doolwala	443	0.51	7.303168	80.59954	33	042
LK-2133355	Udamulla	433	0.35	7.305019	80.606923	33	042
LK-2133360	Gohagoda	429	0.42	7.305689	80.615838	33	042
LK-2133365	Wegiriya	421	0.47	7.312636	80.61677	33	042
LK-2133370	Polwatta	420	0.53	7.315724	80.62241	33	042
LK-2133375	Madapathagama	428	0.17	7.308439	80.620505	33	042
LK-2133380	Banwelgolla	431	0.49	7.302764	80.619757	33	042
LK-2133385	Narangaskumbura	430	0.27	7.299103	80.6163	33	042
LK-2133390	Pallemulla	432	0.42	7.299203	80.611796	33	042
LK-2133395	Haloluwa Pallegama	434	0.41	7.30413	80.603691	33	042
LK-2133400	Bogahakanda	438	0.38	7.29576	80.600809	33	042
LK-2133405	Yatihalagala Pallegama	440	0.63	7.29105	80.597903	33	042
LK-2133410	Haloluwa	435	0.77	7.294176	80.610376	33	042
LK-2133415	Kumburegedara	441	0.32	7.289135	80.604893	33	042
LK-2133420	Warathenna	439	0.73	7.282196	80.60271	33	042
LK-2134005	Paragoda	375	1.9	7.367385	80.459288	43	041
LK-2134010	Aludeniya North	374	1.09	7.371096	80.469085	43	041
LK-2134015	Aludeniya South	376	1.2	7.361785	80.468708	43	041
LK-2134020	Alakolamaditta	377	0.86	7.355766	80.465375	43	041
LK-2134025	Amboruwa	315	1.29	7.356324	80.476604	43	041
LK-2134030	Galdola	314	0.67	7.357895	80.482332	43	041
LK-2134035	Polwatta Ihalagama	347	2.17	7.348402	80.488403	43	041
LK-2134040	Ilpemada	346	1.34	7.351753	80.497416	43	041
LK-2134045	Polwatta	323	1.06	7.344388	80.483679	43	041
LK-2134050	Dunkumbura	324	0.86	7.344915	80.475465	43	041
LK-2134055	Nikathenna	330	2.74	7.344728	80.464142	43	041
LK-2134060	Narangaspitiya	336	2.54	7.347818	80.443384	43	041
LK-2134065	Godathale	333	2.08	7.347371	80.433618	43	041
LK-2134070	Kalotuwawa	334	2.29	7.346968	80.427006	43	041
LK-2134075	Dedunupitiya Pahalagama	332	0.94	7.330842	80.432787	43	041
LK-2134080	Damunupola	337	1.57	7.333403	80.442149	43	041
LK-2134085	Pallepola	329	0.68	7.340748	80.455719	43	041
LK-2134090	Welagama	335	0.96	7.332734	80.453172	43	041
LK-2134095	Weligodapola	328	1.28	7.33136	80.463945	43	041
LK-2134100	Hatharaliyadda	350	0.95	7.33588	80.481293	43	041
LK-2134105	Kanakkarapola North	348	0.54	7.33503	80.475153	43	041
LK-2134110	Mawathagama	326	0.79	7.33765	80.487351	43	041
LK-2134115	Imbulethenna	325	0.38	7.330879	80.491287	43	041
LK-2134120	Welivita Ihala North	340	1.32	7.327723	80.497375	43	041
LK-2134125	Welivita Ihalagama	338	1.1	7.33375	80.501454	43	041
LK-2134130	Sivurupitiya	339	1.23	7.331328	80.514465	43	041
LK-2134135	Eramuduliyadda	351	1.31	7.327222	80.520775	43	041
LK-2134140	Muruddeniya	391	0.63	7.322653	80.526477	43	041
LK-2134145	Walpalagolla North	395	1.25	7.325401	80.537414	43	041
LK-2134150	Walpalagolla East	397	0.77	7.323607	80.544251	43	041
LK-2134155	Walpalagolla South	396	0.95	7.318991	80.534033	43	041
LK-2134160	Welivita Pahalagama	352	1.18	7.320779	80.509721	43	041
LK-2134165	Handabowa	341	0.35	7.324937	80.503619	43	041
LK-2134170	Meegasthenna	345	0.53	7.327281	80.483061	43	041
LK-2134175	Kanakkarapola South	349	1.81	7.319688	80.472945	43	041
LK-2134180	Avulbodale	327	0.48	7.32419	80.468603	43	041
LK-2134185	Lechchimimenila	387	0.24	7.326988	80.460133	43	041
LK-2134190	Yaggala	390	0.29	7.324236	80.456085	43	041
LK-2134195	Rangamuwa	388	0.53	7.3248	80.449928	43	041
LK-2134200	Dedunupitiya Ihalagama	331	1.02	7.325312	80.439522	43	041
LK-2134205	Ambawa	389	0.75	7.318313	80.450331	43	041
LK-2134210	Dehideniya Madige	386	1.01	7.315351	80.457861	43	041
LK-2134215	Pelena Pahalagama	383	0.62	7.318574	80.465175	43	041
LK-2134220	Pelena	384	1.39	7.310069	80.465178	43	041
LK-2134225	Kandemeeya	385	0.43	7.321932	80.463753	43	041
LK-2134230	Alagalla Pahalagama	381	0.93	7.309632	80.482578	43	041
LK-2134235	Alagalla Ihala	382	2.15	7.303883	80.475275	43	041
LK-2134240	Mudagammana	344	0.73	7.320692	80.478513	43	041
LK-2134245	Pattapola Ihala	342	2.09	7.315869	80.486816	43	041
LK-2134250	Pattapola Pahalagama	343	1.28	7.319983	80.492964	43	041
LK-2134255	Welivita Pahalagama South	353	1.81	7.316461	80.504839	43	041
LK-2134260	Andiyathenna	357	0.75	7.30448	80.507786	43	041
LK-2134265	Kolugala	354	1.46	7.307431	80.516649	43	041
LK-2134270	Kolugala Pahalagama	355	0.74	7.31265	80.518607	43	041
LK-2134275	Kithuldora	356	0.97	7.312957	80.526484	43	041
LK-2134280	Aluthgama Pahala	393	0.97	7.311503	80.534017	43	041
LK-2134285	Aluthgama Ihala	394	0.72	7.308298	80.539167	43	041
LK-2136005	Alagalla Watta	190	1.46	7.295277	80.480405	47	050
LK-2136010	Kirimetiya Watta	186	1.57	7.301345	80.489307	47	050
LK-2136015	Pahala Yatigammana	184	0.95	7.297131	80.497343	47	050
LK-2136020	Yatigammana	183	0.66	7.295959	80.502355	47	050
LK-2136025	Thismada	219	0.36	7.304672	80.501704	47	050
LK-2136030	Kotaligoda North	215	0.43	7.28904	80.511341	47	050
LK-2136035	Udawela Nadithalawa	177	0.59	7.299261	80.521447	47	050
LK-2136040	Udawela Pallemaditta	178	0.72	7.301214	80.529233	47	050
LK-2136045	Wathurakumbura	157	1.57	7.300022	80.541544	47	050
LK-2136050	Gurugama	158	1.24	7.299572	80.549226	47	050
LK-2136055	Dehianga North	159	0.97	7.303101	80.555183	47	050
LK-2136060	Kobbekaduwa	141	1.64	7.307861	80.560242	47	050
LK-2136065	Ihala Kobbekaduwa	142	0.57	7.315253	80.556478	47	050
LK-2136070	Pelawa Ihalagama	138	0.58	7.313367	80.564792	47	050
LK-2136075	Yahalathenna	140	0.81	7.314291	80.571085	47	050
LK-2136080	Pelawa Ihala Meda	139	0.74	7.304898	80.568767	47	050
LK-2136085	Pelawa Pahalagama	137	1.04	7.300728	80.575012	47	050
LK-2136090	Gannoruwa West	135	1.33	7.293007	80.58378	47	050
LK-2136095	Dehigama East	143	0.69	7.296689	80.568932	47	050
LK-2136100	Dehigama South	145	0.46	7.291585	80.565013	47	050
LK-2136105	Dehigama North	144	0.59	7.29643	80.56455	47	050
LK-2136110	Dehianga South	160	0.47	7.296003	80.557302	47	050
LK-2136115	Pahala Dodamwala	156	0.84	7.289589	80.552379	47	050
LK-2136120	Ihala Dodamwala	155	0.95	7.290089	80.543689	47	050
LK-2136125	Udawela Pahalagama	179	0.79	7.295995	80.532066	47	050
LK-2136130	Munwathugoda	162	0.29	7.287397	80.534098	47	050
LK-2136135	Walgampaya	211	1.18	7.288584	80.529149	47	050
LK-2136140	Bathgoda	212	0.52	7.285194	80.524015	47	050
LK-2136145	Doluwa East	213	0.65	7.289347	80.520263	47	050
LK-2136150	Doluwa West	214	0.44	7.290732	80.515915	47	050
LK-2136155	Kotaligoda South	216	1.21	7.293926	80.510878	47	050
LK-2136160	Menikdiwela	217	1.11	7.289087	80.503755	47	050
LK-2136165	Pottepitiya	185	0.35	7.288299	80.495479	47	050
LK-2136170	Ihala Alagalla	189	0.82	7.287296	80.483471	47	050
LK-2136175	Godigamuwa	187	1.5	7.281498	80.487951	47	050
LK-2136180	Motana Dekinda	199	0.62	7.272946	80.481648	47	050
LK-2136185	Gondeniya	188	1.27	7.278674	80.495215	47	050
LK-2136190	Madiligama	195	0.41	7.279888	80.501377	47	050
LK-2136195	Udarathmeewala	196	0.48	7.281425	80.50542	47	050
LK-2136200	Pahala Rathmeewala	197	0.85	7.275723	80.510799	47	050
LK-2136205	Deldeniya	218	0.8	7.281982	80.514538	47	050
LK-2136210	Walgowwagoda	206	0.86	7.277541	80.523612	47	050
LK-2136215	Kavudupana	207	0.51	7.272144	80.52428	47	050
LK-2136220	Haliyadda	174	0.77	7.274499	80.53442	47	050
LK-2136225	Danthure	161	0.91	7.284629	80.537716	47	050
LK-2136230	Siyambalagoda	163	0.6	7.280196	80.540427	47	050
LK-2136235	Parakatawella	181	0.79	7.280298	80.545704	47	050
LK-2136240	Imbulmalgama	182	0.53	7.280696	80.551455	47	050
LK-2136245	Diyapalagoda	147	0.63	7.285934	80.559045	47	050
LK-2136250	Mangalagama	146	0.88	7.287739	80.566035	47	050
LK-2136255	Karuwalawatta	128	0.49	7.287962	80.578408	47	050
LK-2136260	Gannoruwa Central	136	0.85	7.286562	80.588503	47	050
LK-2136265	Dehideniya West	154	0.31	7.277503	80.582511	47	050
LK-2136270	Sooriyagoda	127	0.77	7.283921	80.574012	47	050
LK-2136275	Malgammana	149	0.52	7.278349	80.560456	47	050
LK-2136280	Moladanda	148	0.75	7.277056	80.565826	47	050
LK-2136285	Giragama	180	0.87	7.273874	80.556235	47	050
LK-2136290	Arambegama East	164	0.62	7.271717	80.548554	22/47	050
LK-2136295	Kudaoya	170	0.39	7.270092	80.54299	47	050
LK-2136300	Kurunduwatta	169	0.43	7.269801	80.538427	47	050
LK-2136305	Kandangama North	208	0.56	7.267271	80.528703	22/47	050
LK-2136310	Mamudawala	201	0.4	7.267473	80.521355	47	050
LK-2136315	Maligathenna	203	0.57	7.268283	80.516883	47	050
LK-2136320	Ketakumbura	202	0.58	7.268226	80.512693	47	050
LK-2136325	Amunupura	191	0.78	7.271082	80.502408	47	050
LK-2136330	Moragolla Mahakanda	200	0.63	7.26393	80.490087	47	050
LK-2136335	Balana	198	0.93	7.269706	80.48802	47	050
LK-2136340	Weralugolla	192	1.05	7.261783	80.498777	47	050
LK-2136345	Pahala Mudaliwatta	194	1.24	7.262494	80.506077	47	050
LK-2136350	Mudaliwatta	193	0.61	7.257829	80.516574	22/47	050
LK-2136355	Panabokka	210	0.46	7.261718	80.520411	22/47	050
LK-2136360	Kandangama South	209	0.14	7.261519	80.528299	22	050
LK-2136365	Kotabogoda	175	0.48	7.266618	80.533375	22/47	050
LK-2136370	Urapola	168	0.44	7.262937	80.540861	22/47	050
LK-2136375	Arambegama West	165	0.52	7.267671	80.547418	22/47	050
LK-2136380	Embilmeegama North	166	0.7	7.267754	80.560894	22/47	050
LK-2136385	Ranawana	150	0.34	7.269804	80.567922	47	050
LK-2136390	Bulumulla	125	0.74	7.270269	80.573595	47	050
LK-2136395	Pilapitiya	126	1.42	7.277237	80.575521	47	050
LK-2136400	Kiribathkumbura East	129	0.5	7.27257	80.580511	47	050
LK-2136405	Dehideniya East	153	0.42	7.27642	80.586264	47	050
LK-2136410	Kendakaduwa	134	0.5	7.273615	80.590812	47	050
LK-2136415	Gannoruwa East	133	1.79	7.278216	80.597108	47	050
LK-2136420	Uda Eriyagama East	151	0.33	7.269559	80.589495	47	050
LK-2136425	Uda Eriyagama West	152	0.38	7.268988	80.586434	47	050
LK-2136430	Edanduwawa East	131	0.51	7.261761	80.583826	47	050
LK-2136435	Edanduwawa West	132	0.38	7.261972	80.58059	47	050
LK-2136440	Kiribathkumbura West	130	0.76	7.261665	80.57747	47	050
LK-2136445	Embilmeegama South	167	0.65	7.262252	80.56301	47	050
LK-2136450	Govindala	171	0.48	7.260871	80.554964	22	050
LK-2136455	Pilimathalawa	172	0.43	7.261439	80.550825	22	050
LK-2136460	Ilukwatta	173	0.82	7.259648	80.544701	22	050
LK-2136465	Madarangoda	176	0.34	7.260871	80.53498	22	050
LK-2136470	Kadawathgama	204	1.01	7.254846	80.524404	22	050
LK-2136475	Kadugannawa Town	205	0.22	7.259162	80.525906	22	050
LK-2139005	Gangoda	1	0.24	7.258508	80.56733	46	051
LK-2139010	Gangoda North	3	0.22	7.259432	80.564477	46	051
LK-2139015	Werellamana	5	0.26	7.261308	80.571742	46	051
LK-2139020	Thalawatta	4	0.3	7.25743	80.575163	46	051
LK-2139025	Boyagama	6	0.36	7.255294	80.570756	46	051
LK-2139030	Gangoda South	2	0.53	7.254738	80.563591	46	051
LK-2139035	Gadaladeniya North	81	0.59	7.254192	80.555714	46	051
LK-2139040	Kiriwavula East	89	0.35	7.252399	80.550913	46	051
LK-2139045	Kiriwavula West	90	0.51	7.252079	80.545636	46	051
LK-2139050	Alanduwaka	122	0.64	7.25231	80.541342	46	051
LK-2139055	Pahala Koorukuttala	118	0.62	7.253401	80.535906	46	051
LK-2139060	Ihala Koorukuttala	117	0.58	7.251751	80.529959	46	051
LK-2139065	Belungala	115	1.41	7.249241	80.51545	46	051
LK-2139070	Lagamuwa	114	0.96	7.245353	80.524092	46	051
LK-2139075	Mathgamuwa	119	0.75	7.243265	80.533438	46	051
LK-2139080	Urulewatta	121	0.54	7.243861	80.541689	46	051
LK-2139085	Warakagoda	86	0.56	7.245746	80.549206	46	051
LK-2139090	Hepana	87	0.48	7.244982	80.555468	46	051
LK-2139095	Gadaladeniya South	82	0.37	7.248777	80.55844	46	051
LK-2139100	Deliwala	85	0.42	7.243638	80.561177	46	051
LK-2139105	Pamunuwa West	84	0.34	7.248187	80.563281	46	051
LK-2139110	Pamunuwa East	83	0.45	7.246612	80.569209	46	051
LK-2139115	Mampitiya	7	0.7	7.250246	80.572162	46	051
LK-2139120	Rajagiriya	8	0.34	7.247223	80.578279	46	051
LK-2139125	Hendeniya West	9	0.47	7.251065	80.581509	46	051
LK-2139130	Hendeniya East	10	0.32	7.25115	80.585113	46	051
LK-2139135	Penideniya	21	0.25	7.252653	80.589125	46	051
LK-2139140	Sangabogama	13	0.17	7.248204	80.588191	46	051
LK-2139145	Meewathura	20	0.84	7.248189	80.592668	46	051
LK-2139150	Angunawala East	18	0.36	7.238325	80.597921	46	051
LK-2139155	Angunawala West	19	0.31	7.238427	80.594594	46	051
LK-2139160	Yalegoda East	11	0.48	7.242228	80.589426	46	051
LK-2139165	Yalegoda West	12	0.49	7.242068	80.585254	46	051
LK-2139170	Alapalawala East	16	0.66	7.2395	80.582493	46	051
LK-2139175	Alapalawala West	17	0.35	7.240824	80.575259	46	051
LK-2139180	Walgama	78	0.42	7.241244	80.569393	46	051
LK-2139185	Rabbegamuwa North	79	0.46	7.238728	80.5625	46	051
LK-2139190	Rabbegamuwa South	80	0.25	7.236088	80.564433	46	051
LK-2139195	Hiddavulla East	91	0.73	7.23375	80.558004	46	051
LK-2139200	Ganguldeniya	88	0.49	7.238608	80.549566	46	051
LK-2139205	Wattappola	123	0.77	7.23494	80.545352	46	051
LK-2139210	Walagedara North	110	0.65	7.235763	80.537433	46	051
LK-2139215	Udagama	120	0.28	7.24245	80.537435	46	051
LK-2139220	Aluthkanda	116	1.14	7.238331	80.525927	46	051
LK-2139225	Sadikkawatta	112	0.67	7.231662	80.526371	46	051
LK-2139230	Kovilakanda	113	1.86	7.222619	80.527988	46	051
LK-2139235	Walagedara South	111	0.79	7.227856	80.533295	46	051
LK-2139240	Nikahetiya	109	0.99	7.224083	80.539816	46	051
LK-2139245	Panabokka	124	0.81	7.226679	80.546773	46	051
LK-2139250	Hiddavulla West	92	0.88	7.231685	80.55396	46	051
LK-2139255	Hiyarapitiya	74	0.57	7.232985	80.567259	46	051
LK-2139260	Heeyawala	77	0.33	7.237383	80.571295	46	051
LK-2139265	Imbuldeniya	76	0.56	7.232015	80.575706	46	051
LK-2139270	Naranwala	15	0.45	7.235928	80.580361	46	051
LK-2139275	Handessa	14	0.27	7.230608	80.582671	46	051
LK-2139280	Piligalla West	23	0.34	7.234236	80.587706	46	051
LK-2139285	Piligalla East	22	0.3	7.233481	80.591221	46	051
LK-2139290	Godapola West	28	0.27	7.230703	80.594661	46	051
LK-2139295	Godapola East	27	0.39	7.229832	80.598953	46	051
LK-2139300	Kamburadeniya	29	0.54	7.225885	80.59072	46	051
LK-2139305	Meewaladeniya	33	0.65	7.224009	80.585226	46	051
LK-2139310	Arattana	54	0.4	7.226015	80.58086	46	051
LK-2139315	Davulagala	55	0.7	7.225913	80.574428	46	051
LK-2139320	Aravuwawala	75	0.71	7.227	80.565639	46	051
LK-2139325	Rangama	73	0.59	7.222726	80.55912	46	051
LK-2139330	Wathupola	65	0.9	7.22109	80.551971	46	051
LK-2139335	Manikkawa	108	1.89	7.209295	80.533132	46	051
LK-2139340	Elpitikanda	107	3.14	7.206093	80.522326	46	051
LK-2139345	Kooradeniya	106	0.83	7.207947	80.546794	46	051
LK-2139350	Ambanwala	105	1.1	7.216068	80.545053	46	051
LK-2139355	Werawala East	69	0.4	7.212103	80.554152	46	051
LK-2139360	Werawala West	67	0.4	7.216227	80.558472	46	051
LK-2139365	Siyambalagoda	72	0.42	7.215652	80.564856	46	051
LK-2139370	Meddegoda	71	0.18	7.221677	80.563937	46	051
LK-2139375	Embekka	70	0.37	7.220249	80.568124	46	051
LK-2139380	Ambarapola	59	0.25	7.219407	80.57306	46	051
LK-2139385	Eladetta West	53	0.3	7.220751	80.576018	46	051
LK-2139390	Ihala Pethiyagoda	34	0.33	7.216497	80.582437	46	051
LK-2139395	Pethiyagoda West	32	0.23	7.213763	80.584618	46	051
LK-2139400	Pethiyagoda East	31	0.58	7.214376	80.589676	46	051
LK-2139405	Palle Aludeniya	30	0.57	7.219315	80.592524	46	051
LK-2139410	Karamada North	24	0.22	7.224516	80.597326	46	051
LK-2139415	Nawa Peradeniya	26	0.57	7.22122	80.601412	46	051
LK-2139420	Karamada South	25	0.42	7.218748	80.598264	46	051
LK-2139425	Nawa Elpitiya North	39	0.14	7.211045	80.601756	46	051
LK-2139430	Gelioya	38	0.45	7.211514	80.59763	46	051
LK-2139435	Dehipagoda West	36	0.28	7.2088	80.593199	46	051
LK-2139440	Dehipagoda East	37	0.28	7.208795	80.588734	46	051
LK-2139445	Eladetta East	52	0.74	7.212907	80.579008	46	051
LK-2139450	Hathnagoda	62	0.22	7.209146	80.577508	46	051
LK-2139455	Ketakumbura	56	0.3	7.210813	80.572525	46	051
LK-2139460	Boowelikada	58	0.17	7.214193	80.573415	46	051
LK-2139465	Dodamdeniya	60	0.24	7.21644	80.570974	46	051
LK-2139470	Batupitiya	57	0.29	7.209897	80.567818	46	051
LK-2139475	Bambaradeniya	63	0.38	7.211018	80.564209	46	051
LK-2139480	Pilapitiya	64	0.29	7.205738	80.562991	46	051
LK-2139485	Rangoda	66	0.39	7.208466	80.558471	46	051
LK-2139490	Ambagasthenna	68	0.23	7.207206	80.555227	46	051
LK-2139495	Welamboda	100	0.79	7.201506	80.550975	46	051
LK-2139500	Liyangaha Watta	101	0.23	7.202097	80.544975	46	051
LK-2139505	Maveekumbura North	103	2.66	7.195668	80.541722	46	051
LK-2139510	Maveekumbura South	104	1.2	7.192149	80.534664	46	051
LK-2139515	Watadeniya	102	0.46	7.196054	80.549789	46	051
LK-2139520	Viharagama	99	0.43	7.198805	80.558173	46	051
LK-2139525	Ganhatha	93	0.67	7.200874	80.56413	46	051
LK-2139530	Daskara	61	0.63	7.204405	80.569865	46	051
LK-2139535	Wegiriya East	48	0.41	7.2002	80.576514	46	051
LK-2139540	Thalawathura	49	0.56	7.20284	80.583232	46	051
LK-2139545	Muruthagahamula	35	0.29	7.203526	80.586894	46	051
LK-2139550	Pitawalawatta	43	0.49	7.205133	80.597661	46	051
LK-2139555	Nawa Elpitiya South	40	0.15	7.204082	80.601962	46	051
LK-2139560	Polgahaanga	44	0.51	7.199668	80.598294	46	051
LK-2139565	Delgahapitiya	45	0.54	7.197481	80.594318	46	051
LK-2139570	Weligalla	41	0.47	7.191757	80.595476	46	051
LK-2139575	Uda Aludeniya	42	0.85	7.194016	80.588831	46	051
LK-2139580	Palkumbura	46	0.42	7.201007	80.588883	46	051
LK-2139585	Lunugama	50	0.39	7.199291	80.579573	46	051
LK-2139590	Hondiyadeniya	51	0.76	7.192661	80.579378	46	051
LK-2139595	Wegiriya West	47	0.66	7.197637	80.572637	46	051
LK-2139600	Kotagaloluwa	97	0.38	7.193762	80.569541	46	051
LK-2139605	Deldeniya	98	0.59	7.188133	80.570151	46	051
LK-2139610	Dihitideniya	94	0.57	7.19275	80.563395	46	051
LK-2139615	Appallagoda East	95	0.48	7.193404	80.55744	46	051
LK-2139620	Appallagoda West	96	0.28	7.192166	80.552694	46	051
LK-2142005	Galoya	1162	2.26	7.221613	80.62201	45	052
LK-2142010	Haloya	1160	5.51	7.22059	80.635768	45	052
LK-2142015	Wariyagala	1161	5.06	7.204972	80.638366	45	052
LK-2142020	Megoda Kalugamuwa	1157	1.02	7.211223	80.608825	45	052
LK-2142025	Ganegoda	1158	1.43	7.201743	80.611614	45	052
LK-2142030	Godawela	1156	1.52	7.191507	80.611973	45	052
LK-2142035	Nawa Gurukele	1139	2.54	7.18522	80.623476	45	052
LK-2142040	Nillamba	1137	2.87	7.19514	80.635375	45	052
LK-2142045	Nawa Nillamba	1136	3.74	7.19387	80.652025	45	052
LK-2142050	Palledelthota	1135	5.53	7.183181	80.663565	45	052
LK-2142055	Gurukele	1138	3.05	7.176864	80.637667	45	052
LK-2142060	Legumdeniya	1146	3.66	7.169191	80.620211	45	052
LK-2142065	Orayanwatta	1154	1.31	7.170936	80.605727	45	052
LK-2142070	Doluwa	1155	0.97	7.186536	80.605728	45	052
LK-2142075	Inguruwatta	1153	1.88	7.176352	80.598782	45	052
LK-2142080	Naranvita	1149	0.94	7.173739	80.587281	45	052
LK-2142085	Atuwewatta	1151	0.69	7.168251	80.580659	45	052
LK-2142090	Gampolawatta	1150	0.6	7.164504	80.585412	45	052
LK-2142095	Wewathenna	1152	0.95	7.166565	80.592893	45	052
LK-2142100	Thundeniya	1143	1.52	7.157551	80.598374	45	052
LK-2142105	Kahawatta	1144	0.91	7.162111	80.607404	45	052
LK-2142110	Gothatuwela	1145	1.25	7.161884	80.615052	45	052
LK-2142115	Millagahamula	1173	1.6	7.150444	80.61402	45	052
LK-2142120	Pabadeniya	1148	1.5	7.154674	80.626324	45	052
LK-2142125	Panvilathenna	1147	2.8	7.161362	80.638115	45	052
LK-2142130	Masgolla	1141	5.84	7.158496	80.654688	45	052
LK-2142135	Thumpelawaka	1140	4.36	7.165045	80.666189	45	052
LK-2142140	Mulgama	1132	1.66	7.153966	80.676192	45	052
LK-2142145	Ududeniya	1134	1.61	7.144088	80.682527	45	052
LK-2142150	Hunugala	1142	4.97	7.140687	80.668175	45	052
LK-2142155	Rajathalawa	1182	1.84	7.140856	80.650288	45	052
LK-2142160	Pupuressa	1181	10.39	7.116883	80.685836	45	052
LK-2142165	Pitawala	1133	7.74	7.144889	80.694548	45	052
LK-2145005	Uduwelawatta Colony	954	1.46	7.255447	80.636427	41	047
LK-2145010	Galthenna	955	0.41	7.255547	80.647477	41	047
LK-2145015	Wathuliyedda	953	1.47	7.262373	80.647126	41	047
LK-2145020	Monarangala	952	0.9	7.256703	80.657523	41	047
LK-2145025	Nehiniwela	962	1.09	7.252268	80.668146	41	047
LK-2145030	Godompitiya	963	0.44	7.25022	80.676489	41	047
LK-2145035	Hippola	958	0.72	7.251688	80.682959	41	047
LK-2145040	Kossinna	956	0.15	7.260888	80.685411	41	047
LK-2145045	Thalathuoya West	960	0.57	7.254523	80.691844	41	047
LK-2145050	Pussathenna	957	1.31	7.257742	80.695931	41	047
LK-2145055	Pinnagolla	986	0.84	7.249913	80.701107	41	047
LK-2145060	Singharagama	988	2.03	7.249771	80.713498	41	047
LK-2145065	Haragama	1001	4.06	7.249105	80.7343	41	047
LK-2145070	Kapuliyadda East	992	0.53	7.24164	80.71741	41	047
LK-2145075	Kapuliyadda West	991	0.31	7.239414	80.712024	41	047
LK-2145080	Doolmure	987	0.6	7.240276	80.70659	41	047
LK-2145085	Bootawatta North	984	0.84	7.243163	80.698004	41	047
LK-2145090	Thalathuoya East	961	0.65	7.248482	80.691655	41	047
LK-2145095	Ankelipitiya	971	1.08	7.237397	80.68818	41	047
LK-2145100	Batagalla	959	0.68	7.246804	80.683507	41	047
LK-2145105	Ethulgama East	968	0.48	7.243043	80.677147	41	047
LK-2145110	Ethulgama North	967	0.73	7.245361	80.664073	41	047
LK-2145115	Uduwela Pallegama East	949	0.3	7.250205	80.659976	41	047
LK-2145120	Uduwela Pallegama West	950	0.24	7.250996	80.655939	41	047
LK-2145125	Uduwela Pallegama South	948	0.24	7.252045	80.65261	41	047
LK-2145130	Uduwela Udagama West	947	1.99	7.245264	80.631516	41	047
LK-2145135	Uduwela Udagama East	946	1.79	7.240766	80.638373	41	047
LK-2145140	Ratemulla	951	2.8	7.239665	80.647301	41	047
LK-2145145	Pooliyadda	964	0.97	7.239855	80.655455	41	047
LK-2145150	Ethulgama West	966	2.07	7.233384	80.658827	41	047
LK-2145155	Ethulgama South	965	2.03	7.234297	80.665487	41	047
LK-2145160	Haputhale Egodagama	972	0.83	7.236854	80.676994	41	047
LK-2145165	Haputhale Udagama	969	0.52	7.233321	80.67647	41	047
LK-2145170	Moragolla	973	0.76	7.227809	80.680713	41	047
LK-2145175	Haputhale Pallegama	970	0.57	7.232251	80.686091	41	047
LK-2145180	Nugaliyadda Ihala	983	0.62	7.228445	80.690994	41	047
LK-2145185	Nugaliyadda Pahala	982	0.43	7.231178	80.694764	41	047
LK-2145190	Bootawatta South	985	0.76	7.23648	80.69856	41	047
LK-2145195	Godamunna West	990	1.25	7.226701	80.698013	41	047
LK-2145200	Narangasthenna	993	0.51	7.234517	80.711288	41	047
LK-2145205	Godalawela	994	0.29	7.236938	80.716796	41	047
LK-2145210	Bolepa	999	1.37	7.235498	80.724314	41	047
LK-2145215	Pathamailapitiya South	1006	2.88	7.234647	80.738293	41	047
LK-2145220	Pathamailapitiya North	1005	3.63	7.23979	80.753888	41	047
LK-2145225	Udamailapitiya North	1002	1.37	7.225937	80.753257	41	047
LK-2145230	Damunugolla	1008	0.44	7.224668	80.739808	41	047
LK-2145235	Marassana	1007	0.56	7.223655	80.735261	41	047
LK-2145240	Medadeniya	1000	1.2	7.228433	80.729952	41	047
LK-2145245	Welegama	995	1.28	7.227883	80.714239	41	047
LK-2145250	Godamunna East	989	1.02	7.22518	80.704724	41	047
LK-2145255	Letiyagolla	975	0.86	7.22424	80.681798	41	047
LK-2145260	Sriyagama	974	3.48	7.219901	80.673095	41	047
LK-2145265	Medagama Udagama	996	5.12	7.206115	80.705503	41	047
LK-2145270	Medagama Pallegama	997	1.12	7.221912	80.718368	41	047
LK-2145275	Kandewela	1013	0.31	7.218549	80.732342	41	047
LK-2145280	Elikewela	1010	0.4	7.215028	80.734741	41	047
LK-2145285	Meeruppa	1009	0.59	7.216549	80.743178	41	047
LK-2145290	Kethigannawela	1004	1.24	7.217665	80.749771	41	047
LK-2145295	Udamailapitiya South	1003	2.0	7.21953	80.760383	41	047
LK-2145300	Galagoda	1011	1.07	7.209148	80.74481	41	047
LK-2145305	Hewavissa East	1016	0.74	7.207664	80.734744	41	047
LK-2145310	Hewavissa West	1017	0.54	7.211222	80.732011	41	047
LK-2145315	Bawlana	1014	2.41	7.214006	80.722808	41	047
LK-2145320	Oluwawatta	1015	0.98	7.202531	80.723351	41	047
LK-2145325	Kiriwanagoda	1012	0.67	7.202934	80.736844	41	047
LK-2145330	Ududeniya Madige	1022	0.4	7.202784	80.745522	41	047
LK-2145335	Unuvinna East	1024	2.79	7.205176	80.762981	41	047
LK-2145340	Unuvinna West	1025	1.35	7.200218	80.755618	41	047
LK-2145345	Ududeniya	1023	0.33	7.200373	80.747708	41	047
LK-2145350	Bopitiya	1018	0.95	7.196943	80.737515	41	047
LK-2145355	Pothgoda	1019	0.57	7.197696	80.749411	41	047
LK-2145360	Kahambiliyawa	1021	0.88	7.19249	80.75342	41	047
LK-2145365	Neelawala	1020	0.96	7.190092	80.745403	41	047
LK-2148005	Perawatta West	981	6.42	7.215315	80.656531	41	047
LK-2148010	Perawatta East	980	1.41	7.211878	80.671331	41	047
LK-2148015	Palugama	977	2.21	7.208035	80.682623	41	047
LK-2148020	Udadelthota	976	5.17	7.196043	80.68415	41	047
LK-2148025	Galaha	978	0.61	7.19632	80.66959	41	047
LK-2148030	Suduwella	979	3.92	7.179471	80.687465	41	047
LK-2148035	Greatweliya	1043	1.18	7.185634	80.70442	41	047
LK-2148040	Bawlanawatta Janapadaya	998	2.86	7.196031	80.71831	41	047
LK-2148045	Maussawa	1035	3.02	7.188026	80.728143	41	047
LK-2148050	Wanahapuwa	1036	1.03	7.17919	80.719566	41	047
LK-2148055	Bopitiya Nagaraya	1038	1.43	7.184021	80.712562	41	047
LK-2148060	Medakekila	1037	0.44	7.17468	80.708599	41	047
LK-2148065	Karagaskada South	1042	0.53	7.174083	80.703244	41	047
LK-2148070	Karagaskada North	1041	0.65	7.174631	80.697975	41	047
LK-2148075	Gonangoda	1040	3.98	7.160356	80.701174	41	047
LK-2148080	Kandegama	1046	0.45	7.168179	80.715346	41	047
LK-2148085	Wetakepotha	1034	0.64	7.175444	80.71503	41	047
LK-2148090	Pattiyagama Pallegama	1033	1.28	7.169364	80.725552	41	047
LK-2148095	Kiriwanaketiya	1027	0.96	7.176034	80.735772	41	047
LK-2148100	Kolambissa West	1030	0.34	7.181558	80.739588	41	047
LK-2148105	Murapola West	1032	0.32	7.185482	80.744309	41	047
LK-2148110	Murapola East	1031	0.96	7.182737	80.748902	41	047
LK-2148115	Kolambissa East	1029	0.59	7.177842	80.744536	41	047
LK-2148120	Nawaneliya	1026	0.81	7.16916	80.731923	41	047
LK-2148125	Kotagepitiya	1028	0.89	7.16833	80.739099	41	047
LK-2148130	Wadiyagoda	1047	0.5	7.165536	80.72041	41	047
LK-2148135	Pattiyagama Udagama	1039	1.3	7.159899	80.716702	41	047
LK-2148140	Pattiyagama Gabadagama North	1045	1.73	7.149146	80.713206	41	047
LK-2148145	Pattiyagama Gabadagama South	1044	3.86	7.143306	80.707716	41	047
LK-2151005	Egoda Kalugamuwa	1159	0.75	7.205661	80.6045	45	052
LK-2151010	Udovita	1125	1.4	7.186451	80.597415	21	052
LK-2151015	Kirinda	1123	1.24	7.184998	80.586619	21	052
LK-2151020	Galgediyawa	1124	0.86	7.183721	80.577048	21	052
LK-2151025	Ranawala	1130	1.02	7.182294	80.564015	45	052
LK-2151030	Bowala	1131	1.25	7.184769	80.555676	45	052
LK-2151035	Rathmalkaduwa	1126	0.92	7.17471	80.553296	21	052
LK-2151040	Hapugaspitiya	1128	0.61	7.174336	80.556873	45	052
LK-2151045	Unambuwa	1121	1.04	7.176004	80.566791	45	052
LK-2151050	Ilangawatta	1120	0.24	7.175866	80.575373	45	052
LK-2151055	Kahatapitiya	1119	0.56	7.178894	80.578755	21	052
LK-2151060	Bothalapitiya	1109	0.34	7.171582	80.576374	21	052
LK-2151065	Gampola East	1108	0.34	7.172016	80.573148	21	052
LK-2151070	Mount Temple	1122	0.68	7.170936	80.565913	21	052
LK-2151075	Keerapane	1129	0.31	7.165221	80.562576	21	052
LK-2151080	Sinhapitiya North	1127	1.85	7.168036	80.55239	21	052
LK-2151085	Sinhapitiya South	1118	0.58	7.163726	80.557178	21	052
LK-2151090	Gampola West	1111	0.33	7.163145	80.567579	21	052
LK-2151095	Polkumbura	1112	0.28	7.161425	80.568792	21	052
LK-2151100	Illawathura	1110	0.32	7.165248	80.574927	21	052
LK-2151105	Angammana East	1163	1.2	7.157984	80.58557	21	052
LK-2151110	Angammana West	1164	0.8	7.157691	80.577403	21	052
LK-2151115	Aregoda	1113	0.25	7.154188	80.56664	21	052
LK-2151120	Kurukude	1114	0.11	7.149322	80.568236	21	052
LK-2151125	Kudamake	1115	0.24	7.153792	80.563993	21	052
LK-2151130	Godagama	1117	0.78	7.159452	80.556105	21	052
LK-2151135	Jayamalapura	1116	0.53	7.14326	80.569755	21	052
LK-2151140	Amunupuraya	1165	2.04	7.147619	80.587258	45	052
LK-2151145	Wattehena	1170	2.33	7.142787	80.602055	45	052
LK-2151150	Millagaspitiya	1172	0.84	7.140916	80.613978	45	052
LK-2151155	Udagama	1171	1.27	7.140604	80.620946	45	052
LK-2151160	Hunukotugama	1175	1.14	7.143289	80.631521	45	052
LK-2151165	Dunukeulla	1183	4.78	7.126346	80.644315	45	052
LK-2151170	Wanahapuwa	1184	8.05	7.121023	80.660614	45	052
LK-2151175	Ihalagama	1174	1.13	7.135801	80.631292	45	052
LK-2151180	Paradeka	1178	5.06	7.122997	80.6213	45	052
LK-2151185	Amuhena	1169	1.58	7.135147	80.608271	45	052
LK-2151190	Delpitiya	1166	1.66	7.13916	80.590452	45	052
LK-2151195	Nawadevita	1167	1.73	7.135968	80.582608	45	052
LK-2151200	Galatha	1185	7.03	7.117502	80.585249	45	053
LK-2151205	Pallegama	1168	3.6	7.124743	80.59883	45	052
LK-2151210	Pussellawa	1176	5.64	7.113247	80.644377	45	052
LK-2151215	Wahugapitiya	1177	1.08	7.113933	80.627489	45	052
LK-2151220	Pussellawagama	1179	2.91	7.100819	80.631318	45	052
LK-2151225	Doragala	1180	9.75	7.097439	80.611816	45	052
LK-2151230	Kekulanda	1186	5.4	7.09159	80.592442	45	053
LK-2151235	Weliganga	1188	1.85	7.097085	80.569828	45	053
LK-2151240	Kalugalhinna	1189	1.98	7.086885	80.562469	45	053
LK-2151245	Mawathura	1187	4.42	7.08655	80.577712	45	053
LK-2154005	Kohowala	1060	1.57	7.146573	80.518812	32	053
LK-2154010	Polmalagama	1062	1.16	7.145136	80.529054	32	053
LK-2154015	Galpaya	1066	3.76	7.146166	80.541626	32	053
LK-2154020	Herakola	1067	1.4	7.145655	80.556177	32	053
LK-2154025	Wallahagoda	1068	3.51	7.156804	80.545508	32	053
LK-2154030	Maligapurana	1078	0.72	7.156601	80.570272	32	053
LK-2154035	Gampolawela	1077	1.81	7.142462	80.574456	32	053
LK-2154040	Ethgala North	1073	0.57	7.141099	80.565645	32	053
LK-2154045	Thembiligala	1070	1.96	7.133104	80.557113	32	053
LK-2154050	Pellapitiya North	1065	3.95	7.128434	80.543456	32	053
LK-2154055	Malwattagama	1063	3.08	7.128188	80.529206	32	053
LK-2154060	Giraulla	1061	1.76	7.132553	80.519006	32	053
LK-2154065	Karagala	1059	1.86	7.136555	80.511648	32	053
LK-2154070	Wetakedeniya	1058	4.98	7.120213	80.497218	32	053
LK-2154075	Uduwella	1052	3.34	7.11086	80.495018	32	053
LK-2154080	Patithalawa	1048	8.35	7.1133	80.463555	32	053
LK-2154085	Kelly Group	1049	4.25	7.101629	80.444102	32	053
LK-2154090	Alugolla	1051	7.41	7.098026	80.477674	32	053
LK-2154095	Gemunupura	1057	1.36	7.104835	80.511474	32	053
LK-2154100	Yatapana	1056	2.23	7.113782	80.520237	32	053
LK-2154105	Pellapitiya South	1064	4.29	7.11061	80.538616	32	053
LK-2154110	Ulapane North	1071	3.46	7.111199	80.559947	32	053
LK-2154115	Udagama	1069	2.95	7.118071	80.563561	32	053
LK-2154120	Ethgala West	1075	0.18	7.131331	80.563006	32	053
LK-2154125	Ethgala East	1074	0.46	7.132212	80.565627	32	053
LK-2154130	Sinhapura	1076	1.35	7.12741	80.569834	32	053
LK-2154135	Ulapane South	1072	2.34	7.09963	80.55439	32	053
LK-2154140	Pitakanda	1054	4.2	7.0913	80.526855	32	053
LK-2154145	Udahenthenna	1055	3.09	7.094579	80.515176	32	053
LK-2154150	Rakshawa	1053	7.46	7.082129	80.496112	32	053
LK-2154155	Miyanagolla	1050	7.36	7.076952	80.473537	32	053
LK-2157005	Pallegama	1104	1.67	7.085609	80.551529	39	053
LK-2157010	Warakawa	1105	1.69	7.07791	80.541546	23/39	053
LK-2157015	Weligodawatta	1102	2.44	7.0748	80.533105	39	053
LK-2157020	Dandubediruppa	1103	4.56	7.07716	80.526704	39	053
LK-2157025	Penithuduwa	1106	2.47	7.057107	80.519157	39	053
LK-2157030	Pahala Rambukpitiya	1090	4.51	7.055144	80.5034	39	053
LK-2157035	Uda Rambukpitiya	1089	5.12	7.053735	80.493294	39	053
LK-2157040	Balanthota North	1091	12.14	7.040801	80.482887	39	053
LK-2157045	Weligampola	1096	1.03	7.040627	80.516887	39	053
LK-2157050	Karahandungala	1107	0.58	7.048071	80.52192	39	053
LK-2157055	Nawalapitiya South	1086	0.98	7.059096	80.533364	23	053
LK-2157060	Nawalapitiya North	1087	0.3	7.051977	80.52906	23	053
LK-2157065	Nawalapitiya West	1088	0.52	7.050281	80.532361	23	053
LK-2157070	Nawalapitiya East	1085	0.55	7.057678	80.537353	23	053
LK-2157075	Imbulpitiya	1084	4.86	7.048668	80.545628	23/39	053
LK-2157080	Greenwood	1082	4.72	7.028454	80.56549	39	053
LK-2157085	Bawwagama	1083	5.64	7.034021	80.53913	23/39	053
LK-2157090	Kendopitiya	1097	3.17	7.030738	80.526675	39	053
LK-2157095	Aluthgama	1093	2.09	7.029281	80.513131	39	053
LK-2157100	Balanthota South	1092	1.19	7.028896	80.495856	39	053
LK-2157105	Dekinda	1094	2.99	7.014085	80.51238	39	053
LK-2157110	Mapakanda North	1100	1.24	7.020719	80.536659	39	053
LK-2157115	Inguruoya North	1099	6.14	7.012031	80.550851	39	053
LK-2157120	Kadiyanlena	1081	7.12	7.003415	80.585022	39	053
LK-2157125	Westhole	1079	12.62	6.986316	80.573947	39	053
LK-2157130	Inguruoya South	1098	4.09	6.991039	80.541803	39	053
LK-2157135	Mapakanda South	1101	2.01	7.009124	80.531176	39	053
LK-2157140	Wewegama	1095	10.87	6.989075	80.526103	39	053
LK-2157145	Hydree	1080	14.26	6.963033	80.561084	39	053
LK-2203005	Wetakoluwewa	E438D	4.04	7.856949	80.583807	33	037
LK-2203010	Dewahoowa Colony 2	E437D	2.29	7.855432	80.570528	33	037
LK-2203015	Makulugaswewa	E438A	0.86	7.847077	80.576766	33	037
LK-2203020	Ibbankatuwa	E439B	3.77	7.835392	80.63316	33	037
LK-2203025	Thalakiriyagama	E439	6.76	7.825483	80.619396	33	037
LK-2203030	Thennakonpura	E438C	3.05	7.841229	80.616795	33	037
LK-2203035	Dandubendiruppa	E438	7.06	7.850571	80.602869	33	037
LK-2203040	Dewahoowa Colony 1	E437C	2.43	7.840134	80.568456	33	037
LK-2203045	Bulanawewa	E437A	5.05	7.833061	80.562645	33	037
LK-2203050	Pahala Diggala	E438B	5.38	7.829857	80.588121	33	037
LK-2203055	Meewalapathaha	E433D	1.98	7.813517	80.601155	33	037
LK-2203060	Pahala Wewa	E439A	4.57	7.79844	80.606433	33	037
LK-2203065	Yatigalpotta	E433A	6.41	7.800491	80.588971	33	037
LK-2203070	Kumbukgolla	E437B	5.63	7.816432	80.568779	33	037
LK-2203075	Kosgahahinna	E436D	3.01	7.822367	80.548482	33	037
LK-2203080	Ralalerotawewa	E436C	4.16	7.817149	80.537345	33	037
LK-2203085	Moragolla	E436A	3.51	7.81427	80.525376	33	037
LK-2203090	Pibidunugama	E436B	8.3	7.809585	80.507631	33	037
LK-2203095	Aluthwewa	E436	6.85	7.788876	80.513385	33	037
LK-2203100	Bambaragaswewa	E435	3.18	7.79493	80.537425	33	037
LK-2203105	Beliyakanda	E437	5.65	7.801647	80.568132	33	037
LK-2203110	Puwakpitiya	E433C	1.67	7.770721	80.575904	33	037
LK-2203115	Walaswewa	E433	4.19	7.773629	80.594042	33	037
LK-2203120	Galapamula	E432H	1.38	7.780294	80.579252	33	037
LK-2203125	Damunumulla	E432A	2.49	7.78591	80.569501	33	037
LK-2203130	Pattiwela	E432F	3.23	7.78666	80.556138	33	037
LK-2203135	Nilagama	E435A	4.86	7.78881	80.545354	33	037
LK-2203140	Hombawa	E431A	7.03	7.766268	80.529945	33	037
LK-2203145	Silwathgama	E432J	2.58	7.788508	80.597758	33	037
LK-2203150	Weragalawatta	E432G	2.26	7.765081	80.604924	33	037
LK-2203155	Palu Hombawa	E433B	1.4	7.762417	80.552005	33	037
LK-2203160	Dambawatawana	E434A	1.19	7.771674	80.564406	33	037
LK-2203165	Nabadagahawatta	E434	1.13	7.762034	80.583873	33	037
LK-2203170	Galewela Town	E432	1.06	7.76266	80.571691	33	037
LK-2203175	Pathkolagolla	E432B	1.63	7.76243	80.559806	33	037
LK-2203180	Kospotha	E431C	4.12	7.755478	80.544674	33	037
LK-2203185	Ranwediyawa	E432I	1.95	7.74754	80.555204	33	037
LK-2203190	Pahala Bambawa	E432E	1.21	7.747484	80.565269	33	037
LK-2203195	Danduyaya	E432C	1.03	7.755357	80.571263	33	037
LK-2203200	Dambagolla	E434B	5.73	7.749369	80.589179	33	037
LK-2203205	Ihala Bambawa	E432D	1.44	7.743329	80.573627	33	037
LK-2203210	Siyambalagahawela	E427A	4.96	7.735243	80.605626	33	037
LK-2203215	Pihilyaya	E427C	2.25	7.734079	80.587919	33	037
LK-2203220	Medabedda North	E428B	3.97	7.728343	80.572039	33	037
LK-2203225	Divulgaskotuwa	E431D	2.38	7.735788	80.554267	33	037
LK-2203230	Hathadukkuwa	E431B	5.86	7.722789	80.541963	33	037
LK-2203235	Beligamuwa	E431	3.51	7.723291	80.554509	33	037
LK-2203240	Medabedda South	E428C	1.46	7.716413	80.571445	33	037
LK-2203245	Wahakotte	E427	0.93	7.719872	80.58587	33	037
LK-2203250	Galgodayaya	E427D	1.45	7.728451	80.592649	33	037
LK-2203255	Palapathwala	E427B	6.21	7.730824	80.616744	33	037
LK-2203260	Dembawa	E430	1.54	7.707893	80.568306	33	037
LK-2203265	Elamalpotha	E429	0.86	7.710533	80.57878	33	037
LK-2203270	Yatiwehera	E428A	0.85	7.711858	80.590916	33	037
LK-2203275	Lenawala	E428	1.97	7.704922	80.591537	33	037
LK-2203280	Hewanwela	E429A	1.57	7.698329	80.579925	33	037
LK-2203285	Wegodapola	E430B	4.72	7.692979	80.558992	33	037
LK-2203290	Kendangamuwa	E430C	4.07	7.681721	80.562512	33	037
LK-2203295	Madipola	E430A	2.87	7.680788	80.578643	33	037
LK-2206005	Siyambala Wewa	E453C	3.31	7.983146	80.709747	32	037
LK-2206010	Avudangawa	E453	4.51	7.99085	80.737152	32	037
LK-2206015	Gedigaswalana	E454	9.17	7.991958	80.762136	32	037
LK-2206020	Pidurangala	E455C	6.49	7.967996	80.767038	32	037
LK-2206025	Thalkote	E455A	6.36	7.964931	80.746574	32	037
LK-2206030	Digampathaha	E453A	5.64	7.978616	80.726864	32	037
LK-2206035	Inamaluwa	E451	16.13	7.947972	80.690762	32	037
LK-2206040	Nagalawewa	E453B	6.67	7.957417	80.716171	32	037
LK-2206045	Pothana	E452C	5.07	7.930795	80.713382	32	037
LK-2206050	Kimbissa	E452A	3.4	7.947582	80.727621	32	037
LK-2206055	Egodawewa	E452B	2.86	7.941366	80.738755	32	037
LK-2206060	Palutawa	E452	5.22	7.92553	80.73932	32	037
LK-2206065	Sigiriya	E455	3.85	7.946298	80.748887	32	037
LK-2206070	Mailattawa	E455D	21.37	7.947035	80.786661	32	037
LK-2206075	Pol Attawa	E455B	31.07	7.928616	80.789027	32	037
LK-2206080	Nikawatawana	E447	13.8	7.891765	80.757824	32	037
LK-2206085	Kumbukkandanwala	E448	10.36	7.897634	80.726994	32	037
LK-2206090	Bellanneoya	E451A	2.62	7.917314	80.692623	32	037
LK-2206095	Rathmalkatuwa	E451C	2.34	7.909317	80.685244	32	037
LK-2206100	Welihena	E450C	2.26	7.912856	80.668799	32	037
LK-2206105	Etawarahena	E451B	11.57	7.938098	80.664499	32	037
LK-2206110	Pallegama	E450	2.59	7.908332	80.653496	32	037
LK-2206115	Bulagala	E450B	4.58	7.896491	80.647243	12	037
LK-2206120	Pelvehera	E450A	6.86	7.89846	80.672058	12	037
LK-2206125	nan	E449	2.69	7.778939	80.668917	32	037
LK-2206130	Pahala Erevula	E446	12.96	7.850594	80.714108	32	037
LK-2206135	Ihala Ereula	E446C	14.06	7.851076	80.745617	32	037
LK-2206140	Welangolla	E446D	11.4	7.856256	80.766957	32	037
LK-2206145	Wewala Wewa	E447A	26.47	7.883072	80.790727	32	037
LK-2206150	Yakkuragala North	E446A	2.85	7.864722	80.689315	32	037
LK-2206155	Vilhatha	E446F	3.02	7.878895	80.683621	32	037
LK-2206160	Athuparayaya	E445C	5.74	7.87357	80.667299	12	037
LK-2206165	Pahala Wewa	E445D	1.51	7.863973	80.660802	12	037
LK-2206170	Dambulla Town	E445	3.85	7.865064	80.647833	12	037
LK-2206175	Dambulugama	E445F	1.48	7.883495	80.64248	12	037
LK-2206180	Haluapullana Wewa	E445E	4.31	7.872911	80.635199	12	037
LK-2206185	Pohoranwewa	E445B	5.39	7.857443	80.632345	12	037
LK-2206190	Yapagama	E445G	2.78	7.843537	80.6473	12	037
LK-2206195	Rathmalgaha Ela	E445A	6.53	7.847414	80.667357	12	037
LK-2206200	Yakkuragala South	E446E	3.44	7.853549	80.684921	32	037
LK-2206205	Kalundewa Aluthgama	E443A	5.04	7.823281	80.70589	32	037
LK-2206210	Angunawel Pelessa	E443B	33.48	7.815127	80.760413	32	037
LK-2206215	Kalogaha Ela	E446B	11.22	7.825605	80.688115	32	037
LK-2206220	Thittawelgolla	E444	2.27	7.829109	80.669154	12	037
LK-2206225	Moragollewa	E444B	6.06	7.811509	80.665438	12	037
LK-2206230	Kapuwatta	E444A	2.63	7.829814	80.652396	12	037
LK-2206235	Kiralagolla	E440B	5.44	7.815767	80.645098	32	037
LK-2206240	Wavulambe	E440C	4.67	7.806014	80.628171	32	037
LK-2206245	Embulambe	E440	5.76	7.793376	80.65148	32	037
LK-2206250	Puwak Attawala	E441D	3.03	7.791394	80.67162	32	037
LK-2206255	Kalundewa Paranagama	E443	11.67	7.797477	80.711384	32	037
LK-2206260	Walgamwewa	E442A	8.92	7.783182	80.692521	32	037
LK-2206265	Kandalama	E441C	20.71	7.889191	80.70265	32	037
LK-2206270	Pannampitiya	E441A	2.36	7.777786	80.655973	32	037
LK-2206275	Welamitiyawa	E440D	4.33	7.766606	80.615883	32	037
LK-2206280	Etha Bendiwewa	E440A	13.19	7.775	80.635672	32	037
LK-2206285	Lenadora North	E441	2.15	7.766136	80.660852	32	037
LK-2206290	Lenadora South	E441B	3.15	7.753253	80.664625	32	037
LK-2206295	Nayakumbura	E442	10.69	7.758831	80.689286	32	037
LK-2209005	Ussattawa	E413C	7.18	7.750439	80.629937	36	038
LK-2209010	Nikula	E413A	1.99	7.738724	80.645261	36	038
LK-2209015	Serudandapola	E415A	4.84	7.743348	80.673913	36	038
LK-2209020	Haduwa	E412C	5.92	7.728441	80.683335	36	038
LK-2209025	Bambaragahawatta	E404B	10.08	7.764438	80.720499	36	038
LK-2209030	Dambagolla	E404A	20.96	7.77594	80.749422	36	038
LK-2209035	Helambagahawatta	E404	9.01	7.745202	80.712049	36	038
LK-2209040	Pubbiliya	E406A	16.69	7.72647	80.7255	36	038
LK-2209045	Thalagoda	E407A	12.92	7.702025	80.758233	36	038
LK-2209050	Maragamuwa	E406	6.07	7.703719	80.710815	36	038
LK-2209055	Haduwela	E412B	3.45	7.710008	80.689711	36	038
LK-2209060	Dodamattawela	E412G	3.02	7.706934	80.674797	36	038
LK-2209065	Karavilahena	E412	2.87	7.721695	80.664407	36	038
LK-2209070	Bobella	E415E	1.47	7.726504	80.653471	36	038
LK-2209075	Bibila	E413	3.1	7.724562	80.642435	36	038
LK-2209080	Murutholuwa	E414A	3.83	7.726516	80.62855	36	038
LK-2209085	Mailpitiya	E414	4.38	7.699329	80.624349	36	038
LK-2209090	Wewattawa	E414C	2.75	7.705196	80.631002	36	038
LK-2209095	Penalaboda	E413D	1.97	7.707633	80.643171	36	038
LK-2209100	Naula	E413B	2.4	7.709286	80.655247	36	038
LK-2209105	Meegaha Ela	E412F	1.5	7.704645	80.663549	36	038
LK-2209110	Bowathenna Watta	E412D	3.53	7.691991	80.682516	36	038
LK-2209115	Koombiyangahaela	E412A	3.36	7.692038	80.695079	36	038
LK-2209120	Millagahamula Thenna	E409B	2.02	7.691098	80.713688	36	038
LK-2209125	Medapihilla	E413C	7.61	7.695746	80.732994	36	038
LK-2209130	Kadawatha	E413C	1.29	7.680515	80.746511	36	038
LK-2209135	Galporugolla	E413C	15.29	7.667161	80.772915	36	038
LK-2209140	Elagamuwa	E413C	13.41	7.669906	80.733295	36	038
LK-2209145	Kongahawela	E409	1.11	7.679791	80.708599	36	038
LK-2209150	Rajawela	E409A	1.82	7.668503	80.705272	36	038
LK-2209155	Ganimayaya	E412E	5.37	7.666442	80.681645	36	038
LK-2209160	Moragahamada	E383C	2.21	7.672779	80.693955	36	038
LK-2209165	Pilihudugolla Pahalagama	E410B	3.65	7.674803	80.667747	36	038
LK-2209170	Pilihudugolla Ihalagama	E410	2.58	7.69374	80.664767	36	038
LK-2209175	Arangala	E410A	1.62	7.693489	80.652741	36	038
LK-2209180	Habaragahamada	E410C	1.45	7.688795	80.644035	36	038
LK-2209185	Elhena	E415F	0.57	7.682204	80.63949	36	038
LK-2209190	Diyankaduwa	E414B	0.74	7.681546	80.631439	36	038
LK-2209195	Alugolla	E415C	1.3	7.674555	80.635377	36	038
LK-2209200	Nalanda	E415	2.17	7.66469	80.638527	36	038
LK-2209205	Wambatuyaya	E415H	0.96	7.672982	80.648396	36	038
LK-2209210	Meegolla	E415G	1.93	7.674114	80.658636	36	038
LK-2209215	Ududeniya	E415B	1.87	7.650023	80.635429	36	038
LK-2209220	Hapugasyaya	E415D	5.45	7.653999	80.647045	36	038
LK-2209225	Lihinipitiya	E382A	7.47	7.638756	80.666428	36	038
LK-2209230	Senagama	E383B	3.12	7.651584	80.678093	36	038
LK-2209235	Andawala	E382	7.26	7.621518	80.675733	36	038
LK-2209240	Opalgala	E383	15.31	7.619747	80.700631	36	038
LK-2209245	Ambana	E383A	1.99	7.651335	80.695976	36	038
LK-2209250	Moragolla	E409C	7.05	7.649454	80.710921	36	038
LK-2209255	Galboda	E408	20.33	7.626422	80.735044	36	038
LK-2209260	Kambarawa	E413C	17.66	7.635989	80.76939	36	038
LK-2212005	Janakagama	E426C	0.44	7.695297	80.585166	37	037
LK-2212010	Nilannoruwa Colony	E426D	1.63	7.69159	80.592344	37	037
LK-2212015	Aluthgama	E426	3.13	7.700966	80.605225	37	037
LK-2212020	Demada Oya	E417A	4.34	7.691092	80.614169	37	037
LK-2212025	Mananwatta	E426B	2.69	7.684679	80.602461	37	037
LK-2212030	Nilannoruwa	E426A	1.07	7.685475	80.588389	37	037
LK-2212035	Thalakiriyawa	E423B	2.2	7.670877	80.586702	37	037
LK-2212040	Kirioruwa	E418	4.68	7.670204	80.60729	37	037
LK-2212045	Kosgolla	E419B	0.82	7.66334	80.607777	37	037
LK-2212050	Nagahapola	E419E	0.59	7.660845	80.601012	37	037
LK-2212055	Bomeruwa	E423E	1.79	7.65906	80.585771	37	037
LK-2212060	Kobbevehera	E423D	1.33	7.666174	80.574756	37	037
LK-2212065	Millawana Pahalagama	E423A	6.99	7.655554	80.556854	37	037
LK-2212070	Millawana Medagama	E423C	1.25	7.653135	80.57266	37	037
LK-2212075	Kandewatta	E419A	1.37	7.658311	80.594309	37	037
LK-2212080	Mahayayawatta	E419C	0.44	7.652704	80.600138	37	037
LK-2212085	Medalanda	E419D	2.04	7.65311	80.612442	37	037
LK-2212090	Walmoruwa	E417	4.59	7.651972	80.626346	37	037
LK-2212095	Moragaspitiya	E416B	1.98	7.639555	80.616302	37	037
LK-2212100	Akuramboda	E419	1.05	7.646589	80.601912	37	037
LK-2212105	Dewarammulla	E422C	1.3	7.644155	80.586184	37	037
LK-2212110	Millawana Ihalagama	E423	2.51	7.642875	80.567329	37	037
LK-2212115	Ambokka	E422	3.49	7.630731	80.572377	37	037
LK-2212120	Maningamuwa West	E422B	1.96	7.627789	80.583866	37	037
LK-2212125	Maningamuwa East	E422A	0.97	7.634007	80.587773	37	037
LK-2212130	Koswatta	E420	1.27	7.641223	80.596189	37	037
LK-2212135	Ekamuthugama	E420D	1.05	7.63491	80.604947	37	037
LK-2212140	Ambokudena	E420C	1.18	7.642864	80.608775	37	037
LK-2212145	Koholanwala	E416D	4.19	7.632441	80.637605	37	037
LK-2212150	Udurampelessa	E416C	1.38	7.624509	80.620199	37	037
LK-2212155	Ehelepola	E416	1.39	7.626807	80.61157	37	037
LK-2212160	Pallepola North	E420A	0.66	7.627324	80.60367	37	037
LK-2212165	Monaravila	E420B	0.66	7.628476	80.596574	37	037
LK-2212170	Galahitiyagama	E422D	0.95	7.623655	80.589853	37	037
LK-2212175	Rusigama Ihalagama	E421B	1.88	7.612888	80.584127	37	037
LK-2212180	Rusigama Pahalagama	E421F	0.38	7.619089	80.592415	37	037
LK-2212185	Pallepola South	E420E	0.95	7.619723	80.601425	37	037
LK-2212190	Kinigama	E421D	1.1	7.614933	80.615793	37	037
LK-2212195	Paldeniya	E421	2.85	7.608975	80.608013	37	037
LK-2212200	Dodamgasyaya	E421E	0.59	7.610255	80.597007	37	037
LK-2212205	Ariyagama	E421A	1.48	7.607203	80.59155	37	037
LK-2212210	Polwatta	E421G	1.13	7.603534	80.602122	37	037
LK-2212215	Thembilideniya North	E421C	0.97	7.596747	80.612732	37	037
LK-2212220	Dimbulgamuwa	E416A	4.16	7.602481	80.629406	37	037
LK-2215005	Udagama West	E332E	4.88	7.589915	80.578623	41	039
LK-2215010	Selagama	E332A	1.56	7.594485	80.587038	41	039
LK-2215015	Selagama East	E332D	1.39	7.5948	80.597563	41	039
LK-2215020	Thembilideniya	E331B	0.94	7.590888	80.610161	41	039
LK-2215025	Mathale North	E331G	1.13	7.584861	80.618275	41	039
LK-2215030	Kavudupelella	E331A	2.33	7.585848	80.629198	41	039
LK-2215035	Mahawela	E331	0.28	7.583023	80.613353	41	039
LK-2215040	Mahawela West	E331E	0.42	7.581799	80.609234	41	039
LK-2215045	Delgolla	E331F	0.52	7.583414	80.604447	41	039
LK-2215050	Galagama	E332	2.42	7.57906	80.592173	41	039
LK-2215055	Nagolla	E332C	0.29	7.58695	80.594132	41	039
LK-2215060	Udagama	E332B	0.28	7.584977	80.59007	41	039
LK-2215065	Urulewatta	E334A	1.16	7.572201	80.578927	41	039
LK-2215070	Yatawatta	E334	0.95	7.563199	80.581312	41	039
LK-2215075	Mediyapola	E334C	0.61	7.566889	80.587985	41	039
LK-2215080	Nikagolla	E333	0.58	7.56664	80.597901	41	039
LK-2215085	Nikagolla North	E333A	1.23	7.574208	80.600494	41	039
LK-2215090	Dikkumbura West	E331J	0.5	7.572411	80.607849	41	039
LK-2215095	Rathalawewa	E331C	0.93	7.572411	80.614527	41	039
LK-2215100	Dikkumbura	E331D	0.2	7.56891	80.609877	41	039
LK-2215105	Wattegedara	E331I	0.34	7.565608	80.612745	41	039
LK-2215110	Galaliyadda	E331H	0.27	7.562968	80.61425	41	039
LK-2215115	Muruthawatta	E331K	0.79	7.562195	80.608486	41	039
LK-2215120	Deevilla North	E337C	1.17	7.560899	80.598499	41	039
LK-2215125	Deevilla	E337A	0.77	7.556293	80.596496	41	039
LK-2215130	Dangan Place	E337B	1.26	7.557988	80.587826	41	039
LK-2215135	Alokagama	E337E	0.41	7.555118	80.581855	41	039
LK-2215140	Walpola	E334B	0.69	7.559587	80.575696	41	039
LK-2215145	Maligathenna	E334D	3.88	7.563201	80.564387	41	039
LK-2215150	nan	E335C	1.76	7.548333	80.562547	41	039
LK-2215155	Ambanpola	E335	1.41	7.549011	80.574469	41	039
LK-2215160	Lakshahena	E335E	1.04	7.548099	80.585317	41	039
LK-2215165	Deevilla South	E337D	1.03	7.551877	80.600323	41	039
LK-2215170	Gammulla	E337	1.41	7.545094	80.600015	41	039
LK-2215175	Mottuwela	E335B	0.68	7.543153	80.581136	41	039
LK-2215180	Idangama	E335A	1.71	7.541207	80.566361	41	039
LK-2215185	Udasgiriya	E336	1.35	7.535841	80.569679	41	039
LK-2215190	Ethipallawala	E335D	0.47	7.536492	80.583191	41	039
LK-2215195	Aluthgama North	E338A	1.56	7.538001	80.592948	41	039
LK-2215200	Aluthgama	E338	1.83	7.532245	80.599993	41	039
LK-2215205	Pamunuwa	E339	0.89	7.525112	80.603481	41	039
LK-2215210	Walawela	E339B	1.15	7.52068	80.597761	41	039
LK-2215215	Unaweruwa	E339A	0.7	7.528415	80.588801	41	039
LK-2215220	Madadeniya	E336A	1.61	7.529515	80.579241	41	039
LK-2215225	Mathalapitiya	E340A	1.19	7.524703	80.572499	41	039
LK-2215230	Mathalapitiya South	E340D	1.12	7.520135	80.572163	41	039
LK-2215235	Rathninda	E340E	0.68	7.514874	80.574193	41	039
LK-2215240	Asgiri Dorakumbura	E340	0.54	7.513816	80.58018	41	039
LK-2215245	Asgiri Dorakumbura East	E340B	0.53	7.512728	80.586886	41	039
LK-2215250	Polwatta	E340C	0.86	7.520336	80.588384	41	039
LK-2215255	Dullewa	E342	1.21	7.511641	80.599663	41	039
LK-2215260	Dullewa East	E342B	2.74	7.498936	80.603064	41	039
LK-2215265	Thalgahagoda	E342A	1.06	7.50406	80.595345	41	039
LK-2215270	Daluwela	E341B	1.37	7.497752	80.590128	41	039
LK-2215275	Ethipola	E341	2.13	7.501541	80.585573	41	039
LK-2215280	Ethipola West	E341A	3.17	7.497683	80.577337	41	039
LK-2218005	Narangamuwa	E323	2.01	7.618483	80.62891	35	039
LK-2218010	Madawala Ulpatha	E322C	3.83	7.623233	80.639405	35	039
LK-2218015	Thalagasyaya	E322B	2.49	7.613603	80.644341	35	039
LK-2218020	Madawala	E322	1.27	7.612272	80.650683	35	039
LK-2218025	Rajjammana	E322A	1.66	7.615	80.662841	35	039
LK-2218030	Moragahamada	E324A	3.48	7.601819	80.657941	35	039
LK-2218035	Hathamunagala	E324C	1.27	7.589307	80.654214	35	039
LK-2218040	Ankanda	E324B	5.23	7.583447	80.645253	35	039
LK-2218045	Puwakpitiya	E324	1.82	7.572847	80.633627	35	039
LK-2218050	Walliwela	E330A	2.45	7.56942	80.62594	35	039
LK-2218055	Galwadukumbura	E330	0.8	7.564738	80.62008	35	039
LK-2218060	Dombawela	E329	1.12	7.55667	80.617933	35	039
LK-2218065	Kawatayamuna	E330B	0.55	7.552953	80.626249	35	039
LK-2218070	Eriyagolla	E325A	2.86	7.555609	80.636776	35	039
LK-2218075	Imbulandanda	E325	2.01	7.539578	80.634732	35	039
LK-2218080	Golahenwatta	E328B	0.46	7.546361	80.623599	35	039
LK-2218085	Parana Dombawela	E329A	1.72	7.548501	80.615464	35	039
LK-2218090	Ellepola	E328A	2.12	7.54046	80.612231	35	039
LK-2218095	Palapathwala	E328D	2.35	7.533104	80.627807	35	039
LK-2218100	Kottagoda	E325B	1.04	7.535805	80.639986	35	039
LK-2218105	Owala Polwatta	E326B	1.37	7.523407	80.639518	35	039
LK-2218110	Makulgaharuppa	E328E	0.7	7.524837	80.62353	35	039
LK-2218115	Udugama	E328	2.53	7.523643	80.613729	35	039
LK-2218120	nan	E328C	1.8	7.513286	80.616806	35	039
LK-2218125	Dunkalawatta	E326A	0.88	7.515754	80.6293	35	039
LK-2218130	Dorakumbura	E326	1.79	7.509428	80.632841	35	039
LK-2218135	Biridewala	E327A	1.11	7.506222	80.613444	35	039
LK-2218140	Aluvihare	E327	4.17	7.497152	80.617872	11/35	039
LK-2218145	Dikkiriya	E327B	0.52	7.498812	80.630728	35	039
LK-2218150	Parawatta	E350B	0.89	7.493569	80.6329	11/35	039
LK-2218155	Kaludewala	E350C	1.03	7.483055	80.628911	11	039
LK-2218160	Mandandawela	E350A	0.49	7.482698	80.622727	11	039
LK-2218165	Bogahakotuwa	E352E	0.36	7.476582	80.619684	11	039
LK-2218170	Harasgama	E350	1.72	7.482697	80.613059	11/35	039
LK-2218175	Kandegedara	E351	1.72	7.473967	80.607309	35	039
LK-2218180	Malwatta	E352D	0.31	7.472978	80.616603	11	039
LK-2218185	Vihara Road	E352G	0.24	7.471273	80.621173	11	039
LK-2218190	Muslim Town	E352	0.55	7.47462	80.626402	11	039
LK-2218195	Oya Pahala	E352H	0.36	7.472111	80.631222	11	039
LK-2218200	Gongawela	E352B	0.41	7.466655	80.625885	11	039
LK-2218205	Sinhala Town	E352A	0.45	7.467842	80.617035	11	039
LK-2218210	Dodamdeniya	E351A	0.81	7.465244	80.605508	11*	039
LK-2218215	Hulangamuwa South	E353	1.23	7.459065	80.608426	11*	039
LK-2218220	Hulangamuwa North	E353B	0.45	7.46359	80.615854	11	039
LK-2218225	Diyabubula	E352F	0.52	7.462348	80.622953	11	039
LK-2218230	Maligathenna	E352C	0.62	7.457296	80.623529	11	039
LK-2218235	Nagolla	E353A	0.36	7.457544	80.617017	11	039
LK-2218240	Pandivita	E349	1.17	7.455032	80.603722	35	039
LK-2218245	Pandivita Welagama	E349A	0.51	7.449992	80.609385	11/35	039
LK-2218250	Kotuwegedara North	E348	0.38	7.452547	80.618863	11/35	039
LK-2218255	Koombiyangoda	E348A	0.26	7.450258	80.614661	11	039
LK-2218260	Kotuwegedara South	E348B	0.51	7.448691	80.622435	35	039
LK-2221005	Kumbaloluwa	E381	4.66	7.591892	80.672556	31	038
LK-2221010	Gammaduwa	E381C	12.66	7.581962	80.696671	31	038
LK-2221015	Kalugalthenna	E381A	4.38	7.558309	80.701405	31	038
LK-2221020	Naguliyadda	E384C	2.35	7.563548	80.679428	31	038
LK-2221025	Kosgolla	E381D	1.64	7.570667	80.671217	31	038
LK-2221030	Imbulgolla	E381B	2.24	7.577211	80.665024	31	038
LK-2221035	Ranmuthugama	E380A	2.13	7.572327	80.654639	31	038
LK-2221040	Raithalawa	E380	1.12	7.558179	80.660082	31	038
LK-2221045	Thibbatukanatha	E380C	1.98	7.555682	80.667115	31	038
LK-2221050	Palle Eswedduma	E384G	0.82	7.548124	80.677446	31	038
LK-2221055	Pallethenna	E384F	1.43	7.543319	80.671124	31	038
LK-2221060	Pussella	E384	3.03	7.556152	80.687047	31	038
LK-2221065	Sirangahawatta	E384E	2.49	7.541861	80.699897	31	038
LK-2221070	Kavudagammana	E384D	1.28	7.527128	80.68804	31	038
LK-2221075	Narangolla	E384A	1.59	7.534689	80.685598	31	038
LK-2221080	Hunukete	E384B	1.97	7.53306	80.673567	31	038
LK-2221085	Metihakka	E379B	2.12	7.537712	80.656168	31	038
LK-2221090	nan	E380B	4.45	7.547537	80.650737	31	038
LK-2221095	Cloda	E379A	1.48	7.522901	80.653593	31	038
LK-2221100	Gurubebila	E379	1.55	7.52596	80.660411	31	038
LK-2224005	Maoya	E402B	13.09	7.68033	80.844236	34	038
LK-2224010	Kandepitawala	E402G	10.31	7.65171	80.801977	34	038
LK-2224015	Dewaladeniya	E402H	6.5	7.653987	80.831567	34	038
LK-2224020	Kaluganga	E402F	3.13	7.640655	80.835674	34	038
LK-2224025	Akarahediya	E396B	50.78	7.622161	80.853629	34	038
LK-2224030	Hattota Amuna	E402	2.24	7.612668	80.829971	34	038
LK-2224035	Dasgiriya	E402A	6.29	7.630713	80.8101	34	038
LK-2224040	Morathenna	E402E	4.38	7.619506	80.806858	34	038
LK-2224045	Wellewala	E402D	3.0	7.608446	80.82424	34	038
LK-2224050	Weliwaranagolla	E402C	4.44	7.60304	80.809266	34	038
LK-2224055	Leloya	E396	6.6	7.587024	80.809036	34	038
LK-2224060	Pottatawela	E399	17.18	7.591526	80.774434	34	038
LK-2224065	Dammanthenna	E399A	2.46	7.592248	80.749841	34	038
LK-2224070	Gangalapuwakpitiya	E400	9.61	7.575703	80.747604	34	038
LK-2224075	Divulgas Pathana	E400A	14.83	7.573932	80.723268	34	038
LK-2224080	Pitawala	E385	8.47	7.535025	80.744624	34	038
LK-2224085	Kahagala	E388	13.22	7.565044	80.776772	34	038
LK-2224090	Ilukkumbura	E388A	2.55	7.546935	80.770295	34	038
LK-2224095	Mahalakotuwa	E387	7.06	7.543406	80.783032	34	038
LK-2224100	Ganga Henwala	E402B	5.69	7.532876	80.795839	34	038
LK-2224105	Karadamulla	E402B	15.98	7.558988	80.817082	34	038
LK-2224110	Gonawala	E402B	2.29	7.538254	80.817146	34	038
LK-2224115	Laggala Pallegama	E402B	0.98	7.538584	80.829531	34	038
LK-2224120	Miniranketiya	E402B	7.96	7.536247	80.843233	34	038
LK-2224125	Rawanagama	E402B	0.46	7.553298	80.861307	34	038
LK-2224130	Galgedawala	E396A	9.36	7.568021	80.867354	34	038
LK-2224135	Guruwela	E397E	8.64	7.547407	80.862354	34	038
LK-2224140	Kivulawadiya	E392A	22.12	7.496647	80.868707	34	038
LK-2224145	Halminiya	E392	11.53	7.491352	80.808573	34	038
LK-2224150	Imaduwa	E402B	7.6	7.51601	80.823725	34	038
LK-2224155	Rambukoluwa	E402B	8.04	7.5148	80.794972	34	038
LK-2224160	Meda Ela	E387A	2.49	7.527261	80.76663	34	038
LK-2224165	Rathninda	E386A	8.95	7.494612	80.743113	34	038
LK-2224170	Etanwala	E386	50.06	7.475088	80.768663	34	038
LK-2224175	Ranamuregama	E392B	4.33	7.502306	80.840278	34	038
LK-2224180	Narangamuwa	E391	10.6	7.474006	80.821181	34	038
LK-2224185	Lakegala	E391A	6.7	7.479713	80.843811	34	038
LK-2227005	Kumbukoya	E398I	105.39	7.675691	80.93492	40	038
LK-2227010	Thunhiriyawewa	E398C	2.18	7.64045	80.934977	40	038
LK-2227015	Palupitiya	E398H	1.72	7.638487	80.944618	40	038
LK-2227020	Rattotayaya	E398E	2.58	7.635477	80.95869	40	038
LK-2227025	Dunuvilapitiya	E398F	4.43	7.624828	80.968472	40	038
LK-2227030	Medakanda	E398A	0.86	7.623373	80.953631	40	038
LK-2227035	Aliwanguwa	E398G	4.18	7.620436	80.940345	40	038
LK-2227040	Viharagama	E398K	1.36	7.6281	80.930576	40	038
LK-2227045	Handungamuwa	E398	1.29	7.636564	80.924843	40	038
LK-2227050	Topwalapitiya	E398J	14.57	7.620343	80.900149	40	038
LK-2227055	Gemburuoya	E395K	3.53	7.604072	80.930728	40	038
LK-2227060	Kumbukandana	E398B	2.54	7.611298	80.955083	40	038
LK-2227065	Lediyangala	E395A	6.51	7.592671	80.937791	40	038
LK-2227070	Karawgahawewa	E395B	3.18	7.596624	80.955541	40	038
LK-2227075	Radunnewewa	E395I	3.69	7.605223	80.971627	40	038
LK-2227080	Maraka	E395H	2.62	7.591357	80.970892	40	038
LK-2227085	Malgammana	E395J	2.67	7.573269	80.96559	40	038
LK-2227090	Bogahawewa	E394	4.14	7.574793	80.945656	40	038
LK-2227095	Aliyawala	E395L	1.28	7.588881	80.922499	40	038
LK-2227100	Veheragala	E398D	12.72	7.587822	80.907801	40	038
LK-2227105	Himbiliyakada	E396C	9.93	7.593064	80.884976	34	038
LK-2227110	Hettipola	E394A	15.46	7.555992	80.896471	40	038
LK-2227115	Naminioya	E394C	8.21	7.546852	80.930573	40	038
LK-2227120	Dewagiriya	E394F	4.29	7.560509	80.929194	40	038
LK-2227125	Piduruella	E394E	2.25	7.565418	80.941617	40	038
LK-2227130	Guruwelayaya	E394D	2.63	7.560353	80.960774	40	038
LK-2227135	Naminigama	E394B	8.6	7.54119	80.955562	40	038
LK-2227140	Perakanatta	E395C	6.12	7.525207	80.96546	40	038
LK-2227145	Wilgamuwa	E395	1.51	7.520783	80.947253	40	038
LK-2227150	Wanarawa	E395G	2.7	7.517224	80.935125	40	038
LK-2227155	Bathgampala	E395D	4.82	7.520785	80.922318	40	038
LK-2227160	Nagolla	E395E	3.12	7.531627	80.899649	40	038
LK-2227165	Moragaha Ulpatha	E395F	15.22	7.508918	80.899633	40	038
LK-2227170	Nugagolla	E393A	2.83	7.505029	80.925619	40	038
LK-2227175	Meewaobe	E393B	4.32	7.496416	80.916884	40	038
LK-2227180	80 Yaya	E393D	2.15	7.501522	80.946943	40	038
LK-2227185	Sonutta	E393	6.44	7.50069	80.963308	40	038
LK-2227190	Uduwelwala	E393C	4.06	7.476086	80.920532	40	038
LK-2227195	Sulugune	E392C	4.77	7.472901	80.906821	34	038
LK-2230005	Ikirigolla	E371D	2.67	7.50339	80.640553	38	040
LK-2230010	Pahala Owala	E372	0.86	7.510567	80.648417	38	040
LK-2230015	Ihala Owala	E372A	2.18	7.511039	80.653492	38	040
LK-2230020	Kaikawala	E373A	1.32	7.5076	80.661329	38	040
LK-2230025	Nikawella	E377	1.57	7.518418	80.664615	38	040
LK-2230030	Kuruwawa	E376B	0.63	7.518978	80.669909	38	040
LK-2230035	Rattota	E376	1.06	7.520033	80.675979	38	040
LK-2230040	Bodhikotuwa	E375A	1.97	7.510504	80.691119	38	040
LK-2230045	Dankanda	E378	1.21	7.519832	80.69771	38	040
LK-2230050	Kirimetiya	E378B	0.96	7.529004	80.699319	38	040
LK-2230055	Polwattakanda	E378A	0.87	7.536125	80.695792	38	040
LK-2230060	Dambagolla	E378C	7.12	7.533198	80.718883	38	040
LK-2230065	Medawatta	E375E	8.86	7.507256	80.72845	38	040
LK-2230070	Weralugasthenna	E375B	1.61	7.51626	80.708933	38	040
LK-2230075	Madakumbura	E375F	3.48	7.503226	80.710623	38	040
LK-2230080	Maussagolla	E375	1.56	7.496761	80.693681	38	040
LK-2230085	Wanaraniya	E375C	0.79	7.512737	80.684989	38	040
LK-2230090	Lonvil	E373C	2.87	7.503341	80.682349	38	040
LK-2230095	Maradurawala	E373B	1.29	7.498511	80.676222	38	040
LK-2230100	Pallegama	E373	0.82	7.503569	80.667958	38	040
LK-2230105	Koswana North	E371A	1.33	7.49499	80.662134	38	040
LK-2230110	Palle Weragama	E371	0.9	7.490444	80.650576	38	040
LK-2230115	Viharagama	E371C	2.65	7.488005	80.640409	38	040
LK-2230120	Kaineka	E371G	1.13	7.477691	80.645013	38	040
LK-2230125	Uda Weragama	E371B	1.24	7.475169	80.650561	38	040
LK-2230130	Meda Weragama	E371F	0.81	7.484545	80.653837	38	040
LK-2230135	Koswana South	E371E	0.57	7.486888	80.663585	38	040
LK-2230140	Bogambara	E374A	0.98	7.489149	80.669719	38	040
LK-2230145	Galekoluwa	E374B	1.22	7.49183	80.67808	38	040
LK-2230150	Welangahawatta	E376A	1.34	7.475994	80.695497	38	040
LK-2230155	Horagolla	E376C	3.84	7.479547	80.704379	38	040
LK-2230160	Bambarakiriella	E375D	7.36	7.485392	80.719625	38	040
LK-2230165	Alakolamada	E374C	1.34	7.48316	80.680824	38	040
LK-2230170	Udagama	E374	1.92	7.476131	80.684717	38	040
LK-2230175	Pitakanda	E368C	0.85	7.47384	80.67619	38	040
LK-2230180	Gansarapola	E374D	0.53	7.477678	80.671208	38	040
LK-2230185	Epitamulla	E368F	1.86	7.478365	80.662988	38	040
LK-2230190	Wetasyaya	E368B	0.68	7.468593	80.655272	38	040
LK-2230195	Godapola	E366A	1.79	7.456013	80.65545	38	040
LK-2230200	Ulpothapitiya	E370	1.11	7.468892	80.638001	38	040
LK-2230205	Bandarapola	E366	0.94	7.456658	80.646664	38	040
LK-2230210	Muwandeniya	E368	1.29	7.464144	80.66091	38	040
LK-2230215	Palleyaya	E368E	0.83	7.467566	80.669047	38	040
LK-2230220	Neluwakanda	E368A	1.19	7.463374	80.674548	38	040
LK-2230225	Punchiseluwakanda	E369B	3.96	7.458433	80.692621	38	040
LK-2230230	Thambalagala	E369A	1.41	7.464307	80.698634	38	040
LK-2230235	Kandenuwara West	E368G	2.55	7.445885	80.678995	38	040
LK-2230240	Kandenuwara East	E368D	2.18	7.454208	80.677742	38	040
LK-2230245	Alwatta	E369	2.16	7.450644	80.665372	38	040
LK-2230250	Warapitiya	E366B	0.88	7.438276	80.646879	38	040
LK-2230255	Dombagoda	E366C	1.52	7.43119	80.656813	38	040
LK-2230260	Pahala Hapuvida	E367A	1.44	7.438245	80.660509	38	040
LK-2230265	Uda Hapuvida	E367	2.13	7.435872	80.671012	38	040
LK-2230270	Hangarankanda	E367B	4.29	7.431663	80.684911	38	040
LK-2233005	Galaudahena	E343F	3.79	7.477717	80.592555	39	040
LK-2233010	Makulemada	E343B	1.68	7.47634	80.578435	39	040
LK-2233015	Pathingolla	E344B	1.17	7.469963	80.569626	39	040
LK-2233020	Wademada	E344E	0.69	7.465493	80.57353	39	040
LK-2233025	Wattegedara	E343I	0.34	7.467586	80.58147	39	040
LK-2233030	Watagoda	E343C	0.82	7.467534	80.59657	39	040
LK-2233035	Pallekumbura	E343H	0.23	7.461727	80.594357	39	040
LK-2233040	Katuattamada	E343E	0.63	7.462578	80.589774	39	040
LK-2233045	Panwatta	E343D	0.9	7.463966	80.581909	39	040
LK-2233050	Alawathuwala	E344C	0.63	7.458046	80.570098	39	040
LK-2233055	Horagahapitiya	E344F	0.55	7.456159	80.576614	39	040
LK-2233060	Ovilikanda	E344A	0.85	7.454033	80.584826	39	040
LK-2233065	Kirimetiyawa	E343A	0.33	7.457902	80.591001	39	040
LK-2233070	Thenna	E343	0.88	7.44932	80.596876	39	040
LK-2233075	Muwagala	E343G	0.58	7.449437	80.600676	39	040
LK-2233080	Ovilla	E344	1.02	7.448599	80.591053	39	040
LK-2233085	Enasalmada	E344D	1.65	7.446605	80.578604	39	040
LK-2233090	Thibbatuwawa	E345	1.22	7.438321	80.583546	39	040
LK-2233095	Dombagasdeniya	E345A	1.87	7.436389	80.59538	39	040
LK-2233100	Kendagolla	E347B	0.64	7.444777	80.62507	11/39	039
LK-2233105	Kohombiliwela	E355C	0.43	7.455078	80.629548	11/39	039
LK-2233110	Wariyapola Watta	E355E	2.68	7.457982	80.634639	39	040
LK-2233115	Wariyapola	E354	1.27	7.452608	80.643933	39	040
LK-2233120	Pananthadiya	E365E	0.43	7.451502	80.65199	39	040
LK-2233125	Nawarathnagoda	E365B	0.39	7.445636	80.652139	39	040
LK-2233130	Eriyagolla	E365D	0.5	7.441212	80.649377	39	040
LK-2233135	Katudeniya	E354A	0.58	7.440864	80.640881	39	040
LK-2233140	Elwala	E355A	0.78	7.441548	80.633394	39	040
LK-2233145	Pahalawela	E346A	0.61	7.445546	80.616028	39	040
LK-2233150	Dehipitiya	E356A	0.92	7.43572	80.620704	39	040
LK-2233155	Purijjala	E346	0.55	7.439294	80.612744	39	040
LK-2233160	Udupihilla	E347	0.67	7.438021	80.606699	39	040
LK-2233165	Halangoda	E347A	2.63	7.427181	80.604742	39	040
LK-2233170	Nagahathenna	E346B	0.47	7.43637	80.616137	39	040
LK-2233175	Warakamura	E356	0.25	7.432451	80.622401	39	040
LK-2233180	Meedeniya	E356B	0.46	7.4322	80.623921	39	040
LK-2233185	Nagolla	E355D	1.04	7.428989	80.625116	39	040
LK-2233190	Thawalankoya	E355B	0.65	7.433158	80.632644	39	040
LK-2233195	Dumbukola	E354B	1.05	7.432036	80.640966	39	040
LK-2233200	Ukuwela	E355	0.96	7.424616	80.631949	39	040
LK-2233205	Udupitiya	E357B	0.06	7.42374	80.619523	39	040
LK-2233210	Kalalpitiya	E357A	0.78	7.425156	80.615549	39	040
LK-2233215	Balakaduwa	E357D	1.39	7.415923	80.617615	39	040
LK-2233220	Bowatta	E357	1.18	7.41249	80.625073	39	040
LK-2233225	Manaboda	E359	0.6	7.417344	80.636641	39	040
LK-2233230	Paragahawela	E359A	0.56	7.422034	80.640927	39	040
LK-2233235	Udathenna	E365C	0.62	7.428793	80.64796	39	040
LK-2233240	Hunuketawala	E363B	0.81	7.423801	80.653271	39	040
LK-2233245	Leliambe	E365A	0.87	7.420072	80.670515	39	040
LK-2233250	Elkaduwa Watta	E363C	6.91	7.431553	80.702267	39	040
LK-2233255	Elkaduwa	E363A	3.07	7.413376	80.694501	39	040
LK-2233260	Udangamuwa	E363	0.59	7.418883	80.664516	39	040
LK-2233265	Kendagollamada	E362H	0.31	7.413648	80.669594	39	040
LK-2233270	Wehigala	E362A	0.72	7.408923	80.672132	39	040
LK-2233275	Rathwatta	E364	1.64	7.411505	80.65979	39	040
LK-2233280	Weligala	E365	0.58	7.419606	80.653115	39	040
LK-2233285	Kureewela	E360C	1.02	7.414667	80.648642	39	040
LK-2233290	Maberiya	E359B	0.23	7.417349	80.643162	39	040
LK-2233295	Marukona	E360	0.86	7.411387	80.642424	39	040
LK-2233300	Gurulawela South	E358A	0.78	7.405187	80.633111	39	040
LK-2233305	Guralawela North	E358	0.59	7.412124	80.634648	39	040
LK-2233310	Nugapitiya	E357C	0.78	7.410014	80.62837	39	040
LK-2233315	Kandemada	E358B	0.53	7.402849	80.63852	39	040
LK-2233320	Ulpathapitiya	E360B	2.87	7.396264	80.649093	39	040
LK-2233325	Raithalawela	E360A	0.56	7.403419	80.652672	39	040
LK-2233330	Kaduwela	E361	1.56	7.395278	80.660519	39	040
LK-2233335	Pujagoda	E362G	0.69	7.401624	80.6638	39	040
LK-2233340	Pahala Wehigala	E362C	0.85	7.402026	80.671622	39	040
LK-2233345	Talingamada	E362D	1.37	7.408166	80.681411	39	040
LK-2233350	Hunnasgiriyawatta	E362E	5.2	7.399219	80.694114	39	040
LK-2233355	Karagahahinna	E362F	0.73	7.396915	80.680273	39	040
LK-2233360	Imbulpitiya	E362	1.24	7.395559	80.676029	39	040
LK-2233365	Rangama	E362B	1.11	7.392929	80.669729	39	040
LK-2302005	Doruwadeniya	460A	0.66	7.074968	80.548093	33	055
LK-2302010	Polwathura	460K	0.74	7.076042	80.556736	33	055
LK-2302015	Pahala Gorakaoya	460L	1.22	7.073351	80.563233	33	055
LK-2302020	Dambagalla	460D	1.53	7.074652	80.572134	33	055
LK-2302025	Nayapana	459C	1.66	7.072121	80.594185	33	055
LK-2302030	Kadadora	459	3.79	7.069405	80.606101	33	055
LK-2302035	Kotagepitiya North	459B	2.78	7.078854	80.621215	33	055
LK-2302115	Kotagepitiya South	459A	1.55	7.070864	80.620125	33	055
LK-2302120	Ranwanthalawa	458	1.6	7.06419	80.622001	33	055
LK-2302125	Thispane Kanda	462A	3.8	7.051715	80.6101	33	055
LK-2302130	Harangala	461	2.28	7.056537	80.589165	33	055
LK-2302135	Hapugasthalawa	460	1.63	7.063977	80.572502	33	055
LK-2302140	Kaludemada	460E	1.2	7.061381	80.579537	33	055
LK-2302145	Ihala Gorakaoya	460J	1.17	7.063852	80.557034	33	055
LK-2302150	Mallanda	460F	1.43	7.06616	80.545601	33	055
LK-2302155	Ruwanpura	460C	4.01	7.047441	80.564747	33	055
LK-2302160	Werella Pathana	461D	1.2	7.032764	80.574769	33	055
LK-2302165	Halgolla	461C	2.3	7.046396	80.577538	33	055
LK-2302170	Harangala South	461A	2.31	7.045808	80.588759	33	055
LK-2302175	Kirimetiyawa	461B	0.61	7.04918	80.596128	33	055
LK-2302180	Hunugaloya	460H	2.04	7.034201	80.601631	33	055
LK-2302185	Godamaditta	462B	1.96	7.034478	80.620749	33	055
LK-2302190	Wataddara	463	3.27	7.05254	80.629233	33	055
LK-2302200	Nawangama	464	1.28	7.055546	80.644707	33	055
LK-2302210	Wethalawa	465E	1.49	7.062622	80.657749	33	055
LK-2302260	Hedunuwewa	465A	1.07	7.056707	80.655221	33	055
LK-2302265	Kalapitiya East	465	1.71	7.044111	80.650547	33	055
LK-2302270	Kottunugoda	465F	0.5	7.050404	80.645628	33	055
LK-2302275	Kalapitiya West	465C	0.5	7.044181	80.643273	33	055
LK-2302280	Weerasekarapura	465G	0.6	7.041659	80.637358	33	055
LK-2302285	Rojersangama South	465D	1.41	7.037346	80.634591	33	055
LK-2302290	Rojersangama North	465B	0.56	7.037708	80.628635	33	055
LK-2302295	Dombagasthalawa	465H	2.02	7.02418	80.623566	33	055
LK-2302300	Katugolla	462C	2.28	7.034127	80.613602	33	055
LK-2302305	Thelissagala	460I	2.86	7.026332	80.595706	33	055
LK-2302310	Ketabulawa	460G	6.05	7.016829	80.599925	33	055
LK-2302315	Wijayabahu Kanda	467A	1.16	7.008167	80.617671	33	055
LK-2302320	Rawanagoda West	467E	1.02	7.016354	80.624171	33	055
LK-2302325	Udagama	467F	0.83	7.008255	80.628837	33	055
LK-2302330	Rawanagoda East	467	0.66	7.013004	80.6333	33	055
LK-2302335	Methagama	466	1.4	7.022732	80.63363	33	055
LK-2302340	Maldeniya	466A	1.09	7.027011	80.645053	33	055
LK-2302345	Katarandana	466B	0.97	7.034482	80.645643	33	055
LK-2302445	Beramana	467B	1.31	6.996179	80.629797	33	055
LK-2302450	Beramana North	467D	1.86	6.999387	80.618599	33	055
LK-2302455	Kolapathana	460B	4.71	6.997956	80.606813	33	055
LK-2302460	Queensberry	460M	2.04	6.981238	80.596932	33	055
LK-2302465	Beramana South	467C	1.59	6.979019	80.623751	33	055
LK-2302470	Weerapura	467G	1.08	6.988007	80.625891	33	055
LK-2303040	Nawa Morape	456D	1.37	7.085718	80.637167	33	055
LK-2303045	Nawa Kadadora	456A	0.73	7.096429	80.642906	33	055
LK-2303050	Deltagemunupura	474F	1.36	7.099088	80.650518	33	055
LK-2303055	Hellboda	474J	5.62	7.090742	80.669578	33	055
LK-2303060	Karagasthalawa	474A	6.16	7.091213	80.699573	33	055
LK-2303065	Frotoft	474M	12.98	7.076808	80.710795	33	055
LK-2303070	Ramboda	474	3.03	7.064272	80.693918	33	055
LK-2303075	Sangilipalama	471A	1.56	7.064196	80.682261	33	055
LK-2303080	Panangammana	473	1.9	7.067942	80.671439	33	055
LK-2303085	Katukithula	474E	0.53	7.078796	80.669586	33	055
LK-2303090	Helsirigama	474D	0.92	7.07849	80.654842	33	055
LK-2303095	Kothmalgama	474G	0.48	7.086443	80.656603	33	055
LK-2303100	Rajaela	456E	1.77	7.086387	80.6482	33	055
LK-2303105	Mawela East	456	0.48	7.073274	80.643941	33	055
LK-2303110	Mawela West	456B	1.32	7.071658	80.638164	33	055
LK-2303195	Maswela	457	1.23	7.064332	80.636032	33	055
LK-2303205	Mawela Kanda	456C	1.0	7.07023	80.648489	33	055
LK-2303215	Gomburuoya	473C	0.94	7.071834	80.657064	33	055
LK-2303220	Wewahinna	473B	0.3	7.074054	80.662134	33	055
LK-2303225	Delunthalamada	473A	0.62	7.071262	80.665919	33	055
LK-2303230	Ambathalawa	470A	2.16	7.05071	80.673336	33	055
LK-2303235	Malhewa	472A	1.19	7.051748	80.685404	33	055
LK-2303240	Rambodagama	472	1.07	7.058871	80.688715	33	055
LK-2303245	Wedamulla	474L	13.88	7.048154	80.724971	33	055
LK-2303250	Palagolla	474C	7.39	7.039926	80.694007	33	055
LK-2303255	Niyamgamdora	470	4.03	7.045063	80.664771	33	055
LK-2303350	Kirindiwela	469B	0.9	7.031708	80.653189	33	055
LK-2303355	Kumbaloluwa	469	0.57	7.033065	80.657033	33	055
LK-2303360	Medakanda	469C	1.4	7.031711	80.664865	33	055
LK-2303365	Egodawela	469A	1.04	7.025755	80.666306	33	055
LK-2303370	Pundaluoya North	468E	5.26	7.020425	80.680381	33	055
LK-2303375	Labukele	474I	5.68	7.029569	80.721292	33	055
LK-2303380	Kudaoya	474B	3.75	7.015887	80.741735	33	055
LK-2303385	Samaneliya	474H	1.97	7.020345	80.730165	33	055
LK-2303390	Kikiliyamana	468I	5.61	7.00366	80.719749	33	055
LK-2303395	Dunsinane	468N	8.91	7.004833	80.69897	33	055
LK-2303400	Sheen	468M	9.09	6.996065	80.675891	33	055
LK-2303405	Sheengama	468J	0.85	7.008982	80.669115	33	055
LK-2303410	Pundaluoya South	468C	2.12	7.000899	80.662302	33	055
LK-2303415	Kadadorapitiya	468A	0.79	7.018471	80.663488	33	055
LK-2303420	Kosgaha Pathana	468G	3.64	7.008822	80.654242	33	055
LK-2303425	Karagahayatathenna	468F	1.28	6.997555	80.64547	33	055
LK-2303430	Bogahawela	468D	0.5	7.01833	80.647265	33	055
LK-2303435	Halpola	468H	0.76	7.020767	80.64133	33	055
LK-2303440	Madakumbura	468	1.44	7.010574	80.643023	33	055
LK-2303475	Dunukedeniya	468B	3.38	6.988848	80.636151	33	055
LK-2303480	Medakumbura North	468K	7.04	6.981498	80.651961	33	055
LK-2306005	Hingurukaduwa	486A	6.66	7.256017	80.763772	32	056
LK-2306010	Ambewela	486B	4.43	7.233057	80.779447	32	056
LK-2306015	Welikada	485B	2.46	7.220241	80.78853	32	056
LK-2306020	Idamalanda	486	2.6	7.220583	80.774677	32	056
LK-2306025	Adikarigama	486C	1.82	7.208588	80.77484	32	056
LK-2306030	Karalliyadda	485	1.07	7.204169	80.783301	32	056
LK-2306035	Bogahalanda	485A	1.83	7.212034	80.789329	32	056
LK-2306040	Hakuruthale	488A	3.34	7.201254	80.798359	32	056
LK-2306045	Maliyadda	485C	0.33	7.19777	80.780899	32	056
LK-2306050	Mirahampe	487B	0.54	7.193619	80.77847	32	056
LK-2306055	Pussalamankada	495A	1.47	7.191423	80.769801	32	056
LK-2306060	Yati Hanguranketha	495B	0.62	7.185329	80.765685	32	056
LK-2306065	Delgahapitiya	495D	0.32	7.181562	80.775367	32	056
LK-2306070	Sangaraja Gama	494B	0.98	7.18882	80.777508	32	056
LK-2306075	Mudunapita	487A	0.86	7.180851	80.789136	32	056
LK-2306080	Ganga Udagama	487	0.53	7.193128	80.782996	32	056
LK-2306085	Malulla	488	1.34	7.190395	80.790905	32	056
LK-2306090	Udawatta East	489A	2.06	7.179309	80.799712	32	056
LK-2306095	Hilpenkandura	488B	4.56	7.189679	80.816402	32	056
LK-2306100	Galauda North	489E	2.42	7.17188	80.821947	32	056
LK-2306105	Endiribedda	491B	4.18	7.184136	80.837735	32	056
LK-2306115	Galauda South	489	1.01	7.168931	80.817133	32	056
LK-2306120	Udakanda	489C	1.99	7.165555	80.809167	32	056
LK-2306125	Udawatta West	489D	0.92	7.184464	80.798071	32	056
LK-2306130	Udawatta Kumbura	494F	1.0	7.176677	80.785085	32	056
LK-2306135	Pallemaluwa	495C	0.21	7.179297	80.773107	32	056
LK-2306140	Hanguranketha	495	0.4	7.176043	80.778054	32	056
LK-2306145	Damunumeya North	494E	0.19	7.176361	80.772614	32	056
LK-2306150	Arattana	496B	0.45	7.181255	80.765776	32	056
LK-2306155	Ambaliyadda	496A	0.54	7.176428	80.764183	32	056
LK-2306160	Dampola	496C	0.98	7.179481	80.757501	32	056
LK-2306165	Rekitipe	497A	1.17	7.170553	80.750073	32	056
LK-2306170	Hapuwala	496	1.66	7.166339	80.759773	32	056
LK-2306175	Dolugala	494A	1.11	7.15806	80.771944	32	056
LK-2306180	Deliwala	494D	1.18	7.167474	80.769091	32	056
LK-2306185	Madanwala	493	0.66	7.164552	80.777287	32	056
LK-2306190	Damunumeya	494	0.23	7.172567	80.776276	32	056
LK-2306195	Kottala	493A	1.32	7.168128	80.787836	32	056
LK-2306200	Diya - Udagama	492	2.43	7.165953	80.7954	32	056
LK-2306205	Uda Galauda	489B	1.22	7.158302	80.814153	32	056
LK-2306225	Dodamkumbura	492B	2.01	7.15234	80.793026	32	056
LK-2306230	Walalawela	492C	0.81	7.156866	80.779955	32	056
LK-2306235	Rathmetiya	494C	0.5	7.152995	80.773986	32	056
LK-2306240	Hapugasdeniya	502A	1.55	7.154537	80.764344	32	056
LK-2306245	Diggalpotta	502B	0.95	7.153763	80.754049	32	056
LK-2306250	Unanthenna	497	1.07	7.167119	80.745313	32	056
LK-2306255	Kosgaha Debala	500D	1.27	7.157137	80.747999	32	056
LK-2306260	Warapitiya	500C	0.31	7.156185	80.73728	32	056
LK-2306265	Medagama	500B	0.71	7.155798	80.730538	32	056
LK-2306270	Bowala	500	0.52	7.150555	80.733499	32	056
LK-2306275	Kithulpe	500A	0.9	7.154361	80.741214	32	056
LK-2306280	Makempe	498C	0.96	7.137801	80.759806	32	056
LK-2306285	Puranagama	498E	0.44	7.144319	80.752175	32	056
LK-2306290	Ekiriya	502	0.78	7.148371	80.760014	32	056
LK-2306295	Poramadulla	498A	1.72	7.138471	80.771403	32	056
LK-2306300	Labuhena	498F	0.89	7.143454	80.77343	32	056
LK-2306320	Rikillagaskada	492A	0.88	7.144941	80.782113	32	056
LK-2306345	Dimbulkumbura	484D	1.95	7.148729	80.80774	32	056
LK-2306375	Bulugahapitiya	501A	0.72	7.125802	80.775052	32	056
LK-2306380	Wegama	498	1.54	7.130702	80.761953	32	056
LK-2306385	Agappala	498B	1.6	7.142022	80.747211	32	056
LK-2306390	Bambaragama	499	0.53	7.141988	80.73397	32	056
LK-2306395	Bambaragama East	499E	1.25	7.138357	80.740532	32	056
LK-2306400	Bambaragama West	499F	0.65	7.135902	80.73105	32	056
LK-2306405	Malanwatta	503A	1.11	7.147602	80.726742	32	056
LK-2306410	Gannewa Udagama	503	0.73	7.138371	80.725222	32	056
LK-2306415	Gedereiyawa	503B	0.52	7.135513	80.718619	32	056
LK-2306420	Daraoya	499C	0.98	7.122543	80.736114	32	056
LK-2306425	Kirimetiya	499G	1.28	7.116428	80.744599	32	056
LK-2306430	Hope	501G	16.93	7.110794	80.721363	32	056
LK-2306435	Wetesthenna	499D	0.92	7.128979	80.742599	32	056
LK-2306440	Handawalapitiya	499A	1.19	7.130636	80.729826	32	056
LK-2306445	Karamidula	499B	1.04	7.127962	80.749788	32	056
LK-2306450	Madumana	501C	2.22	7.120062	80.761464	32	056
LK-2306455	Rahathungoda	501	1.67	7.113085	80.756412	32	056
LK-2306460	Enasal Arawa	501E	0.84	7.123823	80.769088	32	056
LK-2306465	Kawatayamana	501D	0.77	7.114578	80.77413	32	056
LK-2306515	Rookwood Estate	501F	7.25	7.096281	80.775112	32	056
LK-2306520	Muloya	501B	7.84	7.091578	80.74993	32	056
LK-2307110	Happawara	491D	2.72	7.164812	80.835108	32	056
LK-2307210	Illagolla	491	3.06	7.153897	80.831594	32	056
LK-2307215	Rammalakandura	491C	1.29	7.142067	80.828276	32	056
LK-2307220	Moragolla	491A	1.75	7.148873	80.818261	32	056
LK-2307305	Udawela Pathana	482C	0.34	7.140277	80.780938	32	056
LK-2307310	Welampagoda	482B	0.44	7.134044	80.784932	32	056
LK-2307315	Denike	482	0.45	7.139607	80.785313	32	056
LK-2307325	Alawattegama	479A	0.65	7.135256	80.790771	32	056
LK-2307330	Uda Makuruppa	484B	0.54	7.143046	80.790381	32	056
LK-2307335	Palle Makuruppa	484C	0.48	7.135446	80.797166	32	056
LK-2307340	Bogamuwa	484A	1.77	7.140772	80.799103	32	056
LK-2307350	Bodhiwela	484E	3.01	7.133782	80.818993	32	056
LK-2307355	Pallewela	484	0.67	7.129752	80.804058	32	056
LK-2307360	Kaluattanagolla	479B	0.66	7.12466	80.796137	32	056
LK-2307365	Wadawala	479	0.82	7.127781	80.799424	32	056
LK-2307370	Udalumada	482A	0.54	7.131432	80.780107	32	056
LK-2307470	Ehelamalpe	483A	0.87	7.12504	80.782195	32	056
LK-2307475	Rathukurusa Janapadaya	481C	0.92	7.116099	80.780202	32	056
LK-2307480	Wilwala	483	0.39	7.125626	80.788027	32	056
LK-2307485	Dehipe	481	0.69	7.119979	80.793146	32	056
LK-2307490	Deniyagama	481B	1.81	7.108343	80.783153	32	056
LK-2307495	Bodhimalkada	481A	1.26	7.11056	80.794329	32	056
LK-2307500	Welapahala	481D	1.57	7.113065	80.801063	32	056
LK-2307505	Uda Padiyapelella	510A	0.9	7.096727	80.797681	32	056
LK-2307510	Okandagala	510B	1.87	7.093636	80.790017	32	056
LK-2307525	Rathyaya	511C	0.42	7.083182	80.779551	32	056
LK-2307530	Godigamuwa	511D	5.31	7.074965	80.761951	32	056
LK-2307535	Manakola	511	0.4	7.072089	80.783822	32	056
LK-2307540	Marthuwela	511B	0.79	7.083412	80.787075	32	056
LK-2307545	Idampitiya	510	0.23	7.083067	80.793307	32	056
LK-2307550	Mathurata	509	0.42	7.077963	80.80082	32	056
LK-2307555	Udagama	508C	0.24	7.068139	80.805001	32	056
LK-2307560	Merrygoll	509A	0.16	7.066944	80.812631	32	056
LK-2307565	Ketayapathana	508	0.28	7.072437	80.805275	32	056
LK-2307570	Gonakele	508B	0.93	7.064394	80.806056	32	056
LK-2307575	Gonapitiya	508F	2.63	7.053726	80.803437	32	056
LK-2307580	Bomellagoda	508E	2.13	7.060452	80.817615	32	056
LK-2307585	Dunukebedda	508A	0.88	7.068508	80.799764	32	056
LK-2307590	Wellagiriya	512	9.21	7.040517	80.806177	32	056
LK-2307595	Ampitigoda	508D	0.88	7.072392	80.794406	32	056
LK-2307600	Wewathenna	512F	0.71	7.061455	80.788686	32	056
LK-2307605	Metibembiya	512A	1.94	7.069422	80.786005	32	056
LK-2307610	Goodwood	512C	0.96	7.053211	80.787073	32	056
LK-2307615	Hunukotuwa	512I	0.79	7.041131	80.785357	32	056
LK-2307620	Medawela	512G	0.97	7.048748	80.780211	32	056
LK-2307625	Labuhenwala	512E	1.23	7.060552	80.781039	32	056
LK-2307630	Ketahira	511F	1.15	7.064401	80.771646	32	056
LK-2307635	Deegalahinna	511A	9.28	7.049427	80.752141	32	056
LK-2307640	Elamulla	511E	9.26	7.033703	80.759934	32	056
LK-2307645	Udawela	512D	3.9	7.027664	80.774395	32	056
LK-2307650	Mandaram Nuwara	512B	5.64	7.019118	80.781002	32	056
LK-2307655	Malsara Nuwara	512H	2.63	7.03151	80.794051	32	056
LK-2309005	Serasunthenna	513B	25.64	7.16573	80.867071	35	057
LK-2309065	Ketakandura	516	1.51	7.106219	80.876364	35	057
LK-2309070	Batagolla	515	1.31	7.115616	80.872283	35	057
LK-2309075	Thennehenwala	514D	1.39	7.10901	80.863507	35	057
LK-2309080	Deliwela South	514F	3.55	7.130739	80.867936	35	057
LK-2309085	Deliwala North	514E	1.26	7.12639	80.857212	35	057
LK-2309090	Pannala	513	1.32	7.154264	80.847212	35	057
LK-2309095	Serupitiya	513A	1.65	7.150863	80.844432	35	057
LK-2309100	Mailagasthenna	513E	1.89	7.138794	80.842197	35	057
LK-2309105	Andawala	513F	1.89	7.129983	80.833327	35	057
LK-2309110	Naranthalawa	514A	1.89	7.122015	80.836471	35	057
LK-2309115	Ihala Pannala	513D	0.43	7.137358	80.853508	35	057
LK-2309120	Wewakele	513C	2.28	7.128137	80.847494	35	057
LK-2309125	Kumbalgamuwa	514	2.28	7.11151	80.849925	35	057
LK-2309130	Kumbalgamuwa East	514B	0.7	7.111206	80.856919	35	057
LK-2309135	Mulhalkele	514C	2.22	7.101949	80.854035	35	057
LK-2309140	Manelwala	515A	0.78	7.10629	80.867872	35	057
LK-2309145	Wathumulla	515D	0.63	7.098233	80.864703	35	057
LK-2309150	Kendagolla	516A	1.31	7.097262	80.874521	35	057
LK-2309255	Egodakanda	516B	0.62	7.085254	80.869788	35	057
LK-2309260	Kandegama	515C	2.12	7.087295	80.854063	35	057
LK-2309265	Walapane	515B	0.29	7.094815	80.858233	35	057
LK-2309270	Kurunduoya	504E 	4.2	7.081881	80.830033	35	057
LK-2309275	Liyanwela Ihalagama	506D	1.55	7.106637	80.835739	35	057
LK-2309280	Madumana	506E	1.27	7.116234	80.830659	35	057
LK-2309285	Ilukpelessa	506F	0.76	7.12564	80.819497	35	057
LK-2309290	Unagolla	506A	1.12	7.115153	80.81777	35	057
LK-2309295	Liyanwala Pahalagama	506B	0.97	7.114611	80.824221	35	057
LK-2309300	Medakandura	506C	4.31	7.094004	80.836528	35	057
LK-2309305	Galabada	505C	2.7	7.09274	80.818492	35	057
LK-2309310	Ambagaspitiya	505B	1.49	7.103772	80.815774	35	057
LK-2309315	Munwatta	506	1.34	7.114672	80.810316	35	057
LK-2309320	Landupita	505D	0.84	7.106272	80.808382	35	057
LK-2309325	Wetekegama	505E	0.42	7.10286	80.804541	35	057
LK-2309330	Padiyapelella	505A	0.42	7.092271	80.799723	35	057
LK-2309335	Napatawela	505	0.73	7.094137	80.806321	35	057
LK-2309340	Ukuthule	507	0.51	7.08753	80.80511	35	057
LK-2309345	Yatiwella	507B	0.53	7.085372	80.798464	35	057
LK-2309350	Wetakepatha	504	0.72	7.081061	80.804543	35	057
LK-2309355	Ukuthule East	507A	2.97	7.078003	80.81749	35	057
LK-2309360	Alakolawewa	504C	0.59	7.072917	80.810907	35	057
LK-2309365	High Forest	504D	3.82	7.057838	80.830907	35	057
LK-2309370	Mahakudugala	533I	4.91	7.031993	80.826475	35	057
LK-2309375	Brookside	533O	7.41	7.03075	80.84399	35	057
LK-2309380	High Forest	504B	2.53	7.061399	80.839028	35	057
LK-2309385	Binganthalawa	504A	7.93	7.058897	80.857842	35	057
LK-2309390	Maha Uva	515E	4.8	7.073845	80.865579	35	057
LK-2309395	Werellapathana	516C	2.08	7.072679	80.879281	35	057
LK-2309485	Morabedda	526C	2.16	7.050654	80.887405	35	057
LK-2309490	Harasbedda North	526B	2.5	7.044139	80.877317	35	057
LK-2309495	Mahapathana	516D	0.78	7.060539	80.876703	35	057
LK-2309500	Harasbedda South	526	1.29	7.051458	80.871491	35	057
LK-2309505	Palalpathana	526A	2.01	7.040504	80.862981	35	057
LK-2309510	Rathnayakapura	533C	3.95	7.025755	80.857819	35	057
LK-2309515	Ragala Watta	533N	3.2	7.00725	80.851822	35	057
LK-2309520	Manthreethenna	529	2.17	7.027549	80.87849	35	057
LK-2309525	Pandithaya Kumbura	529A	2.77	7.032516	80.889556	35	057
LK-2309575	Senarathpura	533B	4.1	7.016667	80.882403	35	057
LK-2309580	St. Leonard	533M	3.97	7.004109	80.864503	35	057
LK-2309585	Ragala	533	0.41	7.012148	80.858349	35	057
LK-2309590	Ekangapura	533J	2.95	6.999328	80.837476	35	057
LK-2309595	Samagipura	533A	1.49	6.988606	80.85626	35	057
LK-2310010	Morangathenna	519E	13.57	7.156439	80.895102	35	057
LK-2310015	Hegasulla	521A	48.5	7.160496	80.931612	35	057
LK-2310020	Bolagandawela	521	7.16	7.116077	80.946412	35	057
LK-2310025	Ambagahathenna	521B	0.86	7.115658	80.926479	35	057
LK-2310030	Helagama	521F	0.69	7.112616	80.923665	35	057
LK-2310035	Mallagama	521D	3.8	7.129996	80.909344	35	057
LK-2310040	Dulana	521E	0.74	7.11699	80.91987	35	057
LK-2310045	Galketiwela	519C	0.72	7.122688	80.899922	35	057
LK-2310050	Ellakumbura	519F	1.6	7.114907	80.903091	35	057
LK-2310055	Muganagahapitiya	519G	0.45	7.110299	80.894494	35	057
LK-2310060	Hapugahapitiya	519D	2.48	7.113329	80.887838	35	057
LK-2310155	Arampitiya	517D	1.51	7.093786	80.887639	35	057
LK-2310160	Yombuwelthenna	519B	1.09	7.102362	80.889178	35	057
LK-2310165	Udawela	519A	1.38	7.09969	80.900445	35	057
LK-2310170	Kalaganwatta	519	1.35	7.103772	80.905625	35	057
LK-2310175	Theripehe	521C	1.4	7.113064	80.914131	35	057
LK-2310180	Udamadura North	518B	1.39	7.105383	80.920274	35	057
LK-2310185	Galkadawela	518C	2.08	7.099749	80.930999	35	057
LK-2310190	Yatimadura	518D	4.26	7.085189	80.933619	35	057
LK-2310195	Kandeyaya	527C	12.18	7.077401	80.949473	35	057
LK-2310200	Madulla North	527	1.85	7.059159	80.922327	35	057
LK-2310205	Thunhitiyawa	518E	1.09	7.067354	80.922345	35	057
LK-2310210	Wewathenna	523B	0.71	7.076506	80.919274	35	057
LK-2310215	Kosgolla	518A	1.62	7.088676	80.92311	35	057
LK-2310220	Udamadura	518	2.83	7.093275	80.911217	35	057
LK-2310225	Ambanella	523	2.12	7.075867	80.911492	35	057
LK-2310230	Dabbare	524D	1.05	7.079093	80.902782	35	057
LK-2310235	Nildandaheenna	524E	1.39	7.081994	80.895379	35	057
LK-2310240	Rambuke	517C	0.52	7.088014	80.886991	35	057
LK-2310245	Watambe	517A	0.98	7.094604	80.878349	35	057
LK-2310250	Thibbatugoda	517	0.72	7.086394	80.877592	35	057
LK-2310400	Thibbatugoda South	517B	0.73	7.082147	80.885939	35	057
LK-2310405	Goradiyagolla	524B	1.06	7.068677	80.88483	35	057
LK-2310410	Denambure	524	0.81	7.064853	80.895365	35	057
LK-2310415	Purankumbura	524C	0.78	7.072067	80.89662	35	057
LK-2310420	Hegama	523A	0.69	7.069943	80.904673	35	057
LK-2310425	Dambagolla	524A	0.68	7.063366	80.901938	35	057
LK-2310430	Demataarawa	518F	1.95	7.062478	80.911054	35	057
LK-2310435	Madulla South	527A	1.49	7.048438	80.920525	35	057
LK-2310440	Morahela	527B	1.86	7.046299	80.934549	35	057
LK-2310445	Meepanawa	528D	1.5	7.038547	80.924817	35	057
LK-2310450	Roopaha East	528E	0.92	7.040267	80.914907	35	057
LK-2310455	Pallewela	528A	1.01	7.041273	80.907778	35	057
LK-2310460	Palugama	528B	1.15	7.047937	80.903975	35	057
LK-2310465	Kotambe	525C	0.79	7.051332	80.905734	35	057
LK-2310470	Karandagolla	525B	0.81	7.056101	80.90329	35	057
LK-2310475	Udagama	525A	0.9	7.053127	80.89369	35	057
LK-2310480	Kumbukwela	525	0.65	7.060209	80.890112	35	057
LK-2310530	Roopaha	528	0.74	7.038627	80.900365	35	057
LK-2310535	Mathetilla	528F	1.99	7.031439	80.904527	35	057
LK-2310540	Embulampaha	531A	1.01	7.025158	80.907181	35	057
LK-2310545	Maliyadda	528C	1.45	7.029336	80.922964	35	057
LK-2310550	Kurupanawela	530	1.19	7.022006	80.922493	35	057
LK-2310555	Wathulanda East	530A	1.34	7.014792	80.920349	35	057
LK-2310560	Wathulanda West	530B	0.67	7.016696	80.909122	35	057
LK-2310565	Ambaliyadda	531	0.68	7.020721	80.905317	35	057
LK-2310570	Galkadapathana	533H	0.62	7.014014	80.891978	35	057
LK-2310600	Delmar	533L	6.19	6.994549	80.875888	35	057
LK-2310605	Sooriyagahapathana Ihala	533G	1.48	6.99722	80.886942	35	057
LK-2310610	Sooriyagahapathana Pahala	533F	1.34	7.010725	80.897992	35	057
LK-2310615	Udapussellawa South	533E	3.95	6.98962	80.891942	35	057
LK-2310620	St. Magret	533K	5.85	6.992247	80.909053	35	057
LK-2310625	Udapussellawa North	533D	2.83	7.005265	80.917428	35	057
LK-2312030	Bangalahatha	476C	12.1	6.956168	80.722074	34	054
LK-2312035	Toppass	535J	5.33	7.001235	80.743501	34	054
LK-2312040	Park	534G	6.99	7.001804	80.807858	34	054
LK-2312045	Concordia	534F	7.26	6.996938	80.829531	34	054
LK-2312050	Kandapola	534	0.76	6.996337	80.824105	34	054
LK-2312055	Kandapola Central	534C	1.53	6.989617	80.811306	34	054
LK-2312060	Hawaeliya East	535H	1.57	6.978136	80.784421	11/34	054
LK-2312065	Bambarakele	535K	5.61	6.991957	80.758349	11/34	054
LK-2312070	Nuwaraeliya West	535L	2.67	6.963881	80.761766	11/34	054
LK-2312075	Shanthipura	535M	13.78	6.982179	80.719886	34	054
LK-2312080	Kalapura	535N	7.95	6.96727	80.72785	11/34	054
LK-2312140	Rathnagiriya	475G	1.92	6.931543	80.691851	39	054
LK-2312150	Summerset	475W	4.73	6.936856	80.710368	34	054
LK-2312155	Nanuoya	476	8.18	6.933533	80.744415	34	054
LK-2312160	Windicorner	476E	0.7	6.944791	80.769786	34	054
LK-2312165	Nuwaraeliya	535	2.05	6.980958	80.767338	11/34	054
LK-2312170	Nuwara Eliya Central	535D	2.01	6.965889	80.776991	11	054
LK-2312175	Hawaeliya North	535G	3.03	6.986376	80.779883	11/34	054
LK-2312180	Hawaeliya West	535F	1.99	6.987362	80.774334	11/34	054
LK-2312185	Bulu Ela	535I	4.28	6.958513	80.820357	11/34	054
LK-2312190	Galpalama	534A	4.86	6.976153	80.818252	34	054
LK-2312195	Jayalanka	534B	4.42	7.00855	80.789993	34	054
LK-2312200	Kandapola East	534D	7.79	6.973017	80.841518	34	054
LK-2312205	Pedro	534H	3.73	6.978302	80.793855	34	054
LK-2312210	Goredihela	478	3.84	6.930649	80.810688	34	054
LK-2312215	Seethaeliya	478A	2.12	6.942249	80.798264	11/34	054
LK-2312220	Sandathenna	535E	11.32	6.947929	80.813589	11/34	054
LK-2312225	Kelegala	535C	0.75	6.955647	80.776242	11	054
LK-2312230	Kalukele	535B	0.36	6.951433	80.775518	11	054
LK-2312235	Magasthota	535A	0.59	6.949785	80.788082	11/34	054
LK-2312240	Ruwaneliya	476D	2.86	6.942516	80.783971	34	054
LK-2312245	Perakumpura	476B	8.94	6.914249	80.758079	34	054
LK-2312250	Kirimetiya	476A	4.95	6.921353	80.720569	34	054
LK-2312290	Magoda	476F	4.14	6.926553	80.770569	34	054
LK-2312295	Mihindupura	476G	1.43	6.935144	80.790774	34	054
LK-2312300	Meepilimana	476H	3.66	6.924307	80.79605	34	054
LK-2312305	Ambewela	477A	18.59	6.887362	80.792239	34	054
LK-2312310	Pattipola	477	43.28	6.82762	80.809334	34	054
LK-2313005	Bogahawatta	475P	7.68	6.971135	80.612054	39	054
LK-2313010	Mount Vernon	475Q	3.35	6.959121	80.622596	39	054
LK-2313015	Watagoda	475D	5.58	6.961279	80.645593	22/39	054
LK-2313020	Hollyrood	475S	3.71	6.949193	80.664648	22/39	054
LK-2313025	Great Western	475Z	8.97	6.960677	80.682637	39	054
LK-2313085	Bearwell	475X	7.34	6.950576	80.69933	22/39	054
LK-2313090	Thalawakele	475E	2.87	6.935648	80.654288	22/39	054
LK-2313095	Devon	475C	4.97	6.944127	80.645719	39	054
LK-2313100	Dimbula	475B	5.65	6.944959	80.622499	39	054
LK-2313105	Stonycliff	475M	6.4	6.951151	80.593284	39	054
LK-2313110	Kuduoya	475A	7.83	6.930343	80.591613	39	054
LK-2313115	Kotagala	475	2.8	6.930986	80.606078	39	054
LK-2313120	Drayton	475N	5.21	6.924984	80.622066	39	054
LK-2313125	Yulefield	475Y	7.28	6.909186	80.620111	39	054
LK-2313130	Coombewood	475R	7.44	6.921601	80.654854	22/39	054
LK-2313135	Lindula	475F	4.35	6.92057	80.68272	22/39	054
LK-2313145	Waltrim	475V	8.5	6.916413	80.706915	38	054
LK-2313255	Nagasena	475H	7.32	6.900168	80.687524	38	054
LK-2313260	Eildonhall	475T	6.75	6.898205	80.667859	38	054
LK-2313265	Rahanwatta	475U	5.47	6.896078	80.648873	38	054
LK-2313270	Balmoral	476Q	5.97	6.878336	80.672101	38	054
LK-2313275	Hallbrook	475I	2.64	6.890799	80.705961	38	054
LK-2313280	Henfold	476N	5.74	6.894179	80.716297	38	054
LK-2313285	Thangakele	476M	4.11	6.90277	80.738739	38	054
LK-2313315	Lippakelle	476L	8.3	6.885756	80.749467	38	054
LK-2313320	Dayagama West	475L	7.03	6.865529	80.752795	38	054
LK-2313325	Sandrinham	476R	17.75	6.827343	80.759689	38	054
LK-2313330	Glasgow	476J	6.95	6.864235	80.719174	38	054
LK-2313335	Braemore	476P	4.07	6.874806	80.707219	38	054
LK-2313340	Albion	476K	7.56	6.861936	80.664727	38	054
LK-2313345	Elbedda	475J	10.94	6.85092	80.684319	38	054
LK-2313350	Agarapathana	475K	35.9	6.82396	80.711931	38	054
LK-2313355	Weverly	476T	4.42	6.862586	80.738472	38	054
LK-2313360	Dayagama East	476S	19.68	6.842644	80.784129	38	054
LK-2314165	Rosella	320E	10.43	6.928183	80.549862	31	054
LK-2314170	Welioya	320P	5.81	6.940398	80.523715	31	054
LK-2314175	Maussakele	320I	19.59	6.87517	80.532898	36	054
LK-2314180	Lethant	319K	23.48	6.889297	80.558554	31/37	054
LK-2314185	Shanon	320O	3.54	6.899169	80.575823	31	054
LK-2314190	Hatton East	319E	2.73	6.887658	80.589602	21/31	054
LK-2314195	Hatton South	319D	0.39	6.893651	80.595206	21/31	054
LK-2314200	Panmur	320R	2.0	6.907992	80.580817	31	054
LK-2314205	Ruwanpura	320G	4.28	6.924177	80.575239	31	054
LK-2314210	Hatton West	319C	1.41	6.900036	80.588665	21/31/37	054
LK-2314215	Hatton North	319B	4.77	6.898784	80.60117	21/37	054
LK-2314220	Dickoya	319A	4.29	6.869907	80.627336	21/37	054
LK-2314225	Annfield	319I	13.06	6.87674	80.632277	37	054
LK-2314230	Dickoya South	319	3.12	6.882175	80.605596	21/37	054
LK-2314235	Injuster	319L	7.27	6.849205	80.632668	37	054
LK-2314240	Wanarajah	319J	7.15	6.865375	80.598592	37	054
LK-2314245	Newvalleygama	319H	5.42	6.845009	80.615692	37	054
LK-2314250	Norwood	320	10.1	6.843213	80.595384	37	054
LK-2314255	Maskeliya	320A	1.19	6.83138	80.574748	36	054
LK-2314260	Brownlow	320N	7.99	6.839533	80.565822	36	054
LK-2314265	Seethagangula	320B	17.27	6.835243	80.525088	36	054
LK-2314270	Moray	320H	15.77	6.79224	80.563315	36	054
LK-2314275	Mocha	320Q	31.97	6.79729	80.514005	36	054
LK-2314280	Brownswick	320M	12.69	6.819995	80.578725	36	054
LK-2314285	Gawarawila	320C	7.51	6.800511	80.598681	36	054
LK-2314290	Mahanelu	320K	3.85	6.812231	80.611793	36	054
LK-2314295	Venture	320L	8.66	6.811206	80.63869	37	054
LK-2314300	Tillary	319M	4.57	6.838232	80.662822	37	054
LK-2314305	Kirkoswald	319G	13.11	6.822734	80.660798	37	054
LK-2314310	Bogawana	319N	30.62	6.78862	80.734674	37	054
LK-2314315	Loinon	319O	12.79	6.774685	80.704827	37	054
LK-2314320	Kotiyagala	319P	4.07	6.7884	80.686903	37	054
LK-2314325	Bagawanthalawa South	319F	11.99	6.785738	80.662336	37	054
LK-2314330	Aulton Watta	320J	20.95	6.78275	80.6238	36	054
LK-2314335	Strathspey	320D	17.42	6.777247	80.592328	36	054
LK-2315005	Kalugala	316C	1.88	6.991299	80.439715	31	054
LK-2315010	Pitawala	316D	2.61	6.996404	80.453773	31	054
LK-2315015	Bulathgama	316	3.38	6.998836	80.470757	31	054
LK-2315020	Gonawala	316B	1.3	6.989801	80.482746	31	054
LK-2315025	Ambagamuwa North	314B	2.15	7.025444	80.487762	31	054
LK-2315030	Sellipigama	314C	2.16	7.012146	80.506775	31	054
LK-2315035	Ambagamuwa East	314A	4.84	7.001324	80.500836	31	054
LK-2315040	Ambagamuwa South	314	6.38	7.016496	80.47856	31	054
LK-2315045	Rampadeniya	316A	2.02	6.995727	80.480258	31	054
LK-2315050	Millagahamula	316E	2.32	6.991285	80.462363	31	054
LK-2315055	Dagampitiya	316F	3.33	6.977208	80.468446	31	054
LK-2315060	Polpitiya	318	4.76	6.974484	80.450456	31	054
LK-2315065	Minuwandeniya	318C	19.13	6.92922	80.449294	31	054
LK-2315070	Hitigama	318A	2.28	6.953023	80.456095	31	054
LK-2315075	Kehelwarawa	316G	4.38	6.96342	80.467725	31	054
LK-2315080	Homagama	314D	3.84	6.959732	80.487384	31	054
LK-2315085	Hambakanda	314G	2.37	6.97004	80.490783	31	054
LK-2315090	Samansirigama	315B	0.85	6.986575	80.488496	31	054
LK-2315095	Theeniyagala	315	1.03	6.975227	80.496037	31	054
LK-2315100	Ginigathhena	315A	7.25	6.982905	80.505072	31	054
LK-2315105	Dehigasthenna	314F	4.02	6.955838	80.503495	31	054
LK-2315110	Keleweldeniya	314E	2.76	6.939332	80.499091	31	054
LK-2315115	Morahenagama	317C	4.31	6.94288	80.477085	31	054
LK-2315120	Hangarapitiya	318B	2.21	6.936456	80.46491	31	054
LK-2315125	Jambuthenna	318D	3.28	6.918943	80.474363	31	054
LK-2315130	Kottellena	318E	12.52	6.895708	80.502151	31	054
LK-2315135	Waggama	317B	2.2	6.927445	80.481731	31	054
LK-2315140	Lakshapana	317A	2.23	6.931104	80.492641	31	054
LK-2315145	Kiriwaneliya	317	4.78	6.917103	80.502328	31	054
LK-2315150	Vidulipura South	315C	4.8	6.906532	80.520825	31	054
LK-2315155	Vidulipura North	315D	4.09	6.932023	80.5127	31	054
LK-2315160	Watawala	320F	10.13	6.951948	80.535029	31	054
LK-3103005	Pahurumulla	1	1.23	6.431107	79.994185	35	061
LK-3103010	Sinharoopagama	3B	0.56	6.425271	80.0069	35	061
LK-3103015	Yathramulla	3	0.73	6.431542	80.007784	35	061
LK-3103020	Kommala	3C	1.26	6.429925	80.017393	35	061
LK-3103025	Bodhimaluwa	3A	0.77	6.423602	80.02116	35	061
LK-3103030	Dope	5	1.72	6.416872	80.011041	35	061
LK-3103035	Angagoda	2	0.52	6.41884	80.000864	35	061
LK-3103040	Warahena	02A	2.63	6.407757	80.007125	35	061
LK-3103045	Kahagalla	5A	0.25	6.412834	80.01948	35	061
LK-3103050	Hunganthota Wadumulla	3D	0.98	6.418474	80.02397	35	061
LK-3103055	Dedduwa	6	4.31	6.405645	80.024687	35	061
LK-3103060	Athuruwella	8C	0.99	6.394838	80.01235	35	061
LK-3103065	Galbada	8A	1.23	6.389058	80.013107	35	061
LK-3103070	Galagama	11 C	0.63	6.387814	80.021569	35	061
LK-3103075	Mullegoda	11A	0.74	6.388668	80.027875	35	061
LK-3103080	Sooriyagama	12 D	1.38	6.394799	80.036762	35	061
LK-3103085	Haburugala	12	2.77	6.406418	80.040126	35	061
LK-3103090	Thunduwa West	12 C	0.58	6.40787	80.047879	35	061
LK-3103095	Thunduwa East	12 B	0.28	6.410035	80.05224	35	061
LK-3103100	Thotakanatta	12A	1.52	6.402798	80.058179	35	061
LK-3103105	Elakaka	12 E	1.13	6.399917	80.046483	35	061
LK-3103110	Ethungagoda	14E	1.19	6.390854	80.047846	35	061
LK-3103115	Gonagalapura	11	1.53	6.383682	80.036803	35	061
LK-3103120	Olaganduwa	8B	1.09	6.37857	80.017998	35	061
LK-3103125	Yalegama	8	1.0	6.382274	80.016856	35	061
LK-3103130	Kaikawala	9	1.07	6.375293	80.017523	35	061
LK-3103135	Habakkala	9 C	1.01	6.367999	80.018837	35	061
LK-3103140	Etawalawatta West	9B	0.23	6.372861	80.024741	35	061
LK-3103145	Etawalawatta East	9A	0.3	6.371415	80.031293	35	061
LK-3103150	Dombagahawatta	11 D	1.56	6.374204	80.040757	35	061
LK-3103155	Akadegoda	10 B	1.22	6.365282	80.033051	35	061
LK-3103160	Kahawegammedda	10	0.77	6.362458	80.018393	35	061
LK-3103165	Warakamulla	10A	0.78	6.360484	80.028957	35	061
LK-3103170	Kandemulla	10 C	0.98	6.357063	80.028185	35	061
LK-3103175	Galthuduwa	11 B	1.32	6.382311	80.047975	35	061
LK-3103180	Kolaniya	11 E	1.25	6.373258	80.052648	35	061
LK-3103185	Miriswatta	14A	1.63	6.380388	80.059555	35	061
LK-3103190	Viyandoowa	12F	0.67	6.392613	80.05697	35	061
LK-3103195	Mahagoda	14	1.94	6.388825	80.066109	35	061
LK-3103200	Pilekumbura	14D	1.61	6.371387	80.066855	35	061
LK-3103205	Mahavila West	14C	1.4	6.383113	80.074994	35	061
LK-3103210	Mahavila East	14B	0.67	6.392096	80.073767	35	061
LK-3103215	Moragoda	13A	2.49	6.394426	80.082364	35	061
LK-3103220	Ranthotuvila	13	2.36	6.387616	80.096841	35	061
LK-3103225	Malawala	13 B	1.2	6.382103	80.087671	35	061
LK-3103230	Ihala Malawala	40D	2.76	6.372277	80.095543	35	061
LK-3103235	Kotuwabendahena	40A	2.78	6.377518	80.1117	35	061
LK-3103240	Kuda Uragaha	40C	2.3	6.366475	80.110769	35	061
LK-3103245	Maha Uragaha	40	2.68	6.35664	80.114326	35	061
LK-3103250	Delkabalagoda	40E	3.08	6.354239	80.124661	35	061
LK-3103255	Hipanwatta	40B	1.86	6.341018	80.129424	35	061
LK-3106005	Doowemodara	15	1.98	6.349921	80.026372	34	058
LK-3106010	Nanathota Palatha	16D	5.03	6.355033	80.044331	34	058
LK-3106015	Pelegas Palatha	16A	1.75	6.364159	80.058388	34	058
LK-3106020	Wathurawela	16B	1.2	6.358174	80.055229	34	058
LK-3106025	Boraluketiya	16C	2.88	6.349412	80.067328	34	058
LK-3106030	Pathiraja Pedesa	24D	1.36	6.336324	80.073965	34	058
LK-3106035	Polathu Palatha	24A	2.38	6.327289	80.073946	34	058
LK-3106040	Katuvila	24B	5.64	6.325668	80.056829	34	058
LK-3106045	Mahapitiya	17B	2.26	6.337995	80.046348	34	058
LK-3106050	Nape	16	1.06	6.338596	80.03368	34	058
LK-3106055	Kudagodagama	17C	1.09	6.329905	80.045313	34	058
LK-3106060	Hegalla-Piyagama	17	0.51	6.326748	80.037488	34	058
LK-3106065	Godapitiya	17D	0.37	6.32269	80.038381	34	058
LK-3106070	Kosgoda	17A	1.07	6.335039	80.028523	34	058
LK-3106075	Ahungalla	18	0.76	6.316007	80.031629	34	058
LK-3106080	Middaramulla	18A	0.6	6.313417	80.036344	34	058
LK-3106085	Bogahapitiya	24C	0.69	6.317565	80.041018	34	058
LK-3106090	Galvehera	24	0.62	6.311214	80.04574	34	058
LK-3106095	Pathirajagama	24E	1.19	6.31431	80.053588	34	058
LK-3106100	Madoowa	23	4.27	6.29753	80.057576	34	058
LK-3106105	Kadiragonna	19C	0.77	6.30556	80.048317	34	058
LK-3106110	Makumbura	19B	0.4	6.309065	80.041682	34	058
LK-3106115	Wathuregama	19A	0.62	6.304	80.039333	34	058
LK-3106120	Wellabada	19	0.4	6.294443	80.039344	34	058
LK-3106125	Pathegangoda	20A	1.64	6.296188	80.046703	34	058
LK-3106130	Weliwathugoda	21A	1.14	6.285601	80.047788	34	058
LK-3106135	Brahmanawatta North	20	0.64	6.285804	80.038509	34	058
LK-3106140	Brahmanawatta South	20B	0.46	6.2773	80.037497	34	058
LK-3106145	Galmangoda	21	0.69	6.280981	80.043779	34	058
LK-3106150	Wandadoowa	90	0.59	6.277118	80.048589	34	058
LK-3106155	Heenatiya North	21B	0.3	6.273642	80.05497	34	058
LK-3106160	Mahaladoowa	21D	1.08	6.278961	80.057865	34	058
LK-3106165	Seenigoda	87D	0.68	6.267342	80.061098	34	058
LK-3106170	Heenatiya South	21C	0.51	6.271626	80.051093	34	058
LK-3106175	Mahakarawa	90A	0.43	6.268349	80.04574	34	058
LK-3106180	Elathota	21E	0.46	6.272334	80.043348	34	058
LK-3106185	Balapitiya	89	0.68	6.27096	80.03786	34	058
LK-3106190	Berathuduwa	89B	0.51	6.263903	80.040466	34	058
LK-3106195	Andadola	87B	0.85	6.262825	80.050525	34	058
LK-3106200	Petiwatta	87H	0.3	6.265468	80.057015	34	058
LK-3106205	Wathugedara	87C	0.59	6.259847	80.061548	34	058
LK-3106210	Paragahathota	87	0.24	6.257992	80.054409	34	058
LK-3106215	Wathugedara South	87A	0.17	6.259169	80.056816	34	058
LK-3106220	Kurunduwatta	87F	0.41	6.257042	80.049245	34	058
LK-3106225	Walagedara	89A	0.7	6.25804	80.041537	34	058
LK-3106230	Randombe North	88B	0.45	6.253069	80.044149	34	058
LK-3106235	Wadumulla	87E	0.5	6.252967	80.051733	34	058
LK-3106240	Viharagoda	87G	0.42	6.252865	80.058203	34	058
LK-3106245	Kandegoda	88A	0.36	6.247384	80.056013	34	058
LK-3106250	Bogahawatta	88C	0.18	6.246449	80.053	34	058
LK-3106255	Randombe South	88	0.39	6.248218	80.047277	34	058
LK-3109005	Walinguruketiya	39J	3.42	6.361274	80.074778	40	060
LK-3109010	Uragasmanhandiya North	39A	2.08	6.358362	80.084445	40	060
LK-3109015	Galpottawala	39H	1.9	6.367855	80.08878	40	060
LK-3109020	Meegaspitiya	39B	2.29	6.355225	80.10077	40	060
LK-3109025	Mendorawala	39E	0.87	6.355692	80.08909	40	060
LK-3109030	Uragasmanhandiya South	39	1.14	6.339931	80.081329	40	060
LK-3109035	Yatagala	39D	1.7	6.340277	80.08925	40	060
LK-3109040	Uragasmanhandiya East	39C	2.32	6.335303	80.107591	40	060
LK-3109045	Mabingoda	39G	1.54	6.344891	80.105919	40	060
LK-3109050	Hipankanda	41A	2.63	6.329275	80.119224	40	060
LK-3109055	Siripura	41D	2.0	6.326305	80.130754	40	060
LK-3109060	Beligaswella	41E	1.35	6.325332	80.108126	40	060
LK-3109065	Halgahawella	39F	1.52	6.331521	80.095715	40	060
LK-3109070	Lenagal Palatha	41C	1.97	6.326841	80.085307	40	060
LK-3109075	Magala North	41	1.63	6.319476	80.098027	40	060
LK-3109080	Kaluwalagoda	41B	1.85	6.315957	80.10742	40	060
LK-3109085	Diyapitagallana	41F	1.95	6.314223	80.123739	40	060
LK-3109090	Angulugalla	95A	3.94	6.300636	80.107896	40	060
LK-3109095	Magala South	95	5.99	6.307625	80.086963	40	060
LK-3109100	Pehembiyakanda	95B	2.22	6.298165	80.082167	40	060
LK-3109105	Unagaswela	91D	5.19	6.289538	80.075827	40	060
LK-3109110	Madakumbura	92A	1.27	6.28535	80.097364	40	060
LK-3109115	Thalgahawatta	92D	2.59	6.289864	80.112837	40	060
LK-3109120	Mandakanda	92B	2.58	6.295794	80.125941	40	060
LK-3109125	Anganaketiya	93C	3.81	6.276128	80.123547	40	060
LK-3109130	Borakanda	92	3.15	6.273842	80.106247	40	060
LK-3109135	Mahaedanda	92F	1.32	6.279346	80.101351	40	060
LK-3109140	Karandeniya North	91	2.06	6.280794	80.089275	40	060
LK-3109145	Randenigama	91B	2.84	6.272894	80.072364	40	060
LK-3109150	Mahagoda	91E	1.37	6.257919	80.071377	40	060
LK-3109155	Karandeniya South	91A	0.69	6.26286	80.074877	40	060
LK-3109160	Dangahavila	91C	0.74	6.267077	80.079472	40	060
LK-3109165	Egodawela	91F	4.47	6.256476	80.089151	40	060
LK-3109170	Diviyagahawela	92C	2.19	6.259967	80.101612	40	060
LK-3109175	Kirinuge	92E	1.81	6.257549	80.11332	40	060
LK-3109180	Kiripedda	93A	0.78	6.262529	80.119419	40	060
LK-3109185	Galagoda Atta	93D	1.89	6.253676	80.126966	40	060
LK-3109190	Ihala Kiripedda	93B	1.0	6.26555	80.12841	40	060
LK-3109195	Kurundugaha Hethekma	93	3.42	6.269188	80.138478	40	060
LK-3109200	Jayabima	93E	1.08	6.252361	80.135759	40	060
LK-3112005	Avittawa	29A	2.98	6.361246	80.14118	37	061
LK-3112010	Pahala Omatta	28	3.54	6.353687	80.170798	37	061
LK-3112015	Omatta	28C	4.11	6.345289	80.185744	37	061
LK-3112020	Metiviliya	30A	3.84	6.349193	80.204354	37	061
LK-3112025	Himbutugoda	31D	1.68	6.341497	80.218156	37	061
LK-3112030	Indipalegoda	30B	2.7	6.331179	80.233799	37	061
LK-3112035	Dikhena	31C	3.26	6.328715	80.216142	37	061
LK-3112040	Delpona	30C	1.64	6.340169	80.198411	37	061
LK-3112045	Ihala Omatta	28A	6.01	6.32683	80.189121	37	061
LK-3112050	Digala Nagahathenna	28B	4.53	6.33618	80.165486	37	061
LK-3112055	Opatha	29B	2.0	6.353404	80.152186	37	061
LK-3112060	Goluwamulla North	29C	2.39	6.344636	80.147937	37	061
LK-3112065	Goluwamulla West	29D	1.89	6.348803	80.137171	37	061
LK-3112070	Goluwamulla	29	2.62	6.330306	80.149396	37	061
LK-3112075	Atakohota	29H	2.08	6.320196	80.134931	37	061
LK-3112080	Elpitiya North	25	2.07	6.318311	80.154228	37	061
LK-3112085	Elpitiya East	25C	1.18	6.316553	80.169981	37	061
LK-3112090	Poojagallena	25K	2.41	6.311808	80.179435	37	061
LK-3112095	Ketandola Udovita	31G	5.14	6.308159	80.194138	37	061
LK-3112100	Sittaragoda	31H	1.24	6.321812	80.208087	37	061
LK-3112105	Amugoda	31	1.57	6.315095	80.222954	37	061
LK-3112110	Kellapatha	31E	1.65	6.312875	80.21505	37	061
LK-3112115	Thalagaspe	31B	1.44	6.303063	80.208	37	061
LK-3112120	Thalagaspe West	31J	1.76	6.293752	80.202385	37	061
LK-3112125	Wallambagala North	27E	2.61	6.28805	80.190412	37	061
LK-3112130	Elpitiya South	25B	1.58	6.300472	80.173613	37	061
LK-3112135	Elpitiya Central	25G	2.34	6.313593	80.165162	37	061
LK-3112140	Nawadagala	25A	3.35	6.303276	80.136199	37	061
LK-3112145	Batuwanhena	25D	3.5	6.303532	80.150789	37	061
LK-3112150	Igala	26A	3.94	6.289947	80.148309	37	061
LK-3112155	Igala East	26D	1.59	6.289207	80.164383	37	061
LK-3112160	Pelendagoda	25E	0.84	6.290204	80.172935	37	061
LK-3112165	Wallambagala	27A	7.72	6.280221	80.18924	37	061
LK-3112170	Ambana	94	10.65	6.249899	80.217065	37	061
LK-3112175	Ambana North	94L	1.94	6.238396	80.202079	37	061
LK-3112180	Pituwala South	27D	2.95	6.254904	80.193008	37	061
LK-3112185	Pituwala North	27C	2.04	6.268723	80.181151	37	061
LK-3112190	Kudagala Kadirandola	26C	1.88	6.278659	80.165386	37	061
LK-3112195	Igala Thalawa East	26E	1.23	6.280189	80.158144	37	061
LK-3112200	Igala Thalawa	26B	2.42	6.281091	80.137469	37	061
LK-3112205	Ella	26G	3.63	6.262583	80.159013	37	061
LK-3112210	Ella Thanabaddegama	26	1.99	6.249751	80.165776	37	061
LK-3112215	Mahawela Abhayapura	27B	2.65	6.263055	80.173769	37	061
LK-3112220	Pituwala West	27	2.16	6.249628	80.186014	37	061
LK-3112225	Eramulla	94E	6.46	6.235329	80.186317	37	061
LK-3112230	Pinikahana	94A	5.53	6.217226	80.199639	37	061
LK-3112235	Kahadoowa	94D	2.18	6.226695	80.213642	37	061
LK-3112240	Thibbotuwawa	94J	3.96	6.241876	80.236888	37	061
LK-3112245	Wathuruvila	94C	3.44	6.230665	80.230793	37	061
LK-3112250	Rekadahena	94H	2.57	6.216219	80.230323	37	061
LK-3112255	Kahadoowa South	94k	1.79	6.217413	80.217416	37	061
LK-3115005	Pitigala North	30B	5.01	6.367863	80.218195	43	062
LK-3115010	Uhanovita	33E	2.28	6.368516	80.240428	43	062
LK-3115015	Hattaka	33	3.26	6.365635	80.232503	43	062
LK-3115020	Kaluarachchigoda	30E	1.98	6.351516	80.229938	43	062
LK-3115025	Pitigala	30	1.46	6.349487	80.218816	43	062
LK-3115030	Karawwa	30D	1.53	6.344524	80.232176	43	062
LK-3115035	Boraluwahena	33B	5.54	6.348912	80.25527	43	062
LK-3115040	Bangamukanda	33D	3.0	6.340235	80.270355	43	062
LK-3115045	Godamuna North	33C	3.01	6.333169	80.252331	43	062
LK-3115050	Marthupitiya	32A	2.61	6.317743	80.243451	43	062
LK-3115055	Godamuna South	33A	2.95	6.319468	80.252986	43	062
LK-3115060	Liyanagamakanda	34A/1	9.65	6.321797	80.279033	43	062
LK-3115065	Usbim Colony	34A/2	6.36	6.305587	80.293671	43	062
LK-3115070	Bambarawana	34A	3.85	6.297379	80.278658	43	062
LK-3115075	Mattaka	34	2.6	6.301224	80.256784	43	062
LK-3115080	Weihena	32	3.23	6.313526	80.234876	43	062
LK-3115085	Amaragama	31B/2	4.46	6.291568	80.210528	43	062
LK-3115090	Naranovita	31B	2.18	6.288177	80.221382	43	062
LK-3115095	Porawagama	35	5.72	6.279328	80.224653	43	062
LK-3115100	Kimbulawala	32B	2.98	6.297627	80.241838	43	062
LK-3115105	Poddiwala West	34B	2.37	6.286485	80.258358	43	062
LK-3115110	Poddiwala East	34C	3.05	6.288968	80.271815	43	062
LK-3115115	Maraggoda	35A	2.27	6.269398	80.25975	43	062
LK-3115120	Duwegoda	35C	3.92	6.277396	80.246762	43	062
LK-3115125	Porawagama South	35B	2.8	6.262687	80.240992	43	062
LK-3115130	Wattahena	37A	2.46	6.253039	80.249479	43	062
LK-3115135	Manampita	37A/2	1.84	6.257228	80.260244	43	062
LK-3115140	Niyagama	38	2.26	6.240131	80.268734	43	062
LK-3115145	Niyagama West	38A	1.06	6.238733	80.260623	43	062
LK-3115150	Polpelaketiya	37B	1.73	6.236612	80.252809	43	062
LK-3115155	Horangalla West	37/3	0.96	6.228125	80.249443	43	062
LK-3115160	Horangalla Thalawa	37	3.06	6.215433	80.250627	43	062
LK-3115165	Horangalla (Akulavila)	37/2	1.03	6.222331	80.259416	43	062
LK-3115170	Niyagama South	38B	1.89	6.226268	80.265503	43	062
LK-3118005	Ela Ihala	230B	10.04	6.375241	80.301514	44	062
LK-3118010	Ela Ihala North	230E	3.45	6.384779	80.319777	44	062
LK-3118015	Kumburegoda	230 C	4.96	6.368139	80.328711	44	062
LK-3118020	Habarakada East	230	2.83	6.353522	80.342361	44	062
LK-3118025	Habarakada West	230 A	2.98	6.352429	80.327382	44	062
LK-3118030	Kudugalpala	230 D	8.74	6.347298	80.3119	44	062
LK-3118035	Batahena	227A	1.57	6.334026	80.328866	44	062
LK-3118040	Thawalama North	227	3.59	6.338199	80.340733	44	062
LK-3118045	Thawalama Mookalana	227 C	2.7	6.32961	80.360977	44	062
LK-3118050	Thawalama South	227B	4.02	6.325719	80.348218	44	062
LK-3118055	Hiniduma North	226	9.29	6.316538	80.33068	44	062
LK-3118060	Hiniduma West	226 B	4.41	6.31679	80.308208	44	062
LK-3118065	Hiniduma South	226 A	3.57	6.297571	80.33014	44	062
LK-3118070	Malgalla	228	8.19	6.298671	80.362712	44	062
LK-3118075	Halvitigala Colony 1	228 B	1.32	6.316229	80.372997	44	062
LK-3118080	Halvitigala Colony 2	228 D	1.63	6.305669	80.37498	44	062
LK-3118085	Dammala Colony	228E	1.81	6.304807	80.386042	44	062
LK-3118090	Thalangalla East	228 F	4.58	6.292022	80.38852	44	062
LK-3118095	Thalangalla West	228G	2.32	6.285494	80.375058	44	062
LK-3118100	Malhathawa	226C	6.53	6.293191	80.334797	44	062
LK-3118105	Panangala West	225A	5.1	6.274889	80.311316	44	062
LK-3118110	Panangala North	225 C	2.67	6.279494	80.333302	44	062
LK-3118115	Panangala East	225	8.66	6.272811	80.345846	44	062
LK-3118120	Thalangalla	228 A	2.75	6.276091	80.378509	44	062
LK-3118125	Dammala	228 C	1.95	6.295367	80.404257	44	062
LK-3118130	Opatha North	229 D	2.13	6.279137	80.411512	44	062
LK-3118135	Opatha West	229 C	4.88	6.268112	80.379847	44	062
LK-3118140	Koralegama	224 A	4.82	6.257846	80.337358	44	062
LK-3118145	Eppala	224	3.38	6.252784	80.318587	44	062
LK-3118150	Gallandala	225 B	13.85	6.247556	80.355891	44	062
LK-3118155	Opatha South	229E	10.07	6.247998	80.389249	44	062
LK-3118160	Opatha East	229	1.92	6.266543	80.420208	44	062
LK-3118165	Weerapana North	229F	3.21	6.251797	80.428331	44	062
LK-3118170	Weerapana West	229B	8.47	6.237641	80.39628	44	062
LK-3118175	Weerapana South	229G	9.68	6.228995	80.420502	44	062
LK-3118180	Weerapana East	229A	1.62	6.239399	80.434475	44	062
LK-3121005	Danawala	232C	4.78	6.404562	80.331237	42	062
LK-3121010	Mavita West	232E	5.93	6.398092	80.352282	42	062
LK-3121015	Batuwangala West	233A	2.72	6.39452	80.373356	42	062
LK-3121020	Kosmulla	233D	14.1	6.407387	80.383235	42	062
LK-3121025	Thambalagama	234D	3.06	6.387899	80.407472	42	062
LK-3121030	Ehelapitiya	233C	1.96	6.380507	80.388013	42	062
LK-3121035	Batuwangala	233	2.19	6.380614	80.378641	42	062
LK-3121040	Mavita East	232A	2.21	6.392697	80.364669	42	062
LK-3121045	Koswatta	232G	1.17	6.38789	80.347853	42	062
LK-3121050	Ebalagedara North	231A	3.19	6.381186	80.344896	42	062
LK-3121055	Embalegedara South	231C	2.56	6.380539	80.335493	42	062
LK-3121060	Mawanana	231	3.05	6.367119	80.354086	42	062
LK-3121065	Neluwa	232	1.85	6.37628	80.365034	42	062
LK-3121070	Pahala Maddegama	233B	2.76	6.368465	80.37835	42	062
LK-3121075	Maddegama East	233F	1.27	6.366681	80.389182	42	062
LK-3121080	Happitiya	234B	5.52	6.366041	80.407009	42	062
LK-3121085	Madugeta	234	1.17	6.373602	80.404824	42	062
LK-3121090	Warukandeniya	234C	8.31	6.382311	80.430358	42	062
LK-3121095	Lankagama	234A	18.05	6.36922	80.458178	42	062
LK-3121100	Dellawa	237	12.21	6.332398	80.455901	42	062
LK-3121105	Miyanawathura	236	3.72	6.342454	80.438425	42	062
LK-3121110	Pannimulla	235B	5.46	6.34772	80.424702	42	062
LK-3121115	Ihala Maddegama	233E	1.76	6.353981	80.391963	42	062
LK-3121120	Medagama	232D	3.09	6.359388	80.372498	42	062
LK-3121125	Pahala Gigummaduwa	231D	2.69	6.349498	80.361524	42	062
LK-3121130	Ihala Gigummaduwa	231B	5.8	6.339396	80.368684	42	062
LK-3121135	Lelwala	232B	2.09	6.345833	80.384861	42	062
LK-3121140	Ihala Lelwala	232F	2.12	6.338676	80.392993	42	062
LK-3121145	Panagoda	235	4.27	6.343815	80.40661	42	062
LK-3121150	Dewalegama West	235C	2.83	6.326829	80.419034	42	062
LK-3121155	Dewalegama East	235A	3.5	6.32103	80.434921	42	062
LK-3121160	Millawa West	238B	2.35	6.300095	80.450335	42	062
LK-3121165	Ihala Millawa	238A	8.9	6.305526	80.461754	42	062
LK-3121170	Pahala Millawa	238	5.87	6.292843	80.475863	42	062
LK-3124005	Thalgaswala	215C	6.5	6.258897	80.274252	41	062
LK-3124010	Marakanda	214D	7.56	6.272824	80.287738	41	062
LK-3124015	Malamura	214A	5.23	6.257417	80.296915	41	062
LK-3124020	Aluth Thanayamgoda Pahala West	215B	1.79	6.243068	80.291273	41	062
LK-3124025	Mapalagama	215A	2.32	6.231635	80.281342	41	062
LK-3124030	Aluth Thanayamgoda Pahala	215	1.95	6.230228	80.293803	41	062
LK-3124035	Aluth Thanayamgoda Ihala South	214C	0.69	6.243206	80.300321	41	062
LK-3124040	Aluth Thanayamgoda Ihala	214	1.35	6.238583	80.307533	41	062
LK-3124045	Ketagoda South	214B	2.02	6.23225	80.323742	41	062
LK-3124050	Ketagoda North	214E	1.26	6.238156	80.325725	41	062
LK-3124055	Parana Thanayamgoda	213	2.9	6.226781	80.316406	41	062
LK-3124060	Parana Thanayamgoda Central	213B	3.46	6.219515	80.308042	41	062
LK-3124065	Parana Thanayamgoda Pahala	213A	2.76	6.217111	80.292756	41	062
LK-3124070	Gonalagoda East	217B	0.18	6.228398	80.277103	41	062
LK-3124075	Gonalagoda	217	1.19	6.221787	80.277004	41	062
LK-3124080	Gammeddegoda	217A	2.1	6.21206	80.266482	41	062
LK-3124085	Gammeddegoda South	217C	1.95	6.204247	80.269205	41	062
LK-3124090	Nagoda Ihala	216A	1.72	6.210836	80.289111	41	062
LK-3124095	Nagoda	216	1.46	6.203588	80.28094	41	062
LK-3124100	Kurupanawa	216B	2.19	6.200039	80.291428	41	062
LK-3124105	Gonadeniya	210A	1.91	6.201828	80.309748	41	063
LK-3124110	Ukovita North	218C	3.53	6.20462	80.325647	41	063
LK-3124115	Udugama West	218	1.9	6.215504	80.329811	41	063
LK-3124120	Udugama North	219C	1.96	6.227749	80.343056	41	063
LK-3124125	Homadola	219A	25.78	6.208033	80.370655	41	063
LK-3124130	Udugama East	219	7.98	6.179874	80.374277	41	063
LK-3124135	Udugama	218B	2.57	6.201822	80.341359	41	063
LK-3124140	Ukovita	218D	1.95	6.19141	80.329661	41	063
LK-3124145	Gonadeniya South	210E	2.09	6.188866	80.322408	41	063
LK-3124150	Udalamatta East	210C	1.38	6.190477	80.299584	41	063
LK-3124155	Udalamatta North	210	2.62	6.185824	80.291047	41	063
LK-3124160	Keppitiyagoda	212	3.15	6.183688	80.278566	41	062
LK-3124165	Udawelivitiya	194	1.55	6.189654	80.263232	41	062
LK-3124170	Udawelivitithalawa East	194C	1.88	6.19856	80.258156	41	062
LK-3124175	Udawelivitithalawa	194A	2.29	6.193133	80.249354	41	062
LK-3124180	Udawelivitiya West	194B	1.41	6.180688	80.249727	41	062
LK-3124185	Keppitiyagoda North	212A	2.34	6.181835	80.267857	41	062
LK-3124190	Budapanagama	211A	1.6	6.172557	80.248313	41	062
LK-3124195	Unanvitiya	211	1.83	6.16266	80.24066	41	062
LK-3124200	Unanvitiya East	211B	2.13	6.160838	80.2508	41	062
LK-3124205	Urala North	222	1.5	6.148329	80.25862	41	062
LK-3124210	Urala Pahala	222C	1.23	6.158429	80.263163	41	062
LK-3124215	Yatalamatta	209	4.27	6.165654	80.268522	41	062
LK-3124220	Yatalamatta East	209A	3.28	6.167422	80.291149	41	062
LK-3124225	Udalamatta South	210B	3.17	6.186259	80.312018	41	063
LK-3124230	Udugama South	218A	1.79	6.188005	80.343185	41	063
LK-3124235	Udugama Central	219B	4.22	6.175323	80.339092	41	063
LK-3124240	Aluthwatta	219D	9.52	6.169311	80.36137	41	063
LK-3124245	Hangaranwala	210D	12.79	6.163388	80.31949	41	063
LK-3124250	Yatalamatta West	209B	4.42	6.15499	80.29559	41	062
LK-3124255	Urala Central	222B	1.45	6.150673	80.271396	41	062
LK-3124260	Urala South	222A	1.74	6.141576	80.276832	41	062
LK-3124265	Urala East	222D	1.61	6.144746	80.287019	41	062
LK-3127005	Wavulagala	199B	0.67	6.164573	80.153638	33	059
LK-3127010	Halpathota Central	199A	3.48	6.169525	80.157356	33	059
LK-3127015	Halpathota	199	1.0	6.173504	80.168731	33	059
LK-3127020	Baddegama Town	184B	0.96	6.171855	80.17874	33	063
LK-3127025	Baddegama North	184	0.8	6.173904	80.185848	33	063
LK-3127030	Nayapamula	184A	0.52	6.175506	80.19097	33	063
LK-3127035	Kotagoda	184C	1.29	6.18025	80.198104	33	063
LK-3127040	Hemmeliya	188	2.95	6.1805	80.213145	33	063
LK-3127045	Ellakanda Wathurawa	186C	2.66	6.168696	80.216262	33	063
LK-3127050	Baddegama East	186	2.01	6.167213	80.203395	33	063
LK-3127055	Yahaladoowa	186B	1.17	6.167917	80.192822	33	063
LK-3127060	Baddegama South	198A	1.54	6.15981	80.1822	33	063
LK-3127065	Gothatuwa	198B	0.83	6.167504	80.169945	33	063
LK-3127070	Majuwana	202	1.03	6.149468	80.170643	33	059
LK-3127075	Weweldeniya	201C	1.02	6.153611	80.157757	33	059
LK-3127080	Keradewala	201	1.15	6.143233	80.16204	33	059
LK-3127085	Madoldoowa	201B	0.63	6.144459	80.153123	33	059
LK-3127090	Bataketiya	201D	1.01	6.151114	80.164618	33	059
LK-3127095	Ganegama North	198	0.85	6.15971	80.172779	33	063
LK-3127100	Sandarawala	220B	0.87	6.153857	80.186745	33	063
LK-3127105	Boralukada	187	0.84	6.152165	80.198756	33	063
LK-3127110	Mahahengoda	187B	0.96	6.162276	80.188277	33	063
LK-3127115	Pahala Keembiya	188A	1.19	6.124338	80.227348	33	063
LK-3127120	Mahalapitiya	187A	2.24	6.169146	80.228835	33	063
LK-3127125	Warakapitikanda	187C	0.45	6.133218	80.219079	33	063
LK-3127130	Ginimellagaha South	220A	0.41	6.129144	80.179523	33	063
LK-3127135	Thilaka Udagama	220	1.21	6.141553	80.20691	33	063
LK-3127140	Pilagoda	220C	2.86	6.145394	80.213189	33	063
LK-3127145	Ganegama East	202A	1.92	6.144542	80.195147	33	059
LK-3127150	Ganegama South	201A	1.58	6.14499	80.180149	33	059
LK-3127155	Ganegama West	203	1.65	6.137907	80.183563	33	059
LK-3127160	Lelkada	203B	0.89	6.138441	80.168556	33	059
LK-3127165	Ginimellagaha West	206C	1.14	6.134106	80.159103	33	063
LK-3127170	Ginimellagaha East	208A	1.19	6.128702	80.168613	33	063
LK-3127175	Dodangoda	208B	0.85	6.132321	80.176848	33	063
LK-3127180	Thelikada	208	1.23	6.123241	80.182237	33	063
LK-3127185	Walpita North	206	2.5	6.121498	80.193636	33	063
LK-3127190	Keembiela	204	1.6	6.133529	80.198407	33	059
LK-3127195	Kohombanadeniya	203A	2.58	6.11488	80.227222	33	059
LK-3127200	Kasideniya	203C	1.58	6.129988	80.212253	33	059
LK-3127205	Thelikada Nagaraya	204A	0.99	6.115647	80.182297	33	059
LK-3127210	Balagoda	206B	0.79	6.113893	80.198794	33	063
LK-3127215	Adurathvila	206E	2.15	6.12111	80.208063	33	063
LK-3127220	Pituwalgoda	208C	0.67	6.122917	80.173787	33	063
LK-3127225	Walpita South	206A	1.09	6.11043	80.207009	33	063
LK-3127230	Gonapura	206D	2.48	6.106166	80.197371	33	063
LK-3127235	Horagampita Central	205A	1.31	6.106548	80.183255	33	059
LK-3127240	Horagampita	205	1.86	6.096242	80.184955	33	059
LK-3128005	Weihena	186D	2.0	6.157447	80.212328	33	063
LK-3128010	Indurupathvila	186A	1.81	6.151862	80.223895	33	063
LK-3128015	Polgahavila	191B	1.41	6.153142	80.236002	33	063
LK-3128020	Kumbalamalahena	190A	1.19	6.146084	80.24873	33	063
LK-3128025	Ihala Lelwala	190	1.88	6.140379	80.245819	33	063
LK-3128030	Pahala Lelwala	191	1.99	6.140739	80.237547	33	063
LK-3128035	Kirindalahena	191D	0.76	6.141978	80.22682	33	063
LK-3128040	Kokawala	191A	2.4	6.129386	80.234724	33	063
LK-3128045	Panvila	190B	0.93	6.128723	80.248682	33	063
LK-3128050	Wanduramba	221	1.74	6.13618	80.256467	33	063
LK-3128055	Gulugahakanda	221B	1.71	6.136532	80.267579	33	063
LK-3128060	Thalawa	189B	2.67	6.141971	80.294727	33	063
LK-3128065	Mabotuwana	189	4.92	6.122884	80.293335	33	063
LK-3128070	Wanduramba South	221A	1.9	6.128171	80.262121	33	063
LK-3128075	Deiyandara	191C	1.2	6.120967	80.247205	33	063
LK-3128080	Meda Keembiya	200	1.77	6.114392	80.243719	33	063
LK-3128085	Pitiharawa	200B	2.76	6.1135	80.258078	33	063
LK-3128090	Thiruwanaketiya	200C	2.08	6.111899	80.274083	33	063
LK-3128095	Nattewela	189A	3.11	6.114569	80.283706	33	063
LK-3128100	Meda Keembiya East	200A	1.68	6.103217	80.25615	33	063
LK-3128105	Ihala Keembiya South	207A	2.61	6.092884	80.267599	33	063
LK-3128110	Ihala Keembiya	207	3.66	6.09972	80.279332	33	063
LK-3130005	Ethkandura	223	4.86	6.238979	80.148311	47	060
LK-3130010	Old Colony	223C	1.85	6.250335	80.151946	47	060
LK-3130015	Thanabaddegama	223B	2.48	6.243294	80.16158	47	060
LK-3130020	Maddevila	193B	2.08	6.221778	80.148386	47	060
LK-3130025	Miriswatta	193F	0.89	6.211614	80.144164	47	060
LK-3130030	Nambara Atta	193C	2.11	6.215474	80.162077	47	060
LK-3130035	Divithura East	223A	2.46	6.221975	80.168015	47	060
LK-3130040	Polgahavila	94B	3.0	6.214321	80.183586	47	060
LK-3130045	Divithura	193	3.25	6.205688	80.154487	47	060
LK-3130050	Ampegama	192	4.21	6.193089	80.148358	47	060
LK-3130055	Hamingala	193D	2.5	6.197841	80.168649	47	060
LK-3130060	Nugethota	193E	3.57	6.196833	80.182493	47	060
LK-3130065	Agaliya	197	3.83	6.199457	80.192603	47	060
LK-3130070	Divithura South	193A	2.58	6.185976	80.17664	47	060
LK-3130075	Galahenkanda	192A	2.55	6.182595	80.162524	47	060
LK-3130080	Kuttiyawatta	94C	1.96	6.19989	80.209968	47	060
LK-3130085	Pathawelivitiya North	196B	4.36	6.197132	80.23054	47	060
LK-3130090	Waduwelivitiya North	196C	2.52	6.208864	80.237864	47	060
LK-3130095	Pathawelivitiya	196	2.46	6.187337	80.219538	47	060
LK-3130100	Waduwelivitiya	196A	2.98	6.182344	80.236295	47	060
LK-3133005	Heppumulla	83A	0.22	6.244317	80.048569	21	059
LK-3133010	Patabendimulla	85	0.46	6.238296	80.051483	21	059
LK-3133015	Karittakanda	83	0.25	6.241467	80.054953	21	059
LK-3133020	Kaluwadumulla	86 A	0.28	6.244497	80.059003	21	059
LK-3133025	Okanda	86E	0.08	6.248243	80.060111	21	059
LK-3133030	Keraminiya	86 B	0.54	6.252101	80.064816	21	059
LK-3133035	Polwatta	86	0.96	6.243618	80.066034	21	059
LK-3133040	Thalgasgoda	86 D	2.17	6.247085	80.078312	21	059
LK-3133045	Thilakapura	81 A	2.38	6.237792	80.093734	32	059
LK-3133050	Thanipolgahalanga	75 J	1.81	6.244719	80.111692	32	059
LK-3133055	Batapola Central	75 B	4.09	6.23514	80.122187	32	059
LK-3133060	Kondagala	75 K	1.81	6.240157	80.13627	32	059
LK-3133065	Batapola North	75 C	2.29	6.231621	80.109492	32	059
LK-3133070	Kobeithuduwa	75 I	2.95	6.228611	80.096986	32	059
LK-3133075	Godahena	81	3.11	6.234305	80.079072	32	059
LK-3133080	Poramba	86C	0.52	6.240232	80.062315	21	059
LK-3133085	Vilegoda	84	0.39	6.236679	80.059776	21	059
LK-3133090	Paniyandoowa	84 A	0.45	6.233439	80.059955	21	059
LK-3133095	Hirewatta	82A	0.23	6.231173	80.05401	21	059
LK-3133100	Maha Ambalangoda	82	0.67	6.230678	80.06235	21	059
LK-3133105	Batadoowa	75 F	2.45	6.219611	80.097269	32	059
LK-3133110	Batapola West	75	1.48	6.2154	80.112102	32	059
LK-3133115	Batapola South	75D	1.21	6.220611	80.121473	32	059
LK-3133120	Dorala	75 G	1.29	6.22692	80.134763	32	059
LK-3133125	Batapola East	75 A	2.17	6.215421	80.135254	32	059
LK-3133130	Polhunnawa	75 H	0.9	6.211107	80.128592	32	059
LK-3133135	Nawagama	75E	1.28	6.206178	80.123826	32	059
LK-3133140	Nindana	74	1.22	6.208724	80.110023	32	059
LK-3133145	Lewdoowa	74 A	1.66	6.207861	80.097812	32	059
LK-3133150	Udakerewa	73 B	1.95	6.206954	80.086141	32	059
LK-3133155	Domanvila	74 B	1.21	6.201006	80.109934	32	059
LK-3133160	Diddeliya	73A	1.85	6.194679	80.114734	32	059
LK-3133165	Eranavila	73D	1.3	6.191591	80.104333	32	059
LK-3133170	Meetiyagoda	73	1.71	6.189779	80.094805	32	059
LK-3133175	Metiwala	68	1.22	6.177227	80.09472	32	059
LK-3133180	Walakada	68 B	0.64	6.177675	80.102783	32	059
LK-3134005	Karuwalabedda	73C	0.94	6.192468	80.124826	32	059
LK-3134010	Manampita	66A	1.5	6.195883	80.12802	32	059
LK-3134015	Dangaragaha Udumulla	66G	0.46	6.195392	80.133416	32	059
LK-3134020	Banwelgodella	66C	0.86	6.191027	80.135557	32	059
LK-3134025	Eriyagahamulla	66H	0.14	6.184846	80.138946	32	059
LK-3134030	Aluthwala	66	1.15	6.178093	80.137385	32	059
LK-3134035	Mahagangoda	66F	1.34	6.180936	80.12795	32	059
LK-3134040	Kirindiela	68A	2.73	6.180478	80.113302	32	059
LK-3134045	Thilakagama	66E	2.08	6.168138	80.12293	32	059
LK-3134050	Henagoda	66D	1.25	6.170154	80.136309	32	059
LK-3134055	Gonapeenuwala Central	60B	2.01	6.161624	80.148362	32	059
LK-3134060	Woodland Watta	60C	1.02	6.160398	80.135163	32	059
LK-3134065	Berathuduwa	66B	2.15	6.157568	80.125669	32	059
LK-3134070	Hikkaduwa East	59A	1.67	6.143024	80.123015	32	059
LK-3134075	Arachchikanda	59/A/1	2.05	6.140765	80.13324	32	059
LK-3134080	Gonapeenuwala East	60	1.49	6.157231	80.141723	32	059
LK-3134085	Gonapeenuwala West	60A	0.93	6.148143	80.139745	32	059
LK-3134090	Dodamkahavila	60D	1.42	6.142916	80.144435	32	059
LK-3134095	Kaluwagaha Colony	60E	0.21	6.152707	80.151706	32	059
LK-3135005	Urawatta	80	0.46	6.224261	80.056756	39	064
LK-3135010	Dewagoda West	80C	0.26	6.223084	80.060299	39	064
LK-3135015	Dewagoda East	80B	0.38	6.221774	80.062569	39	064
LK-3135020	Deldoowa	80D	0.67	6.231424	80.067999	39	064
LK-3135025	Idanthota	80A	0.9	6.220623	80.069191	39	064
LK-3135030	Kuleegoda West	78	0.66	6.21802	80.074261	39	064
LK-3135035	Galagoda East	78A	1.45	6.215891	80.081404	39	064
LK-3135040	Galagoda West	78C	0.31	6.210498	80.080971	39	064
LK-3135045	Kuleegoda East	78B	0.73	6.210023	80.075844	39	064
LK-3135050	Wellabada	79	0.3	6.217258	80.061207	39	064
LK-3135055	Usmudulawa	79A	0.43	6.214974	80.064111	39	064
LK-3135060	Wenamulla	77	0.38	6.21091	80.064208	39	064
LK-3135065	Dimbuldoowa	77B	0.76	6.205942	80.06639	39	064
LK-3135070	Andurangoda	77A	0.39	6.208845	80.070905	39	064
LK-3135075	Galdoowa	72A	1.86	6.198799	80.077989	39	064
LK-3135080	Akurala	76	1.1	6.194719	80.068155	39	064
LK-3135085	Akurala North	76B	0.2	6.196409	80.063088	39	064
LK-3135090	Akurala South	76A	0.17	6.189536	80.065835	39	064
LK-3135095	Uduwaragoda North	71A	0.36	6.188651	80.073857	39	064
LK-3135100	Uduwaragoda South	71	0.21	6.18478	80.07266	39	064
LK-3135105	Kahawa	69	1.13	6.184881	80.07969	39	064
LK-3135110	Weragoda	72	0.79	6.188109	80.084942	39	064
LK-3135115	Delmar Colony	72C	0.56	6.195344	80.085446	39	064
LK-3135120	Harannagala	72B	0.49	6.18255	80.090141	39	064
LK-3135125	Godagama South	70	0.24	6.176608	80.081986	39	064
LK-3135130	Godagama North	70A	0.21	6.179144	80.080591	39	064
LK-3135135	Daluwathumulla	67C	0.3	6.175093	80.085495	39	064
LK-3135140	Thelwatta	67	0.5	6.171959	80.088549	39	064
LK-3135145	Pereliya North	67A	0.17	6.168099	80.089748	39	064
LK-3135150	Pereliya South	67B	0.21	6.164869	80.091845	39	064
LK-3135155	Seenigama	64A	0.22	6.159407	80.092915	39	064
LK-3135160	Seenigama East	64	0.41	6.159644	80.097711	39	064
LK-3135165	Malawenna	65	2.57	6.167812	80.104772	39	064
LK-3135170	Kalupe	62	1.95	6.157288	80.112563	39	064
LK-3135175	Udumulla	62A	0.78	6.153034	80.105779	39	064
LK-3135180	Medagoda	62B	0.39	6.15846	80.103252	39	064
LK-3135185	Werellana	63	0.18	6.155149	80.096027	39	064
LK-3135190	Thotagamuwa	61	0.32	6.151045	80.099777	39	064
LK-3136005	Wellawatta	59D	0.61	6.147656	80.103791	22	064
LK-3136010	Nakanda	59E	0.54	6.14503	80.112191	22	064
LK-3136015	Hikkaduwa Central	59B	0.72	6.141416	80.11093	22	064
LK-3136020	Hikkaduwa West	59	0.31	6.142299	80.104724	22	064
LK-3136025	Hikkaduwa Nagarikaya	59A	0.29	6.141289	80.100467	22	064
LK-3136030	Wavulagoda West	58	0.25	6.135895	80.101767	22	064
LK-3136035	Wavulagoda East	58A	0.18	6.136338	80.105619	22	064
LK-3136040	Nalagasdeniya	59C	0.61	6.136085	80.116009	22	064
LK-3136045	Millagoda	57B	0.2	6.134827	80.10951	22	064
LK-3136050	Wewala	57	0.3	6.12954	80.10451	22	064
LK-3136055	Pannamgoda	57A	0.26	6.132192	80.103094	22	064
LK-3136060	Narigama Wellabada	56A	0.66	6.128128	80.109588	22	064
LK-3136065	Narigama	56	0.18	6.127387	80.114312	22	064
LK-3136070	Kuda Wewala	56B	0.41	6.132219	80.117553	22	064
LK-3136075	Delgahadoowa	55B	0.87	6.13269	80.123528	22	064
LK-3136080	Katukoliha	55	0.64	6.12625	80.126305	22	064
LK-3136085	Thiranagama	54	0.88	6.126048	80.120478	22	064
LK-3136090	Thiranagama Wellabada	54A	0.25	6.120087	80.117215	22	064
LK-3136095	Patuwatha	53	0.38	6.115696	80.119862	22	064
LK-3136100	Gammaduwatta	53A	0.28	6.114837	80.12444	22	064
LK-3136105	Hennathota	53B	0.52	6.120204	80.128988	22	064
LK-3136110	Pinkanda	55A	0.76	6.127445	80.132363	22	064
LK-3136115	Handaudumulla	55C	1.1	6.129865	80.138267	22	064
LK-3136120	Dodandugoda	52A	0.62	6.11294	80.129384	22	064
LK-3136125	Modara Patuwatha	52	0.42	6.108188	80.126545	22	064
LK-3136130	Dodandoowa	51	0.48	6.104439	80.131109	22	064
LK-3136135	Uduhalpitiya	51A	0.31	6.099866	80.129712	22	064
LK-3137005	Thotavila	48A	2.13	6.124899	80.147477	39	064
LK-3137010	Mawadavila	49A	1.65	6.126117	80.159446	39	064
LK-3137015	Panvila Pahalagoda	49B	1.89	6.118741	80.163931	39	064
LK-3137020	Imbula	49	1.64	6.11085	80.148846	39	064
LK-3137025	Katudampe	48	2.52	6.109746	80.138443	39	064
LK-3137030	Karawegoda	50	0.32	6.097241	80.133947	39	064
LK-3137035	Devinigoda	50A	0.38	6.094284	80.137875	39	064
LK-3137040	Bopagoda	50B	0.84	6.099342	80.143735	39	064
LK-3137045	Kandegoda	46B	0.29	6.100615	80.150158	39	064
LK-3137050	Ranapanadeniya	46A	2.06	6.105326	80.15836	39	064
LK-3137055	Rejjipura	45E	1.97	6.10867	80.171824	39	064
LK-3137060	Medawala	45B	0.56	6.102419	80.174154	39	064
LK-3137065	Maliduwa	45A	0.82	6.094969	80.160615	39	064
LK-3137070	Palanthriyagoda	45C	0.38	6.086042	80.164744	39	064
LK-3137075	Ganegoda	44B	0.73	6.093298	80.154673	39	064
LK-3137080	Rathgama Hegoda	46	0.22	6.094056	80.149083	39	064
LK-3137085	Palliyapitiya	46C	0.19	6.092504	80.14556	39	064
LK-3137090	Gammeddegoda	47	0.13	6.089988	80.145358	39	064
LK-3137095	Gammeddegoda East	47B	0.05	6.089459	80.143844	39	064
LK-3137100	Gammeddegoda-Rajgama	47A	0.16	6.08733	80.144349	39	064
LK-3137105	Owakanda	47C	0.25	6.086808	80.148068	39	064
LK-3137110	Kapumulugoda	44C	0.91	6.082847	80.152233	39	064
LK-3137115	Rathna Udagama	44D	0.28	6.088011	80.157979	39	064
LK-3137120	Mahahegoda	45	0.8	6.09442	80.168379	39	064
LK-3137125	Hegoda	45D	1.5	6.091132	80.176561	39	064
LK-3137130	Kedala	43A	0.98	6.078791	80.166276	39	064
LK-3137135	Rupeewala	44A	0.48	6.085315	80.159796	39	064
LK-3137140	Dolikanda	44E	0.29	6.079	80.158265	39	064
LK-3137145	Boossa	44	0.64	6.075024	80.159035	39	064
LK-3137150	Kadurupe	43	1.2	6.073637	80.173719	39	064
LK-3137155	Pitiwella South	42A	0.12	6.06952	80.167789	39	064
LK-3137160	Pitiwella North	42	0.34	6.066964	80.170138	39	064
LK-3139005	Ukwatta East	108	0.41	6.084942	80.184261	36	065
LK-3139010	Ukwatta West	108B	1.11	6.081579	80.177259	36	065
LK-3139015	Maha Hapugala	108A	0.93	6.07609	80.184562	36	065
LK-3139020	Kurunduwatta	106	0.48	6.072108	80.180105	36	065
LK-3139025	Welipitimodara	105	0.75	6.065199	80.180761	36	065
LK-3139030	Ginthota West	103	0.61	6.060068	80.180888	11	065
LK-3139035	Ginthota East	103A	0.38	6.053804	80.181957	11	065
LK-3139040	Piyadigama	107	1.11	6.061018	80.188434	36	065
LK-3139045	Bope North	107A	0.31	6.056681	80.195661	36	065
LK-3139050	Bope East	119A	0.43	6.051961	80.202197	11	065
LK-3139055	Kumbalwella North	96J	0.13	6.057043	80.20323	11	065
LK-3139060	Madawalamulla North	98A	0.75	6.057739	80.209766	11	065
LK-3139065	Madawalamulla South	98	0.48	6.058871	80.215515	11	065
LK-3139070	Deddugoda North	101C	0.47	6.062953	80.218677	11	065
LK-3139075	Deddugoda South	101A	0.53	6.060527	80.222354	11	065
LK-3139080	Maitipe	101	0.65	6.060337	80.22875	11	065
LK-3139085	Welipatha	101D	0.76	6.065505	80.231245	11	065
LK-3139090	Maligaspe	101E	0.38	6.053247	80.225116	11	065
LK-3139095	Dangedara East	97D	0.45	6.04991	80.221804	11	065
LK-3139100	Dangedara West	98D	0.44	6.052825	80.216768	11	065
LK-3139105	Bataganvila	98B	0.38	6.051562	80.211908	11	065
LK-3139110	Galwadugoda	96B	0.46	6.04796	80.209106	11	065
LK-3139115	Richmond Kanda	96E	0.17	6.051809	80.205089	11	065
LK-3139120	Bope West	119	0.61	6.050144	80.198768	11	065
LK-3139125	Siyambalagahawatta	102C	0.6	6.046658	80.196493	11	065
LK-3139130	Dadalla East	102A	0.2	6.051386	80.190367	11	065
LK-3139135	Dadalla West	102	0.41	6.050925	80.185041	11	065
LK-3139140	Walawwatta	102B	0.37	6.046661	80.191867	11	065
LK-3139145	Kumbalwella South	96	0.44	6.046003	80.20447	11	065
LK-3139150	Mahamodara	96A	0.35	6.039695	80.203895	11	065
LK-3139155	Osanagoda	96I	0.17	6.040298	80.206902	11	065
LK-3139160	Kandewatta	96F	0.37	6.040815	80.211787	11	065
LK-3139165	Sanghamittapura	98 C	0.24	6.044986	80.214456	11	065
LK-3139170	Madapathala	97B	0.24	6.044965	80.217793	11	065
LK-3139175	Pokunawatta	97C	0.11	6.046843	80.217976	11	065
LK-3139180	Milidduwa	101B	0.39	6.048425	80.227071	11	065
LK-3139185	Ettiligoda South	130	0.56	6.046987	80.234125	11	065
LK-3139190	Makuluwa	99C	0.56	6.043249	80.232272	11	065
LK-3139195	Pettigalawatta	99B	0.42	6.038297	80.227805	11	065
LK-3139200	Thalapitiya	99A	0.4	6.04141	80.22473	11	065
LK-3139205	Kongaha	97	0.17	6.043596	80.222687	11	065
LK-3139210	Weliwatta	97A	0.47	6.037593	80.218615	11	065
LK-3139215	Minuwangoda	96H	0.07	6.038795	80.21513	11	065
LK-3139220	Kaluwella	96C	0.37	6.035017	80.21174	11	065
LK-3139225	Cheena Koratuwa	96G	0.27	6.032737	80.216545	11	065
LK-3139230	Fort	96D	0.36	6.027345	80.216899	11	065
LK-3139235	Magalla	99	0.53	6.036054	80.233646	11	065
LK-3139240	Dewathura	99 D	0.19	6.037958	80.23637	11	065
LK-3139245	Katugoda	100	0.47	6.035187	80.240449	11	065
LK-3139250	Dewata	100A	0.41	6.030786	80.242892	11	065
LK-3142005	Poddala	117	0.51	6.111366	80.214839	36	066
LK-3142010	Pannamaga	117B	0.56	6.109699	80.220673	36	066
LK-3142015	Mulana West	111G	0.14	6.107735	80.224357	36	066
LK-3142020	Mulana East	111F	0.07	6.107153	80.226767	36	066
LK-3142025	Panvila	111B	0.69	6.104946	80.223814	36	066
LK-3142030	Narawala	111	0.82	6.106604	80.233706	36	066
LK-3142035	Walawatta	111C	0.38	6.09876	80.238263	36	066
LK-3142040	Magadeniya	111A	0.79	6.094978	80.236015	36	066
LK-3142045	Baswatta	111D	0.81	6.091018	80.23103	36	066
LK-3142050	Addaragoda	111E	0.83	6.099331	80.230672	36	066
LK-3142055	Meepawala	117A	1.37	6.09738	80.218659	36	066
LK-3142060	Penideniya	117C	0.86	6.103537	80.211526	36	066
LK-3142065	Opatha	127B	1.43	6.093037	80.209991	36	066
LK-3142070	Wakwella	121	2.14	6.091366	80.195399	36	066
LK-3142075	Niladeniya	123A	1.08	6.079145	80.191191	36	066
LK-3142080	Hapugala	123	0.58	6.084675	80.195991	36	066
LK-3142085	Beraliyadola	123D	1.03	6.081145	80.201734	36	066
LK-3142090	Silvagewatta	124B	0.21	6.079015	80.206091	36	066
LK-3142095	Uluvitike	127	0.86	6.08334	80.210735	36	066
LK-3142100	Holuwagoda	126C	0.9	6.086467	80.221687	36	066
LK-3142105	Labudoowa	114	0.64	6.077333	80.231607	36	066
LK-3142110	Kurunda Kanda	114B	0.38	6.081339	80.232999	36	066
LK-3142115	Kurunda	114C	0.57	6.082745	80.234283	36	066
LK-3142120	Thotagoda	114A	0.51	6.074664	80.236689	36	066
LK-3142125	Galketiya	126B	0.46	6.079624	80.225319	36	066
LK-3142130	Godakanda	126	0.5	6.073994	80.221463	36	066
LK-3142135	Bangalawatta	127D	0.74	6.079184	80.217188	36	066
LK-3142140	Bokaramullagoda	127C	0.52	6.076398	80.213065	36	066
LK-3142145	Thunhiripana	124A	0.84	6.072131	80.209001	36	066
LK-3142150	Abeysundarawatta	123C	0.51	6.074218	80.201323	36	066
LK-3142155	Watareka East	120	1.11	6.066453	80.193695	36	066
LK-3142160	Pelawatta	123B	0.39	6.068253	80.200478	36	066
LK-3142165	Mampitiya	120A	0.42	6.062116	80.196547	36	066
LK-3142170	Kalegana South	125	0.27	6.061456	80.200271	36	066
LK-3142175	Kalegana North	125A	0.25	6.063722	80.202471	36	066
LK-3142180	Kithulampitiya	124	0.47	6.065857	80.206194	36	066
LK-3142185	Kahadoowawatta	124C	0.33	6.065376	80.211887	36	066
LK-3142190	Navinna	127E	0.2	6.068974	80.214541	36	066
LK-3142195	Hirimburagama	127A	0.36	6.067847	80.218692	36	066
LK-3142200	Karapitiya	126A	0.64	6.072207	80.226787	36	066
LK-3142205	Ambagahawatta	114D	0.51	6.071444	80.239506	36	066
LK-3142210	Kapuhempala	115	1.05	6.067539	80.242012	36	066
LK-3142215	Kerenvila	115A	0.36	6.060748	80.247233	36	066
LK-3142220	Paliwathugoda	115B	0.52	6.062303	80.240037	36	066
LK-3145005	Thalgasyaya	118A	1.61	6.097996	80.246699	31	066
LK-3145010	Niyagama	118B	2.19	6.088277	80.252767	31	066
LK-3145015	Ambagahavila	109E	1.63	6.082876	80.265549	31	066
LK-3145020	Ihalagoda East	109A	2.67	6.078253	80.275759	31	066
LK-3145025	Amalgama	109D	0.77	6.076053	80.289914	31	066
LK-3145030	Ketandola	155C	1.54	6.075621	80.309551	31	066
LK-3145035	Hiyare North	155	2.1	6.08422	80.324004	31	066
LK-3145040	Kandahena	155H	1.9	6.078394	80.324534	31	066
LK-3145045	Welihena	155G	1.84	6.085139	80.341181	31	066
LK-3145050	Kadurugashena	155F	2.82	6.073149	80.341572	31	066
LK-3145055	Hiyare East	155D	5.63	6.065245	80.334892	31	066
LK-3145060	Ihala Hiyare	155E	5.04	6.059794	80.313446	31	066
LK-3145065	Hiyare South	155A	1.72	6.068068	80.298106	31	066
LK-3145070	Etambagasmulla	109G	0.44	6.069625	80.289845	31	066
LK-3145075	Ihalagoda Colony	109F	1.28	6.066528	80.281083	31	066
LK-3145080	Ihalagoda South	109B	1.1	6.073367	80.268503	31	066
LK-3145085	Ihalagoda West	109	0.76	6.077513	80.255467	31	066
LK-3145090	Akmeemana	118C	0.8	6.078352	80.245543	31	066
LK-3145095	Ganegoda	118	0.54	6.085147	80.244974	31	066
LK-3145100	Ganegoda West	118D	0.68	6.085357	80.237248	31	066
LK-3145105	Kirindagoda	112C	0.58	6.067676	80.252031	31	066
LK-3145110	Badungoda Colony	109H	0.33	6.070906	80.253847	31	066
LK-3145115	Badungoda	109C	0.71	6.070602	80.259295	31	066
LK-3145120	Pinnadoowa Colony	110C	0.89	6.066814	80.269107	31	066
LK-3145125	Weliketiya	110B	1.04	6.057884	80.288199	31	066
LK-3145130	Halgasmulla	155B	1.56	6.055034	80.295939	31	066
LK-3145135	Amukotuwa	152A	1.23	6.043891	80.299255	31	066
LK-3145140	Nivithipitigoda	152C	0.38	6.035402	80.297534	31	066
LK-3145145	Thalahitiyawa	152B	0.63	6.043959	80.290231	31	066
LK-3145150	Ankokkawala	110	1.35	6.054866	80.281128	31	066
LK-3145155	Pinnadoowa	110A	1.75	6.061112	80.269741	31	066
LK-3145160	Manavila	112	1.1	6.060824	80.257594	31	066
LK-3145165	Walahanduwa	112A	1.08	6.054998	80.253862	31	066
LK-3145170	Yakgaha	112B	0.83	6.052261	80.26856	31	066
LK-3145175	Meegoda	135A	1.1	6.045109	80.27832	31	066
LK-3145180	Pilana	152	0.94	6.041193	80.286569	31	066
LK-3145185	Pedinnoruwa	135	0.52	6.031638	80.283278	31	066
LK-3145190	Melegoda	135B	0.7	6.044034	80.272273	31	066
LK-3145195	Bambaragoda	134D	1.24	6.044614	80.261594	31	066
LK-3145200	Anangoda	113C	0.86	6.04493	80.250904	31	066
LK-3145205	Hinidumgoda	130C	0.55	6.052577	80.249887	31	066
LK-3145210	Kerenvila Colony	130F	0.24	6.056868	80.24521	31	066
LK-3145215	Haliwala	130B	1.04	6.054448	80.241245	31	066
LK-3145220	Ettiligoda North	130A	0.23	6.05872	80.233487	31	066
LK-3145225	Ambalanwatta	130E	0.41	6.054333	80.231306	31	066
LK-3145230	Jambuketiya	130D	0.3	6.055762	80.236227	31	066
LK-3145235	Batadoowa	113	0.75	6.044542	80.242659	31	066
LK-3145240	Kaduruduwa	134B	0.74	6.038567	80.255343	31	066
LK-3145245	Panagamuwa	134A	0.58	6.036674	80.26066	31	066
LK-3145250	Galgamuwa	135C	0.99	6.038779	80.271804	31	066
LK-3145255	Divulana Colony	135D	0.25	6.030207	80.28087	31	066
LK-3145260	Handugoda	135E	0.93	6.026967	80.277461	31	066
LK-3145265	Kalahe	134	0.9	6.029573	80.268534	31	066
LK-3145270	Wanchawala	134E	0.59	6.030645	80.262469	31	066
LK-3145275	Attaragoda	134C	1.06	6.031539	80.254969	31	066
LK-3145280	Nugadoowa	113B	0.65	6.035244	80.24752	31	066
LK-3145285	Batadoowa West	113A	0.34	6.040364	80.241379	31	066
LK-3145290	Thalpegoda	133E	0.8	6.017132	80.257445	31	066
LK-3145295	Yatagama	133B	0.97	6.024868	80.255847	31	066
LK-3145300	Rathkindagoda	133D	1.37	6.015204	80.268412	31	066
LK-3145305	Metaramba	133	0.77	6.013732	80.263538	31	066
LK-3145310	Thalpe North	133A	0.53	6.007938	80.262679	31	066
LK-3145315	Nagahawatta	133C	0.34	6.008381	80.257811	31	066
LK-3148005	Nawala	177B	3.64	6.135292	80.307885	45	063
LK-3148010	Thellambura North	177E	2.11	6.137639	80.325128	45	063
LK-3148015	Nakiyadeniya	179A	3.73	6.14242	80.338829	45	063
LK-3148020	Nakiyadeniya North	179C	4.11	6.140023	80.351385	45	063
LK-3148025	Wattehena	179B	5.63	6.147024	80.368944	45	063
LK-3148030	Wathogala	179D	4.01	6.133955	80.375139	45	063
LK-3148035	Moraketiya	178B	6.24	6.121955	80.390177	45	063
LK-3148040	Gahalakoladeniya	178F	2.15	6.120105	80.369313	45	063
LK-3148045	Udumalagala	179	2.29	6.123141	80.356477	45	063
LK-3148050	Ihala Nakiyadeniya	179E	1.05	6.123594	80.346003	45	063
LK-3148055	Pahala Thellambura	177	1.75	6.123897	80.336489	45	063
LK-3148060	Ihala Thellambura	177A	2.38	6.125425	80.324581	45	063
LK-3148065	Nevungala	176A	1.69	6.118695	80.319092	45	063
LK-3148070	Nevungala South	176D	1.49	6.118509	80.306389	45	063
LK-3148075	Kottawa	176	2.45	6.105572	80.320526	45	063
LK-3148080	Thellambura South	177F	1.32	6.114141	80.339409	45	063
LK-3148085	Yakkalamulla East	177D	0.89	6.109438	80.351084	45	063
LK-3148090	Nabadawa	178A	2.9	6.107154	80.362662	45	063
LK-3148095	Yatamalagala	178D	1.1	6.100687	80.375556	45	063
LK-3148100	Ihala Karagoda	178E	1.52	6.098655	80.389798	45	063
LK-3148105	Magedara North	182B	1.63	6.108327	80.395271	45	063
LK-3148110	Magedara East	182D	3.95	6.112296	80.404314	45	063
LK-3148115	Ella Ihala	182C	1.91	6.096993	80.424322	45	063
LK-3148120	Magedara	182	1.42	6.100099	80.402992	45	063
LK-3148125	Uduwella	182A	4.08	6.083536	80.402321	45	063
LK-3148130	Karagoda	178	2.03	6.087114	80.391257	45	063
LK-3148135	Pahala Karagoda	178C	1.71	6.096181	80.378169	45	063
LK-3148140	Polpagoda	180	1.66	6.089595	80.362401	45	063
LK-3148145	Beranagoda	180A	3.53	6.096557	80.343817	45	063
LK-3148150	Yakkalamulla	177C	2.09	6.105836	80.34231	45	063
LK-3148155	Kottawa East	176C	1.74	6.109085	80.330918	45	063
LK-3148160	Kottawa West	176B	6.02	6.101969	80.306371	45	063
LK-3148165	Thalgampala North	183B	1.2	6.091418	80.302563	45	063
LK-3148170	Udubettawa	183A	1.68	6.091683	80.290607	45	063
LK-3148175	Udubettawa West	183C	1.24	6.085108	80.289695	45	063
LK-3148180	Thalgampala	183	0.99	6.082707	80.305042	45	063
LK-3148185	Hiriyamalkumbura	180C	1.67	6.084434	80.351895	45	063
LK-3148190	Polpagoda West	180B	2.69	6.076638	80.3632	45	063
LK-3148195	Kaludiyawala	180D	1.7	6.084337	80.376833	45	063
LK-3148200	Badungala	181C	2.29	6.073733	80.385123	45	063
LK-3148205	Rathamalaketiya	182E	4.09	6.08231	80.416233	45	063
LK-3148210	Welendawa	181B	3.99	6.06585	80.398586	45	063
LK-3148215	Pahala Walpola	181A	1.65	6.059171	80.385169	45	063
LK-3148220	Ihala Walpala	181	1.3	6.069492	80.376165	45	063
LK-3151005	Pituwalahena	174D	2.25	6.064886	80.361216	46	067
LK-3151010	Mayakaduwa	174A	1.18	6.061316	80.369762	46	067
LK-3151015	Kabaragala	153D	1.15	6.050698	80.309781	46	067
LK-3151020	Danduwana	153A	0.75	6.046615	80.31268	46	067
LK-3151025	Hatangala	154 A	0.86	6.046883	80.321245	46	067
LK-3151030	Bedipita	154D	3.11	6.047266	80.332487	46	067
LK-3151035	Puswelkada	174 B	2.82	6.048788	80.347871	46	067
LK-3151040	Ihala Kombala	174C	2.93	6.052368	80.363727	46	067
LK-3151045	Kombala	174	2.65	6.049567	80.379121	46	067
LK-3151050	Imaduwa Athireka 1	172A	0.62	6.045687	80.388295	46	067
LK-3151055	Paragoda	173	1.28	6.03887	80.375049	46	067
LK-3151060	Wathawana	173 C	1.27	6.038653	80.362858	46	067
LK-3151065	Hawpe North	175B	0.88	6.035578	80.347672	46	067
LK-3151070	Hawpe	175	1.48	6.035573	80.338548	46	067
LK-3151075	Angulugaha	154	1.24	6.038491	80.321914	46	067
LK-3151080	Rangoda	153B	0.63	6.037174	80.312742	46	067
LK-3151085	Dorape	153	0.84	6.038295	80.305703	46	067
LK-3151090	Welikonda	153C	0.85	6.03137	80.306253	46	067
LK-3151095	Pelawatta	154 C	1.28	6.031667	80.328692	46	067
LK-3151100	Polhena	154 B	1.8	6.026193	80.320113	46	067
LK-3151105	Kahanda	167	1.92	6.022776	80.329706	46	067
LK-3151110	Kahanda Athireka 1	167A	1.55	6.024188	80.342215	46	067
LK-3151115	Godaudamandiya	175C	1.03	6.028219	80.355612	46	067
LK-3151120	Mawella	175A	0.51	6.02696	80.36096	46	067
LK-3151125	Deegoda Athireka 01	173B	1.35	6.03196	80.368629	46	067
LK-3151130	Imaduwa	172	0.96	6.033405	80.388403	46	067
LK-3151135	Hettigoda	169A	1.22	6.030199	80.398806	46	067
LK-3151140	Deegoda	173 A	0.81	6.027385	80.382034	46	067
LK-3151145	Kalugalagoda	171 B	0.63	6.023856	80.376155	46	067
LK-3151150	Ihala Mawella	175 D	1.03	6.024963	80.367861	46	067
LK-3151155	Thittagalla East	166	1.24	6.019203	80.345424	46	067
LK-3151160	Ampavila	166D	0.98	6.016583	80.358828	46	067
LK-3151165	Malalgodapitiya	171	0.63	6.016108	80.380806	46	067
LK-3151170	Dikkumbura	165	1.2	6.013811	80.376627	46	067
LK-3151175	Kodagoda South	169	1.24	6.022532	80.395913	46	067
LK-3151180	Kodagoda East	171 A	1.72	6.028255	80.409639	46	067
LK-3151185	Horadugoda	168	1.45	6.019792	80.413979	46	067
LK-3151190	Ellalagoda	170A	1.01	6.016603	80.403365	46	067
LK-3151195	Andugoda	170	1.91	6.010838	80.386496	46	067
LK-3151200	Panugalgoda	165B	0.73	6.01572	80.36807	46	067
LK-3151205	Indurannavila	165A	1.56	6.005337	80.373663	46	067
LK-3151210	Atanikitha	166B	2.62	6.004978	80.360282	46	067
LK-3151215	Thittagalla West	166A	1.17	6.010639	80.350185	46	067
LK-3154005	Yaddehimulla	137B	0.64	6.011435	80.241798	38	067
LK-3154010	Bonavistawa	137 C	1.11	6.019921	80.242671	38	067
LK-3154015	Unawatuna West	137	0.33	6.020312	80.246343	38	067
LK-3154020	Unawatuna East	136	0.72	6.018197	80.251313	38	067
LK-3154025	Maharamba	136A	0.37	6.012638	80.253766	38	067
LK-3154030	Dalawella	132A	0.28	6.002928	80.258956	38	067
LK-3154035	Unawatuna Central	137A	0.37	6.00967	80.253033	38	067
LK-3154040	Thalpe South	132	0.5	6.003247	80.266785	38	067
LK-3154045	Heenatigala South	148	0.48	6.001374	80.271445	38	067
LK-3154050	Wellethota	148B	0.69	6.002562	80.277813	38	067
LK-3154055	Halloluwagoda	143A	1.25	6.010436	80.286549	38	067
LK-3154060	Handugoda	143B	0.54	6.020168	80.274133	38	067
LK-3154065	Dodampe	143	1.13	6.016464	80.278807	38	067
LK-3154070	Attaragoda	142A	0.69	6.012309	80.275416	38	067
LK-3154075	Thalpe East	148A	0.56	6.001499	80.28338	38	067
LK-3154080	Kahawennagama	148C	0.15	5.999154	80.289116	38	067
LK-3154085	Morampitigoda	144B	0.55	5.998121	80.294459	38	067
LK-3154090	Uragasgoda	144F	0.58	5.998109	80.298663	38	067
LK-3154095	Pitidoowa	142	0.94	6.00707	80.292279	38	067
LK-3154100	Meepe	151A	1.39	6.019577	80.289937	38	067
LK-3154105	Bogahamulugoda	151C	0.78	6.030673	80.286829	38	067
LK-3154110	Happawana	151	0.51	6.027949	80.293152	38	067
LK-3154115	Annasiwathugoda	151B	0.73	6.029177	80.298855	38	067
LK-3154120	Harumalgoda West	149	1.88	6.019108	80.305093	38	067
LK-3154125	Lanumodara	151D	1.18	6.010318	80.29753	38	067
LK-3154130	Liyanagoda	144	0.43	5.997649	80.303128	38	067
LK-3154135	Katukurunda	144C	1.31	6.000526	80.307454	38	067
LK-3154140	Harumalgoda Central	149B	0.53	6.016494	80.307998	38	067
LK-3154145	Godawatta	149C	1.42	6.014802	80.314428	38	067
LK-3154150	Harumalgoda East	149A	1.01	6.004984	80.315465	38	067
LK-3154155	Koggala Athireka I	144D	0.46	5.996252	80.313127	38	067
LK-3154160	Koggala Athireka II	144E	2.05	5.999091	80.327316	38	067
LK-3154165	Koggala	144A	2.14	5.990403	80.327195	38	067
LK-3154170	Kathaluwa West	162	0.9	5.988366	80.338505	38	067
LK-3154175	Atadahewathugoda	162A	0.44	5.987021	80.34308	38	067
LK-3154180	Kathaluwa East	164	0.47	5.98332	80.347944	38	067
LK-3154185	Welhengoda	164D	0.59	5.982051	80.351242	38	067
LK-3154190	Kathaluwa Central	164B	0.97	5.993798	80.354164	38	067
LK-3154195	Alawathuthisgoda	164G	1.46	5.993786	80.346233	38	067
LK-3154200	Pelessa	166C	5.27	6.008737	80.334065	38	067
LK-3154205	Korahedigoda	159B	1.59	5.993375	80.370725	38	067
LK-3154210	Ahangama Nakanda	159	1.9	5.995527	80.381827	38	067
LK-3154215	Kalapuwa	159D	0.82	5.985049	80.37647	38	067
LK-3154220	Ahangamgoda	159C	0.46	5.982936	80.369552	38	067
LK-3154225	Danduhela	164C	0.65	5.990563	80.364582	38	067
LK-3154230	Meegahagoda	164A	0.5	5.991921	80.360929	38	067
LK-3154235	Kahawathugoda	164E	0.54	5.984484	80.361204	38	067
LK-3154240	Meliyagoda	164F	0.43	5.981391	80.356954	38	067
LK-3154245	Piyadigama West	161	0.34	5.97562	80.356448	38	067
LK-3154250	Wadugegoda	161B	0.16	5.975983	80.360779	38	067
LK-3154255	Karandugoda	161A	0.19	5.979875	80.364087	38	067
LK-3154260	Kalahegoda	160B	0.13	5.978698	80.366818	38	067
LK-3154265	Dommannegoda	160A	0.37	5.9751	80.365883	38	067
LK-3154270	Piyadigama East	160	0.2	5.971742	80.366253	38	067
LK-3154275	Ahangama Central	157	0.35	5.971318	80.370867	38	067
LK-3154280	Digaredda	159A	0.57	5.979329	80.375352	38	067
LK-3154285	Thaldoowa	156B	1.04	5.974931	80.379442	38	067
LK-3154290	Ahangama East	156	0.44	5.969238	80.380011	38	067
LK-3154295	Goviyapana	156A	0.32	5.968965	80.375269	38	067
LK-3203005	Kalubovitiyana	259	2.39	6.322666	80.392035	43	068
LK-3203010	Galabada	259D	3.97	6.322826	80.405893	43	068
LK-3203015	Ambewela	259C	4.38	6.311064	80.396026	43	068
LK-3203020	Dangala West	259B	3.92	6.304953	80.412308	43	068
LK-3203025	Banagala East	260	3.7	6.269532	80.433994	43	068
LK-3203030	Dangala East	259A	4.24	6.303283	80.429279	43	068
LK-3203035	Banagala West	260A	1.98	6.283787	80.424217	43	068
LK-3203040	Edandukitha West	258C	2.44	6.289774	80.432153	43	068
LK-3203045	Edandukitha East	258A	2.9	6.293403	80.443773	43	068
LK-3203050	Alapaladeniya South	258B	3.7	6.270861	80.450702	43	068
LK-3203055	Alapaladeniya North	258	1.63	6.27912	80.453724	43	068
LK-3203060	Kiriwelkele North	261F	4.75	6.249646	80.453606	43	068
LK-3203065	Rambukana West	262G	4.89	6.251122	80.475829	43	068
LK-3203070	Kodikaragoda West	262C	2.98	6.271791	80.465922	43	068
LK-3203075	Kodikaragoda East	262H	3.32	6.278073	80.47231	43	068
LK-3203080	Weliwa	262A	3.14	6.26238	80.491299	43	068
LK-3203085	Rambukana East	262B	1.0	6.251634	80.488184	43	068
LK-3203090	Thalapekumbura	261G	3.67	6.242719	80.467885	43	068
LK-3203095	Kudagalahena	261H	2.22	6.226765	80.467776	43	068
LK-3203100	Kiriwelkele South	261C	1.9	6.241323	80.449987	43	068
LK-3203105	Derangala	261B	5.57	6.230321	80.448783	43	068
LK-3203110	Thennahena	261E	2.52	6.208669	80.457451	43	068
LK-3203115	Gorakawela	261	3.11	6.213772	80.470304	43	068
LK-3203120	Siyambalagoda West	263	3.96	6.218537	80.489201	43	068
LK-3203125	Kosnilgoda	262D	2.89	6.235988	80.484739	43	068
LK-3203130	Aluwana	262E	0.88	6.24731	80.500775	43	068
LK-3203135	Paradupalla	262F	2.4	6.236223	80.504882	43	068
LK-3203140	Mahapothuvila	263D	4.29	6.220803	80.506048	43	068
LK-3203145	Dankoluwa	265A	3.6	6.202337	80.483462	43	068
LK-3203150	Pitabeddara	261A	1.34	6.199431	80.471906	43	068
LK-3203155	Kaduruwana	261D	4.54	6.189406	80.463588	43	068
LK-3203160	Dehigaspe	265	2.6	6.185633	80.494657	43	068
LK-3203165	Kotagala	266	4.43	6.192163	80.497252	43	068
LK-3203170	Siyambalagoda East	263A	4.08	6.213914	80.521543	43	068
LK-3203175	Wanasinkanda	263F	2.58	6.228835	80.532528	43	068
LK-3203180	Diyadawa	263C	5.99	6.215829	80.540295	43	068
LK-3203185	Ihala Ainagama	263E	8.03	6.197908	80.531874	43	068
LK-3203190	Elamaldeniya	266A	5.65	6.183195	80.522425	43	068
LK-3203195	Wathurakumbura	265C	2.57	6.179871	80.490222	43	068
LK-3203200	Puwakbadovita	265B	2.83	6.168465	80.488946	43	068
LK-3206005	Mederipitiya	240	9.54	6.351165	80.480283	36	068
LK-3206010	Keeriwalagama	241G	7.61	6.359301	80.513388	36	068
LK-3206015	Kiriweldola	241A	6.16	6.372554	80.535495	36	068
LK-3206020	Kandilpana	241H	14.73	6.377936	80.563711	36	068
LK-3206025	Viharahena	244	12.81	6.379218	80.600062	36	068
LK-3206030	Adaradeniya	244C	5.23	6.359682	80.590832	36	068
LK-3206035	Ihalagama	243B	2.25	6.354106	80.564274	36	068
LK-3206040	Bateyaya	241C	2.05	6.355449	80.554449	36	068
LK-3206045	Pussawela	241F	5.53	6.30478	80.520413	36	068
LK-3206050	Pallegama North	241	3.65	6.340089	80.527881	36	068
LK-3206055	Pathawala Nadakanda	241D	2.7	6.341944	80.511758	36	068
LK-3206060	Poddana	240C	7.04	6.33649	80.487006	36	068
LK-3206065	Kolawenigama	240A	7.31	6.320919	80.502184	36	068
LK-3206070	Pallegama South	241B	3.98	6.332329	80.534876	36	068
LK-3206075	Deniyaya West	243A	1.41	6.339773	80.551615	36	068
LK-3206080	Deniyaya	243	1.42	6.341003	80.55837	36	068
LK-3206085	Kalugalahena	244B	6.76	6.345783	80.586302	36	068
LK-3206090	Thenipita	244A	3.53	6.336245	80.573051	36	068
LK-3206095	Mugunumulla	242C	1.74	6.304235	80.563392	36	068
LK-3206100	Nawalahena	242D	2.14	6.306245	80.555359	36	068
LK-3206105	Kotapola North	242	6.99	6.313846	80.540387	36	068
LK-3206110	Nishshankapura	241E	2.55	6.347696	80.537809	36	068
LK-3206115	Beliattakumbura	240B	6.93	6.300751	80.503841	36	068
LK-3206120	Morawaka	257	6.56	6.278398	80.49486	36	068
LK-3206125	Porupitiya	257B	1.97	6.272949	80.513434	36	068
LK-3206130	Waralla	256	3.44	6.277441	80.524622	36	068
LK-3206135	Koodaludeniya	256C	2.26	6.280021	80.536646	36	068
LK-3206140	Kotapola South	242A	5.13	6.292027	80.536574	36	068
LK-3206145	Usamalagoda	242F	1.55	6.302967	80.551659	36	068
LK-3206150	Lindagawahena	242G	2.51	6.283237	80.553957	36	068
LK-3206155	Kosmodara	242E	2.75	6.290549	80.565746	36	068
LK-3206160	Ilukpitiya	242B	5.08	6.269679	80.566125	36	068
LK-3206165	Horagala East	256A	4.18	6.256561	80.555308	36	068
LK-3206170	Horagala West	256D	6.44	6.262336	80.53992	36	068
LK-3206175	Uvaragala	256B	1.92	6.25708	80.521853	36	068
LK-3206180	Pelawatta	257A	5.52	6.251814	80.50982	36	068
LK-3206185	Paragala	263B	5.63	6.239225	80.535482	36	068
LK-3209005	Batandura South	251E	2.84	6.319874	80.562916	40	069
LK-3209010	Batandura North	251A	1.93	6.326789	80.577102	40	069
LK-3209015	Thalapalakanda	250C	5.08	6.331857	80.599894	40	068
LK-3209020	Kekundeniya	250B	6.22	6.33594	80.625013	40	068
LK-3209025	Ketawala	246A	6.65	6.341145	80.649681	40	068
LK-3209030	Ginnaliya North	246C	4.62	6.32659	80.654991	40	068
LK-3209035	Pattigala	246E	3.15	6.325433	80.628109	40	068
LK-3209040	Beralapanathara South	250A	3.17	6.31549	80.615569	40	068
LK-3209045	Beralapanathara North	250	3.21	6.321989	80.600112	40	068
LK-3209050	Wijayagama	250D	2.0	6.310153	80.591936	40	068
LK-3209055	Pathavita	250E	3.07	6.309186	80.576023	40	068
LK-3209060	Kirilipana	251	3.55	6.29539	80.581221	40	069
LK-3209065	Moragala	251B	2.15	6.295581	80.594311	40	069
LK-3209070	Keeripitiya East	249	4.51	6.302241	80.609132	40	069
LK-3209075	Urubokka	249A	2.35	6.303752	80.634577	40	069
LK-3209080	Ginnaliya West	246B	2.24	6.317649	80.636666	40	068
LK-3209085	Ginnaliya South	246D	2.42	6.31021	80.654272	40	068
LK-3209090	Ginnaliya East	246	1.71	6.313207	80.665502	40	068
LK-3209095	Mekiliyathenna	249B	3.1	6.300716	80.645496	40	069
LK-3209100	Heegoda	249C	5.49	6.286574	80.645847	40	069
LK-3209105	Keeripitiya West	249D	2.91	6.293163	80.615679	40	069
LK-3209110	Pothdeniya	255A	3.1	6.287959	80.601438	40	069
LK-3209115	Mologgamuwa North	251C	1.93	6.280343	80.592779	40	069
LK-3209120	Mologgamuwa South	251D	3.29	6.271276	80.585464	40	069
LK-3209125	Bengamuwa West	255B	2.81	6.265982	80.599983	40	069
LK-3209130	Bengamuwa East	255	3.08	6.269644	80.615011	40	069
LK-3209135	Dampahala West	253A	3.53	6.276028	80.626101	40	069
LK-3209140	Hulankanda	253B	3.54	6.269235	80.649082	40	069
LK-3209145	Dampahala East	253	4.87	6.260064	80.634957	40	069
LK-3209150	Pasgoda	254	8.28	6.243222	80.618288	40	069
LK-3209155	Bengamuwa South	255C	2.73	6.25381	80.597106	40	069
LK-3209160	Denkandaliya	268D	3.36	6.253838	80.578137	40	069
LK-3209165	Panakaduwa West	267A	4.65	6.238512	80.560963	40	069
LK-3209170	Rotumba East	268A	1.29	6.238863	80.579634	40	069
LK-3209175	Napathella	268C	2.29	6.240113	80.591852	40	069
LK-3209180	Andaluwa	254A	5.0	6.229997	80.604584	40	069
LK-3209185	Ehelakanda	270A	4.71	6.217427	80.601272	40	069
LK-3209190	Galketikanda	268B	4.25	6.221113	80.576719	40	069
LK-3209195	Rotumba West	268	2.2	6.230134	80.573393	40	069
LK-3209200	Panakaduwa East	267	5.63	6.216678	80.557814	40	069
LK-3209205	Gomila	270B	3.4	6.20846	80.591049	40	069
LK-3209210	Puwakgahahena	270C	2.78	6.197015	80.604635	40	069
LK-3209215	Mawarala	270	4.94	6.198198	80.584581	40	069
LK-3212005	Gombaddala North	271A	4.0	6.19689	80.559233	39	069
LK-3212010	Kudapana	271B	7.32	6.180235	80.571662	39	069
LK-3212015	Ketapalakanda	273C	3.32	6.180834	80.591228	39	069
LK-3212020	Gammedagama	273A	3.25	6.178545	80.609845	39	069
LK-3212025	Ketiyape North	273	2.7	6.174452	80.62554	39	069
LK-3212030	Athapattukanda	276B	4.99	6.159389	80.645925	39	069
LK-3212035	Parapamulla East	276	3.16	6.15834	80.631412	39	069
LK-3212040	Ketiyape South	273B	1.84	6.164669	80.619091	39	069
LK-3212045	Galetumba	275C	1.85	6.16646	80.605148	39	069
LK-3212050	Neralampitiya	272A	2.0	6.164509	80.594864	39	069
LK-3212055	Mulatiyana	272	2.14	6.169247	80.582815	39	069
LK-3212060	Diddenipotha North	302B	1.66	6.158021	80.571177	39	069
LK-3212065	Beragama North	303B	4.92	6.157072	80.556822	39	069
LK-3212070	Gombaddala South	271	4.93	6.179278	80.5489	39	069
LK-3212075	Beragama West	303A	4.29	6.16219	80.537326	39	069
LK-3212080	Beragama South	303C	2.19	6.149053	80.538387	39	069
LK-3212085	Makandura West	301	3.26	6.135959	80.541606	39	069
LK-3212090	Beragama East	303	1.16	6.146073	80.558197	39	069
LK-3212095	Diddenipotha East	302	2.11	6.142206	80.569705	39	069
LK-3212100	Diddenipotha South	302A	0.91	6.153543	80.578889	39	069
LK-3212105	Seenipella West	275A	2.24	6.14277	80.583637	39	069
LK-3212110	Maduwala	275D	1.64	6.150545	80.594599	39	069
LK-3212115	Seenipella East	275B	1.64	6.144386	80.597523	39	069
LK-3212120	Deiyandara	275	1.68	6.152303	80.607197	39	069
LK-3212125	Parapamulla West	276A	1.58	6.156062	80.619307	39	069
LK-3212130	Parapamulla South	276C	1.69	6.148157	80.620501	39	069
LK-3212135	Dewalegama West	277A	1.92	6.141819	80.632636	39	069
LK-3212140	Dewalegama East	277	1.81	6.142133	80.64286	39	069
LK-3212145	Batadola	279	2.6	6.126867	80.637463	39	069
LK-3212150	Kithsiripura	279B	1.79	6.132403	80.625514	39	069
LK-3212155	Radawela West	278A	1.22	6.139361	80.610483	39	069
LK-3212160	Belpamulla	275E	1.56	6.137984	80.600544	39	069
LK-3212165	Bamunugama West	300B	2.73	6.129257	80.59145	39	069
LK-3212170	Makandura East	301B	1.35	6.134121	80.575326	39	069
LK-3212175	Ransegoda East	301C	1.73	6.129334	80.565857	39	069
LK-3212180	Meepavita	299B	2.47	6.120915	80.574476	39	069
LK-3212185	Mudaligedara	299C	1.53	6.120606	80.561502	39	069
LK-3212190	Rathkekulawa	299E	1.74	6.118321	80.548059	39	069
LK-3212195	Ransegoda North	301A	2.46	6.127326	80.546161	39	069
LK-3212200	Ransegoda South	299A	2.46	6.111528	80.554608	39	069
LK-3212205	Ransegoda West	299D	2.01	6.102778	80.552131	39	069
LK-3212210	Koramburuwana	299	2.73	6.101077	80.565403	39	069
LK-3212215	Horapavita South	300C	1.93	6.103978	80.590949	39	069
LK-3212220	Horapavita North	300A	2.72	6.113634	80.583036	39	069
LK-3212225	Bamunugama East	300	3.18	6.117249	80.59713	39	069
LK-3212230	Radawela East	278	1.94	6.125429	80.611141	39	069
LK-3212235	Pallawela	279C	3.22	6.121508	80.619117	39	069
LK-3212240	Pitawalgamuwa	279A	2.84	6.11218	80.62488	39	069
LK-3215005	Kehelwala	304A	2.09	6.168443	80.502413	44	070
LK-3215010	Urumutta	304	3.54	6.165072	80.519461	44	070
LK-3215015	Urumutta South	304B	3.01	6.150264	80.521561	44	070
LK-3215020	Dematapassa	305B	3.74	6.151322	80.499329	44	070
LK-3215025	Divithura	305A	1.23	6.158889	80.491331	44	070
LK-3215030	Welihena	305	1.17	6.143134	80.487916	44	070
LK-3215035	Hawpe	306C	1.66	6.133104	80.489381	44	070
LK-3215040	Thalahagama West	306A	2.04	6.133239	80.499663	44	070
LK-3215045	Wenagama	306B	4.13	6.134418	80.513184	44	070
LK-3215050	Thalahagama East	306	3.51	6.130009	80.528541	44	070
LK-3215055	Uggashena	313D	7.61	6.113168	80.525461	44	070
LK-3215060	Vilpita West	313A	2.45	6.112683	80.506676	44	070
LK-3215065	Kanahalagama	308B	2.33	6.113819	80.494905	44	070
LK-3215070	Godapitiya	308A	0.33	6.122669	80.484364	44	070
LK-3215075	Maragoda	308C	1.03	6.112389	80.487753	44	070
LK-3215080	Panadugama	308	1.1	6.110751	80.485126	44	070
LK-3215085	Thibbotuwawa North	310A	0.87	6.099435	80.486414	44	070
LK-3215090	Walagepiyadda	313C	2.58	6.098212	80.499858	44	070
LK-3215095	Vilpita East 1	313	1.02	6.10293	80.513321	44	070
LK-3215100	Vilpita East 11	313B	3.54	6.089109	80.531816	44	070
LK-3215105	Yahamulla	314B	2.48	6.087855	80.51909	44	070
LK-3215110	Namburukanda	314C	0.9	6.086395	80.508056	44	070
LK-3215115	Ihala Athuraliya	314	2.35	6.081404	80.498358	44	070
LK-3215120	Balakawala	310B	1.65	6.089554	80.490851	44	070
LK-3215125	Thibbotuwawa	310	1.14	6.091686	80.481281	44	070
LK-3215130	Athuraliya West	314D	1.01	6.069487	80.50019	44	070
LK-3215135	Athuraliya East	314A	1.91	6.076783	80.517249	44	070
LK-3215140	Pahala Athuraliya	315	2.62	6.064595	80.512205	44	070
LK-3218005	Diganahena	366 B	13.61	6.18685	80.438465	31	070
LK-3218010	Lenama North	363F	6.22	6.19002	80.449296	31	070
LK-3218015	Hulandawa	363 E	1.19	6.176066	80.469917	31	070
LK-3218020	Maramba North	363 A	2.26	6.164759	80.473628	31	070
LK-3218025	Peddapitiya North	363 D	1.97	6.151992	80.480585	31	070
LK-3218030	Idikatudeniya	363H	1.77	6.150724	80.471819	31	070
LK-3218035	Lenama South	363 B	1.42	6.156676	80.464195	31	070
LK-3218040	Udupitiya	363G	2.8	6.154362	80.456518	31	070
LK-3218045	Weliketiya	367 A	2.38	6.152096	80.435951	31	070
LK-3218050	Dediyagala	366 A	11.6	6.187392	80.422186	31	070
LK-3218055	Vilagama	367 B	1.63	6.150034	80.425021	31	070
LK-3218060	Ehelape	367	3.08	6.145272	80.415974	31	070
LK-3218065	Dolamawatha	368B	20.19	6.180937	80.4032	31	070
LK-3218070	Kohugoda	368D	4.62	6.133069	80.397505	31	070
LK-3218075	Ihala Maliduwa	368 A	2.17	6.133122	80.412628	31	070
LK-3218080	Ketanvila	366	2.14	6.12972	80.424333	31	070
LK-3218085	Nawalagoda	367 D	2.34	6.13906	80.43792	31	070
LK-3218090	Ellewela	367C	1.86	6.137879	80.453047	31	070
LK-3218095	Minipogoda	362 A	1.22	6.142811	80.463516	31	070
LK-3218100	Peddapitiya South	363C	1.71	6.133714	80.481352	31	070
LK-3218105	Maramba South	363	1.7	6.13193	80.475367	31	070
LK-3218110	Ganhela	362	1.89	6.131112	80.464966	31	070
LK-3218115	Asmagoda	362 B	1.09	6.118164	80.477724	31	070
LK-3218120	Higgoda	364 A	3.17	6.123482	80.462168	31	070
LK-3218125	Diyalape	364	2.51	6.124508	80.447109	31	070
LK-3218130	Eramudugoda	365	2.19	6.118678	80.442237	31	070
LK-3218135	Manikgoda	365 A	2.93	6.111483	80.435008	31	070
LK-3218140	Pahala Maliduwa	368	1.38	6.120919	80.418167	31	070
LK-3218145	Bopitiya	368C	2.99	6.111848	80.423921	31	070
LK-3218150	Iluppella	361 B	5.06	6.103161	80.451142	31	070
LK-3218155	Imbulgoda	361 C	1.26	6.108525	80.464564	31	070
LK-3218160	Poramba	361 A	1.05	6.11025	80.474167	31	070
LK-3218165	Akuressa	360	1.31	6.101682	80.471198	31	070
LK-3218170	Yakabedda	360A	1.93	6.090571	80.471654	31	070
LK-3218175	Galabadahena	360C	4.67	6.088939	80.451415	31	070
LK-3218180	Ihala Kiyanduwa	360 B	3.35	6.079984	80.462567	31	070
LK-3218185	Melewwa	359 C	1.34	6.078472	80.476122	31	070
LK-3218190	Paraduwa North	359	1.48	6.079736	80.48652	31	070
LK-3218195	Paraduwa East	359 B	2.44	6.065231	80.494387	31	070
LK-3218200	Paraduwa South	359 A	1.26	6.071243	80.480629	31	070
LK-3218205	Henegama	370	1.73	6.063194	80.473438	31	070
LK-3218210	Henegama West	370 A	3.07	6.061757	80.462408	31	070
LK-3218215	Gallala	371 A	7.3	6.070951	80.429586	31	070
LK-3218220	Nimalawa East	371B	2.96	6.058669	80.448158	31	070
LK-3218225	Nimalawa	371	2.34	6.049887	80.444383	31	070
LK-3218230	Paragahawatta	370 B	1.46	6.053079	80.470282	31	070
LK-3221005	Wahala Kananke North	373	2.76	6.047025	80.394774	42	074
LK-3221010	Nivithiwelbokka	373 A	2.87	6.056229	80.409619	42	074
LK-3221015	Poramba Kananke North	372	2.61	6.054074	80.418063	42	074
LK-3221020	Puhulahena	372C	1.41	6.052906	80.427686	42	074
LK-3221025	Poramba Kananke South	372A	3.1	6.044742	80.429537	42	074
LK-3221030	Wahala Kananke South	373 B	1.52	6.037376	80.402052	42	074
LK-3221035	Nalawana	372B	1.9	6.03174	80.422022	42	074
LK-3221040	Penetiyana West	394 B	3.68	6.035507	80.434686	42	074
LK-3221045	Penetiyana East	394 A	2.91	6.038741	80.459624	42	074
LK-3221050	Wellana	394	3.44	6.028171	80.464715	42	074
LK-3221055	Udukawa North	392 B	1.75	6.016537	80.480452	42	074
LK-3221060	Udukawa South	392 A	2.53	6.011767	80.466395	42	074
LK-3221065	Hallala	375	1.38	6.015712	80.445234	42	074
LK-3221070	Bathalahena	375 E	1.57	6.025421	80.450651	42	074
LK-3221075	Kokmaduwa North	375 C	1.14	6.02518	80.43658	42	074
LK-3221080	Sahabandu Kokmaduwa	375 B	1.66	6.01909	80.430943	42	074
LK-3221085	Jamburegoda East	377	1.43	6.013813	80.418979	42	074
LK-3221090	Padili Kokmaduwa	375 A	1.47	6.013202	80.43596	42	074
LK-3221095	Beraleliya	375 D	1.99	6.011064	80.453476	42	074
LK-3221100	Jayawickramapura	397C	2.23	6.000925	80.465423	42	074
LK-3221105	Warakapitiya North	399	1.62	5.988212	80.483329	42	074
LK-3221110	Warakapitiya East	399 C	0.83	5.982156	80.484672	42	074
LK-3221115	Warakapitiya South	399 B	1.68	5.986331	80.472915	42	074
LK-3221120	Meeruppa	397B	1.42	5.98813	80.462216	42	074
LK-3221125	Uruvitiya	397A	0.66	5.995309	80.455361	42	074
LK-3221130	Watagedaramulla	397	1.08	5.994003	80.447573	42	074
LK-3221135	Moonamalpe	392	1.28	6.002054	80.450052	42	074
LK-3221140	Welipitiya	396 A	1.08	5.999468	80.438785	42	074
LK-3221145	Palalla	377 A	3.33	5.998921	80.43011	42	074
LK-3221150	Jamburegoda West	377 B	1.82	6.004695	80.417496	42	074
LK-3221155	Ibbawala	376	1.76	6.005393	80.405073	42	074
LK-3221160	Vilegoda	376 A	1.86	6.006145	80.394225	42	074
LK-3221165	Borala	378 A	1.69	5.99626	80.41284	42	074
LK-3221170	Maduragoda	391 C	0.44	5.986538	80.438736	42	074
LK-3221175	Kapuwatta	396	0.25	5.988004	80.446984	42	074
LK-3221180	Denipitiya Central	391 B	1.72	5.983065	80.455305	42	074
LK-3221185	Denipitiya West	391A	1.1	5.981704	80.446055	42	074
LK-3221190	Denipitiya East	391	2.32	5.971251	80.463525	42	074
LK-3224005	Elgiriya	355A	1.26	6.054778	80.479807	37	070
LK-3224010	Pahala Kiyaduwa	355B	1.24	6.057587	80.487028	37	070
LK-3224015	Maragoda	357A	1.89	6.052512	80.49733	37	070
LK-3224020	Kekunawela	357	1.12	6.051733	80.504916	37	070
LK-3224025	Kadduwa	356A	0.89	6.03844	80.51271	37	070
LK-3224030	Dampella	356	1.13	6.042542	80.501495	37	070
LK-3224035	Horagoda East	355	1.48	6.048138	80.485679	37	070
LK-3224040	Horagoda West	355C	1.59	6.037355	80.473733	37	070
LK-3224045	Horagoda South	355D	1.92	6.038788	80.48354	37	070
LK-3224050	Kadukanna	353	2.06	6.028255	80.503038	37	070
LK-3224055	Welandagoda	356B	1.55	6.036233	80.504362	37	070
LK-3224060	Uninduwela	353B	0.99	6.026587	80.513345	37	070
LK-3224065	Thelijjavila	353A	1.81	6.021536	80.490938	37	070
LK-3224070	Nape	355E	1.38	6.028963	80.484657	37	070
LK-3224075	Akurugoda North	400C	1.15	6.011873	80.485798	37	070
LK-3224080	Akurugoda East	400	0.94	6.009393	80.495798	37	070
LK-3224085	Kirimetimulla South	351B	0.99	6.012287	80.502627	37	070
LK-3224090	Kirimetimulla North	351A	1.01	6.019663	80.507172	37	070
LK-3224095	Malimbada West	351	1.54	6.012663	80.513474	37	070
LK-3224100	Katuwangoda	350A	1.98	6.020579	80.522887	37	070
LK-3224105	Malimbada East	402A	1.61	6.002282	80.523565	37	070
LK-3224110	Malimbada North	350	1.11	6.01206	80.522089	37	070
LK-3224115	Malimbada South	402	0.76	5.998538	80.515315	37	070
LK-3224120	Galpamuna	402B	2.02	6.001003	80.508081	37	070
LK-3224125	Akurugoda South	400B	1.7	5.999831	80.494379	37	070
LK-3224130	Akurugoda West	400A	2.24	6.002286	80.484187	37	070
LK-3224135	Sulthanagoda West	403	1.59	5.984776	80.493433	37	070
LK-3224140	Sulthanagoda East	403B	1.88	5.987999	80.501344	37	070
LK-3224145	Sulthanagoda South	403A	2.03	5.974581	80.502231	37	070
LK-3227005	Gathara West	320B	1.69	6.091727	80.545863	35	071
LK-3227010	Gathara North	320	1.32	6.092325	80.558417	35	071
LK-3227015	Gathara East	320A	1.27	6.089103	80.565806	35	071
LK-3227020	Beragammulla	323D	0.88	6.096117	80.574186	35	071
LK-3227025	Eriyathota	323C	1.82	6.097282	80.585891	35	071
LK-3227030	Ganegama	323A	0.62	6.091134	80.584062	35	071
LK-3227035	Narandeniya East	323B	1.69	6.088545	80.594462	35	071
LK-3227040	Narandeniya West	323	0.96	6.087124	80.576355	35	071
LK-3227045	Malana	321	1.18	6.080328	80.578043	35	071
LK-3227050	Magamure	330B	0.5	6.079049	80.569092	35	071
LK-3227055	Sapugoda	330A	2.26	6.08159	80.555017	35	071
LK-3227060	Lenabatuwa	317C	2.51	6.076653	80.539526	35	071
LK-3227065	Bibulewela	317A	1.76	6.070041	80.529891	35	071
LK-3227070	Godawa	318A	1.59	6.070051	80.553389	35	071
LK-3227075	Pitakatuwana	318	0.74	6.064074	80.559115	35	071
LK-3227080	Kamburupitiya	330	2.36	6.071019	80.568913	35	071
LK-3227085	Ullala East	321A	2.45	6.068797	80.583441	35	071
LK-3227090	Thumbe	321D	1.21	6.076438	80.592631	35	071
LK-3227095	Karaputugala North	324A	2.12	6.080926	80.60636	35	071
LK-3227100	Karaputugala South	324	0.96	6.073754	80.602269	35	071
LK-3227105	Ullala Masmulla	321B	1.21	6.062586	80.589744	35	071
LK-3227110	Ullala West	321C	1.19	6.060453	80.575486	35	071
LK-3227115	Mapalana Mangin Ihala	331D	1.28	6.053044	80.568777	35	071
LK-3227120	Mapalana Mangin Pahala	331	1.49	6.057175	80.561191	35	071
LK-3227125	Seewelgama	318B	2.29	6.060146	80.551283	35	071
LK-3227130	Ihala Vitiyala North	348A	1.51	6.056146	80.540895	35	071
LK-3227135	Karagoda Uyangoda 1 Atha East	317B	2.2	6.06019	80.530733	35	071
LK-3227140	Karagoda Uyangoda 1 Atha West	317	1.96	6.056852	80.521235	35	071
LK-3227145	Karagoda Uyangoda 2 West	316A	1.17	6.04019	80.51877	35	071
LK-3227150	Karagoda Uyangoda 2 East	316	1.44	6.043101	80.524825	35	071
LK-3227155	Ihala Vitiyala West	348C	1.51	6.044153	80.531728	35	071
LK-3227160	Ihala Vitiyala South	348	0.95	6.044685	80.541169	35	071
LK-3227165	Ihala Vitiyala East	348B	1.53	6.048442	80.549466	35	071
LK-3227170	Akurugoda	331A	1.43	6.044523	80.566387	35	071
LK-3227175	Kahagala	331B	2.09	6.04916	80.582546	35	071
LK-3227180	Kahagala South	331C	0.95	6.040758	80.571429	35	071
LK-3227185	Urapola East	346A	0.99	6.032789	80.567181	35	071
LK-3227190	Palolpitiya	346B	1.42	6.033812	80.551306	35	071
LK-3227195	Urapola West	346	1.37	6.038198	80.552142	35	071
LK-3230005	Denagama East	280	2.76	6.123916	80.652505	34	069
LK-3230010	Denagama North	280C	1.61	6.114398	80.636295	34	069
LK-3230015	Denagama West	280A	1.62	6.11546	80.645828	34	069
LK-3230020	Badabadda	280B	2.48	6.111513	80.659375	34	069
LK-3230025	Meeella	281	1.17	6.117937	80.679172	34	069
LK-3230030	Pananwela East	282A	2.0	6.113297	80.685394	34	069
LK-3230035	Pananwela West	282	1.58	6.107975	80.674666	34	069
LK-3230040	Kohuliyadda	286B	1.42	6.093805	80.676262	34	071
LK-3230045	Kebiliyapola North	284	1.17	6.097291	80.667458	34	069
LK-3230050	Wepathaira North	283	2.33	6.099886	80.660255	34	069
LK-3230055	Wepathaira West	283B	1.34	6.099685	80.648969	34	069
LK-3230060	Kandegoda	293D	0.95	6.098592	80.635838	34	069
LK-3230065	Narawelpita East	297E	1.7	6.104684	80.629771	34	069
LK-3230070	Narawelpita North	297A	1.32	6.098514	80.619383	34	069
LK-3230075	Ellewela East	297C	2.46	6.098763	80.604484	34	069
LK-3230080	Ellewela West	297B	1.98	6.09059	80.612199	34	069
LK-3230085	Narawelpita South	297	0.98	6.091391	80.62403	34	069
LK-3230090	Beruwela	293C	0.67	6.085529	80.63386	34	069
LK-3230095	Muruthamuraya	293	1.03	6.093424	80.637152	34	069
LK-3230100	Muruthamuraya West	293B	0.58	6.086833	80.639758	34	069
LK-3230105	Muruthamuraya East	293A	0.58	6.090292	80.645571	34	069
LK-3230110	Wepathaira South	283A	0.91	6.086585	80.652356	34	069
LK-3230115	Kebiliyapola South	284A	1.66	6.087565	80.662504	34	069
LK-3230120	Gangodagama	286	1.59	6.079078	80.685584	34	071
LK-3230125	Pottewela	286A	1.84	6.081667	80.675623	34	071
LK-3230130	Lalpe	294B	2.33	6.070465	80.663447	34	071
LK-3230135	Gammedapitiya	286C	1.27	6.082199	80.667523	34	071
LK-3230140	Udupeellegoda East	294	1.58	6.074405	80.651951	34	071
LK-3230145	Udupeellegoda West	294A	1.49	6.072593	80.643141	34	071
LK-3230150	Kongala East	295	0.47	6.078581	80.639192	34	069
LK-3230155	Kongala South	295C	0.69	6.072349	80.636058	34	069
LK-3230160	Kongala Central	295B	1.53	6.074216	80.625503	34	069
LK-3230165	Kongala West	295A	1.41	6.080165	80.625466	34	069
LK-3230170	Narawelpita West	297D	1.02	6.086223	80.623663	34	069
LK-3233005	Ovitigamuwa South	328	2.05	6.063212	80.60165	45	071
LK-3233010	Ovitigamuwa North	328A	2.03	6.065134	80.611594	45	071
LK-3233015	Malwathugoda	326C	1.82	6.057856	80.61748	45	071
LK-3233020	Galkanda	326B	1.26	6.064065	80.625312	45	071
LK-3233025	Kirinda Mangin Pahala	326	0.54	6.054029	80.627373	45	071
LK-3233030	Kirinda Mangin Ihala North	325	1.16	6.059576	80.633015	45	071
LK-3233035	Hettiyawala West	325F	1.22	6.058676	80.641741	45	071
LK-3233040	Hettiyawala North	325G	1.33	6.064024	80.653152	45	071
LK-3233045	Boraluketiya	290A	0.83	6.056987	80.664034	45	071
LK-3233050	Karathota	290	1.27	6.059192	80.671062	45	071
LK-3233055	Naradda	290B	1.12	6.068344	80.677754	45	071
LK-3233060	Kumbalgoda	290C	1.44	6.066826	80.686716	45	071
LK-3233065	Hettiyawala East	325A	1.3	6.052356	80.658541	45	071
LK-3233070	Hettiyawala South	325E	1.59	6.051776	80.647231	45	071
LK-3233075	Wavulanbokka	325H	0.5	6.049595	80.632962	45	071
LK-3233080	Puhulwella East	326A	1.31	6.045456	80.620559	45	071
LK-3233085	Puhulwella West	326D	3.42	6.049455	80.602623	45	071
LK-3233090	Kirinda Mangin Ihala South	325B	1.51	6.038262	80.621042	45	071
LK-3233095	Kirinda Mangin Ihala Central	325D	1.41	6.039658	80.631814	45	071
LK-3233100	Kirinda Mangin Ihala East	325C	0.98	6.045865	80.637353	45	071
LK-3233105	Wathukolakanda East	327D	1.62	6.026855	80.630081	45	071
LK-3233110	Walakanda South	327C	1.31	6.020869	80.657647	45	071
LK-3233115	Walakanda West	327	5.29	6.019575	80.640574	45	071
LK-3233120	Walakanda East	327B	4.23	6.036241	80.650328	45	071
LK-3233125	Wathukolakanda North	327A	1.36	6.030706	80.617865	45	071
LK-3236005	Pahala Vitiyala West	343B	1.03	6.034982	80.539474	35	071
LK-3236010	Pahala Vitiyala Central	343A	1.41	6.028497	80.54686	35	071
LK-3236015	Pahala Vitiyala East	343	1.2	6.022851	80.557525	35	071
LK-3236020	Polathugoda	344B	0.79	6.022347	80.566253	35	071
LK-3236025	Batuvita 1	344A	2.01	6.035239	80.577526	35	071
LK-3236030	Batuvita 2	344D	1.5	6.031239	80.585464	35	071
LK-3236035	Medauyangoda	334A	2.29	6.029597	80.593917	35	071
LK-3236040	Akkara Panaha	334C	2.71	6.041089	80.597751	35	071
LK-3236045	Yatiyana	334	1.99	6.032439	80.605953	35	071
LK-3236050	Kottawatta	334B	0.84	6.016705	80.587366	35	071
LK-3236055	Komangoda 2	344C	1.36	6.017571	80.576483	35	071
LK-3236060	Komangoda 1	344	0.7	6.02354	80.572262	35	071
LK-3236065	Thihagoda East	335B	1.13	6.012904	80.571769	35	071
LK-3236070	Thihagoda	335	0.52	6.01238	80.562934	35	071
LK-3236075	Kithalagama East 2	347A	0.43	6.012139	80.557365	35	071
LK-3236080	Kithalagama East 3	347B	1.18	6.01676	80.552925	35	071
LK-3236085	Kithalagama Central	349B	0.74	6.016917	80.545491	35	071
LK-3236090	Narangala	349A	2.34	6.029908	80.53046	35	071
LK-3236095	Wellethota	342	1.39	6.018572	80.535489	35	071
LK-3236100	Kithalagama West	349	0.77	6.011717	80.545194	35	071
LK-3236105	Kithalagama East 1	347	0.67	6.00674	80.548132	35	071
LK-3236110	Naimbala 1	336	1.07	6.003326	80.554588	35	071
LK-3236115	Kapudoowa	335A	0.35	6.003661	80.563431	35	071
LK-3236120	Kapudoowa East	335C	1.71	6.000266	80.571312	35	071
LK-3236125	Uduwa West	333B	2.41	6.007292	80.581792	35	071
LK-3236130	Uduwa East	333	1.11	6.0084	80.594555	35	071
LK-3236135	Galbada	333A	1.55	6.000797	80.585338	35	071
LK-3236140	Naimbala 2	336B	1.24	5.992926	80.562122	35	071
LK-3236145	Bandattara 2	336C	0.86	5.995722	80.553073	35	071
LK-3236150	Watagedara East	337C	0.76	5.993317	80.54342	35	071
LK-3236155	Attudawa	341	1.64	6.004748	80.540239	35	071
LK-3236160	Attudawa West	341A	1.38	6.000762	80.53147	35	071
LK-3236165	Watagedara	337A	1.99	5.986109	80.53568	35	071
LK-3236170	Nadugala 2	337B	1.16	5.980727	80.542803	35	071
LK-3236175	Nadugala 1	337	1.87	5.977282	80.552409	35	071
LK-3236180	Bandattara 1	336A	2.3	5.985353	80.554649	35	071
LK-3236185	Elambathalagoda	340B	1.07	5.986739	80.525091	35	071
LK-3236190	Palatuwa	340	1.31	5.983962	80.524144	35	071
LK-3236195	Unella	340A	1.13	5.986935	80.515541	35	071
LK-3236200	Dematahettigoda	340C	0.89	5.987695	80.509362	35	071
LK-3239005	Midigama North	381 A	2.84	5.99087	80.391153	42	074
LK-3239010	Pathegama	379	2.08	5.985392	80.405783	42	074
LK-3239015	Moodugamuwa West	378 B	1.22	5.987713	80.415049	42	074
LK-3239020	Moodugamuwa East	378	0.97	5.989487	80.421853	42	074
LK-3239025	Kohunugamuwa	389	0.62	5.981997	80.425415	21	074
LK-3239030	Walana	379 B	1.35	5.978816	80.415134	42	074
LK-3239035	Wekada	381 B	1.72	5.981523	80.397691	42	074
LK-3239040	Denuwala	381 C	0.42	5.968721	80.385596	42	074
LK-3239045	Midigama West	381	1.4	5.971889	80.39466	42	074
LK-3239050	Midigama East	380	1.08	5.9704	80.401987	42	074
LK-3239055	Hetti Weediya	382 B	0.75	5.97463	80.422753	21	074
LK-3239060	Aluth Weediya	385 A	0.36	5.982045	80.432846	21	074
LK-3239065	Polwatta	388	1.57	5.97478	80.449199	42	074
LK-3239070	Nidangala	399 A	0.88	5.975642	80.477312	42	074
LK-3239075	Kotavila West	404 B	2.62	5.967905	80.494614	42	074
LK-3239080	Kotavila North	404 A	1.22	5.970413	80.481121	42	074
LK-3239085	Kamburugamuwa North	408	1.67	5.951919	80.500122	42	074
LK-3239090	Kotavila South	404	2.62	5.957193	80.487566	42	074
LK-3239095	Henwala East	405 C	1.32	5.962539	80.468376	42	074
LK-3239100	Polwathumodara	388 A	0.57	5.965423	80.458214	42	074
LK-3239105	Pelena North	387 C	0.4	5.971097	80.44793	42	074
LK-3239110	Pelena West	387 A	0.54	5.974267	80.437051	21	074
LK-3239115	Galbokka East	385	0.18	5.976381	80.430373	21	074
LK-3239120	Galbokka West	385 B	0.08	5.977882	80.428703	21	074
LK-3239125	Paranakade	382 A	0.42	5.972751	80.427788	21	074
LK-3239130	Walliwala East	386	0.35	5.969658	80.412691	21	074
LK-3239135	Pitidoowa	379 A	0.57	5.970343	80.407339	42	074
LK-3239140	Gurubebila	380 A	0.78	5.961821	80.402141	42	074
LK-3239145	Walliwala West	386 A	0.29	5.962268	80.409269	21	074
LK-3239150	Walliwala South	386 B	0.41	5.966232	80.414996	21	074
LK-3239155	Maha Weediya	382	0.28	5.968393	80.42209	42	074
LK-3239160	Pelena South	387B	0.36	5.967609	80.450726	42	074
LK-3239165	Henwala West	405 D	0.68	5.959626	80.459582	42	074
LK-3239170	Garanduwa	408 B	1.87	5.954574	80.478902	42	074
LK-3239175	Mirissa Udumulla	405 B	1.08	5.952369	80.470461	42	074
LK-3239180	Mirissa Udupila	405 A	0.94	5.950145	80.461605	42	074
LK-3239185	Mirissa North	405	0.45	5.952917	80.456283	42	074
LK-3239190	Mirissa South 2	406 A	0.71	5.950251	80.454146	42	074
LK-3239195	Kapparathota South	386 C	0.35	5.960581	80.420866	21	074
LK-3239200	Kapparathota North	386 D	0.57	5.962459	80.415106	21	074
LK-3239205	Mirissa South 1	406	0.24	5.947096	80.454696	42	074
LK-3239210	Bandaramulla	407 A	0.68	5.943392	80.466451	42	074
LK-3239215	Thal Aramba North	407 B	0.67	5.943779	80.475827	42	074
LK-3239220	Thudella	408 D	0.48	5.946989	80.489448	42	074
LK-3239225	Kamburugamuwa South	408 C	0.67	5.94071	80.499385	42	074
LK-3239230	Kamburugamuwa West	408 A	0.51	5.942588	80.489517	42	074
LK-3239235	Thal Aramba East	407 C	0.46	5.940827	80.483175	42	074
LK-3239240	Thal Aramba South	407	0.36	5.938677	80.477116	42	074
LK-3242005	Deeyagaha East	446A	1.84	5.98968	80.578662	38	073
LK-3242010	Kekanadura East	447B	3.14	5.976517	80.60088	38	073
LK-3242015	Kokawala	443B	1.24	5.983635	80.620103	38	073
LK-3242020	Parawahera East	443C	1.32	5.97094	80.621816	38	073
LK-3242025	Parawahera North	443	1.59	5.977127	80.614593	38	073
LK-3242030	Kekanadura North	447C	2.25	5.981204	80.588083	38	073
LK-3242035	Kekanadura Central	447A	2.09	5.970602	80.588597	38	073
LK-3242040	Deeyagaha West	446	2.03	5.980994	80.574424	38	073
LK-3242045	Navimana North	428	0.38	5.969239	80.567179	38	073
LK-3242050	Pahalagoda	428B	0.82	5.971067	80.561544	38	073
LK-3242055	Navimana South	427	2.16	5.964234	80.559719	38	073
LK-3242060	Thudawa East	420C	0.3	5.961978	80.547861	11	073
LK-3242065	Thudawa North	420B	0.16	5.964651	80.545447	11	073
LK-3242070	Thudawa South	420	0.25	5.960418	80.544094	11	073
LK-3242075	Sudarshi Place	420D	0.2	5.958749	80.540136	11	073
LK-3242080	Hittatiya East	420A	2.31	5.968144	80.540524	11	073
LK-3242085	Hittatiya Meda	414B	1.78	5.968027	80.528976	11	073
LK-3242090	Godagama	419	2.31	5.968381	80.519365	38	073
LK-3242095	Eduwa - Madurudoowa	419A	1.01	5.974905	80.511933	38	073
LK-3242100	Kanattagoda North	423B	0.72	5.958673	80.507513	38	073
LK-3242105	Wewahamandoowa	423A	1.82	5.960246	80.515343	11/38	073
LK-3242110	Hittatiya West	414A	0.45	5.958816	80.526675	11	073
LK-3242115	Isadeen Town	414C	0.46	5.954743	80.528227	11	073
LK-3242120	Weliweriya West	415A	0.25	5.952826	80.536007	11	073
LK-3242125	Weliweriya East	417E	0.49	5.955281	80.541239	11	073
LK-3242130	Walpala	417C	0.61	5.957833	80.550787	11	073
LK-3242135	Weragampita	417H	1.41	5.956346	80.558432	11	073
LK-3242140	Ruwan Ella	428A	1.44	5.968301	80.573534	38	073
LK-3242145	Kekanadura West	447	0.89	5.966585	80.581976	38	073
LK-3242150	Kekanadura South	447D	0.67	5.966603	80.596653	38	073
LK-3242155	Parawahera South	443A	1.26	5.965422	80.614684	38	073
LK-3242160	Thalpavila North	430A	1.68	5.95341	80.599762	38	073
LK-3242165	Nakuttiya	430B	0.17	5.959934	80.593001	38	073
LK-3242170	Veherahena	426B	1.4	5.950872	80.575931	38	073
LK-3242175	Makavita	426C	1.09	5.957221	80.577086	38	073
LK-3242180	Weradoowa	425A	0.58	5.951138	80.566736	11/38	073
LK-3242185	Uyanwatta	417G	0.63	5.950461	80.5568	11	073
LK-3242190	Uyanwatta North	417D	0.29	5.952017	80.551019	11	073
LK-3242195	Kadeweediya East	417A	0.46	5.949578	80.544234	11	073
LK-3242200	Kadeweediya West	417F	0.18	5.950732	80.539111	11	073
LK-3242205	Welegoda East	414	0.47	5.949636	80.531896	11	073
LK-3242210	Welegoda West	409E	0.32	5.948816	80.527052	11	073
LK-3242215	Mathotagama	409D	0.13	5.952902	80.521526	11	073
LK-3242220	Walgama North	409B	0.74	5.948283	80.513618	11	073
LK-3242225	Kanattegoda South	423	0.65	5.951141	80.507379	11/38	073
LK-3242230	Madiha West	411A	0.76	5.941665	80.50898	11	073
LK-3242235	Walgama	409A	0.56	5.948816	80.520619	11	073
LK-3242240	Walgama Meda	409C	0.36	5.944749	80.520257	11	073
LK-3242245	Walgama South	411C	0.45	5.941374	80.517958	11	073
LK-3242250	Madiha East	411B	0.35	5.938574	80.5153	11	073
LK-3242255	Polhena	412	0.63	5.93882	80.525429	11	073
LK-3242260	Pamburana	412B	0.65	5.941793	80.532191	11	073
LK-3242265	Noope	415	0.17	5.947357	80.53609	11	073
LK-3242270	Kadeweediya South	417B	0.22	5.94739	80.541688	11	073
LK-3242275	Thotamuna	412A	0.3	5.942226	80.536679	11	073
LK-3242280	Fort	416C	0.38	5.943202	80.541202	11	073
LK-3242285	Kotuwegoda North	416	0.21	5.946369	80.553259	11	073
LK-3242290	Eliyakanda North	416D	0.34	5.945696	80.565318	11	073
LK-3242295	Meddawatta	425	0.37	5.943751	80.571288	11	073
LK-3242300	Rassandeniya	425B	0.79	5.940627	80.580348	11/38	073
LK-3242305	Wewa Ihalagoda	429A	0.77	5.94861	80.584799	38	073
LK-3242310	Thalpavila South	430	0.9	5.948357	80.591614	38	073
LK-3242315	Gandarawatta	429B	0.31	5.945372	80.585028	38	073
LK-3242320	Meddawatta South	425C	0.7	5.936882	80.576172	11/38	073
LK-3242325	Eliyakanda South	416A	0.66	5.943441	80.561524	11	073
LK-3242330	Kotuwegoda South	416B	0.28	5.943996	80.552259	11	073
LK-3245005	Kadawedduwa West	449A	1.32	6.015354	80.597736	32	072
LK-3245010	Kadawedduwa East	449B	1.76	6.015698	80.611499	32	072
LK-3245015	Walbulugahahena	449D	0.67	6.023191	80.611787	32	072
LK-3245020	Aparekka North	449C	3.01	6.011246	80.629279	32	072
LK-3245025	Uda Aparekka East	448A	2.98	5.994089	80.635327	32	072
LK-3245030	Uda Aparekka	448	3.99	6.002759	80.614228	32	072
LK-3245035	Palle Aparekka	449	1.62	6.003126	80.5993	32	072
LK-3245040	Agarawala	448C	2.22	5.991116	80.604179	32	072
LK-3245045	Beddegammedda	448B	1.87	5.989176	80.62304	32	072
LK-3245050	Pathegama East	445A	1.77	5.985127	80.641768	32	072
LK-3245055	Pathegama North	445	1.22	5.974848	80.632608	32	072
LK-3245060	Naotunna	442	0.74	5.9669	80.627595	32	072
LK-3245065	Naotunna North	442C	1.05	5.960668	80.625509	32	072
LK-3245070	Thalalla North	439	0.94	5.959936	80.613386	32	072
LK-3245075	Thalalla East	438B	0.98	5.956108	80.607667	32	072
LK-3245080	Thalalla South	438	1.26	5.952351	80.621479	32	072
LK-3245085	Naotunna Central	442A	0.52	5.955625	80.626046	32	072
LK-3245090	Naotunna South	442B	0.35	5.950034	80.629578	32	072
LK-3245095	Thalalla Central	438A	0.7	5.947117	80.614492	32	072
LK-3245100	Delgalla	436A	0.54	5.94827	80.605572	32	072
LK-3245105	Kapugama North	436B	0.66	5.943748	80.604522	32	072
LK-3245110	Kapugama West	435	0.88	5.941832	80.590721	32	072
LK-3245115	Gandarawatta South	435A	0.32	5.93955	80.584087	32	072
LK-3245120	Kapugama Central	436C	0.64	5.937822	80.598025	32	072
LK-3245125	Kapugama East	436	1.11	5.936124	80.605117	32	072
LK-3245130	Gandara East	437A	0.24	5.939235	80.614996	32	072
LK-3245135	Thalalla	438C	0.61	5.943131	80.618385	32	072
LK-3245140	Gandara South	437B	0.12	5.933558	80.618388	32	072
LK-3245145	Gandara Central	437C	0.19	5.935505	80.616081	32	072
LK-3245150	Gandara West	437	0.49	5.933515	80.611495	32	072
LK-3245155	Devinuwara North	432	0.61	5.93308	80.593365	32	072
LK-3245160	Devinuwara Central	432A	0.29	5.934914	80.586957	32	072
LK-3245165	Devinuwara Nugegoda	433D	0.3	5.931354	80.5854	32	072
LK-3245170	Devinuwara West	433A	0.21	5.9263	80.586354	32	072
LK-3245175	Devinuwara East	433B	0.31	5.92918	80.594183	32	072
LK-3245180	Devinuwara Wawwa	433E	0.82	5.929449	80.602677	32	072
LK-3245185	Devinuwara Pradeepagara Pedesa	433H	0.22	5.924768	80.591911	32	072
LK-3245190	Devinuwara	433C	0.1	5.925759	80.588807	32	072
LK-3245195	Devinuwara Welegoda	433G	0.25	5.92304	80.584866	32	072
LK-3245200	Devinuwara Sinhasana Pedesa	433F	0.1	5.921148	80.588863	32	072
LK-3245205	Devinuwara South	433	0.18	5.921144	80.592194	32	072
LK-3248005	Urugamuwa North	457A	1.79	6.017648	80.666241	33	072
LK-3248010	Bodarakanda	456B	2.01	6.020347	80.686437	33	072
LK-3248015	Urugamuwa East	456	1.99	6.014593	80.682919	33	072
LK-3248020	Urugamuwa Central	457B	1.79	6.008696	80.672528	33	072
LK-3248025	Urugamuwa West	456A	2.89	6.009683	80.652811	33	072
LK-3248030	Dandeniya North	450	2.78	5.998758	80.651321	33	072
LK-3248035	Urugamuwa South	457	1.29	6.000693	80.668481	33	072
LK-3248040	Rannawala	455C	1.67	5.993676	80.669351	33	072
LK-3248045	Urugamuwa	456C	1.71	6.000239	80.683522	33	072
LK-3248050	Wehella	455	1.77	5.988399	80.686789	33	072
LK-3248055	Wehella North	455A	1.86	5.9867	80.6728	33	072
LK-3248060	Dandeniya South	450A	2.68	5.986403	80.656081	33	072
LK-3248065	Bambarenda North	450B	1.4	5.977434	80.651696	33	072
LK-3248070	Pohosathugoda	441B	0.79	5.969752	80.648153	33	072
LK-3248075	Rathmale	450C	1.2	5.975293	80.658917	33	072
LK-3248080	Bambarenda Central	450D	1.47	5.97407	80.67044	33	072
LK-3248085	Wehella South	455B	1.15	5.977115	80.682112	33	072
LK-3248090	Wattegama	451	0.71	5.975528	80.688611	33	072
LK-3248095	Wattegama North	451A	0.65	5.977113	80.693007	33	072
LK-3248100	Walasgala West	452C	0.57	5.981808	80.695755	33	072
LK-3248105	Walasgala East	452B	0.84	5.986499	80.699138	33	072
LK-3248110	Wevurukannala	452A	0.68	5.979596	80.703461	33	072
LK-3248115	Dickwella North	452	1.28	5.985235	80.708476	33	072
LK-3248120	Dodampahala North	453B	0.97	5.975487	80.710785	33	072
LK-3248125	Dodampahala East	453A	1.22	5.978399	80.71912	33	072
LK-3248130	Dodampahala Central	453C	0.34	5.967353	80.715795	33	072
LK-3248135	Dodampahala West	453	0.77	5.970432	80.707882	33	072
LK-3248140	Dodampahala South	453D	0.88	5.962705	80.713538	33	072
LK-3248145	Dickwella East	452F	0.44	5.964088	80.701484	33	072
LK-3248150	Dickwella Central	452D	0.52	5.970701	80.701018	33	072
LK-3248155	Dickwella Muslim Yonakapura East	454	0.14	5.97147	80.697174	33	072
LK-3248160	Dickwella Muslim Yonakapura West	454A	0.07	5.972426	80.695609	33	072
LK-3248165	Dickwella South	452E	0.49	5.966581	80.696733	33	072
LK-3248170	Wattegama South	451B	0.68	5.966665	80.688599	33	072
LK-3248175	Batheegama East	451C	0.45	5.963632	80.685589	33	072
LK-3248180	Batheegama Central	451D	1.1	5.966593	80.677374	33	072
LK-3248185	Batheegama West	451E	1.12	5.965861	80.671467	33	072
LK-3248190	Bambarenda East	441C	0.88	5.962183	80.66586	33	072
LK-3248195	Bambarenda South	441	0.9	5.962959	80.658317	33	072
LK-3248200	Bambarenda West	441A	0.68	5.964291	80.651481	33	072
LK-3248205	Belideniya	444B	0.53	5.963569	80.644424	33	072
LK-3248210	Pathegama Central	444C	1.13	5.962926	80.640911	33	072
LK-3248215	Pathegama South	444	1.03	5.959188	80.635655	33	072
LK-3248220	Beliwatta	444A	0.75	5.951274	80.635919	33	072
LK-3248225	Suduwella	440A	0.21	5.947042	80.639673	33	072
LK-3248230	Kottagoda	440	0.17	5.952129	80.642146	33	072
LK-3248235	Godauda	440C	0.2	5.95564	80.646924	33	072
LK-3248240	Lunukalapuwa	440B	0.46	5.958146	80.651109	33	072
LK-3303005	Ihala Kumbukwewa	100	6.96	6.379503	81.017395	40	078
LK-3303010	Mahagalwewa	101	7.76	6.383341	81.038851	40	078
LK-3303015	Meegaha Jadura	102	10.47	6.362729	81.038914	40	078
LK-3303020	Ranmuduwewa	99	8.82	6.345704	81.06452	40	078
LK-3303025	Weliwewa	98	13.46	6.332293	81.033763	40	078
LK-3303030	Suravirugama	104	9.68	6.318026	81.017321	40	078
LK-3303035	Samajasewapura	105	5.12	6.323131	80.9891	40	078
LK-3303040	Weeriyagama	115	4.09	6.3149	80.97277	40	078
LK-3303045	Hathporuwa	114	10.2	6.29516	80.951092	40	078
LK-3303050	Weniwel Ara	108	5.31	6.278635	80.954743	40	078
LK-3303055	Aliolu Ara	113	6.27	6.292472	80.971896	40	078
LK-3303060	Sooriyawewa Town	103	3.34	6.309376	80.994508	40	078
LK-3303065	Viharagala	106	7.6	6.27895	80.986181	40	078
LK-3303070	Beddewewa	112	1.53	6.287142	81.0001	40	078
LK-3303075	Mahawelikada Ara	111	6.09	6.295682	81.015532	40	078
LK-3303080	Andarawewa	109	25.25	6.283764	81.040525	40	078
LK-3303085	Namadagaswewa	110	4.81	6.267738	81.001724	40	078
LK-3303090	Mahapelessa	107	5.93	6.264076	80.976489	40	078
LK-3303095	Bediganthota	132	7.61	6.255731	80.958631	40	078
LK-3303100	Habarattawala	137	18.73	6.232211	81.016188	40	078
LK-3303105	Wediwewa	136	24.62	6.229231	81.051511	40	078
LK-3306005	Maha Aluth Gam Ara	47	11.13	6.353432	81.086094	36	078
LK-3306010	Angunakolawewa	45	24.56	6.390885	81.07886	36	078
LK-3306015	Veheragala	46	8.26	6.409061	81.1022	36	078
LK-3306020	Ranawarnawa	55	10.15	6.397612	81.119903	36	078
LK-3306025	Dewramvehera	53	7.3	6.391721	81.135167	36	078
LK-3306030	Bogahawewa	54	25.47	6.382113	81.163155	36	078
LK-3306035	Padavigama	51	19.13	6.358562	81.167678	36	078
LK-3306040	Punchiappujandura	52	3.29	6.34766	81.185458	36	078
LK-3306045	Lunugamvehera New Town	56	3.99	6.347686	81.19957	36	078
LK-3306050	Seenimunna	57	4.32	6.348203	81.214803	36	078
LK-3306055	Kendagasmankada	58	6.8	6.32482	81.222306	36	078
LK-3306060	Mahanagapura	59	4.02	6.325386	81.206078	36	078
LK-3306065	Muwanwewa	60	8.99	6.326693	81.175851	36	078
LK-3306070	Weeravil Ara	50	1.64	6.337209	81.173688	36	078
LK-3306075	Ittanwekada	61	5.08	6.312911	81.17898	36	078
LK-3306080	Mattala	48	41.37	6.328879	81.134492	36	078
LK-3306085	Pahala Mattala	49	11.44	6.320324	81.105602	36	078
LK-3306090	Mihindupura	63	14.04	6.297287	81.174764	36	078
LK-3306095	Abhayapura	62	5.38	6.299676	81.206447	36	078
LK-3306100	Singhapura	64	8.13	6.283785	81.218111	36	078
LK-3306105	Senapura	65	5.61	6.272934	81.196622	36	078
LK-3306110	Agbopura	70	5.15	6.233011	81.185065	36	078
LK-3306115	Karambawewa	69	4.83	6.235571	81.194942	36	078
LK-3306120	Rambukwewa	79	6.15	6.225568	81.174185	36	078
LK-3306125	Keerthipura	80	3.56	6.223437	81.20995	36	078
LK-3306130	Samanpura	68	2.96	6.237253	81.200567	36	078
LK-3306135	Ranasiripura	67	4.77	6.245425	81.212588	36	078
LK-3306140	Weeravila	66	5.21	6.248655	81.223316	36	078
LK-3306145	Weligatta	78	4.49	6.203988	81.210996	36	078
LK-3306150	Beralihela	73	2.07	6.343097	81.262639	36	078
LK-3306155	Dutugemunupura	71	3.84	6.352261	81.270716	36	078
LK-3306160	Jayagama	72	3.28	6.318097	81.279107	36	078
LK-3306165	Parakramapura	74	2.26	6.332231	81.262734	36	078
LK-3306170	Saddhathissapura	75	4.14	6.338483	81.290322	36	078
LK-3306175	Saddhathissapura New Town	76	0.64	6.333903	81.285635	36	078
LK-3306180	Saliyapura	77	1.47	6.322737	81.28543	36	078
LK-3309005	Kawanthissapura	42	39.79	6.370626	81.335301	38	078
LK-3309010	Kirinda	19	518.75	6.395638	81.491065	38	078
LK-3309015	Uddhakandara	14	60.41	6.318138	81.362121	38	078
LK-3309020	Joolpallama	43	20.83	6.337886	81.327063	38	078
LK-3309025	Weerahela	44	6.92	6.325878	81.303451	38	078
LK-3309030	Vijithapura	40	4.32	6.32316	81.258663	38	078
LK-3309035	Ellagala	32	3.25	6.326825	81.242933	38	078
LK-3309040	Anjaligala	31	3.14	6.31491	81.239018	38	078
LK-3309045	Pannagamuwa	29	3.05	6.302809	81.228508	38	078
LK-3309050	Dambewelena	30	1.59	6.299739	81.238769	38	078
LK-3309055	Mahindapura	33	2.62	6.295475	81.249942	38	078
LK-3309060	Gemunupura	38	0.97	6.296624	81.258121	38	078
LK-3309065	Ekamuthugama	41	1.37	6.304319	81.262765	38	078
LK-3309070	Sandungama	39	4.99	6.30382	81.274369	38	078
LK-3309075	Debarawewa	37	2.35	6.293234	81.268443	38	078
LK-3309080	Kachcheriyagama	3	1.33	6.281346	81.283531	38	078
LK-3309085	Sandagiripura	10	2.17	6.284161	81.297426	38	078
LK-3309090	Mahasenpura	11	12.09	6.303353	81.311143	38	078
LK-3309095	Shuddha Nagaraya	8	0.88	6.271167	81.292539	38	078
LK-3309100	Medawelena	2	0.96	6.280117	81.271162	38	078
LK-3309105	Rohanapura	5	1.47	6.272039	81.276886	38	078
LK-3309110	Senapura	6	0.78	6.270309	81.267455	38	078
LK-3309115	Gangasiripura	4	0.87	6.276454	81.262713	38	078
LK-3309120	Polgahawelena	36	2.03	6.282295	81.254963	38	078
LK-3309125	Randunu Watta	35	8.8	6.273299	81.235992	38	078
LK-3309130	Molakepoopathana	34	2.07	6.270899	81.251996	38	078
LK-3309135	Thissapura	28	11.98	6.235929	81.233864	38	078
LK-3309140	Uduvila	25	2.89	6.257694	81.258241	38	078
LK-3309145	Rubberwatta	7	2.52	6.262767	81.273508	38	078
LK-3309150	Thissamaharama	1	1.67	6.267076	81.2861	38	078
LK-3309155	Gotabhayapura	12	3.88	6.257226	81.298279	38	078
LK-3309160	Rana Keliya	13	11.29	6.270767	81.361802	38	078
LK-3309165	Viharamahadevipura	18	11.42	6.240964	81.334648	38	078
LK-3309170	Yodhakandiya	15	2.54	6.249328	81.316655	38	078
LK-3309175	Welipothewala	16	3.72	6.243967	81.303983	38	078
LK-3309180	Halmillawa	17	3.08	6.2308	81.293662	38	078
LK-3309185	Rathnelumwalayaya	9	4.06	6.247973	81.282931	38	078
LK-3309190	Gonagamuwa	27	2.29	6.24425	81.266657	38	078
LK-3309195	Saliyapura	26	5.01	6.236785	81.251499	38	078
LK-3309200	Nedigamvila	22	3.26	6.233459	81.278721	38	078
LK-3309205	Wijayapura	24	2.72	6.225724	81.270023	38	078
LK-3309210	Konwelena	23	2.09	6.221867	81.290145	38	078
LK-3309215	Magama	20	4.84	6.207104	81.30508	38	078
LK-3309220	Andaragasyaya	21	5.05	6.214485	81.3219	38	078
LK-3312005	Elalla	97	26.39	6.308252	81.076445	34	078
LK-3312010	Ketenwewa	96	28.98	6.263435	81.093324	34	078
LK-3312015	Thammennawa	86	27.44	6.257243	81.144457	34	078
LK-3312020	Badagiriya	85	7.75	6.256514	81.176806	34	078
LK-3312025	Yahangala East	88	2.93	6.225054	81.167313	34	078
LK-3312030	Joolgamuwa	84	5.19	6.204474	81.169196	34	078
LK-3312035	Yahangala West	87	5.41	6.216526	81.160487	34	078
LK-3312040	Keliyapura	91	30.23	6.197026	81.124321	11	078
LK-3312045	Gonnoruwa	95	19.86	6.232257	81.113538	34	078
LK-3312050	Bellagaswewa	120	25.86	6.197709	81.075704	34	078
LK-3312055	Galwewa	118	8.15	6.191233	81.044632	34	078
LK-3312060	Siyambalagasvila South	117	3.06	6.158679	81.027395	34	078
LK-3312065	Siyambalagasvila North	116	2.4	6.179627	81.028516	34	078
LK-3312070	Udaberagama	119	5.49	6.163024	81.042193	34	078
LK-3312075	Arawanamulla	122	2.7	6.164184	81.057496	34	078
LK-3312080	Pahala Beragama	121	3.98	6.149094	81.059686	34	078
LK-3312085	Dehigahalanda	127	3.91	6.135346	81.045723	34	078
LK-3312090	Walawa	125	6.66	6.121872	81.037131	34	078
LK-3312095	Godawaya	126	1.78	6.11436	81.052911	34	078
LK-3312100	Sisilasagama	124	5.15	6.122049	81.070031	34	078
LK-3312105	Manajjawa	128	4.57	6.134665	81.065703	34	078
LK-3312110	Samodagama	92	17.4	6.154957	81.089931	11	078
LK-3312115	Mirijjavila	123	10.63	6.133397	81.090045	11	078
LK-3312120	Hambantota West	94	2.26	6.125078	81.117986	11	078
LK-3312125	Hambantota East	93	6.62	6.142763	81.139884	11	078
LK-3312130	Siribopura	90	10.51	6.153469	81.129209	11	078
LK-3312135	Koholankala	89	14.16	6.171888	81.156901	11	078
LK-3312140	Pallemalala	83	24.73	6.182404	81.192412	34	078
LK-3312145	Bundala	81	26.26	6.196595	81.252664	34	078
LK-3312150	Siriyagama	82	3.34	6.204034	81.288478	34	078
LK-3315005	Siyambalakote	170	2.5	6.225313	80.919322	31	077
LK-3315010	Barawakumbuka	171	4.23	6.228895	80.929851	31	077
LK-3315015	Thaligala	172	2.52	6.217482	80.93956	31	077
LK-3315020	Liyangasthota	133	34.49	6.221643	80.978181	31	078
LK-3315025	Wetiya	173	3.33	6.204681	80.93645	31	077
LK-3315030	Murawesihena	186	3.02	6.199899	80.927154	31	077
LK-3315035	Mahajandura	185	4.19	6.187066	80.918218	31	077
LK-3315040	Handunkatuwa	183	5.06	6.176835	80.93139	31	077
LK-3315045	Rote	184	6.14	6.187658	80.955069	31	077
LK-3315050	Hedavinna	169	2.4	6.176627	80.968494	31	077
LK-3315055	Ridiyagama	129	3.47	6.181476	80.981464	31	078
LK-3315060	Punchihenayagama	130	2.75	6.187217	80.992004	31	078
LK-3315065	Poliyarwatta	131	1.4	6.184826	81.002699	31	078
LK-3315070	Godakoggalla	138	5.31	6.202298	81.007141	31	078
LK-3315075	Koggalla	134	3.99	6.186297	81.019205	31	078
LK-3315080	Modara Piliwala	135	2.3	6.174241	81.010638	31	078
LK-3315085	Bolana North	139	0.98	6.165234	81.006831	31	078
LK-3315090	Jansagama	168	4.37	6.166033	80.990706	31	077
LK-3315095	Mamadala South	167	1.94	6.1589	80.968859	31	077
LK-3315100	Mamadala North	166	2.73	6.164347	80.966318	31	077
LK-3315105	Ethbatuwa	180	7.45	6.164769	80.941938	31	077
LK-3315110	Mulana	181	5.14	6.159832	80.920824	31	077
LK-3315115	Eraminiyaya	182	6.25	6.146957	80.907862	31	077
LK-3315120	Ihalagama	179	6.15	6.131747	80.928621	31	077
LK-3315125	Deniya	176	4.38	6.136059	80.941749	31	077
LK-3315130	Elegoda West	162	2.67	6.147299	80.963341	31	077
LK-3315135	Elegoda East	161	1.88	6.137028	80.970085	31	077
LK-3315140	Beminiyanvila	159	4.77	6.144001	80.981418	31	077
LK-3315145	Walawewatta West	164	2.77	6.146728	80.9984	31	077
LK-3315150	Walawewatta East	163	1.22	6.151021	81.007039	31	077
LK-3315155	Bolana South	140	3.56	6.15312	81.016569	31	078
LK-3315160	Kudabolana	141	2.34	6.144844	81.023494	31	078
LK-3315165	Palugaha Godella	147	1.22	6.135111	81.01115	31	077
LK-3315170	Rotawala	165	2.63	6.134881	80.995655	31	077
LK-3315175	Uhapitagoda	160	1.74	6.125642	80.983557	31	077
LK-3315180	Miniethiliya	174	4.74	6.124792	80.967079	31	077
LK-3315185	Pingama	175	2.38	6.131601	80.952787	31	077
LK-3315190	Pallegama	177	3.86	6.120947	80.926611	31	077
LK-3315195	Hungama	178	5.23	6.107579	80.929066	31	077
LK-3315200	Bataatha North	157	6.22	6.115577	80.90567	31	077
LK-3315205	Bataatha South	158	5.08	6.091522	80.920414	31	077
LK-3315210	Hathagala	156	6.76	6.09555	80.949663	31	077
LK-3315215	Kivula South	154	1.87	6.105158	80.956558	31	077
LK-3315220	Kivula North	153	1.03	6.114607	80.960738	31	077
LK-3315225	Lunama North	151	2.26	6.116343	80.974523	31	077
LK-3315230	Lunama South	152	6.06	6.098698	80.973944	31	077
LK-3315235	Nonagama	155	2.03	6.106169	80.987586	31	077
LK-3315240	Ekkassa	149	1.9	6.123314	80.993619	31	077
LK-3315245	Welipatanvila	150	3.39	6.107615	80.998516	31	077
LK-3315250	Malpettawa	148	2.83	6.121518	81.007608	31	077
LK-3315255	Puhulyaya	146	1.13	6.130416	81.017361	31	077
LK-3315260	Ambalanthota North	144	1.46	6.130859	81.024699	31	078
LK-3315265	Ambalanthota South	143	0.83	6.115719	81.026599	31	078
LK-3315270	Wanduruppa	142	1.36	6.113991	81.0207	31	078
LK-3315275	Thawaluvila	145	1.1	6.113439	81.014588	31	077
LK-3318005	Kariyamaditta	235	2.0	6.249397	80.832001	32	077
LK-3318010	Dabarella North	233	2.05	6.267001	80.851922	32	077
LK-3318015	Rathmalwala	232	3.85	6.25718	80.84753	32	077
LK-3318020	Kailawelpotawa	226	2.53	6.259235	80.864547	32	077
LK-3318025	Kendaketiya	231	1.94	6.201617	80.904905	32	077
LK-3318030	Dabarella South	234	3.01	6.260799	80.826604	32	077
LK-3318035	Thalawa North	236	2.86	6.257944	80.811403	32	077
LK-3318040	Thalawa South	237	4.07	6.23722	80.808078	32	077
LK-3318045	Debokkawa South	220	3.64	6.224125	80.819264	32	077
LK-3318050	Debokkawa North	219	3.4	6.230178	80.8324	32	077
LK-3318055	Uswewa	225	8.05	6.243926	80.86209	32	077
LK-3318060	Metigathwala	227	3.16	6.243077	80.821767	32	077
LK-3318065	Amarathungagama	222	5.09	6.225141	80.871524	32	077
LK-3318070	Sooriyapokuna	221	4.85	6.221817	80.843408	32	077
LK-3318075	Pahalagama	198	5.76	6.212478	80.857242	32	077
LK-3318080	Kohombagaswewa	224	3.68	6.219343	80.886146	32	077
LK-3318085	Dikwewa	229	2.27	6.21065	80.910613	32	077
LK-3318090	Abesekaragama	228	3.64	6.237014	80.892853	32	077
LK-3318095	Kalawelwala	230	4.96	6.228276	80.904579	32	077
LK-3318100	Meda Ara	223	2.56	6.208866	80.891875	32	077
LK-3318105	Binkama	192	3.46	6.196	80.892975	32	077
LK-3318110	Karagahawala	195	1.68	6.195168	80.880839	32	077
LK-3318115	Dandenigama	194	4.09	6.198367	80.8656	32	077
LK-3318120	Guruwala	199	4.49	6.188406	80.852043	32	077
LK-3318125	Weeragaswewa	210	2.88	6.183109	80.836205	32	077
LK-3318130	Gajanayakagama	215	3.73	6.172172	80.812017	32	077
LK-3318135	Medagoda	213	2.21	6.16045	80.801739	32	077
LK-3318140	Dimbulgoda	214	2.35	6.169368	80.797975	32	077
LK-3318145	Attanayala East	218	2.54	6.170032	80.788269	32	077
LK-3318150	Attanayala West	217	1.59	6.180098	80.784679	32	077
LK-3318155	Wakamulla	216	2.98	6.143864	80.792053	32	077
LK-3318160	Heenbunna	211	3.63	6.133898	80.799672	32	077
LK-3318165	Makuladeniya	212	1.43	6.148928	80.806323	32	077
LK-3318170	Udayala	207	7.37	6.145376	80.816972	32	077
LK-3318175	Medayala	208	2.34	6.153595	80.823744	32	077
LK-3318180	Bogamuwa	209	3.93	6.16659	80.829357	32	077
LK-3318185	Daha Amuna	203	3.51	6.162241	80.846737	32	077
LK-3318190	Julamulla	196	4.28	6.155235	80.859955	32	077
LK-3318195	Jandura	197	8.09	6.160491	80.870924	32	077
LK-3318200	Helekada	193	3.45	6.176875	80.881027	32	077
LK-3318205	Aluthwewa	190	2.65	6.179567	80.89317	32	077
LK-3318210	Kankanamgama	191	3.1	6.18046	80.905541	32	077
LK-3318215	Achariyagama	188	1.21	6.166022	80.906285	32	077
LK-3318220	Angunakolapelessa	187	1.57	6.161685	80.900765	32	077
LK-3318225	Yakagala	189	4.49	6.153648	80.89264	32	077
LK-3318230	Gurunnehege Ara	202	2.01	6.143245	80.874532	32	077
LK-3318235	Kotawaya	204	2.12	6.151719	80.851558	32	077
LK-3318240	Netalaporuwa	206	2.63	6.158385	80.836924	32	077
LK-3318245	Hakuruwela	205	1.06	6.146125	80.832342	32	077
LK-3318250	Indigetawela	200	5.09	6.138453	80.839295	32	077
LK-3318255	Thalamporuwa	201	2.49	6.13719	80.860664	32	077
LK-3321005	Mulanyaya	425	2.34	6.238935	80.758837	39	075
LK-3321010	Handapangalageaina	422	0.67	6.232592	80.752193	39	075
LK-3321015	Heellage Ayna	421	2.02	6.228755	80.760151	39	075
LK-3321020	Kudagal Ara	426	1.98	6.23493	80.774922	39	075
LK-3321025	Okandayaya North	428	1.97	6.228266	80.781636	39	075
LK-3321030	Okandayaya West	429	1.47	6.220124	80.78276	39	075
LK-3321035	Kaluwagahayaya	427	3.04	6.223773	80.799944	39	075
LK-3321040	Ihala Gonadeniya	413	3.27	6.210423	80.808611	39	075
LK-3321045	Debokkawa West	411	1.56	6.209273	80.824972	39	075
LK-3321050	Debokkawa East	410	1.48	6.210875	80.83271	39	075
LK-3321055	Wekandawala North	408	0.54	6.203175	80.819088	39	075
LK-3321060	Pahala Gonadeniya	414	2.01	6.201358	80.807158	39	075
LK-3321065	Kuda Bibula North	418	2.4	6.213009	80.783359	39	075
LK-3321070	Galpottayaya North	420	1.75	6.219031	80.763113	39	075
LK-3321075	Galpottayaya South	419	1.26	6.21339	80.76783	39	075
LK-3321080	Malhewage Ayna	423	1.51	6.212355	80.748901	39	075
LK-3321085	Kandamaditta	424	1.08	6.208986	80.756621	39	075
LK-3321090	Meegas Ara	441	2.32	6.200754	80.769789	39	075
LK-3321095	Kuda Bibula South	417	2.24	6.199932	80.787769	39	075
LK-3321100	Abakolawewa South	416	1.29	6.190497	80.792054	39	075
LK-3321105	Abakolawewa North	415	1.62	6.187186	80.799354	39	075
LK-3321110	Morayaya North	407	0.38	6.183981	80.804232	39	075
LK-3321115	Morayaya South	406	1.07	6.183563	80.808746	39	075
LK-3321120	Kemegala	405	1.46	6.192597	80.810721	39	075
LK-3321125	Wekandawala South	409	1.9	6.191772	80.820179	39	075
LK-3321130	Thelambuyaya	412	2.1	6.198415	80.835011	39	075
LK-3321135	Siyambalaheddewa	401	1.37	6.190215	80.781726	39	075
LK-3321140	Degampotha	400	1.98	6.189236	80.772036	39	075
LK-3321145	Kinchigune West	404	1.04	6.191228	80.754536	39	075
LK-3321150	Medagama	442	2.33	6.199534	80.753422	39	075
LK-3321155	Raluwa	436	3.4	6.182947	80.739022	39	075
LK-3321160	Kinchigune South	403	1.9	6.180761	80.754316	39	075
LK-3321165	Kinchigune East	402	1.1	6.186058	80.75902	39	075
LK-3321170	Medamulana	399	3.16	6.175828	80.772513	39	075
LK-3321175	Yakgasmulla	398	1.31	6.167757	80.76524	39	075
LK-3321180	Udukirivala	397	1.61	6.168379	80.757235	39	075
LK-3321185	Buddhiyagama North	440	2.46	6.164462	80.748667	39	075
LK-3321190	Keppitiyawa North	439	2.27	6.160079	80.742296	39	075
LK-3321195	Ittademaliya East	445	1.04	6.167918	80.736107	39	075
LK-3321200	Ittademaliya West	444	1.3	6.170721	80.72668	39	075
LK-3321205	Ittademaliya South	443	1.25	6.161034	80.729006	39	075
LK-3321210	Athubode West	447	1.41	6.150445	80.72378	39	075
LK-3321215	Athubode East	446	1.33	6.150015	80.730933	39	075
LK-3321220	Keppitiyawa South	438	1.38	6.145671	80.74067	39	075
LK-3321225	Buddhiyagama West	392	1.55	6.147294	80.748849	39	075
LK-3321230	Buddhiyagama East	391	2.73	6.146427	80.75797	39	075
LK-3321235	Weeraketiya West	388	0.68	6.150246	80.76571	39	075
LK-3321240	Mandaduwa	389	1.92	6.156164	80.775149	39	075
LK-3321245	Agrahera	390	3.09	6.144573	80.780408	39	075
LK-3321250	Weeraketiya East	387	1.76	6.135163	80.771583	39	075
LK-3321255	Mulgirigala East	395	2.82	6.131877	80.753933	39	075
LK-3321260	Mulgirigala North	396	1.92	6.132899	80.737452	39	075
LK-3321265	Mulgirigala West	394	1.93	6.12485	80.731329	39	075
LK-3321270	Mulgirigala South	393	3.7	6.12359	80.756631	39	075
LK-3321275	Bedigama West	385	1.8	6.12	80.770355	39	076
LK-3321280	Bedigama North	383	3.07	6.121852	80.780389	39	076
LK-3321285	Bedigama East	382	1.73	6.122175	80.795708	39	076
LK-3321290	Bedigama South	381	4.48	6.10879	80.792278	39	076
LK-3321295	Kuda Bedigama	386	3.21	6.105322	80.758682	39	076
LK-3321300	Medagoda	384	1.91	6.1017	80.775373	39	076
LK-3324005	Karivilakanda	527	0.7	6.298843	80.660435	35	076
LK-3324010	Medakanda	525	2.25	6.299899	80.672237	35	075
LK-3324015	Hingurakanda	520	1.31	6.303434	80.686732	35	075
LK-3324020	Uda Alupothdeniya	523	1.21	6.303237	80.701784	35	075
LK-3324025	Alupothdeniya Pahala	522	0.69	6.299502	80.697952	35	075
LK-3324030	Kohomporuwa	517	1.41	6.293959	80.709612	35	075
LK-3324035	Gangulandeniya	516	1.35	6.294494	80.722359	35	075
LK-3324040	Ambagas Ara	515	3.61	6.286826	80.730498	35	075
LK-3324045	Labuhengoda	503	2.13	6.28108	80.750745	35	075
LK-3324050	Sapugahayaya	502	1.72	6.273089	80.756428	35	075
LK-3324055	Hellala	501	3.01	6.273481	80.774025	35	075
LK-3324060	Middeniya North	498	1.33	6.259808	80.767946	35	075
LK-3324065	Middeniya East	500	4.28	6.261284	80.78196	35	075
LK-3324070	Kudagoda West	494	1.44	6.260241	80.794239	35	075
LK-3324075	Kudagoda East	493	1.39	6.259177	80.802225	35	075
LK-3324080	Dambethalawa	497	3.07	6.241364	80.791406	35	075
LK-3324085	Murungasyaya East	495	2.19	6.243141	80.778765	35	075
LK-3324090	Murungasyaya West	496	0.99	6.247092	80.768573	35	075
LK-3324095	Middeniya West	499	1.57	6.25622	80.760314	35	075
LK-3324100	Welipitiya East	507	1.88	6.263234	80.752753	35	075
LK-3324105	Welipitiya	506	1.04	6.266063	80.746698	35	075
LK-3324110	Welipitiya West	508	2.13	6.270903	80.738276	35	075
LK-3324115	Ritigaha Yaya	513	2.95	6.268602	80.722224	35	075
LK-3324120	Thalwatta	514	2.37	6.279863	80.716407	35	075
LK-3324125	Meemanakoladeniya	512	3.04	6.276802	80.704733	35	075
LK-3324130	Siyambalamuraya	519	1.71	6.285381	80.698696	35	075
LK-3324135	Udawelmulla	521	1.22	6.295441	80.68968	35	075
LK-3324140	Siyarapitiya	518	1.46	6.28417	80.692166	35	075
LK-3324145	Kehelwatta	526	1.01	6.291308	80.678583	35	075
LK-3324150	Udagomadiya	524	3.02	6.285686	80.674414	35	075
LK-3324155	Bengamukanda	528	1.45	6.278432	80.666431	35	075
LK-3324160	Dangalakanda	531	1.96	6.270468	80.65783	35	075
LK-3324165	Rukmalpitiya	530	1.58	6.265942	80.667958	35	075
LK-3324170	Gallindamulla	529	1.83	6.270844	80.67657	35	075
LK-3324175	Katuwana	535	2.31	6.26878	80.687791	35	075
LK-3324180	Pangamvilayaya	536	1.29	6.267742	80.702001	35	075
LK-3324185	Ulahitiyawa West	511	2.26	6.259835	80.733242	35	075
LK-3324190	Ulahitiyawa	509	1.33	6.251372	80.732228	35	075
LK-3324195	Ulahitiyawa East	510	1.45	6.252717	80.747237	35	075
LK-3324200	Adalugoda	504	1.06	6.242617	80.747367	35	075
LK-3324205	Mellaketigoda	505	1.29	6.244926	80.73731	35	075
LK-3324210	Araboda	540	1.72	6.248644	80.719503	35	075
LK-3324215	Horavinna	537	2.49	6.253605	80.709068	35	075
LK-3324220	Hediwatta	538	1.82	6.255438	80.698994	35	075
LK-3324225	Weerakkuttigoda	534	1.23	6.262638	80.684446	35	075
LK-3324230	Ranasingoda	532	1.89	6.254209	80.682528	35	075
LK-3324235	Obadagahadeniya	533	0.96	6.255895	80.67101	35	075
LK-3324240	Wathukanda	544	1.63	6.25125	80.660797	35	075
LK-3324245	Kongasthenna	545	1.13	6.247682	80.653346	35	075
LK-3324250	Galpothukanda	546	0.84	6.240955	80.650245	35	075
LK-3324255	Ambagahahena	547	2.06	6.234848	80.659344	35	075
LK-3324260	Karametiya	543	1.72	6.247029	80.667545	35	075
LK-3324265	Puwakgas Ara	548	1.58	6.242204	80.67857	35	075
LK-3324270	Binthenna	549	2.78	6.240619	80.688647	35	075
LK-3324275	Bookandayaya	539	3.49	6.238676	80.709398	35	075
LK-3324280	Walgammulla	550	4.46	6.224691	80.681626	35	075
LK-3325005	Rammala	562	1.75	6.247797	80.642811	35	075
LK-3325010	Saputhanthirikanda	561	3.05	6.236254	80.633727	35	075
LK-3325015	Warapitiya	559	1.48	6.220085	80.637955	35	075
LK-3325020	Keredeniya	560	3.19	6.229056	80.647749	35	075
LK-3325025	Haggitha Kanda North	542	1.53	6.221694	80.662374	35	075
LK-3325030	Konkarahena	541	1.83	6.230699	80.669726	35	075
LK-3325035	Mapitakanda	552	1.94	6.212006	80.668811	35	075
LK-3325040	Radani Ara	570	3.68	6.204198	80.683049	35	075
LK-3325045	Namaneliya	572	1.25	6.211231	80.689553	35	075
LK-3325050	Udahagoda	573	1.38	6.214916	80.6959	35	075
LK-3325055	Weedikanda	571	8.22	6.217741	80.711059	35	075
LK-3325060	Galwadiya	432	2.2	6.228932	80.723426	39	075
LK-3325065	Uda Julampitiya	430	3.04	6.235263	80.735385	39	075
LK-3325070	Julampitiya	433	2.24	6.226049	80.742602	39	075
LK-3325075	Palle Julampitiya	431	2.84	6.218798	80.737474	39	075
LK-3325080	Pahala Obada	437	2.97	6.204638	80.736415	39	075
LK-3325085	Bowala North	464	1.64	6.202209	80.70968	39	075
LK-3325090	Bowala West	462	4.1	6.194324	80.693761	39	075
LK-3325095	Welandagoda	551	1.48	6.204223	80.667089	35	075
LK-3325100	Batagassa	553	1.43	6.205129	80.656683	35	075
LK-3325105	Pahalawatta	554	1.8	6.21178	80.648974	35	075
LK-3325110	Pathegama	563	2.03	6.206645	80.635936	35	075
LK-3325115	Thalapathkanda	565	1.87	6.218697	80.627099	35	075
LK-3325120	Dehigahahena	564	2.0	6.20627	80.6222	35	075
LK-3325125	Veedipola	568	1.05	6.202023	80.613832	35	075
LK-3325130	Mathuwakanda	567	1.75	6.193124	80.6169	35	075
LK-3325135	Handugala	566	2.32	6.18952	80.62621	35	075
LK-3325140	Kebellaketiya	557	2.99	6.184586	80.637038	35	075
LK-3325145	Egodabedda	555	2.11	6.195342	80.641529	35	075
LK-3325150	Kekiriobada	556	3.08	6.191587	80.652611	35	075
LK-3325155	Agalabada	569	1.79	6.191135	80.671076	35	075
LK-3325160	Bowala South	463	1.6	6.196087	80.71116	39	075
LK-3325165	Muruthawela Ihala	434	1.34	6.190781	80.721076	39	075
LK-3325170	Muruthawela Pahala	435	1.67	6.19203	80.733235	39	075
LK-3325175	Galahitiya North	449	1.67	6.179791	80.726482	39	075
LK-3325180	Omara East	452	1.94	6.177942	80.713358	39	075
LK-3325185	Omara West	451	2.21	6.175941	80.702833	39	075
LK-3325190	Ethpitiya	460	2.03	6.179338	80.690952	39	075
LK-3325195	Wattehengoda	575	1.81	6.184135	80.684629	35	075
LK-3325200	Horewela	574	2.39	6.183624	80.671723	35	075
LK-3325205	Pissubedda	558	3.27	6.17753	80.651878	35	075
LK-3325210	Medagamgoda	576	1.51	6.173006	80.669753	35	075
LK-3325215	Yahalmulla	461	2.57	6.168486	80.674803	39	075
LK-3325220	Walasmulla Ihala	457	1.26	6.168263	80.692166	39	075
LK-3325225	Walasmulla Pahala	458	0.9	6.167891	80.700971	39	075
LK-3325230	Galahitiya South	450	1.48	6.169774	80.717933	39	075
LK-3325235	Galahitiya East	448	1.43	6.157279	80.715219	39	075
LK-3325240	Koholana	456	0.82	6.159761	80.707114	39	075
LK-3325245	Walasmulla East	454	0.7	6.153921	80.703437	39	075
LK-3325250	Walasmulla North	455	0.36	6.159611	80.699415	39	075
LK-3325255	Walasmulla West	459	0.91	6.155436	80.693346	39	075
LK-3325260	Walasmulla South	453	0.51	6.150552	80.698186	39	075
LK-3325265	Daluwakgoda	465	2.17	6.132117	80.69555	39	075
LK-3327005	Kanumuldeniya North	469	3.31	6.153128	80.665012	39	076
LK-3327010	Olu Ara	467	0.8	6.152453	80.687348	39	076
LK-3327015	Kanumuldeniya West	466	1.0	6.159982	80.686115	39	076
LK-3327020	Kanumuldeniya East	471	1.13	6.14534	80.681968	39	076
LK-3327025	Udadeniya	474	1.63	6.148349	80.675159	39	076
LK-3327030	Kurunduwatta	472	0.96	6.146652	80.667411	39	076
LK-3327035	Sumihirigama	468	2.12	6.137736	80.65327	39	076
LK-3327040	Rajapuragoda	473	1.31	6.139025	80.66925	39	076
LK-3327045	Wijayasiripura	470	0.89	6.147134	80.688835	39	076
LK-3327050	Morakandegoda	480	1.24	6.148008	80.710293	39	076
LK-3327055	Kadigamuwa East	483	2.7	6.138526	80.721942	39	076
LK-3327060	Thalahagamwaduwa Pahala	482	0.99	6.139519	80.710123	39	076
LK-3327065	Thalahagamwaduwa Ihala	481	1.18	6.140858	80.701928	39	076
LK-3327070	Nathuwala	476	0.76	6.138809	80.690935	39	076
LK-3327075	Kandebedda	478	1.39	6.131957	80.669725	39	076
LK-3327080	Godawenna	479	1.4	6.124607	80.667219	39	076
LK-3327085	Kahatellagoda	477	1.14	6.127504	80.678042	39	076
LK-3327090	Kanumuldeniya South	475	1.41	6.130567	80.68703	39	076
LK-3327095	Kadigamuwa West	484	1.28	6.12985	80.707338	39	076
LK-3327100	Wawwa	491	1.65	6.119215	80.703454	39	076
LK-3327105	Modarawana North	485	1.66	6.123412	80.716919	39	076
LK-3327110	Modarawana South	486	2.94	6.118404	80.72317	39	076
LK-3327115	Okewela	487	2.55	6.106686	80.721344	39	076
LK-3327120	Heenatihathamuna	492	1.44	6.101809	80.710337	39	076
LK-3327125	Pallewawwa	490	2.09	6.106906	80.703613	39	076
LK-3327130	Yatigala Pahala	489	1.6	6.108626	80.692526	39	076
LK-3327135	Yatigala Ihala	488	1.58	6.09841	80.687791	39	076
LK-3330005	Maligathenna	325	0.97	6.091054	80.691118	33	076
LK-3330010	Udugalmotegama	324	2.32	6.090591	80.703668	33	076
LK-3330015	Pallattara West	321	1.94	6.090015	80.721844	33	076
LK-3330020	Pallattara South	322	1.59	6.08751	80.733532	33	076
LK-3330025	Pallattara East	320	2.27	6.100956	80.732462	33	076
LK-3330030	Nugewela	310	3.05	6.107629	80.744209	33	076
LK-3330035	Ihala Beligalla East	311	1.33	6.09921	80.752293	33	076
LK-3330040	Wadiya	313	1.03	6.090081	80.759361	33	076
LK-3330045	Ihala Beligalla West	312	1.89	6.092765	80.749048	33	076
LK-3330050	Beligalla North	314	1.36	6.084908	80.745405	33	076
LK-3330055	Beligalla South	315	1.04	6.078551	80.746515	33	076
LK-3330060	Dammulla East	319	1.6	6.076311	80.734147	33	076
LK-3330065	Dammulla West	318	0.98	6.074723	80.725604	33	076
LK-3330070	Pattiyawela	328	2.19	6.079824	80.714334	33	076
LK-3330075	Tharaperiya	323	1.06	6.082881	80.706018	33	076
LK-3330080	Nihiluwa West	327	1.64	6.077478	80.697615	33	076
LK-3330085	Indiketiyagoda	326	0.95	6.084877	80.689416	33	076
LK-3330090	Nihiluwa East	329	1.5	6.071123	80.706685	33	076
LK-3330095	Waharakgoda North	330	1.46	6.061574	80.718328	33	076
LK-3330100	Waharakgoda South	331	0.87	6.064695	80.724776	33	076
LK-3330105	Kahawatta	348	1.51	6.063194	80.73095	33	076
LK-3330110	Kosgahagoda	317	0.48	6.072927	80.738227	33	076
LK-3330115	Agulmaduwa	316	1.81	6.07224	80.744857	33	076
LK-3330120	Aranwela North	334	1.71	6.064705	80.748104	33	076
LK-3330125	Karambaketiya	350	0.45	6.057924	80.736529	33	076
LK-3330130	Galwewa	349	0.85	6.055884	80.729613	33	076
LK-3330135	Godawela	332	2.41	6.059186	80.70676	33	076
LK-3330140	Panamulla	333	1.57	6.064183	80.696247	33	076
LK-3330145	Ambagasdeniya	341	1.9	6.053066	80.686009	33	076
LK-3330150	Getamanna North	339	2.08	6.049491	80.678233	33	076
LK-3330155	Eldeniya	342	1.65	6.045937	80.666453	33	076
LK-3330160	Getamanna West	337	2.78	6.037321	80.67136	33	076
LK-3330165	Getamanna East	340	1.5	6.050906	80.695117	33	076
LK-3330170	Mahaheella East	343	2.03	6.047115	80.709374	33	076
LK-3330175	Kambussawala West	347	0.59	6.049286	80.718895	33	076
LK-3330180	Kambussawala East	346	0.93	6.046733	80.725588	33	076
LK-3330185	Beliatta West	353	0.99	6.042011	80.738074	33	076
LK-3330190	Beliatta Town	351	0.44	6.049477	80.736135	33	076
LK-3330195	Puwakdandawa North	354	0.38	6.033896	80.740872	33	076
LK-3330200	Puwakdandawa East	357	1.64	6.040694	80.749622	33	076
LK-3330205	Aranwela West	335	0.69	6.053569	80.745635	33	076
LK-3330210	Sitinamaluwa West	358	0.95	6.052591	80.755738	33	076
LK-3330215	Sitinamaluwa North	359	2.19	6.046602	80.763093	33	076
LK-3330220	Sitinamaluwa East	360	2.08	6.034354	80.770747	33	076
LK-3330225	Sitinamaluwa South	361	2.23	6.034829	80.758779	33	076
LK-3330230	Pahalagoda	356	0.26	6.044623	80.73582	33	076
LK-3330235	Medagoda	355	0.52	6.038718	80.744497	33	076
LK-3330240	Beliatta South	352	0.3	6.047865	80.731913	33	076
LK-3330245	Kudaheella East	366	1.2	6.034099	80.730539	33	076
LK-3330250	Kudaheella North	368	2.26	6.037048	80.717702	33	076
LK-3330255	Mahaheella West	344	1.17	6.033157	80.700077	33	076
LK-3330260	Mahaheella North	345	0.77	6.03978	80.702513	33	076
LK-3330265	Getamanna South	336	1.29	6.037828	80.69101	33	076
LK-3330270	Nayakawatta	338	3.16	6.032981	80.681669	33	076
LK-3330275	Ambala North	371	1.79	6.029582	80.704768	33	076
LK-3330280	Ambala West	370	1.37	6.022438	80.705417	33	076
LK-3330285	Miriswatta	369	0.83	6.018231	80.711048	33	076
LK-3330290	Kudaheella South	367	1.9	6.025878	80.72091	33	076
LK-3330295	Ovilana	365	1.22	6.02465	80.731229	33	076
LK-3330300	Mihindupura	364	0.3	6.030395	80.74077	33	076
LK-3330305	Palapotha East	363	1.87	6.022555	80.752271	33	076
LK-3330310	Palapotha West	362	1.63	6.022237	80.741166	33	076
LK-3330315	Dedduwawala East	373	2.15	6.008282	80.737224	33	076
LK-3330320	Dedduwawala	372	2.66	6.012286	80.724094	33	076
LK-3330325	Galagama North	377	1.89	6.007711	80.709599	33	076
LK-3330330	Galagama West	378	2.38	6.007887	80.696016	33	076
LK-3330335	Galagama South	379	1.59	5.996805	80.694135	33	076
LK-3330340	Galagama East	380	0.62	5.997064	80.703248	33	076
LK-3330345	Nakulugamuwa West	374	0.51	5.995401	80.708774	33	076
LK-3330350	Nakulugamuwa North	375	1.16	5.996732	80.7138	33	076
LK-3330355	Wevudatta	376	1.02	5.9983	80.723853	33	076
LK-3333005	Sudarshanagama	307	4.13	6.107515	80.807589	37	076
LK-3333010	Pattiyapola West	261	5.25	6.105357	80.822933	37	077
LK-3333015	Thalunna	248	3.99	6.117081	80.833368	37	077
LK-3333020	Andupelena	247	3.67	6.117499	80.851404	37	077
LK-3333025	Kadiragoda	246	4.07	6.116405	80.866045	37	077
LK-3333030	Gotaimbaragama	250	2.6	6.122556	80.874276	37	077
LK-3333035	Kattakaduwa North	249	2.7	6.129495	80.886155	37	077
LK-3333040	Kattakaduwa South	251	2.33	6.115095	80.887107	37	077
LK-3333045	Ranna East	253	2.01	6.103717	80.892026	37	077
LK-3333050	Ranna West	252	3.03	6.10185	80.875498	37	077
LK-3333055	Vigamuwa	245	4.86	6.095685	80.852356	37	077
LK-3333060	Pattiyapola East	263	4.23	6.09135	80.836727	37	077
LK-3333065	Pattiyapola South	262	3.98	6.081494	80.822623	37	077
LK-3333070	Vitharandeniya North	308	2.38	6.09417	80.800811	37	076
LK-3333075	Thenagama South	306	1.44	6.086845	80.783735	37	076
LK-3333080	Thenagama North	305	1.28	6.091247	80.778734	37	076
LK-3333085	Thalapitiyagama	304	1.79	6.089867	80.768069	37	076
LK-3333090	Ethgalamulla	303	1.77	6.078926	80.763701	37	076
LK-3333095	Uduvilagoda	302	1.45	6.073378	80.770642	37	076
LK-3333100	Vitharandeniya South	309	3.63	6.083052	80.799022	37	076
LK-3333105	Aluthgoda	266	3.44	6.070425	80.794874	37	077
LK-3333110	Palathuduwa	267	4.43	6.060853	80.801233	37	077
LK-3333115	Marakolliya	259	3.51	6.05848	80.81832	37	077
LK-3333120	Medagama	258	2.86	6.063484	80.826384	37	076
LK-3333125	Netolpitiya North	256	3.81	6.075334	80.84255	37	077
LK-3333130	Netolpitiya South	257	3.97	6.068258	80.851451	37	077
LK-3333135	Wadigala	244	2.03	6.084537	80.858864	37	077
LK-3333140	Kahandawa	243	1.83	6.089382	80.869544	37	077
LK-3333145	Nidahasgama West	241	3.56	6.082811	80.885296	37	077
LK-3333150	Nidahasgama East	240	2.15	6.088265	80.89578	37	077
LK-3333155	Kahandamodara	239	6.19	6.078917	80.90463	37	077
LK-3333160	Gurupokuna	238	2.81	6.078519	80.921372	37	077
LK-3333165	Wella Odaya	242	6.88	6.071565	80.875848	37	077
LK-3333170	Rekawa East	254	1.35	6.052429	80.86397	37	077
LK-3333175	Rekawa West	255	4.98	6.05378	80.850624	37	077
LK-3333180	Medilla	260	3.36	6.045217	80.819433	37	077
LK-3333185	Walgameliya	265	1.37	6.053735	80.790462	37	077
LK-3333190	Godawanagoda	264	1.17	6.046254	80.786136	37	077
LK-3333195	Wagegoda	300	2.01	6.05373	80.769689	37	076
LK-3333200	Nalagama East	301	1.78	6.069983	80.781634	37	076
LK-3333205	Siyambalagoda	298	3.5	6.064365	80.76029	37	076
LK-3333210	Nalagama West	299	1.34	6.055282	80.780982	37	076
LK-3333215	Polommaruwa North	282	1.47	6.03951	80.781582	37	077
LK-3333220	Danketiya	269	1.43	6.037567	80.794774	21	077
LK-3333225	Medaketiya	268	0.48	6.033065	80.798952	21	077
LK-3333230	Kotuwegoda	272	0.24	6.025581	80.796198	21	077
LK-3333235	Indipokunagoda North	270	0.41	6.029468	80.791731	21	077
LK-3333240	Polommaruwa South	281	2.16	6.027773	80.782617	37	077
LK-3333245	Kadurupokuna East	277	0.18	6.023713	80.787108	37	077
LK-3333250	Indipokunagoda South	271	0.22	6.024366	80.791824	21	077
LK-3333255	Pallikkudawa Urban	273	0.41	6.0206	80.794361	21	077
LK-3333260	Pallikkudawa Rural	274	0.9	6.016124	80.785204	37	077
LK-3333265	Kadurupokuna South	280	1.55	6.015449	80.771748	37	077
LK-3333270	Kadurupokuna North	279	1.03	6.023081	80.771996	37	077
LK-3333275	Kadurupokuna West	278	2.3	6.016862	80.756643	37	077
LK-3333280	Seenimodara West	297	1.09	6.007046	80.747325	37	076
LK-3333285	Seenimodara East	296	1.4	6.005204	80.755823	37	076
LK-3333290	Unakooruwa West	276	0.73	6.005794	80.767658	37	077
LK-3333295	Unakooruwa East	275	1.01	6.009745	80.775082	37	077
LK-3333300	Moraketi Ara East	295	0.4	5.999585	80.744971	37	076
LK-3333305	Moraketi Ara West	294	0.92	6.001066	80.736663	37	076
LK-3333310	Pahajjawa	284	1.16	5.994659	80.73145	37	076
LK-3333315	Mahawela	283	0.5	5.992023	80.721062	37	076
LK-3333320	Ihalagoda	286	0.36	5.989437	80.71588	37	076
LK-3333325	Nakulugamuwa South	285	0.73	5.98516	80.721961	37	076
LK-3333330	Kudawella North	289	0.43	5.985888	80.728432	37	076
LK-3333335	Kudawella Central	290	0.32	5.985817	80.733328	37	076
LK-3333340	Kudawella East	287	0.5	5.984976	80.737005	37	076
LK-3333345	Mawella South	293	0.44	5.990512	80.741446	37	076
LK-3333350	Mawella North	292	0.31	5.993971	80.741818	37	076
LK-3333355	Kudawella South	291	0.46	5.977239	80.736258	37	076
LK-3333360	Kudawella West	288	0.32	5.981347	80.727685	37	076
LK-4103005	Analaitivu North	J-37	3.3	9.671338	79.780933	33	079
LK-4103010	Analaitivu South	J-38	2.71	9.659264	79.768032	33	079
LK-4103015	Eluvaitivu	J-39	1.39	9.700752	79.810242	33	079
LK-4103020	Paruthiyadaippu	J-50	1.28	9.699397	79.850206	33	079
LK-4103025	Kayts	J-49	0.33	9.699615	79.863902	33	079
LK-4103030	Karampon	J-51	1.23	9.694575	79.85604	33	079
LK-4103035	Karampon East	J-52	1.73	9.688566	79.870115	33	079
LK-4103040	Naranthanai North West	J-56	1.35	9.691979	79.880754	33	079
LK-4103045	Naranthanai North	J-55	2.56	9.683876	79.890318	33	079
LK-4103050	Naranthanai	J-57	2.18	9.676501	79.885178	33	079
LK-4103055	Naranthanai South	J-58	2.01	9.670732	79.873148	33	079
LK-4103060	Karampon South East	J-53	1.51	9.681559	79.866897	33	079
LK-4103065	Karampon West	J-54	5.02	9.676845	79.855337	33	079
LK-4103070	Puliyankoodal	J-60	3.17	9.656693	79.877194	33	079
LK-4103075	Suruvil	J-59	2.69	9.651354	79.870643	33	079
LK-4104005	Karainagar North	J-46	1.73	9.753325	79.880187	43	080
LK-4104010	Karainagar North East	J-47	3.31	9.753404	79.890752	43	080
LK-4104015	Karainagar East	J-42	4.28	9.728529	79.880709	43	080
LK-4104020	Karainagar Centre	J-48	0.68	9.748065	79.871348	43	080
LK-4104025	Karainagar North West	J-41	2.52	9.752429	79.864628	43	080
LK-4104030	Karainagar West	J-40	3.53	9.743822	79.862145	43	080
LK-4104035	Karainagar South East	J-43	2.34	9.716518	79.873129	43	080
LK-4104040	Karainagar South	J-44	1.79	9.711934	79.887859	43	080
LK-4104045	Karainagar South West	J-45	3.46	9.72247	79.864329	43	080
LK-4106005	Vadducoddai East	J-157	1.21	9.74511	79.959539	41	080
LK-4106010	Vadducoddai North	J-158	0.46	9.74938	79.954835	41	080
LK-4106015	Sangarathai	J-159	3.36	9.72871	79.964198	41	080
LK-4106020	Arali West	J-160	2.48	9.726842	79.938399	41	080
LK-4106025	Arali Centre	J-161	3.39	9.717421	79.943808	41	080
LK-4106030	Arali South	J-162	3.82	9.702683	79.945631	41	080
LK-4106035	Arali East	J-163	1.83	9.701332	79.958571	41	080
LK-4106040	Arali North	J-164	1.91	9.718032	79.961513	41	080
LK-4106045	Vadducoddai South	J-165	1.36	9.738962	79.9455	41	080
LK-4106050	Vadducoddai South West	J-166	1.37	9.731716	79.948618	41	080
LK-4106055	Vadducoddai West	J-167	0.62	9.744811	79.950386	41	080
LK-4106060	Tholpuram East	J-168	0.75	9.753472	79.948911	41	080
LK-4106065	Tholpuram West	J-169	1.25	9.755459	79.940819	41	080
LK-4106070	Ponnalai	J-170	5.52	9.756053	79.919182	41	080
LK-4106075	Moolai	J-171	4.31	9.743043	79.931312	41	080
LK-4106080	Chulipuram West	J-172	2.53	9.767835	79.926159	41	080
LK-4106085	Chulipuram Centre	J-173	1.38	9.768219	79.937152	41	080
LK-4106090	Chulipuram East	J-174	3.6	9.772335	79.938571	41	080
LK-4106095	Pannagam	J-175	1.02	9.761918	79.95567	41	080
LK-4106100	Panippulam	J-176	1.19	9.775984	79.950119	41	080
LK-4106105	Siththankerni	J-177	0.87	9.754892	79.958977	41	080
LK-4106110	Chankanai East	J-178	0.88	9.742549	79.97402	41	080
LK-4106115	Chankanai West	J-179	1.05	9.753923	79.968605	41	080
LK-4106120	Chankanai South	J-180	1.21	9.744249	79.968453	41	080
LK-4106125	Chankanai Centre	J-181	1.58	9.758244	79.981612	41	080
LK-4109005	Suthumalai North	J-129	0.79	9.717754	80.003999	40	082
LK-4109010	Suthumalai South	J-130	0.69	9.71104	80.004047	40	082
LK-4109015	Savatkaddu	J-131	0.27	9.706784	80.002633	40	082
LK-4109020	Uyarappulam	J-132	0.93	9.702898	80.002049	40	082
LK-4109025	Anaikottai	J-133	2.81	9.698381	79.993212	40	082
LK-4109030	Navali North	J-134	2.08	9.720818	79.984876	40	082
LK-4109035	Navali East	J-135	1.83	9.700468	79.985545	40	082
LK-4109040	Navali South	J-136	5.31	9.708832	79.976662	40	082
LK-4109045	Manipay North	J-137	0.72	9.731446	79.996151	40	082
LK-4109050	Manipay East	J-138	0.73	9.723454	80.001011	40	082
LK-4109055	Manipay South	J-139	0.91	9.716943	79.992949	40	082
LK-4109060	Manipay West	J-140	2.99	9.731286	79.982422	40	082
LK-4109065	Sandilipay North	J-141	1.73	9.760075	79.990727	40	082
LK-4109070	Sandilipay Centre	J-142	1.16	9.746665	79.990455	40	082
LK-4109075	Sandilipay West	J-143	1.47	9.745566	79.982027	40	082
LK-4109080	Masiapiddy	J-144	0.88	9.757161	79.997989	40	082
LK-4109085	Vadaliyadaippu	J-145	1.63	9.765441	79.964801	40	080
LK-4109090	Pandatheruppu	J-146	3.25	9.774618	79.976701	40	080
LK-4109095	Piranpattai	J-147	1.15	9.763008	79.976227	40	080
LK-4109100	Sillalai North	J-148	1.05	9.779165	79.960025	40	080
LK-4109105	Sillalai South	J-149	0.72	9.77696	79.955557	40	080
LK-4109110	Mathagal East	J-150	2.47	9.797683	79.968131	40	081
LK-4109115	Mathagal South	J-151	2.47	9.786098	79.968483	40	081
LK-4109120	Mathagal West	J-152	2.47	9.790751	79.952254	40	081
LK-4109125	Periyavillan	J-153	2.46	9.778302	79.990811	40	081
LK-4109130	Marisankoodal	J-154	1.74	9.797676	79.981931	40	081
LK-4109135	Illavalai	J-155	1.89	9.795363	79.988676	40	081
LK-4109140	Mullanai	J-156	1.03	9.79065	79.994655	40	081
LK-4112005	Mallakam South	212	1.87	9.758376	80.020905	38	081
LK-4112010	Mallakam Centre	213	0.87	9.763301	80.02657	38	081
LK-4112015	Mallakam North	214	0.81	9.768459	80.02433	38	081
LK-4112020	Alaveddy North	215	1.22	9.77829	80.003731	38	081
LK-4112025	Alaveddy Centre	216	1.11	9.776746	80.009807	38	081
LK-4112030	Alaveddy East	217	0.69	9.769542	80.015337	38	081
LK-4112035	Ganeshwaram	218	1.03	9.776298	80.017859	38	081
LK-4112040	Alaveddy South	219	1.7	9.762047	80.007255	38	081
LK-4112045	Alaveddy West	220	1.76	9.768478	79.998328	38	081
LK-4112050	Ilavalai North	221	2.2	9.795065	80.001624	38	081
LK-4112055	Ilavalai North West	222	2.26	9.806847	79.995807	38	081
LK-4112060	Vithakapuram	223	1.54	9.796377	80.013678	38	081
LK-4112065	Pannalai	224	1.49	9.789898	80.011445	38	081
LK-4112070	Kollankaladdy	225	1.6	9.802705	80.019288	38	081
LK-4112075	Naguleswaram	226	1.32	9.809683	80.01209	38	081
LK-4112080	Tellippalai East	227	1.38	9.775136	80.035461	38	081
LK-4112085	Tellippalai	228	0.69	9.783242	80.037032	38	081
LK-4112090	Thurkkapuram	229	1.73	9.777525	80.026516	38	081
LK-4112095	Thanthai Selvapuram	230	0.9	9.786659	80.027141	38	081
LK-4112100	Maviddapuram	231	0.89	9.798215	80.030547	38	081
LK-4112105	Maviddapuram South	232	0.93	9.797279	80.025939	38	081
LK-4112110	Kankesanthurai West	233	2.57	9.813681	80.031374	38	081
LK-4112115	Kankesanthurai Centre	234	0.66	9.814926	80.046788	38	081
LK-4112120	Kankesanthurai South	235	0.66	9.807971	80.043284	38	081
LK-4112125	Palai Veemankamam North	236	1.03	9.800849	80.04062	38	081
LK-4112130	Palai Veemankamam South	237	1.29	9.792444	80.03762	38	081
LK-4112135	Kadduvan	238	1.2	9.777661	80.053438	38	081
LK-4112140	Kadduvan West	239	0.86	9.776496	80.045397	38	081
LK-4112145	Thenmylai	240	1.07	9.786928	80.055672	38	081
LK-4112150	Varuthalaivilan	241	1.1	9.78894	80.04464	38	081
LK-4112155	Kurumbasiddy	242	0.86	9.778568	80.060719	38	081
LK-4112160	Kurumbasiddy East	243	1.18	9.777454	80.067499	38	081
LK-4112165	Vasavilan East	244	2.78	9.773413	80.089161	38	081
LK-4112170	Vasavilan West	245	1.8	9.774786	80.076513	38	081
LK-4112175	Myliddy North	246	5.44	9.797349	80.067789	38	081
LK-4112180	Theiyiddy East	247	0.88	9.804391	80.059019	38	081
LK-4112185	Myliddythurai South	248	0.53	9.806991	80.076037	38	081
LK-4112190	Theiyiddy North	249	0.41	9.812557	80.054995	38	081
LK-4112195	Theiyiddy South	250	1.86	9.803182	80.051468	38	081
LK-4112200	Myliddythurai North	251	0.54	9.811279	80.067386	38	081
LK-4112205	Palaly South	252	1.67	9.785947	80.088428	38	081
LK-4112210	Palaly East	253	2.33	9.795477	80.089508	38	081
LK-4112215	Palaly North	254	1.58	9.803858	80.092414	38	081
LK-4112220	Palaly North West	255	0.23	9.806979	80.083503	38	081
LK-4112225	Palaly West	256	1.18	9.793852	80.079765	38	081
LK-4115005	Uduvil South West	J-182	0.53	9.725479	80.006954	39	082
LK-4115010	Uduvil South East	J-183	1.36	9.724733	80.017325	39	082
LK-4115015	Uduvil Centre	J-184	0.77	9.729525	80.012292	39	082
LK-4115020	Uduvil Centre North	J-185	1.01	9.734798	80.015207	39	082
LK-4115025	Uduvil North	J-186	1.36	9.741597	80.016337	39	082
LK-4115030	Sanguvely	J-187	2.18	9.739538	80.000177	39	082
LK-4115035	Inuvil South West	J-188	0.44	9.718746	80.016257	39	082
LK-4115040	Inuvil East	J-189	0.67	9.718681	80.026473	39	082
LK-4115045	Inuvil North East	J-190	1.76	9.728268	80.03007	39	082
LK-4115050	Inuvil West	J-191	0.52	9.723923	80.021822	39	082
LK-4115055	Thavady South	J-192	0.55	9.706164	80.010249	39	082
LK-4115060	Thavady East	J-193	0.61	9.706898	80.016449	39	082
LK-4115065	Thavady North	J-194	0.83	9.712636	80.013807	39	082
LK-4115070	Chunnakam Town North	J-195	0.38	9.753804	80.03152	39	082
LK-4115075	Chunnakam Town South	J-196	2.23	9.738609	80.033381	39	082
LK-4115080	Chunnakam Town East	J-197	0.93	9.748633	80.035191	39	082
LK-4115085	Chunnakam Town Centre	J-198	0.62	9.746944	80.027462	39	082
LK-4115090	Chunnakam Town West	J-199	0.96	9.748287	80.020746	39	082
LK-4115095	Kantharodai	J-200	2.11	9.748938	80.006158	39	082
LK-4115100	Erlalai West	J-201	0.61	9.764342	80.035515	39	082
LK-4115105	Erlalai South West	J-202	0.43	9.756338	80.034445	39	082
LK-4115110	Erlalai South	J-203	1.47	9.750665	80.043962	39	082
LK-4115115	Erlalai East	J-204	0.95	9.759193	80.049434	39	082
LK-4115120	Erlalai North	J-205	1.24	9.769849	80.04666	39	082
LK-4115125	Erlalai Centre	J-206	0.95	9.759637	80.042496	39	082
LK-4115130	Punnalaikadduvan South	J-207	1.62	9.748882	80.058343	39	083
LK-4115135	Punnalaikadduvan North	J-208	2.65	9.764603	80.071373	39	083
LK-4115140	Evinai	J-209	2.1	9.754388	80.075164	39	083
LK-4115145	Kuppilan South	J-210	1.64	9.757037	80.056102	39	082
LK-4115150	Kuppilan North	J-211	0.94	9.769876	80.059964	39	082
LK-4118005	Irupalai South	J-257	4.01	9.674498	80.054352	37	083
LK-4118010	Irupalai East	J-258	2.84	9.682541	80.06101	37	083
LK-4118015	Kalviyankadu	J-259	1.33	9.691269	80.046684	37	083
LK-4118020	Kopai South	J-260	3.93	9.693526	80.058488	37	083
LK-4118025	Kopai Centre	J-261	4.2	9.699633	80.068709	37	083
LK-4118030	Kopai North	J-262	4.34	9.708811	80.070836	37	083
LK-4118035	Urumpirai West	J-263	1.57	9.716563	80.037707	37	083
LK-4118040	Urumpirai North	J-264	1.72	9.727286	80.041772	37	083
LK-4118045	Urumpirai South	J-265	1.88	9.713835	80.049574	37	083
LK-4118050	Urumpirai East	J-266	1.48	9.725351	80.05393	37	083
LK-4118055	Urelu	J-267	2.56	9.737086	80.051708	37	083
LK-4118060	Neervely South	J-268	4.29	9.713377	80.080431	37	083
LK-4118065	Neervely North	J-269	5.75	9.719017	80.093193	37	083
LK-4118070	Neervely West	J-270	2.29	9.730034	80.067297	37	083
LK-4118075	Siruppiddy East	J-271	5.0	9.726695	80.0979	37	083
LK-4118080	Siruppiddy West	J-272	2.47	9.743537	80.089096	37	083
LK-4118085	Puttur West	J-273	1.33	9.74803	80.100226	37	083
LK-4118090	Puttur North	J-274	1.12	9.753455	80.10057	37	083
LK-4118095	Nawatkiri	J-275	2.27	9.760654	80.092451	37	083
LK-4118100	Avarangal East	J-276	2.04	9.749066	80.121981	37	083
LK-4118105	Avarangal West	J-277	2.56	9.759305	80.110822	37	083
LK-4118110	Puttur East	J-278	7.66	9.731042	80.113101	37	083
LK-4118115	Achchelu	J-279	3.37	9.742091	80.07251	37	083
LK-4118120	Vatharavattai	J-280	13.59	9.73509	80.14498	37	083
LK-4118125	Pattameni	J-281	2.78	9.785597	80.113015	37	083
LK-4118130	Thampalai-Kathiripay	J-282	3.2	9.801792	80.127235	37	083
LK-4118135	Iddaikkadu	J-283	3.14	9.808573	80.120676	37	083
LK-4118140	Valalai	J-284	3.55	9.799608	80.107142	37	083
LK-4118145	Achchuveli North	J-285	2.6	9.778188	80.124549	37	083
LK-4118150	Achchuveli South	J-286	6.9	9.760422	80.132027	37	083
LK-4118155	Achchuveli West	J-287	2.99	9.772163	80.103138	37	083
LK-4121005	Karanavai South	J-348	2.41	9.785989	80.179361	36	084
LK-4121010	Karanavai West	J-349	6.4	9.787291	80.156279	36	084
LK-4121015	Karanavai	J-350	0.9	9.793751	80.182848	36	084
LK-4121020	Karanavai East	J-351	1.94	9.787515	80.190137	36	084
LK-4121025	Uduppiddy	J-352	1.24	9.810361	80.158157	36	084
LK-4121030	Uduppiddy North	J-353	0.72	9.816806	80.162754	36	084
LK-4121035	Uduppiddy South	J-354	6.74	9.796281	80.144872	36	084
LK-4121040	Valvetty	J-355	0.35	9.816725	80.168596	23/36	084
LK-4121045	Valvetty Centre	J-356	0.76	9.815351	80.173746	36	084
LK-4121050	Samarabahu	J-357	0.6	9.813768	80.180371	36	084
LK-4121055	Imayanan	J-358	1.42	9.804298	80.176269	36	084
LK-4121060	Imayanan East	J-359	1.71	9.80185	80.167101	36	084
LK-4121065	Karanavai North	J-360	1.17	9.812006	80.192568	36	084
LK-4121070	Karanavai North West	J-361	0.45	9.811498	80.18588	36	084
LK-4121075	Karanavai Centre	J-362	1.46	9.802131	80.186741	36	084
LK-4121080	Karaveddy West	J-363	0.3	9.794499	80.198069	36	084
LK-4121085	Karaveddy North	J-364	0.31	9.796102	80.201655	36	084
LK-4121090	Karaveddy South	J-365	0.25	9.788386	80.195417	36	084
LK-4121095	Maththoni	J-366	1.05	9.783092	80.194752	36	084
LK-4121100	Karaveddy Centre	J-367	1.71	9.782756	80.200028	36	084
LK-4121105	Karaveddy East	J-368	0.99	9.775123	80.203661	36	084
LK-4121110	Kaddaively	J-369	0.73	9.7864	80.208965	36	084
LK-4121115	Thunnalai South	J-370	12.44	9.766682	80.22272	36	084
LK-4121120	Thunnalai East	J-371	0.93	9.784625	80.225641	36	084
LK-4121125	Thunnalai	J-372	0.43	9.79649	80.22162	36	084
LK-4121130	Thunnalai Centre	J-373	0.95	9.797852	80.216612	36	084
LK-4121135	Thunnalai West	J-374	0.48	9.793394	80.208889	36	084
LK-4121140	Nelliaddy North	J-375	0.61	9.810949	80.199979	36	084
LK-4121145	Nelliaddy	J-376	0.55	9.803106	80.198292	36	084
LK-4121150	Nelliaddy East	J-377	0.87	9.800126	80.204578	36	084
LK-4121155	Alvai	J-378	0.86	9.816625	80.207091	36	085
LK-4121160	Alvai South	J-379	0.61	9.810102	80.206846	36	085
LK-4121165	Alvai East	J-380	1.18	9.812229	80.214069	36	085
LK-4121170	Aththai	J-381	0.85	9.80189	80.212167	36	085
LK-4121175	Kapputhu	J-382	32.08	9.752699	80.17392	36	084
LK-4124005	Manatkadu	418	5.42	9.771899	80.268172	35	085
LK-4124010	Kudaththanai	419	10.6	9.751167	80.254526	35	085
LK-4124015	Kudaththanai Karaiyoor	420	5.87	9.747228	80.283151	35	085
LK-4124020	Potpathi	421	1.85	9.758192	80.282646	35	085
LK-4124025	Ampan	422	13.78	9.724589	80.280729	35	085
LK-4124030	Nagarkovil East	423	4.37	9.696153	80.321441	35	085
LK-4124035	Nagarkovil West	424	5.53	9.71293	80.307943	35	085
LK-4124040	Nagarkovil South	425	21.2	9.681952	80.32398	35	085
LK-4124045	Chempiyanpattu North	426	5.0	9.6522	80.368025	35	085
LK-4124050	Chempiyanpattu South	427	7.88	9.641236	80.362394	35	085
LK-4124055	Maruthankarny	428	9.22	9.623156	80.393698	35	085
LK-4124060	Vaththirayan	429	4.65	9.607579	80.412952	35	085
LK-4124065	Uduththurai	430	4.97	9.598846	80.430072	35	085
LK-4124070	Aliyavalai	431	4.21	9.583571	80.443534	35	085
LK-4124075	Vettilaikerny	432	14.47	9.563243	80.456887	35	085
LK-4124080	Mulliyan	433	13.98	9.546535	80.477137	35	085
LK-4124085	Pokkaruppu	434	18.84	9.530555	80.499027	35	085
LK-4124090	Chundikulam	435	37.3	9.492194	80.549493	35	085
LK-4127005	Thondamanaru South	J/383	1.2	9.809641	80.133287	23	084
LK-4127010	Thondamanaru North	J/384	0.46	9.820252	80.13708	23	084
LK-4127015	Kerudavil South	J/385	2.11	9.815573	80.143107	23/35	084
LK-4127020	Kerudavil North	J/386	0.99	9.821746	80.152855	23	084
LK-4127025	Kerudavil East	J/387	0.78	9.814482	80.152675	23/35	084
LK-4127030	Valvettithurai North West	J/388	0.11	9.825151	80.162237	23	084
LK-4127035	Valvettithurai North Centre	J/389	0.11	9.824824	80.167968	23	084
LK-4127040	Valvettithurai North East	J/390	0.12	9.824995	80.173456	23	084
LK-4127045	Valvettithurai South West	J/391	0.5	9.822179	80.163915	23	084
LK-4127050	Valvettithurai South East	J/392	0.23	9.822667	80.172666	23	084
LK-4127055	Polikandy West	J/393	0.97	9.823252	80.181765	23	084
LK-4127060	Polikandy East	J/394	1.12	9.821801	80.190862	35	084
LK-4127065	Polikandy South	J/395	0.49	9.818103	80.185418	35	084
LK-4127070	Alvai West	J/396	0.97	9.823625	80.19661	35	085
LK-4127075	Alvai North West	J/397	1.17	9.825696	80.20263	35	085
LK-4127080	Alvai North Centre	J/398	0.83	9.830951	80.212709	35	085
LK-4127085	Viyaparimulai	J/399	0.63	9.82805	80.22111	35	085
LK-4127090	Alvai North	J/400	1.35	9.822719	80.211279	35	085
LK-4127095	Point Pedro	J/401	0.56	9.826716	80.234569	22	085
LK-4127100	Point Pedro South	J/402	0.24	9.822362	80.233764	22	085
LK-4127105	Point Pedro East	J/403	0.93	9.82428	80.245984	22	085
LK-4127110	Thumpalai	J/404	0.95	9.816265	80.245599	22/35	085
LK-4127115	Thumpalai East	J/405	0.89	9.817073	80.252296	22	085
LK-4127120	Katkovalam	J/406	2.71	9.80536	80.251641	35	085
LK-4127125	Puloly North	J/407	0.73	9.817883	80.237779	22	085
LK-4127130	Puloly North East	J/408	0.9	9.809767	80.240235	35	085
LK-4127135	Puloly Centre	J/409	0.61	9.82138	80.22802	22	085
LK-4127140	Puloly West	J/410	0.86	9.825334	80.223293	35	085
LK-4127145	Puloly South West	J/411	0.94	9.814846	80.227406	35	085
LK-4127150	Puloly North West	J/412	0.7	9.813613	80.221238	35	085
LK-4127155	Puloly East	J/413	1.45	9.806712	80.230876	35	085
LK-4127160	Puloly South	J/414	0.99	9.798817	80.235347	35	085
LK-4127165	Manthikai	J/415	0.49	9.801544	80.226127	35	085
LK-4127170	Vallipuram	J/416	10.12	9.784986	80.250165	35	085
LK-4127175	Thunnalai North	J/417	0.98	9.792035	80.224842	35	085
LK-4130000	nan	J/288	0.93	9.619476	80.257965	31	086
LK-4130005	Kaithady North	J/288	3.68	9.697446	80.099066	31	086
LK-4130010	Kaithady East	J/289	7.52	9.693696	80.117293	31	086
LK-4130015	Kaithady Centre	J/290	0.5	9.68473	80.098946	31	086
LK-4130020	Kaithady South	J/291	2.89	9.67059	80.098531	31	086
LK-4130025	Kaithady South East	J/292	1.16	9.677036	80.106178	31	086
LK-4130030	Kaithady West	J/293	4.67	9.682274	80.088366	31	086
LK-4130035	Navatkuli West	J/294	5.66	9.670614	80.074972	31	086
LK-4130040	Navatkuli East	J/295	3.33	9.655263	80.100244	31	086
LK-4130045	Kovilakandy	J/296	2.45	9.650291	80.111891	31	086
LK-4130050	Kaithady Navatkuli	J/297	1.84	9.643058	80.123799	31	086
LK-4130055	Maravanpulo	J/298	7.55	9.636361	80.131698	31	086
LK-4130060	Thanankilappu	J/299	16.47	9.613349	80.166654	31	086
LK-4130065	Chavakachcheri Town	J/300	1.66	9.657741	80.161271	21	086
LK-4130070	Kovilkudyiruppu	J/301	1.85	9.656129	80.178982	21	086
LK-4130075	Sangathanai	J/302	1.15	9.664139	80.178335	21	086
LK-4130080	Chavakachcheri North	J/303	0.8	9.66868	80.170561	21	086
LK-4130085	Manduvil	J/304	1.75	9.674862	80.173105	21	086
LK-4130090	Kalvayal	J/305	3.68	9.677554	80.156279	21	086
LK-4130095	Nunavil East	J/306	1.67	9.659072	80.155786	21	086
LK-4130100	Nunavil Centre	J/307	1.94	9.660503	80.147358	21	086
LK-4130105	Nunavil West	J/308	3.57	9.663815	80.137612	21	086
LK-4130110	Kaithady Nunavil	J/309	4.3	9.66359	80.120263	31	086
LK-4130115	Thenmadduvil	J/310	1.23	9.675159	80.124196	31	086
LK-4130120	Madduvil Nunavil	J/311	0.75	9.678472	80.128455	31	086
LK-4130125	Madduvil Centre	J/312	2.5	9.683459	80.132334	31	086
LK-4130130	Madduvil North	J/313	4.6	9.700877	80.142777	31	086
LK-4130135	Madduvil East	J/314	0.67	9.690387	80.158639	31	086
LK-4130140	Chandrapuram	J/315	3.21	9.689925	80.14051	31	086
LK-4130145	Sarasalai South	J/316	4.63	9.702803	80.158436	31	086
LK-4130150	Sarasalai North	J/317	9.45	9.71383	80.168424	31	086
LK-4130155	Meesalai East	J/318	1.87	9.669167	80.190066	21/31	086
LK-4130160	Meesalai West	J/319	1.77	9.67875	80.182523	21	086
LK-4130165	Ramavil	J/320	2.66	9.683687	80.207617	31	086
LK-4130170	Meesalai North	J/321	3.92	9.687053	80.183365	31	086
LK-4130175	Allarai	J/322	4.16	9.66112	80.195134	31	086
LK-4130180	Vellampokkady	J/323	1.65	9.666578	80.203747	31	086
LK-4130185	Kachchai	J/324	3.68	9.658425	80.210565	31	086
LK-4130190	Palavi	J/325	3.83	9.653014	80.219029	31	086
LK-4130195	Kodikamam North	J/326	4.45	9.689798	80.223846	31	086
LK-4130200	Kodikamam Centre	J/327	2.61	9.674627	80.234649	31	086
LK-4130205	Kodikamam South	J/328	2.86	9.664011	80.231946	31	086
LK-4130210	Usan	J/329	3.13	9.662577	80.247151	31	086
LK-4130215	Karampaham	J/330	6.41	9.64645	80.263722	31	086
LK-4130220	Vidaththalpalai	J/331	4.58	9.642077	80.251257	31	086
LK-4130225	Ketpeli	J/332	9.28	9.637277	80.229596	31	086
LK-4130230	Eluthumadduval South	J/333	7.29	9.669158	80.284882	31	086
LK-4130235	Eluthumadduval North	J/334	10.79	9.682618	80.27407	31	086
LK-4130240	Mirusuvil North	J/335	6.85	9.700712	80.258984	31	086
LK-4130245	Mirusuvil South	J/336	3.46	9.678994	80.249676	31	086
LK-4130250	Kudamiyan	J/337	4.04	9.699817	80.233659	31	086
LK-4130255	Navatkadu	J/338	5.57	9.714466	80.249793	31	086
LK-4130260	Varani North	J/339	5.13	9.751078	80.229331	31	086
LK-4130265	Maaseri	J/340	3.25	9.738843	80.241015	31	086
LK-4130270	Iddaikurichchi	J/341	4.41	9.731457	80.232155	31	086
LK-4130275	Karambaikkurichchi	J/342	3.35	9.725788	80.224228	31	086
LK-4130280	Varani-Iyattalai	J/343	4.12	9.714472	80.21868	31	086
LK-4130285	Thavalai-Iyattalai	J/344	6.15	9.709865	80.205677	31	086
LK-4130290	Manthuvil East	J/345	1.46	9.695072	80.199327	31	086
LK-4130295	Manthuvil West	J/346	1.48	9.700462	80.19074	31	086
LK-4130300	Manthuvil North	J/347	3.78	9.711925	80.18782	31	086
LK-4133005	Ariyalai South West	J/89	0.77	9.647125	80.058767	34	087
LK-4133010	Ariyalai East	J/90	9.79	9.632915	80.088106	34	087
LK-4133015	Ariyalai North West	J/91	0.42	9.666265	80.037871	11	087
LK-4133020	Ariyalai Center West	J/92	0.46	9.663455	80.034665	11	087
LK-4133025	Ariyalai S. W. (East)	J/93	0.4	9.65823	80.035762	11	087
LK-4133030	Ariyalai Centre North	J/94	1.44	9.666318	80.052147	11/34	087
LK-4133035	Ariyalai Centre	J/95	0.53	9.662907	80.04384	11	087
LK-4133040	Ariyalai Centre South	J/96	2.12	9.659123	80.059653	11/34	087
LK-4133045	Iyanar Kovilady	J/97	0.42	9.68145	80.010361	11	087
LK-4133050	Vannarponnai N.W. (North)	J/98	0.34	9.68918	80.010684	11	087
LK-4133055	Vannarponnai N.W. (West)	J/99	0.67	9.690682	80.005361	11/34	087
LK-4133060	Vannarponnai N.E. (North)	J/100	0.5	9.685734	80.015523	11	087
LK-4133065	Vannarponnai N.E. (South)	J/101	0.38	9.677364	80.01421	11	087
LK-4133070	Kantharmadam North West	J/102	0.46	9.680636	80.020721	11	087
LK-4133075	Kantharmadam North East	J/103	0.39	9.67817	80.024796	11	087
LK-4133080	Kantharmadam South West	J/104	0.33	9.675793	80.018711	11	087
LK-4133085	Kantharmadam South East	J/105	0.3	9.673023	80.02289	11	087
LK-4133090	Nallur North	J/106	0.41	9.67767	80.030786	11	087
LK-4133095	Nallur Rajathani	J/107	0.26	9.676433	80.030427	11	087
LK-4133100	Nallur South	J/108	0.46	9.67127	80.028852	11	087
LK-4133105	Sangiliyan Thoppu	J/109	0.97	9.673804	80.038552	11	087
LK-4133110	Thirunelvely West	J/110	0.96	9.68553	80.025616	34	087
LK-4133115	Thirunelvely Centre South	J/111	0.24	9.685038	80.033426	34	087
LK-4133120	Thirunelvely South East	J/112	0.32	9.681663	80.034942	34	087
LK-4133125	Thirunelvely North East	J/113	0.48	9.67968	80.04124	34	087
LK-4133130	Thirunelvely Centre North	J/114	1.4	9.692194	80.035458	34	087
LK-4133135	Kondavil North West	J/115	0.47	9.71273	80.02367	34	087
LK-4133140	Kondavil South West	J/116	0.59	9.706972	80.022056	34	087
LK-4133145	Kondavil Centre West	J/117	0.36	9.710582	80.028744	34	087
LK-4133150	Kondavil Centre East	J/118	0.34	9.709204	80.031813	34	087
LK-4133155	Kondavil North East	J/119	1.08	9.7069	80.040496	34	087
LK-4133160	Kondavil South East	J/120	0.64	9.701587	80.03316	34	087
LK-4133165	Kokuvil North East	J/121	0.78	9.699066	80.018621	34	087
LK-4133170	Kokuvil East	J/122	1.05	9.69312	80.026529	34	087
LK-4133175	Kokuvil South East	J/123	0.5	9.689994	80.018181	11/34	087
LK-4133180	Kokuvil North West	J/124	0.24	9.700566	80.011034	34	087
LK-4133185	Kokuvil West	J/125	0.27	9.696751	80.004853	34	087
LK-4133190	Kokuvil Centre East	J/126	0.48	9.696983	80.023446	34	087
LK-4133195	Kokuvil South West	J/127	0.27	9.696694	80.007835	34	087
LK-4133200	Kokuvil Centre West	J/128	0.37	9.695385	80.011455	34	087
LK-4136005	Nedunkulam	J/61	0.84	9.651198	80.051086	11	088
LK-4136010	Columbuthurai East	J/62	0.59	9.651739	80.03943	11	088
LK-4136015	Columbuthurai West	J/63	0.52	9.654666	80.040034	11	088
LK-4136020	Passaiyoor East	J/64	0.17	9.648655	80.034186	11	088
LK-4136025	Passaiyoor West	J/65	0.16	9.648655	80.029186	11	088
LK-4136030	Eachchamoddai	J/66	0.65	9.652888	80.03147	11	088
LK-4136035	Thirunagar	J/67	0.19	9.651696	80.023818	11	088
LK-4136040	Reclamation East	J/68	0.2	9.651371	80.019456	11	088
LK-4136045	Reclamation West	J/69	0.16	9.654594	80.015666	11	088
LK-4136050	Gurunagar East	J/70	0.17	9.655746	80.020156	11	088
LK-4136055	Gurunagar West	J/71	0.1	9.656608	80.018054	11	088
LK-4136060	Small Bazaar	J/72	0.14	9.658081	80.015066	11	088
LK-4136065	Jaffna Town West	J/73	0.37	9.662474	80.0175	11	088
LK-4136070	Jaffna Town East	J/74	0.38	9.66169	80.022075	11	088
LK-4136075	Chundikuli South	J/75	0.37	9.655197	80.024374	11	088
LK-4136080	Chundikuli North	J/76	0.58	9.659468	80.029001	11	088
LK-4136085	Maruthady	J/77	0.44	9.665859	80.030048	11	088
LK-4136090	Aththiyadi	J/78	0.51	9.667244	80.022345	11	088
LK-4136095	Chirampiyadi	J/79	0.27	9.669324	80.017145	11	088
LK-4136100	Grand Bazaar	J/80	0.51	9.669399	80.012596	11	088
LK-4136105	Fort	J/81	1.11	9.663062	80.01044	11	088
LK-4136110	Vannarpannai	J/82	0.3	9.67622	80.010567	11	088
LK-4136115	Koddady	J/83	0.4	9.670065	80.006731	11	088
LK-4136120	Navanthurai South	J/84	0.18	9.674644	80.001775	11	088
LK-4136125	Navanthurai North	J/85	0.35	9.681052	80.001591	11	088
LK-4136130	Moor Street South	J/86	0.19	9.673658	80.004948	11	088
LK-4136135	Moor Street North	J/87	0.31	9.678436	80.006318	11	088
LK-4136140	New Moor Street	J/88	0.8	9.687523	80.001716	11	088
LK-4139005	Mandaitivu East	J-07	3.6	9.639886	80.001086	42	079
LK-4139010	Mandaitivu West	J-08	7.06	9.622618	79.991126	42	079
LK-4139015	Mandaitivu South	J-09	0.88	9.60207	79.991135	42	079
LK-4139020	Allaipiddy	J-10	6.43	9.625027	79.967887	42	079
LK-4139025	Mankumpan	J-11	6.89	9.639757	79.940094	42	079
LK-4139030	Velanai North	J-12	6.78	9.659074	79.911722	42	079
LK-4139035	Velanai North East	J-13	7.75	9.656363	79.925392	42	079
LK-4139040	Velanai East	J-14	1.34	9.623483	79.897814	42	079
LK-4139045	Velanai South East	J-15	1.23	9.623678	79.907532	42	079
LK-4139050	Velanai East Centre	J-16	0.95	9.632309	79.906774	42	079
LK-4139055	Velanai South	J-17	2.01	9.629262	79.890545	42	079
LK-4139060	Velanai West Centre	J-18	0.99	9.639709	79.889951	42	079
LK-4139065	Velanai West	J-19	2.3	9.64315	79.883255	42	079
LK-4139070	Saravanai East	J-20	3.64	9.660749	79.898104	42	079
LK-4139075	Saravanai West	J-21	1.64	9.665904	79.889906	42	079
LK-4139080	Pungudutivu North East	J-22	6.16	9.604631	79.851227	42	079
LK-4139085	Pungudutivu East	J-23	2.53	9.593376	79.853052	42	079
LK-4139090	Pungudutivu South East	J-24	1.4	9.578024	79.856084	42	079
LK-4139095	Pungudutivu East South	J-25	2.57	9.577863	79.846955	42	079
LK-4139100	Pungudutivu South	J-26	2.23	9.580632	79.837204	42	079
LK-4139105	Pungudutivu North	J-27	1.53	9.595429	79.821787	42	079
LK-4139110	Pungudutivu Centre North	J-28	2.86	9.589734	79.830288	42	079
LK-4139115	Pungudutivu South West	J-29	3.41	9.587664	79.79701	42	079
LK-4139120	Pungudutivu Centre West	J-30	1.25	9.579673	79.819919	42	079
LK-4139125	Pungudutivu Centre East	J-31	0.83	9.576334	79.826925	42	079
LK-4139130	Pungudutivu North West	J-32	2.45	9.612489	79.811836	42	079
LK-4139135	Pungudutivu West	J-33	5.33	9.602339	79.831832	42	079
LK-4139140	Nainativu North	J-34	1.65	9.614245	79.769017	42	079
LK-4139145	Nainativu Centre	J-35	1.16	9.602725	79.767806	42	079
LK-4139150	Nainativu South	J-36	1.85	9.592875	79.76955	42	079
LK-4142005	Delft West	J-01	9.23	9.536074	79.667008	32	079
LK-4142010	Delft South	J-02	9.8	9.51114	79.667763	32	079
LK-4142015	Delft Centre West	J-03	8.66	9.515089	79.691859	32	079
LK-4142020	Delft Centre	J-04	5.35	9.504641	79.700666	32	079
LK-4142025	Delft Centre East	J-05	6.95	9.502419	79.708435	32	079
LK-4142030	Delft East	J-06	8.45	9.502301	79.721723	32	079
LK-4203005	Talaimannar North	MN/48	2.44	9.097631	79.713184	31	090
LK-4203010	Thalaimannar Pier West	MN/50	1.42	9.102855	79.723271	31	090
LK-4203015	Thalaimannar Pier East	MN/51	1.76	9.101236	79.73566	31	090
LK-4203020	Thalaimannar	MN/52	4.32	9.084769	79.725325	31	090
LK-4203025	Talaimannar South	MN/49	4.01	9.088357	79.706673	31	090
LK-4203030	Kaddukarankudiyiruppu	MN/53	19.0	9.083389	79.756181	31	090
LK-4203035	Thullukudiyiruppu	MN/54	16.04	9.073781	79.791846	31	090
LK-4203040	Pesalai South	MN/56	6.44	9.060773	79.821173	31	090
LK-4203045	Pesalai North	MN/57	0.63	9.090488	79.812079	31	090
LK-4203050	Pesalai West	MN/55	7.36	9.068383	79.811554	31	090
LK-4203055	Siruthoppu	MN/58	3.09	9.072156	79.833645	31	090
LK-4203060	Periyakarisal	MN/59	4.42	9.068927	79.848269	31	090
LK-4203065	Olaithoduwai	MN/60	12.43	9.04184	79.830028	31	090
LK-4203070	Puthukudiyiruppu	MN/61	1.75	9.05093	79.853639	31	090
LK-4203075	Erukkalampiddy West	MN/63	8.48	9.051527	79.872243	31	090
LK-4203080	Erukkalampiddy North	MN/64	0.47	9.041399	79.883586	31	090
LK-4203085	Erukkalampiddy East	MN/65	2.06	9.039379	79.890978	31	090
LK-4203090	Erukkalampiddy South	MN/66	3.29	9.021994	79.908378	31	090
LK-4203095	Erukkalampiddy Centre	MN/67	0.12	9.033543	79.879385	31	090
LK-4203100	Pallimunai East	MN/84	0.23	8.98271	79.922229	21	090
LK-4203105	Moor Street	MN/81	0.67	8.985158	79.91467	21	090
LK-4203110	Emilnagar	MN/74	1.0	8.981549	79.899175	21	090
LK-4203115	Tharapuram East	MN/69	3.68	9.00481	79.880744	31	090
LK-4203120	Tharapuram West	MN/68	3.23	9.01928	79.870163	31	090
LK-4203125	Thoddaveli	MN/62	10.17	9.026292	79.854414	31	090
LK-4203130	Thalvupadu	MN/70	3.62	8.997855	79.866991	31	090
LK-4203135	Pattithoddam	MN/71	2.92	8.99086	79.879782	21	090
LK-4203140	Eluthur	MN/72	1.65	8.987929	79.900207	21	090
LK-4203145	Southbar	MN/73	6.26	8.97285	79.890055	21	090
LK-4203150	Savatkaddu	MN/75	0.49	8.984951	79.905578	21	090
LK-4203155	Sinnakadai	MN/78	1.04	8.990448	79.906526	21	090
LK-4203160	Uppukulam North	MN/82	0.35	8.982271	79.917932	21	090
LK-4203165	Pallimunai West	MN/85	0.41	8.979605	79.92398	21	090
LK-4203170	Uppukulam South	MN/83	0.28	8.978321	79.919616	21	090
LK-4203175	Periyakadai	MN/80	0.26	8.976344	79.91185	21	090
LK-4203180	Pettah	MN/79	0.17	8.979598	79.910469	21	090
LK-4203185	Panankaddikoddu West	MN/76	0.43	8.977331	79.905066	21	090
LK-4203190	Panankaddikoddu East	MN/77	0.55	8.97306	79.90528	21	090
LK-4203195	Periyanavatkulam	MN/87	7.61	8.931989	79.966083	31	090
LK-4203200	Thiruketheeswaram	MN/86	6.69	8.95802	79.966868	31	090
LK-4203205	Nagathalvu	MN/88	10.96	8.928521	79.944501	31	090
LK-4203210	Neelasenai	MN/89	3.24	8.906387	79.984983	31	090
LK-4203215	Mathoddam	MN/93	1.78	8.876497	79.989858	31	090
LK-4203220	Kallikattaikadu	MN/90	3.78	8.904876	79.968017	31	090
LK-4203225	Vannamottai	MN/94	1.81	8.893319	79.997051	31	090
LK-4203230	Uyilankulam	MN/92	3.81	8.886259	79.98549	31	090
LK-4203235	Puthukkamam	MN/91	11.15	8.889131	79.961674	31	090
LK-4203240	Uyirtharasankulam	MN/95	13.77	8.860875	80.030788	31	090
LK-4203245	Parappankandal	MN/96	18.63	8.876885	80.049443	31	090
LK-4206005	Thevanpiddy	2	5.56	9.195851	80.115183	32	090
LK-4206010	Vellankulam	1	59.46	9.189595	80.159981	32	090
LK-4206015	Paliaru	3	126.5	9.108674	80.170571	32	090
LK-4206020	Anthoniyarpuram	5	10.61	9.118704	80.088146	32	090
LK-4206025	Illupaikadavai	4	25.24	9.095553	80.105388	32	090
LK-4206030	Kalliyadi	6	10.36	9.06728	80.083858	32	090
LK-4206035	Aththimoddai	8	3.52	9.052792	80.093095	32	090
LK-4206040	Koorai	7	30.58	9.04037	80.125161	32	090
LK-4206045	Periyamadhu East	17	31.34	9.008606	80.168213	32	090
LK-4206050	Periyamadhu West	16	24.92	8.993442	80.150704	32	090
LK-4206055	Kayanagar	15	7.77	8.987589	80.132741	32	090
LK-4206060	Pallamadhu	14	29.93	8.994469	80.091067	32	090
LK-4206065	Kovilkulam	9	15.52	9.036694	80.08063	32	090
LK-4206070	Vidathaltheevu North	11	1.36	9.028016	80.051431	32	090
LK-4206075	Vidathaltheevu West	10	4.58	9.00974	80.039579	32	090
LK-4206080	Vidathaltheevu Central	12	0.2	9.018478	80.053546	32	090
LK-4206085	Vidathaltheevu East	13	4.83	9.007699	80.056544	32	090
LK-4206090	Pappamoddai	18	22.73	8.989298	80.021344	32	090
LK-4206095	Parappukadanthan West	35	26.14	8.948519	80.061058	32	090
LK-4206100	Parappukadanthan East	36	107.6	8.907636	80.100214	32	090
LK-4206105	Kannady	28	8.54	8.964644	80.027521	32	090
LK-4206110	Minnukkan	20	2.31	8.961685	80.006341	32	090
LK-4206115	Maligaithidal	21	5.37	8.95833	79.985709	32	090
LK-4206120	Veddayarmurrippu	19	1.76	8.967586	79.990379	32	090
LK-4206125	Adampan	22	3.88	8.938541	79.98625	32	090
LK-4206130	Nedunkandal	24	4.04	8.945384	80.008426	32	090
LK-4206135	Karunkandal Vannakulam	30	1.43	8.922383	80.027308	32	090
LK-4206140	Alkaddiveli	29	5.42	8.930885	80.036037	32	090
LK-4206145	Andankulam	27	2.5	8.938247	80.023595	32	090
LK-4206150	Karunkandal	26	3.18	8.922629	80.019443	32	090
LK-4206155	Sornapuri	25	1.96	8.928161	80.005671	32	090
LK-4206160	Palikuli	23	6.6	8.914753	79.997743	32	090
LK-4206165	Kaththankulam	31	4.87	8.899703	80.019514	32	090
LK-4206170	Vaddakandal	32	2.11	8.905245	80.036708	32	090
LK-4206175	Palaiyadiputhukulam	34	7.66	8.903199	80.056309	32	090
LK-4206180	Palaiperumalkaddu	33	4.59	8.894726	80.03896	32	090
LK-4209005	Palampiddy	40	63.96	8.906157	80.19456	32	090
LK-4209010	Keerisuddan	41	33.11	8.926552	80.252237	32	090
LK-4209015	Parasankulam	44	53.51	8.929583	80.330471	32	090
LK-4209020	Vilathikulam	43	20.16	8.899604	80.36336	32	090
LK-4209025	Kakkayankulam East	46	10.58	8.872386	80.376745	32	090
LK-4209030	Kalmadu	47	6.45	8.868022	80.391689	32	090
LK-4209035	Kakkayankulam West	45	3.55	8.861248	80.363684	32	090
LK-4209040	Iranailluppaikulam	42	74.34	8.865805	80.315269	32	090
LK-4209045	Periya-Pandivirichchan East	39	12.01	8.843195	80.256918	32	090
LK-4209050	Periya-Pandivirichchan West	38	32.16	8.86686	80.246018	32	090
LK-4209055	Madhu	37	130.71	8.852135	80.176901	32	090
LK-4209060	Maluvarayarkaddayadampan	128	11.24	8.792911	80.123423	34	090
LK-4209065	Poomalarnthan	130	12.17	8.772292	80.159503	34	090
LK-4209070	Thekkam	131	2.96	8.76026	80.169927	34	090
LK-4209075	Pannavedduvan	129	30.76	8.772558	80.112203	34	090
LK-4209080	Periyamurippu	133	29.05	8.684361	80.193374	32	090
LK-4209085	Mathakiramam	132	38.26	8.718436	80.171395	34	090
LK-4212005	Vankalai North	MN/97	4.53	8.929018	79.922692	34	090
LK-4212010	Vankalai West	MN/98	0.27	8.890259	79.930231	34	090
LK-4212015	Vankalai East	MN/99	5.58	8.912184	79.940348	34	090
LK-4212020	Thomaspuri	MN/100	3.14	8.884335	79.936174	34	090
LK-4212025	Naruvilikkulam	MN/101	4.94	8.865985	79.938636	34	090
LK-4212030	Vanchiyankulam	MN/102	4.72	8.862309	79.956247	34	090
LK-4212035	Ilahadipiddy	MN/111	4.12	8.865375	79.980828	34	090
LK-4212040	Ilanthaimoddai	MN/112	2.17	8.860117	79.997629	34	090
LK-4212045	Periyakaddaikadu	MN/110	3.52	8.853748	79.983862	34	090
LK-4212050	Aththikkuli	MN/116	1.32	8.848442	80.006858	34	090
LK-4212055	Kanchithalvu	MN/115	3.4	8.856651	80.008466	34	090
LK-4212060	Chemmantheevu	MN/117	1.11	8.842863	80.029135	34	090
LK-4212065	Murunkan	MN/118	3.51	8.83368	80.031963	34	090
LK-4212070	Cheddiyar Mahankaddai Adampan	MN/126	5.19	8.836146	80.067064	34	090
LK-4212075	Iraddaikkulam	MN/125	2.84	8.827127	80.063747	34	090
LK-4212080	Chundikkuli	MN/119	2.29	8.83017	80.045861	34	090
LK-4212085	Puthirarkandan	MN/113	2.51	8.835533	80.011905	34	090
LK-4212090	Razoolputhuveli	MN/114	2.69	8.843205	79.99915	34	090
LK-4212095	Nanattan	MN/107	3.07	8.83706	79.979501	34	090
LK-4212100	Umanagari	MN/103	9.96	8.852451	79.935983	34	090
LK-4212105	Achchankulam	MN/104	17.06	8.820481	79.93607	34	090
LK-4212110	Moddaikadai	MN/106	0.59	8.83542	79.965368	34	090
LK-4212115	Rasamadhu	MN/105	7.17	8.816407	79.964765	34	090
LK-4212120	Pallankoddai	MN/108	6.37	8.814681	79.983053	34	090
LK-4212125	Valkkaipettankandal	MN/109	7.36	8.813445	79.999147	34	090
LK-4212130	Pontheevukandal	MN/121	2.79	8.820827	80.009419	34	090
LK-4212135	Kalimoddai Puliyankulam	MN/122	5.39	8.814188	80.020479	34	090
LK-4212140	Parikarikandal	MN/123	5.57	8.800876	80.029646	34	090
LK-4212145	Sirukkandal	MN/120	5.49	8.806233	80.050169	34	090
LK-4212150	Katkidanthakulam	MN/124	8.88	8.804462	80.062483	34	090
LK-4212155	Issaimalaithalvu	MN/127	9.84	8.800115	80.08303	34	090
LK-4215005	Arippu West	MN/134	1.78	8.799408	79.937582	33	090
LK-4215010	Arippu East	MN/135	1.91	8.789202	79.934835	33	090
LK-4215015	Methanveli	MN/136	2.91	8.769286	79.948119	33	090
LK-4215020	Poonochchikulam	MN/138	6.64	8.792993	79.963217	33	090
LK-4215025	Pandaraveli	MN/137	4.82	8.785603	79.947696	33	090
LK-4215030	Sinnapullachchi Potkerni	MN/142	86.03	8.705726	80.032486	33	090
LK-4215035	Periyapullachchi Potkerni	MN/141	4.53	8.777364	79.985076	33	090
LK-4215040	Veppankulam	MN/140	5.43	8.785044	80.001882	33	090
LK-4215045	Marudhamadu	MN/139	102.96	8.72522	80.101839	33	090
LK-4215050	Ahathimurippu	MN/143	21.16	8.739178	79.997836	33	090
LK-4215055	Puthuveli	MN/146	1.95	8.771516	79.965611	33	090
LK-4215060	Saveriyarpuram	MN/145	1.51	8.759167	79.945516	33	090
LK-4215065	Chilavathurai	MN/144	2.55	8.743546	79.954406	33	090
LK-4215070	Koolankulam	MN/147	4.25	8.749929	79.963042	33	090
LK-4215075	Kondachchi	MN/149	46.3	8.683878	79.980936	33	090
LK-4215080	Kokkupadayan	MN/148	5.06	8.72198	79.9622	33	090
LK-4215085	Palaikuli	MN/152	135.61	8.597199	80.00463	33	090
LK-4215090	Karadikkuli	MN/150	13.75	8.623971	79.951452	33	090
LK-4215095	Mullikulam	MN/153	7.81	8.574205	79.930301	33	090
LK-4215100	Marichchukkaddi	MN/151	6.31	8.583748	79.944509	33	090
LK-4303005	Unchalkaddy	221	44.68	8.973485	80.637494	31	092
LK-4303010	Vedivaithakallu	221A	103.97	8.912013	80.671115	31	092
LK-4303015	Maruthoddai	221B	25.2	8.95828	80.690088	31	092
LK-4303020	Paddikudiyiruppu	221C	30.48	9.015767	80.706328	31	092
LK-4303025	Katkulam	221D	7.72	9.001392	80.669663	31	092
LK-4303030	Nedunkerny South	222	8.23	9.058497	80.648972	31	092
LK-4303035	Nedunkerny North	222A	2.39	9.069934	80.664205	31	092
LK-4303040	Olumadu	222B	31.86	9.023803	80.644369	31	092
LK-4303045	Mamadu	222C	10.67	9.062754	80.67717	31	092
LK-4303050	Kulavisuddan	222D	38.33	9.081368	80.60281	31	092
LK-4303055	Marailuppai	222E	22.18	9.093188	80.633714	31	092
LK-4303060	Paranthan	223	21.38	8.987049	80.578713	31	092
LK-4303065	Anandar Pulliyankulam	223A	27.21	8.949539	80.58842	31	092
LK-4303070	Sinnadampan	223B	36.81	9.058483	80.5454	31	092
LK-4303075	Nainamadu	223C	29.02	9.060799	80.574248	31	092
LK-4303080	Puliyankulam South	224	44.53	8.961929	80.474594	31	092
LK-4303085	Puliyankulam North	224A	95.61	8.996563	80.474138	31	092
LK-4303090	Kanagarayankulam South	225	21.43	9.0378	80.506469	31	092
LK-4303095	Kanagarayankulam North	225A	24.01	9.060804	80.494417	31	092
LK-4303100	Mannakulam	225B	61.01	9.070744	80.450908	31	092
LK-4306005	Periya Ulukkulama	C209	9.48	8.675463	80.414976	32	092
LK-4306010	Poomaduwa	C209A	4.88	8.712977	80.388018	32	092
LK-4306015	Rankethgama	C209B	5.32	8.725407	80.354183	32	092
LK-4306020	Maradanmaduwa	C209C	9.34	8.581839	80.362964	32	092
LK-4306025	Pavakkulam South Bank, Track 07	C209D	7.37	8.693154	80.37474	32	092
LK-4306030	Awaranthulawa	C209E	4.93	8.702797	80.408029	32	092
LK-4306035	Acres 20,40,60	C209F	2.83	8.671015	80.396503	32	092
LK-4306040	Acres 400	C209G	6.84	8.676893	80.372837	32	092
LK-4306045	Madukanda	C212	24.02	8.748828	80.557786	32	092
LK-4306050	Eramperiyakulama	C212A	9.24	8.70889	80.48142	32	092
LK-4306055	Alagalla	C212B	7.72	8.672957	80.5064	32	092
LK-4306060	Avusathapitiya	C212C	10.77	8.695804	80.455138	32	092
LK-4306065	Kalukunnammaduwa	C212D	4.79	8.682054	80.48292	32	092
LK-4306070	Nedunkulam	C212E	6.93	8.771411	80.550697	32	092
LK-4306075	Mahamylankulama	C212F	22.59	8.720877	80.553268	32	092
LK-4306080	Mamaduwa	C213	6.03	8.812219	80.545564	32	092
LK-4306085	Mahakachchakodiya	C213A	20.32	8.789491	80.570439	32	092
LK-4306090	Pudubulankulama	C213B	3.48	8.790194	80.525589	32	092
LK-4306095	Pirappanmaduwa	C213C	40.83	8.783447	80.614603	32	092
LK-4306100	Agbopura	C213D	8.53	8.806526	80.519964	32	092
LK-4309005	Palamoddai	219A	55.45	8.923571	80.404935	33	092
LK-4309010	Maruthamadhu	219	75.69	8.903169	80.465718	33	092
LK-4309015	Panrikkeithakulam	220C	16.79	8.93084	80.501111	33	092
LK-4309020	Arumugathanputhukulam	220E	12.55	8.918717	80.551177	33	092
LK-4309025	Semamadhu	220A	14.63	8.894489	80.582494	33	092
LK-4309030	Maligai	220B	13.75	8.886479	80.550634	33	092
LK-4309035	Mahilankulam	220F	13.43	8.895647	80.517239	33	092
LK-4309040	Maruthankulam	220	15.29	8.861282	80.526043	33	092
LK-4309045	Ilamaruthankulam	220G	16.65	8.864963	80.577436	33	092
LK-4309050	Kallikulam	215C	33.49	8.827926	80.561036	33	092
LK-4309055	Nochchimoddai	215	10.75	8.815229	80.493016	33	092
LK-4309060	Paranaddakal	216A	18.54	8.837787	80.466009	33	092
LK-4309065	Puthukkulam	216	5.79	8.808387	80.475903	33	092
LK-4309070	Marukkarampalai	218C	10.93	8.787499	80.453444	33	092
LK-4309075	Thandikulam	214A	5.35	8.786809	80.483136	11/33	092
LK-4309080	Maharambaikulam	215A	6.36	8.78269	80.505818	33	092
LK-4309085	Kaththarsinnakulam	215B	7.9	8.784384	80.518858	33	092
LK-4309090	Nelukkulam	218	7.83	8.763573	80.454905	33	092
LK-4309095	Pattanichchoor Puliyankulam	214B	3.7	8.770839	80.475496	11	092
LK-4309100	Vavuniya Town	214	1.22	8.75427	80.497945	11	092
LK-4309105	Omanthai	220D	12.96	8.859494	80.492612	33	092
LK-4309110	Salambaikkulam	217C	24.37	8.770434	80.382951	33	092
LK-4309115	Sasthrikoolankulam	218D	13.14	8.818137	80.44747	33	092
LK-4309120	Echchankulam	218E	30.5	8.852785	80.417695	33	092
LK-4309125	Kalmadu	218B	8.3	8.840415	80.394127	33	092
LK-4309130	Poovarasankulam	217A	17.18	8.765262	80.359671	33	092
LK-4309135	Sekkadipulavu	217B	10.41	8.744747	80.420455	33	092
LK-4309140	Pampaimadu	218A	21.17	8.783822	80.416274	33	092
LK-4309145	Rejendrankulam	217	8.54	8.73026	80.447311	33	092
LK-4309150	Koomankulam	218F	3.5	8.748671	80.462884	33	092
LK-4309155	Kovilkulam	244C	1.83	8.735964	80.509847	11/33	092
LK-4309160	Velikulam	244D	2.39	8.738905	80.519316	11/33	092
LK-4309165	Moonrumurippu	214G	6.2	8.734469	80.493375	11/33	092
LK-4309170	Kandapuram	218G	6.48	8.729967	80.468933	33	092
LK-4309175	Thonikal	214F	2.18	8.743687	80.487207	11/33	092
LK-4309180	Samalankulam	244B	8.59	8.714044	80.515643	33	092
LK-4309185	Asikulam	244	16.16	8.686345	80.528199	33	092
LK-4309190	Rambaikulam	244A	1.91	8.749872	80.508509	11	092
LK-4309195	Vairavapuliyankulam	214D	2.41	8.758169	80.486981	11/33	092
LK-4309200	Pandarikulam	214E	1.16	8.753185	80.476813	11/33	092
LK-4309205	Vavuniya Town North	214C	5.21	8.765677	80.502487	11/33	092
LK-4309210	Velankulam	217D	66.16	8.799673	80.327656	33	092
LK-4312005	Andiyapuliyankulam	207	52.53	8.718207	80.26334	34	092
LK-4312010	Periyathampanai	207A	30.5	8.799145	80.262089	34	092
LK-4312015	Periyakaddu	207B	38.0	8.754924	80.199705	34	092
LK-4312020	Kannaddy	207C	14.31	8.774687	80.239508	34	092
LK-4312025	Piramanalankulam	207D	17.85	8.761767	80.275952	34	092
LK-4312030	Sooduventhapulavu	208	16.71	8.712582	80.429987	34	092
LK-4312035	Kurukkalputhukkulam	208A	22.05	8.744286	80.327238	34	092
LK-4312040	Kanthasamy Nagar	208B	22.09	8.712778	80.320782	34	092
LK-4312045	Unit 5 & 6. Pavatkulam	208C	3.45	8.720985	80.368728	34	092
LK-4312050	Unit 4. Pavatkulam	208D	3.47	8.722794	80.37952	34	092
LK-4312055	Unit 2. Pavatkulam	208E	1.76	8.700339	80.398022	34	092
LK-4312060	Muthaliyarkulam	210	28.79	8.622634	80.287745	34	092
LK-4312065	Sinnasippikulam	210A	42.32	8.584125	80.313236	34	092
LK-4312070	Neriyakulam	210B	15.36	8.61361	80.356292	34	092
LK-4312075	Periyapuliyalankulam	211	26.03	8.652483	80.34495	34	092
LK-4312080	Cheddikulam	211A	4.47	8.655307	80.320335	34	092
LK-4312085	Mugaththankulam	211B	13.39	8.649599	80.304898	34	092
LK-4312090	Unit 9 & 10. Pavatkulam	211C	9.72	8.667178	80.369013	34	092
LK-4312095	Kristhavakulam	211D	38.53	8.655262	80.263154	34	092
LK-4312100	Kangankulam	211E	13.74	8.683067	80.327235	34	092
LK-4403005	Alankulam	Mu26	7.39	9.162141	80.285172	44	091
LK-4403010	Amaithipuram	Mu24	34.83	9.290672	80.311215	44	091
LK-4403015	Ambalaperumalkulam	Mu25	43.33	9.269789	80.260785	44	091
LK-4403020	Aninchiyankulam	Mu31	6.14	9.140138	80.315907	44	091
LK-4403025	Barathinagar	Mu30	2.77	9.117758	80.301843	44	091
LK-4403030	Iyankankulam	Mu34	8.71	9.207835	80.323301	44	091
LK-4403035	Kalvilan	Mu17	22.05	9.15806	80.225566	44	091
LK-4403040	Koddaikaddiyakulam	Mu35	21.52	9.245523	80.228847	44	091
LK-4403045	Mallavi	Mu20	7.14	9.156941	80.304441	44	091
LK-4403050	Palayamurikandy	Mu33	20.62	9.244245	80.318425	44	091
LK-4403055	Pugalenthinagar	Mu29	2.0	9.118324	80.316035	44	091
LK-4403060	Puththuvedduvan	Mu23	48.27	9.269849	80.361844	44	091
LK-4403065	Thenniyankulam	Mu32	41.65	9.208876	80.235561	44	091
LK-4403070	Therankandal	Mu27	11.23	9.179322	80.310317	44	091
LK-4403075	Thirunagar	Mu22	2.41	9.117502	80.287977	44	091
LK-4403080	Thunukkai	Mu16	21.73	9.155603	80.25911	44	091
LK-4403085	Uyilankulam	Mu18	18.4	9.200779	80.28947	44	091
LK-4403090	Yogapuram Centre	Mu21	2.51	9.130118	80.298574	44	091
LK-4403095	Yogapuram East	Mu28	2.92	9.10666	80.308309	44	091
LK-4403100	Yogapuram West	Mu19	3.55	9.130061	80.284296	44	091
LK-4406005	Ampalpuram	MU/02	24.61	9.142698	80.38234	41	091
LK-4406010	Karumpulliyan	MU/07	6.13	9.086926	80.297215	41	091
LK-4406015	Kollavilankulam	MU/03	6.45	9.111368	80.350389	41	091
LK-4406020	Moonrumurippu	MU/11	123.81	9.013838	80.318762	41	091
LK-4406025	Naddankandal	MU/12	78.72	9.010449	80.225868	41	091
LK-4406030	Oddaruththakulam	MU/04	40.56	9.163529	80.346421	41	091
LK-4406035	Palinagar	MU/06	5.62	9.105931	80.329144	41	091
LK-4406040	Pandiyankulam	MU/09	4.29	9.079241	80.307831	41	091
LK-4406045	Ponnagar/Kuttymulai	MU/14	21.39	9.08431	80.247107	41	091
LK-4406050	Poovarasankulam	MU/08	7.45	9.103819	80.282863	41	091
LK-4406055	Selvapuram	MU/10	5.54	9.075631	80.324769	41	091
LK-4406060	Siraddikulam	MU/15	37.98	9.046475	80.22959	41	091
LK-4406065	Sivapuram	MU/05	3.05	9.09445	80.330038	41	091
LK-4406070	Vannivilankulam	MU/01	98.87	9.083635	80.382609	41	091
LK-4406075	Vinayagapuram	MU/13	21.42	9.114391	80.247306	41	091
LK-4409005	Anandapuram	MU/40	5.07	9.332103	80.726623	43	091
LK-4409010	Iranaippalai	MU/43	4.69	9.3383	80.708049	43	091
LK-4409015	Kombavil	MU/42	13.89	9.337438	80.67917	43	091
LK-4409020	Mallikaithivu	MU/39	7.48	9.298062	80.720849	43	091
LK-4409025	Manikkapuram	MU/51	2.23	9.358943	80.562876	43	091
LK-4409030	Mannakandal	MU/54	57.82	9.245797	80.67078	43	091
LK-4409035	Manthuvil	MU/38	4.0	9.316175	80.718991	43	091
LK-4409040	Puthukudiyiruppu East	MU/36	11.91	9.291381	80.701397	43	091
LK-4409045	Puthukudiyiruppu West	MU/41	30.82	9.309884	80.664388	43	091
LK-4409050	Sivanagar	MU/37	2.66	9.325006	80.712189	43	091
LK-4409055	Suthanthirapuram	MU/48	32.18	9.393619	80.630115	43	091
LK-4409060	Theravil	MU/52	4.65	9.347307	80.576201	43	091
LK-4409065	Thevipuram	MU/44	18.89	9.363121	80.662619	43	091
LK-4409070	Udayarkattu North	MU/46	15.44	9.384491	80.594472	43	091
LK-4409075	Udayarkattu South	MU/47	49.05	9.28953	80.596822	43	091
LK-4409080	Vallipunam	MU/45	38.01	9.285388	80.62154	43	091
LK-4409085	Valluvarpuram	MU/53	1.67	9.359799	80.574371	43	091
LK-4409090	Visuvamadu East	Mu/50	11.1	9.359071	80.549784	43	091
LK-4409095	Visuvamadu West	MU/49	14.97	9.371833	80.538041	43	091
LK-4412005	Ampakamam	Mu-72	84.02	9.259802	80.481702	43	091
LK-4412010	Ganeshapuram	MU-64	2.22	9.182306	80.647585	43	091
LK-4412015	Indupuram	Mu-76	12.21	9.332291	80.43386	43	091
LK-4412020	Kanagarathinapuram	MU-56	4.82	9.217161	80.647211	43	091
LK-4412025	Karuvelankandal	MU-66	8.09	9.176817	80.688955	43	091
LK-4412030	Katchilaimadu	Mu-59	5.3	9.193751	80.660903	43	091
LK-4412035	Kathaliyarsamalankulam	MU-62	23.35	9.135463	80.629981	43	091
LK-4412040	Koolamurippu	MU-68	10.87	9.185974	80.703638	43	091
LK-4412045	Manavalanpaddamurippu	MU-69	48.96	9.117476	80.550692	43	091
LK-4412050	Mankulam	MU-73	46.09	9.142517	80.435474	43	091
LK-4412055	Muththuaiyankaddukulam	MU-55	10.89	9.214284	80.614876	43	091
LK-4412060	Muthuvinayagapuram	MU-60	4.74	9.19601	80.632376	43	091
LK-4412065	Oddusuddan	MU-61	40.77	9.169568	80.608873	43	091
LK-4412070	Olumadu	Mu-71	14.41	9.160243	80.481231	43	091
LK-4412075	Othiyamalai	MU-123	13.11	9.062863	80.718811	43	091
LK-4412080	Palampasi	Mu-127	17.31	9.085292	80.69331	43	091
LK-4412085	Pandaravanni	Mu-58	3.72	9.190157	80.682877	43	091
LK-4412090	Panikkankulam	MU-74	71.32	9.200803	80.408239	43	091
LK-4412095	Peraru	Mu-57	2.85	9.199205	80.680195	43	091
LK-4412100	Periyaithimadu	MU-126	21.75	9.132736	80.69248	43	091
LK-4412105	Periyakulam	Mu-124	6.58	9.048682	80.690751	43	091
LK-4412110	Puliyankulam	MU-67	2.13	9.164526	80.670315	43	091
LK-4412115	Thachchadampan	MU/70	200.55	9.211532	80.544381	43	091
LK-4412120	Thanduvan	MU-125	18.63	9.105791	80.672102	43	091
LK-4412125	Thaddayarmalai	MU / 63	4.56	9.189332	80.633959	43	091
LK-4412130	Thirumurukandi	MU-75	78.42	9.269684	80.43127	43	091
LK-4412135	Vithyapuram	MU-65	4.84	9.173489	80.655906	43	091
LK-4415005	Alampil North	Mu-86	7.89	9.186918	80.839696	42	091
LK-4415010	Alampil South	Mu-87	4.91	9.169157	80.844786	42	091
LK-4415015	Ampalavanpokkanai	Mu-100	51.84	9.3956	80.673966	42	091
LK-4415020	Shemmalai	Mu-84	5.04	9.156921	80.854078	42	091
LK-4415025	Shemmalai East	Mu-83	24.08	9.121027	80.868416	42	091
LK-4415030	Chilawattai	Mu-88	3.28	9.239523	80.825573	42	091
LK-4415035	Chilawattai South	Mu-89	4.44	9.229121	80.829969	42	091
LK-4415040	Keekkirapuram	Mu-115	1.43	9.233537	80.801118	42	091
LK-4415045	Kallappadu North	Mu-91	0.5	9.260717	80.821924	42	091
LK-4415050	Kallappadu South	Mu-90	1.38	9.252255	80.826802	42	091
LK-4415055	Kanukerny East	Mu-116	0.48	9.219817	80.793577	42	091
LK-4415060	Kanukerny West	Mu-117	0.54	9.219554	80.787501	42	091
LK-4415065	Karunaddukerny	Mu-79	11.77	9.020219	80.908769	42	091
LK-4415070	Keppapulavu	Mu-102	50.53	9.272522	80.753932	42	091
LK-4415075	Kokkilai East	Mu-78	15.52	9.00765	80.938026	42	091
LK-4415080	Kokkilai West	Mu-77	4.68	8.998635	80.907692	42	091
LK-4415085	Kokuthoduvai Centre	Mu-82	13.38	9.03653	80.904063	42	091
LK-4415090	Kokuthoduvai North	Mu-81	82.91	9.056511	80.862871	42	091
LK-4415100	Kovilkudiyiruppu	Mu-95	0.67	9.273838	80.815919	42	091
LK-4415105	Kumarapuram	Mu-118	15.57	9.2067	80.808197	42	091
LK-4415110	Kumulamunai Centre	Mu-122	12.15	9.124782	80.803512	42	091
LK-4415115	Kumulamunai East	Mu-121	80.78	9.103531	80.829456	42	091
LK-4415120	Kumulamunai West	Mu-119	27.66	9.154901	80.796066	42	091
LK-4415125	Mamoolai	Mu-110	5.72	9.202365	80.777005	42	091
LK-4415130	Manalkudiyiruppu	Mu-96	0.13	9.270156	80.818326	42	091
LK-4415135	Mathavalasingankulam	Mu-111	14.66	9.182757	80.78286	42	091
LK-4415140	Mullaitivu South	Mu-93	8.79	9.255669	80.809087	42	091
LK-4415145	Mullaitivu Town	Mu-97	0.39	9.266446	80.815174	42	091
LK-4415150	Mullivaikkal East	Mu-98	14.05	9.293348	80.791108	42	091
LK-4415155	Mullivaikkal West	Mu-99	16.15	9.317465	80.758144	42	091
LK-4415160	Mulliyawalai Centre	Mu-106	15.76	9.184304	80.729019	42	091
LK-4415165	Mulliyawalai East	Mu-108	1.24	9.221071	80.775686	42	091
LK-4415170	Mulliyawalai North	Mu-104	2.61	9.234441	80.768613	42	091
LK-4415175	Mulliyawalai South	Mu-107	16.92	9.171342	80.75053	42	091
LK-4415180	Mulliyawalai West	Mu-103	25.42	9.212815	80.728296	42	091
LK-4415185	Neeravippiddy East	Mu-113	0.22	9.227583	80.795653	42	091
LK-4415190	Neeravippiddy West	Mu-114	0.18	9.229416	80.792232	42	091
LK-4415195	Putharikuda	Mu-105	1.04	9.230346	80.782125	42	091
LK-4415200	Selvapuram	Mu-94	1.17	9.279232	80.80971	42	091
LK-4415205	Thannimurippu	Mu-120	49.64	9.106512	80.771213	42	091
LK-4415210	Thanneerudru East	Mu-112	0.17	9.22603	80.791119	42	091
LK-4415215	Thanneerudru West	Mu-109	0.76	9.223742	80.786118	42	091
LK-4415220	Uppumaveli	Mu-85	8.87	9.209924	80.833822	42	091
LK-4415225	Vannankulam	Mu-92	0.31	9.264465	80.819019	42	091
LK-4415230	Vattapalai	Mu-101	7.01	9.249755	80.788509	42	091
LK-4418005	Gajabapura	9	14.42	9.013311	80.745895	31	092
LK-4418010	Kalyanapura	2	11.65	9.01095	80.77306	31	092
LK-4418015	Ehetugaswewa	3	19.34	8.978182	80.819705	42	091
LK-4418020	Kiriibbanwewa	6	10.68	8.986675	80.825687	42	091
LK-4418025	Janakapura	5	47.81	9.0048	80.86711	42	091
LK-4418030	Nawagajabapura	1	0.73	8.978028	80.804912	42	091
LK-4418035	Nikawewa Left	8	14.52	8.969385	80.773507	31	092
LK-4418040	Ethawetunawewa	4	23.19	8.963626	80.725107	31	092
LK-4418045	Nikawewa South	7	21.99	8.940449	80.747782	31	092
LK-4503005	Allipalai	KN 89	6.82	9.598127	80.29684	32	089
LK-4503010	Arasarkeni	KN 91	5.43	9.635752	80.332497	32	089
LK-4503015	Ittavil	KN 92	5.53	9.640244	80.319587	32	089
LK-4503020	Iyakkachchi	KN 79	9.08	9.570114	80.411798	32	089
LK-4503025	Kachcharveli	KN 90	1.06	9.615474	80.311391	32	089
LK-4503030	Kilaly	KN 95	8.02	9.620634	80.273107	32	089
LK-4503035	Kovilvayal	KN 78	29.96	9.544693	80.421531	32	089
LK-4503040	Masar	KN 81	5.67	9.598462	80.387046	32	089
LK-4503045	Muhamalai	KN 93	17.01	9.655164	80.305286	32	089
LK-4503050	Muhavil	KN 80	25.33	9.557838	80.387446	32	089
LK-4503055	Mullaiyadi	KN 85	2.79	9.599078	80.345846	32	089
LK-4503060	Pallai Town	KN 87	3.73	9.608092	80.325049	32	089
LK-4503065	Pulopalai	KN 84	5.21	9.584495	80.324023	32	089
LK-4503070	Pulopalai West	KN 88	2.56	9.599527	80.316217	32	089
LK-4503075	Soranpattu	KN 82	9.97	9.597867	80.367007	32	089
LK-4503080	Thambagamam	KN 86	14.09	9.622125	80.351653	32	089
LK-4503085	Tharmakeny	KN 83	18.12	9.571041	80.3614	32	089
LK-4503090	Vempodukeny	KN 94	5.64	9.62184	80.297875	32	089
LK-4506005	Elephant Pass	KN/46	7.88	9.502936	80.405489	31	089
LK-4506010	Kalmadunagar	KN/53	15.58	9.378216	80.510934	31	089
LK-4506015	Kandawalai	KN/51	42.92	9.468094	80.498616	31	089
LK-4506020	Korakkankattu	KN/48	12.17	9.457068	80.437048	31	089
LK-4506025	Kumarapuram	KN/43	19.69	9.450022	80.369579	31	089
LK-4506030	Murasumoddai	KN/50	7.91	9.422622	80.468533	31	089
LK-4506035	Paranthan Town	KN/44	11.16	9.441853	80.414301	31	089
LK-4506040	Periyakulam	KN/52	9.29	9.408823	80.477058	31	089
LK-4506045	Piramanthanaru	KN/58	23.35	9.418229	80.581973	31	089
LK-4506050	Puliyampokkanai	KN/56	29.3	9.449306	80.534909	31	089
LK-4506055	Punnaineeravi	KN/57	32.05	9.417555	80.553053	31	089
LK-4506060	Thattuwankotty	KN/47	16.52	9.493344	80.437765	31	089
LK-4506065	Tharmapuram East	KN/55	5.34	9.404162	80.524188	31	089
LK-4506070	Tharmapuram West	KN/54	1.84	9.415228	80.524354	31	089
LK-4506075	Umaiyalpuram	KN/45	18.38	9.465646	80.404174	31	089
LK-4506080	Uriyan	KN/49	20.92	9.470068	80.463519	31	089
LK-4509005	Akkarayankulam	KN -05	17.01	9.313439	80.317269	31	089
LK-4509010	Ambalkulam	KN -14	4.13	9.372164	80.388531	31	089
LK-4509015	Ambalnagar	KN - 19	2.5	9.352363	80.436262	31	089
LK-4509020	Anaivilunthankulam	KN -02	17.15	9.339237	80.261527	31	089
LK-4509025	Anandapuram	KN -16	1.23	9.377179	80.409864	31	089
LK-4509030	Civic Centre	KN -39	7.77	9.373911	80.453398	31	089
LK-4509035	Jeyanthinagar	KN -30	2.07	9.391688	80.379551	31	089
LK-4509040	Kanagampikaikulam	KN-18	3.9	9.356389	80.415422	31	089
LK-4509045	Kanakapuram	KN -26	4.22	9.381996	80.363491	31	089
LK-4509050	Ganeshapuram	KN -29	2.2	9.401672	80.399133	31	089
LK-4509055	Kannagaipuram	KN -03	14.32	9.36138	80.297818	31	089
LK-4509060	Kilinochchi Town	KN -23	2.95	9.402328	80.40952	31	089
LK-4509065	Konavil	KN -06	23.3	9.361307	80.322729	31	089
LK-4509070	Krishnapuram	KN -11	3.05	9.354931	80.383358	31	089
LK-4509075	Malaiyalapuram	KN -09	6.59	9.339469	80.384862	31	089
LK-4509080	Maruthanagar	KN -24	11.62	9.403601	80.433386	31	089
LK-4509085	Mavadiyamman	KN -42	5.84	9.373888	80.47741	31	089
LK-4509090	Mayavanoor	KN -40	7.55	9.375124	80.468037	31	089
LK-4509095	Pannankandy	KN -25	10.42	9.421095	80.439597	31	089
LK-4509100	Barathipuram	KN -08	2.6	9.345161	80.40293	31	089
LK-4509105	Periyaparanthan	KN -31	13.57	9.414658	80.384287	31	089
LK-4509110	Ponnagar	KN-07	15.76	9.320858	80.381476	31	089
LK-4509115	Puthumurippu	KN -37	7.2	9.371285	80.349289	31	089
LK-4509120	Ramanathapuram	KN -41	11.3	9.377172	80.487772	31	089
LK-4509125	Rathinapuram	KN -22	1.26	9.381327	80.417659	31	089
LK-4509130	Selvanagar	KN -15	4.67	9.368646	80.371227	31	089
LK-4509135	Sivanagar	KN -35	4.89	9.390017	80.33068	31	089
LK-4509140	Skandapuram	KN -04	17.03	9.345171	80.285491	31	089
LK-4509145	Thirunagar North	KN-28	0.68	9.395084	80.397408	31	089
LK-4509150	Thirunagar South	KN -27	0.64	9.391158	80.400828	31	089
LK-4509155	Thiruvaiaru	KN -20	7.91	9.36821	80.438955	31	089
LK-4509160	Thiruvaiaru West	KN -21	4.22	9.363088	80.424381	31	089
LK-4509165	Thondamannagar	KN -17	0.56	9.362514	80.409157	31	089
LK-4509170	Urithirapuram East	KN -33	1.75	9.395412	80.365199	31	089
LK-4509175	Urithirapuram North	KN -32	46.03	9.427938	80.32549	31	089
LK-4509180	Urithirapuram West	KN -34	2.56	9.396346	80.349494	31	089
LK-4509185	Uthayanagar East	KN -12	1.0	9.374202	80.403335	31	089
LK-4509190	Uthayanagar West	KN -13	1.62	9.372284	80.397722	31	089
LK-4509195	Uttupulam	KN -36	10.64	9.34596	80.359274	31	089
LK-4509200	Vaddakachchi	KN -38	4.93	9.367396	80.4583	31	089
LK-4509205	Vannerikulam	KN -01	85.47	9.305865	80.21892	31	089
LK-4509210	Vivekanandanagar	KN -10	1.45	9.359392	80.401994	31	089
LK-4512005	Alankeni	60	20.01	9.447811	80.237449	33	089
LK-4512010	Cheddiakurichchi	62	10.32	9.505277	80.2613	33	089
LK-4512015	Gnanimadam	63	6.99	9.532637	80.200197	33	089
LK-4512020	Iranaithivu	77	6.17	9.288733	79.982747	33	089
LK-4512025	Jeyapuram North	69	31.49	9.35409	80.187682	33	089
LK-4512030	Jeyapuram South	70	2.41	9.305948	80.174047	33	089
LK-4512035	Kariyalainagapaduvan	71	12.91	9.273453	80.143982	33	089
LK-4512040	Kiranchi	75	56.63	9.323991	80.125922	33	089
LK-4512045	Kollakuruchchi	61	19.73	9.471028	80.22326	33	089
LK-4512050	Kowtharimunai	68	15.18	9.581054	80.09709	33	089
LK-4512055	Madduvilnadu East	64	6.75	9.490828	80.218786	33	089
LK-4512060	Madduvilnadu West	66	9.53	9.50784	80.194843	33	089
LK-4512065	Mulankavil	73	29.04	9.234692	80.148671	33	089
LK-4512070	Nachchikuda	74	5.16	9.264439	80.126699	33	089
LK-4512075	Nallur	59	48.19	9.418229	80.265509	33	089
LK-4512080	Pallavarayankattu	72	12.15	9.288171	80.157688	33	089
LK-4512085	Pallikuda	65	60.13	9.438691	80.190664	33	089
LK-4512090	Paramankirai	67	20.69	9.534358	80.170764	33	089
LK-4512095	Ponnaveli	76	99.91	9.388068	80.118965	33	089
LK-5103005	Kathiraveli	213	47.56	8.242508	81.361722	35	096
LK-5103010	Ammanthanaveli	213D	7.18	8.18017	81.415921	35	096
LK-5103015	Puchchakkerni	213C	27.63	8.205471	81.351632	35	096
LK-5103020	Palchenai	213A	32.55	8.186874	81.346725	35	096
LK-5103025	Vakarai North	212A	11.82	8.157465	81.419003	35	096
LK-5103030	Ooriyankattu	212B	65.07	8.102283	81.348844	35	096
LK-5103035	Kaddumurivu	213B	25.18	8.140844	81.340562	35	096
LK-5103040	Vakarai Central	212	2.82	8.132052	81.42499	35	096
LK-5103045	Panichchankerni	211C	30.93	8.096362	81.402891	35	096
LK-5103050	Mathurankernikulam	211E	50.75	8.042699	81.393403	35	096
LK-5103055	Punanai East	211B	132.8	8.021055	81.329471	35	096
LK-5103060	Kirimichchai	211F	33.2	8.011976	81.446985	35	096
LK-5103065	Mankerny Central	211	16.59	8.042059	81.457256	35	096
LK-5103070	Mankerny South	211G	13.33	7.994082	81.477039	35	096
LK-5103075	Kayankerny	211A	8.77	7.981865	81.523869	35	096
LK-5103080	Vattavan	211D	9.32	7.961216	81.529406	35	096
LK-5104002	nan	211B	0.14	7.913337	81.532042	35	096
LK-5104003	nan	211B	0.01	7.919604	81.530725	35	096
LK-5104004	nan	211B	0.02	7.926961	81.529266	35	096
LK-5104005	nan	211B	0.04	7.909567	81.532387	35	096
LK-5104010	Thiyavattavan	210C	5.58	7.934349	81.513122	36	096
LK-5104013	nan	211B	0.02	7.918156	81.531174	35	096
LK-5104015	Valaichchenai 5 Muslim	206B	0.19	7.922656	81.52816	34	096
LK-5104020	Valaichchenai 4 Muslim	206	0.32	7.924538	81.526114	34	096
LK-5104025	Valaichchenai 5 Muslim South	206D	0.33	7.920306	81.523864	34	096
LK-5104030	Brynthuraichenai North	206A	0.22	7.919252	81.528108	34	096
LK-5104035	Brynthuraichenai South	206C	0.34	7.913643	81.528558	34	096
LK-5104040	Mavadichenai	208A	0.25	7.910226	81.527709	34	096
LK-5104045	Semmanodai	208D	0.5	7.903914	81.527704	34	096
LK-5104055	Karuwakerni	211B	0.09	7.908578	81.531931	35	096
LK-5106005	Paper Town	210B	20.91	7.918079	81.491379	36	096
LK-5106010	Oddamavadi 01 North	208B/2	0.4	7.918326	81.522418	36	096
LK-5106015	Oddamavadi 01 South	208B	0.39	7.916519	81.518794	36	096
LK-5106020	Oddamavadi 02	208C	0.47	7.911447	81.522165	36	096
LK-5106025	Oddamavadi 03	208	0.17	7.909248	81.521302	36	096
LK-5106030	Meeravodai Muslim West	207	0.38	7.904276	81.520887	36	096
LK-5106035	Meeravodai Muslim East	207B	0.14	7.904262	81.52407	36	096
LK-5106040	Mancholai	207A	0.07	7.899866	81.526497	36	096
LK-5109005	Nasivanthivu	205C	2.31	7.93932	81.539371	5	096
LK-5109010	Valachchenai Tamil	205	0.56	7.926633	81.535387	5	096
LK-5109012	nan	205C	0.01	7.90213	81.517384	5	096
LK-5109015	Puthukudiyiruppu	205A	0.48	7.920962	81.534616	5	096
LK-5109020	Peththalai	205B	1.71	7.928776	81.545411	6	096
LK-5109021	nan	205C	0.17	7.902228	81.530107	5	096
LK-5109022	nan	205C	0.09	7.896258	81.529952	5	096
LK-5109025	Kalkudah	204	7.82	7.917942	81.559788	6	096
LK-5109030	Kalmadu	204A	2.73	7.908252	81.548981	7	096
LK-5109035	Kannagipuram	205D	1.06	7.913263	81.536601	7	096
LK-5109040	Kumburumulai	203B	7.28	7.888989	81.551874	11	096
LK-5109045	Sungankerny	202C	1.61	7.886533	81.533001	11	096
LK-5109050	Kinnaiyady	202B	1.66	7.882882	81.524278	11	096
LK-5109055	Karuwakerni	202A	1.73	7.899431	81.535161	10	096
LK-5109060	Meeravodai Tamil	202	0.94	7.896388	81.519424	10	096
LK-5109065	nan	205C	0.54	7.897505	81.524634	5	096
LK-5110005	Punanai West	210E	18.29	7.94602	81.407297	36	096
LK-5110010	Vahaneri	210	25.53	7.926789	81.443583	36	096
LK-5110015	Maruththanai	209A	100.17	7.907653	81.380094	34	096
LK-5110020	Uthuchchenai	210A/2	26.95	7.925193	81.30542	36	096
LK-5110025	Kallichchai	210A	3.63	7.927905	81.261982	36	096
LK-5110030	Vadamunai	210A/1	18.69	7.911007	81.262445	36	096
LK-5110035	Kudumpimalai	209D	266.16	7.836137	81.326234	34	096
LK-5110040	Perillaveli	209	57.06	7.824487	81.449469	34	096
LK-5110045	Poolakadu	209C	29.14	7.880526	81.489088	34	096
LK-5110050	Kiran East	203	4.24	7.869227	81.55413	34	096
LK-5110055	Kiran West	203A	3.26	7.867084	81.532033	34	096
LK-5110060	Korakallimadu	203C	4.07	7.857696	81.55221	34	096
LK-5110065	Santhiveli	200	1.2	7.842382	81.54582	34	096
LK-5110070	Palaiyadithona	200B	5.48	7.8478	81.563186	34	096
LK-5110075	Thevapuram	199A	1.87	7.831292	81.561308	34	096
LK-5110080	Murakkottanchenai	199	0.96	7.827997	81.55401	34	096
LK-5110085	Thihiliveddai	200A	7.21	7.843276	81.528821	34	096
LK-5110090	Koraveli	209B	24.44	7.838629	81.497735	34	096
LK-5112005	Sittandy 3	201 - 3	6.17	7.812139	81.534789	10	096
LK-5112006	nan	201 - 3	0.87	7.798223	81.620795	10	096
LK-5112010	Sittandy 2	201 - 2	0.15	7.821382	81.552515	8	096
LK-5112014	nan	201 - 3	0.39	7.789386	81.605642	10	096
LK-5112015	Sittandy 4	201-4	1.22	7.814079	81.55579	10	096
LK-5112016	nan	201 - 3	0.15	7.79531	81.606313	10	096
LK-5112020	Sittandy 1	201 -1	0.71	7.820952	81.55992	8	096
LK-5112025	Mavadivembu 2	197E	0.45	7.819241	81.564554	9	096
LK-5112030	Mavadivembu 1	197A	1.65	7.812427	81.566279	9	096
LK-5112035	Kaluwankerny 1	198	6.76	7.832264	81.579332	7	096
LK-5112040	Kaluwankerny 2	198A	2.98	7.814783	81.594607	7	097
LK-5112045	Thalavai	193	7.96	7.811571	81.615187	6	097
LK-5112050	Iyankerny Tamil	193C	1.59	7.795199	81.598111	6	097
LK-5112055	Kommathurai North	196B	1.35	7.80086	81.591831	12	096
LK-5112060	Palachcholai	197C	3.09	7.80897	81.585291	7	096
LK-5112065	Vantharumoolai East	197	1.24	7.801268	81.579235	11	096
LK-5112070	Vantharumoolai West	197B	12.84	7.794677	81.55604	11	096
LK-5112075	Eralakkulam	201A	226.89	7.739272	81.353361	15	096
LK-5112080	Mylavedduvan	197D	7.14	7.76479	81.532426	11	096
LK-5112085	Koduwamadu	195A	14.7	7.764074	81.568665	14	097
LK-5112090	Kommathurai West	196A	2.47	7.785429	81.578211	12	096
LK-5112095	Kommathurai East	196	0.63	7.792616	81.588261	12	096
LK-5112100	Chenkalady-2	195	0.88	7.784651	81.588957	13	096
LK-5112105	Chenkalady-1	195-1	0.66	7.787023	81.597088	6	097
LK-5112110	Iyankerny Muslim	193D	0.61	7.787677	81.609983	5	097
LK-5112115	Meerakerny	193E	1.82	7.790749	81.617729	3	097
LK-5112120	Michnagar	193B	1.15	7.780385	81.617286	4	097
LK-5112125	Savukkady	193A	5.76	7.783328	81.63639	2	097
LK-5112130	Thannamunai	189A	1.48	7.754214	81.644041	1	097
LK-5112135	Mylampavely	189B	3.28	7.761374	81.633179	1	097
LK-5112140	Arumugathan Kudiyiruppu 2	189C	0.67	7.769567	81.620133	2	097
LK-5112145	Arumugathan Kudiyiruppu 1	189	0.43	7.771882	81.61505	2	096
LK-5112150	Kumaraveliyar Kiramam	195B	1.02	7.775916	81.595168	13	096
LK-5112155	Pankudahvely	186	8.71	7.743293	81.561635	14	097
LK-5112160	Vepavedduwan	186A	55.82	7.732181	81.516709	14	097
LK-5112165	Karadiyanaru	185A	18.17	7.691217	81.543262	16	097
LK-5112170	Marappalam	185C	17.28	7.684094	81.510407	16	097
LK-5112175	Kithul	185B	53.2	7.669785	81.447247	16	097
LK-5112180	Rugam	185	30.37	7.633396	81.472844	17	097
LK-5112185	Koppavely	146A	25.47	7.606702	81.497992	17	097
LK-5112190	Periyapullumalai	146	53.83	7.568959	81.473405	17	097
LK-5112195	Gemunupura	135A	15.11	7.522429	81.525216	18	097
LK-5112200	nan	201 - 3	0.33	7.782865	81.598353	10	096
LK-5112210	nan	201 - 3	0.18	7.78147	81.601416	10	096
LK-5112215	nan	201 - 3	1.08	7.790254	81.627327	10	096
LK-5112230	Eravur 06	201 - 3	0.05	7.772831	81.600984	10	096
LK-5112235	nan	201 - 3	0.45	7.776349	81.60046	10	096
LK-5115007	nan	192	0.05	7.779605	81.602816	22	097
LK-5115015	Eravur 03	192	0.27	7.780552	81.604839	22	097
LK-5115020	Eravur 03A	192B	0.2	7.778951	81.607191	22	097
LK-5115025	Eravur 02	191	0.12	7.776691	81.608241	22	097
LK-5115030	Eravur 02B	191B	0.07	7.779863	81.610522	22	097
LK-5115035	Eravur 02C	191C	0.14	7.777262	81.611405	22	097
LK-5115040	Eravur 02A	191A	0.11	7.774119	81.61019	22	097
LK-5115045	Eravur 01B	190B	0.11	7.775116	81.613297	22	097
LK-5115050	Eravur 01	190	0.15	7.774126	81.614596	22	097
LK-5115055	Eravur 01A	190A	0.23	7.771027	81.609766	22	097
LK-5115060	Eravur 06A	192C	0.18	7.772554	81.606318	22	097
LK-5115065	Eravur 06D	192D	0.11	7.773898	81.604307	22	097
LK-5115070	Eravur 06	192A	0.1	7.774126	81.602573	22	097
LK-5118005	Palameenmadu	173C	1.63	7.756286	81.67861	11	097
LK-5118010	Navalady	172	1.68	7.745323	81.701844	11	097
LK-5118015	Amirthakali	173	0.85	7.741626	81.69366	11	097
LK-5118020	Punnachcholai	173D	0.5	7.742345	81.688571	11	097
LK-5118025	Thiraimadu	173E	2.86	7.755318	81.671126	11	097
LK-5118030	Saththurukondan	176A	7.38	7.759276	81.653646	11	097
LK-5118035	Panichchaiyady	176D	1.48	7.752414	81.667568	11	097
LK-5118040	Kokkuvil	176	2.18	7.737022	81.667186	11	097
LK-5118045	Sinna Oorani	176F	1.07	7.737022	81.675733	11	097
LK-5118050	Jayanthipuram	176G	0.21	7.734979	81.685365	11	097
LK-5118055	Karuvappankerny	176B	0.57	7.738493	81.685427	11	097
LK-5118060	Mamangam	173A	0.21	7.736113	81.69183	11	097
LK-5118065	Koolavadi	173F	0.08	7.733566	81.693936	11	097
LK-5118070	Koolavadi East	173I	0.11	7.732822	81.696588	11	097
LK-5118075	Thamaraikerny	177B	0.51	7.725666	81.698429	11	097
LK-5118080	Periya Uppodai	178A	0.82	7.729555	81.701258	11	097
LK-5118085	Dutch Bar	172C	0.25	7.727353	81.712045	11	097
LK-5118090	Thissaweerasingam Square	173J	0.18	7.729862	81.695844	11	097
LK-5118095	Iruthayapuram East	173B	0.31	7.729726	81.690672	11	097
LK-5118100	Iruthayapuram Central	176H	0.1	7.731909	81.685112	11	097
LK-5118105	Iruthayapuram West	176E	0.34	7.734803	81.681754	11	097
LK-5118110	Periya Oorani	176C	0.24	7.73062	81.680988	11	097
LK-5118115	Gnanasooriyam Square	173G	0.25	7.727724	81.68863	11	097
LK-5118120	Vettukkadu	173K	0.09	7.726223	81.692262	11	097
LK-5118125	Barathipuram	173H	0.25	7.72386	81.694421	11	097
LK-5118130	Thandavanveli	177	0.64	7.721144	81.691327	11	097
LK-5118135	Arasadi	177A	0.16	7.717165	81.700388	11	097
LK-5118140	Koddamunai	178	0.23	7.71889	81.703014	11	097
LK-5118145	Kallady Mugaththuwaram	172A	0.33	7.720439	81.711096	11	097
LK-5118150	Thiruchendhoor	172B	0.49	7.721015	81.715131	11	097
LK-5118155	Kallady	171	0.86	7.711604	81.709327	11	097
LK-5118160	Kallady Veloor	171C	1.08	7.710653	81.718177	11	097
LK-5118165	Kallady Uppodai	171B	0.6	7.705812	81.719472	11	097
LK-5118170	Puliyantivu East	179A	5.61	7.68729	81.69984	11	097
LK-5118175	Puliyantivu Central	179B	0.22	7.712038	81.697277	11	097
LK-5118180	Puliyantivu West	179	0.25	7.711934	81.693806	11	097
LK-5118185	Puliyantivu South	179C	0.53	7.707837	81.689701	11	097
LK-5118190	Thiruperunthurai	181A	3.05	7.718024	81.67444	11	097
LK-5118195	Puthunagar	181C	0.88	7.700554	81.680047	11	097
LK-5118200	Seththukudah	181D	1.55	7.704451	81.678896	11	097
LK-5118205	Veechchukalmunai	181B	0.2	7.699171	81.685368	11	097
LK-5118210	Thimilathivu	181	1.09	7.694591	81.678405	11	097
LK-5118215	Nochchimunai	171A	1.7	7.70007	81.717304	11	097
LK-5118220	Navatkudah	168B	0.39	7.69534	81.716955	11	097
LK-5118225	Navatkudah East	168C	0.68	7.695626	81.723761	11	097
LK-5118230	Navatkudah South	168D	0.26	7.690902	81.719507	11	097
LK-5118235	Manjanthoduvai North	168	0.25	7.688112	81.721015	11	097
LK-5118240	Manjanthoduvai South	168A	0.5	7.685793	81.721516	11	097
LK-5121005	Narippulthoddam	184D	3.71	7.713235	81.571113	40	097
LK-5121010	Mahilavedduvaan	184	5.07	7.709419	81.586769	40	097
LK-5121015	Karaveddi	183	11.88	7.693254	81.608857	40	097
LK-5121020	Vilavedduwan	183A	3.04	7.724417	81.623901	40	097
LK-5121025	Naavatkaadu	182B	3.78	7.709775	81.635519	40	097
LK-5121030	Eachchantivu	182	1.43	7.715694	81.647702	40	097
LK-5121035	Mankikaddu	182C	3.85	7.696696	81.638817	40	097
LK-5121040	Vavunativu	182A	7.46	7.685747	81.638947	40	097
LK-5121045	Ayiththiyamalai South	184C	9.94	7.67179	81.577968	40	097
LK-5121050	Ayiththiyamalai North	184B	15.56	7.677084	81.561904	40	097
LK-5121055	Nediyamadu	184E	9.83	7.645806	81.561179	40	097
LK-5121060	Pavatkodichenai	148A	25.61	7.646919	81.603909	40	097
LK-5121065	Kurinchamunai	149B	9.95	7.668581	81.634795	40	097
LK-5121070	Paruththichenai	149D	2.69	7.663837	81.653212	40	097
LK-5121075	Kannankudah	149	0.55	7.678522	81.677063	40	097
LK-5121080	Mandapathadi	149C	3.88	7.668445	81.677786	40	097
LK-5121085	Karaiyakkantivu	149A	5.71	7.658554	81.682674	40	097
LK-5121090	Puthumandapaththadi	149E	11.38	7.645978	81.645518	40	097
LK-5121095	Ganthinagar	148C	9.48	7.613351	81.584562	40	097
LK-5121100	Unnichchai	184A	61.12	7.59287	81.543975	40	097
LK-5121105	Panchenai	148B	33.35	7.581704	81.591271	40	097
LK-5121110	Iluppadichenai	148	9.69	7.631603	81.655604	40	097
LK-5121115	Koththiyapulai	148E	5.05	7.625655	81.695671	40	097
LK-5121120	Kaanchirankudah	148D	26.6	7.603347	81.644425	40	097
LK-5124005	Kattankudy Division 1	167	0.1	7.684779	81.722349	21	097
LK-5124009	nan	167	0.02	7.676588	81.736167	21	097
LK-5124010	Kattankudy Division 1 South	167E	0.13	7.68343	81.72309	21	097
LK-5124015	Kattankudy Division 2	166	0.14	7.682222	81.72492	21	097
LK-5124017	nan	167	0.03	7.676133	81.73902	21	097
LK-5124020	Kattankudy Division 2 North	166A	0.35	7.685683	81.728158	21	097
LK-5124025	New Kattankudy North	167A	0.59	7.690089	81.732836	21	097
LK-5124030	New Kattankudy South	167C	0.47	7.686297	81.73599	21	097
LK-5124035	Kattankudy Division 3 East	165B	0.16	7.681756	81.729783	21	097
LK-5124040	Kattankudy Division 3	165	0.09	7.679957	81.724631	21	097
LK-5124045	Kattankudy Division 3 West	165A	0.07	7.679994	81.721852	21	097
LK-5124050	Kattankudy Division 4 West	164C	0.08	7.677069	81.724197	21	097
LK-5124055	Kattankudy Division 4	164	0.08	7.678879	81.726683	21	097
LK-5124060	Kattankudy Division 6	162	0.2	7.679934	81.732052	21	097
LK-5124065	New Kattankudy West	167D	0.14	7.680204	81.735849	21	097
LK-5124070	New Kattankudy East	167B	0.69	7.681907	81.739793	21	097
LK-5124075	Kattankudy Division 6 South	162A	0.18	7.677137	81.734263	21	097
LK-5124080	Kattankudy Division 6 West	162B	0.16	7.676675	81.72951	21	097
LK-5124085	Kattankudy Division 5	164A	0.14	7.676121	81.726324	21	097
LK-5124090	Kattankudy Division 5 South	164B	0.06	7.674173	81.727165	21	097
LK-5127005	Kirankulam North	150	2.47	7.612579	81.768909	37	097
LK-5127010	Kirankulam South	150A	1.5	7.601194	81.774111	37	097
LK-5127015	Kirankulam	150B	0.84	7.605356	81.772304	37	097
LK-5127018	nan	150	0.23	7.675781	81.742827	37	097
LK-5127020	Kirankulam Central	150C	0.56	7.607954	81.771172	37	097
LK-5127025	Puthukudiyiruppu	151	0.54	7.637269	81.764183	37	097
LK-5127030	Puthukudiyiruppu South	151A	4.95	7.625144	81.76401	37	097
LK-5127035	Puthukudiyiruppu North	151B	1.57	7.641736	81.759271	37	097
LK-5127040	Palamunai	152	1.61	7.661087	81.750433	37	097
LK-5127045	Thalankudah	153	0.87	7.647979	81.743612	37	097
LK-5127050	Manmunai	153A	0.76	7.643267	81.739947	37	097
LK-5127055	Vedarkudiyiruppu	153B	2.18	7.647108	81.754585	37	097
LK-5127060	Mavilankanthurai	154	1.39	7.648526	81.73199	37	097
LK-5127065	Kankeyanodai	155	0.15	7.665214	81.728182	37	097
LK-5127070	Ollikulam	155A	0.66	7.653232	81.736471	37	097
LK-5127075	Kankeyanodai South	155B	0.84	7.658561	81.726113	37	097
LK-5127080	Arayampathy 3	156	0.09	7.667662	81.728336	37	097
LK-5127085	Rajadurai Gramam	156A	0.2	7.66637	81.734483	37	097
LK-5127090	Arayampathy South	156B	0.39	7.661343	81.733295	37	097
LK-5127095	Kovilkulam	156C	0.46	7.660941	81.737938	37	097
LK-5127100	Arayampathy Central	156D	0.17	7.668396	81.73308	37	097
LK-5127105	Arayampathy 2	157	0.1	7.673313	81.730951	37	097
LK-5127110	Selvanagar	157A	0.7	7.661765	81.742285	37	097
LK-5127115	Selvanagar East	157B	1.04	7.668499	81.745345	37	097
LK-5127120	Arayampathy East	157C	0.82	7.673014	81.739906	37	097
LK-5127125	Arayampathy North	157D	0.18	7.671236	81.732346	37	097
LK-5127130	Arayampathy 1	158	0.1	7.671774	81.727947	37	097
LK-5127135	Arayampathy West	158A	0.1	7.67107	81.727132	37	097
LK-5130005	Munaikkadu West	133A	0.9	7.622024	81.702518	39	098
LK-5130010	Munaikkadu North	133C	0.57	7.630572	81.703116	39	098
LK-5130011	nan	133A	1.25	7.557732	81.693734	39	098
LK-5130015	Munaikkadu East	133	0.15	7.626037	81.707362	39	098
LK-5130020	Muthalaikkudah West	131A	1.13	7.630065	81.709243	39	098
LK-5130025	Muthalaikkudah	131	2.68	7.633599	81.718112	39	098
LK-5130030	Mahiladitivu	129A	1.41	7.622059	81.724021	39	098
LK-5130035	Mahiladitivu South	129B	1.29	7.622265	81.718249	39	098
LK-5130040	Kokkadicholai	134	1.28	7.613811	81.710249	39	098
LK-5130045	Munaikkadu South	133B	0.39	7.620947	81.709253	39	098
LK-5130050	Kokkadicholai South	134A	1.49	7.603305	81.706173	39	098
LK-5130055	Pandariyaveli	129	5.36	7.610651	81.738905	39	098
LK-5130060	Arasaditivu North	128C	0.56	7.603692	81.722019	39	098
LK-5130065	Paddippalai	128B	2.01	7.594565	81.708279	39	098
LK-5130070	Kuluvinamadu	135B	17.07	7.591425	81.682509	39	098
LK-5130075	Arasaditivu	128	7.33	7.590332	81.716547	39	098
LK-5130080	Kadukkamunai	128A	6.01	7.587367	81.733931	39	098
LK-5130085	Ampilanthurai North	127B	1.22	7.584991	81.754659	39	098
LK-5130090	Ampilanthurai	127	2.42	7.574315	81.758473	39	098
LK-5130095	Ampilanthurai West	127A	2.16	7.574287	81.74794	39	098
LK-5130100	Katchenai	127C	8.82	7.568245	81.722266	39	098
LK-5130105	Mavadimunmaari	135	7.02	7.574343	81.69447	39	098
LK-5130110	Thanthamalai	135A	36.65	7.55818	81.620559	39	098
LK-5130115	Kachchakodi	135C	33.63	7.527922	81.597913	39	098
LK-5130120	Panichchiyadimunmari	135D	2.35	7.554122	81.676543	39	098
LK-5133005	Selvapuram	107F	9.4	7.538718	81.652616	41	098
LK-5133010	Vammiyadiyoottu	107C	3.29	7.540436	81.677848	41	098
LK-5133015	Thumpankerni (Y.F.S.)	107H	2.69	7.543732	81.692059	41	098
LK-5133019	nan	107F	2.65	7.496799	81.656932	41	098
LK-5133020	Kalumunthanveli	107E	2.62	7.551409	81.705965	41	098
LK-5133025	Ganthipuram	107B	5.3	7.549651	81.725519	41	098
LK-5133030	Mavetkudah	107D	4.36	7.554492	81.744103	41	098
LK-5133035	Vipulananthapuram	107G	0.34	7.544436	81.758832	41	098
LK-5133040	Palugaamam I	107	0.58	7.54489	81.76604	41	098
LK-5133045	Palugaamam II	106	0.49	7.538964	81.76563	41	098
LK-5133050	Vanninagar	106D	0.43	7.537879	81.759114	41	098
LK-5133055	Veeranchenai	106B	2.56	7.537996	81.737836	41	098
LK-5133060	Thumpankerni	106C	6.21	7.534934	81.719907	41	098
LK-5133065	Suravanayadiyoottu	106E	1.72	7.5255	81.714542	41	098
LK-5133070	Thikkodai	106A	6.54	7.52295	81.690987	41	098
LK-5133075	Navagrinagar	107A	8.97	7.512343	81.670008	41	098
LK-5133080	Kannapuram	99 G	3.19	7.475811	81.663438	41	098
LK-5133085	Paalaiyadivaddai	99B	5.61	7.49717	81.67794	41	098
LK-5133090	Nellikkadu	99 F	3.56	7.496747	81.700729	41	098
LK-5133095	Vivekananthapuram	99 J	5.87	7.510782	81.710711	41	098
LK-5133100	Vellaveli	99	9.47	7.500932	81.728189	41	098
LK-5133105	Punnakkulam	108B	1.85	7.516993	81.739968	41	098
LK-5133110	Kovilporativu West	109B	1.13	7.515555	81.750192	41	098
LK-5133115	Kovilporativu	109	0.4	7.520777	81.758137	41	098
LK-5133120	Munaitivu	108A	2.37	7.528005	81.752568	41	098
LK-5133125	Paddaapuram	108C	0.42	7.527526	81.762271	41	098
LK-5133130	Periyaporativu	108	1.5	7.525639	81.768279	41	098
LK-5133135	Kovilporativu South	109A	3.25	7.510758	81.759723	41	098
LK-5133140	Mandur 1 And 2 South	97B	2.79	7.475305	81.738996	41	098
LK-5133145	Mandur Kottamunai	96A	0.58	7.482776	81.766471	41	098
LK-5133150	Mandur 3	96	0.31	7.481837	81.762683	41	098
LK-5133155	Mandur 1 And 2 North	97	5.38	7.494984	81.747733	41	098
LK-5133160	Paalamunai	97A	1.64	7.471577	81.752399	41	098
LK-5133165	Thampalawattai	98	2.17	7.464951	81.748646	41	098
LK-5133170	Kaneshapuram	98C	1.38	7.463409	81.736317	41	098
LK-5133175	Sangarpuram	98B	2.66	7.453813	81.720757	41	098
LK-5133180	Palachcholai	99 I 	2.93	7.476	81.720348	41	098
LK-5133185	Kaakkachchivaddai	99A	2.29	7.487742	81.712058	41	098
LK-5133190	Kannapuram East	99K	3.67	7.479149	81.676155	41	098
LK-5133195	Vilanthoddam	99D	5.06	7.474554	81.691374	41	098
LK-5133200	Sinnawattai	99 C	8.53	7.451516	81.690102	41	098
LK-5133205	Maalaiyarkaddu	99 H	10.85	7.44138	81.671097	41	098
LK-5133210	Anaikaddiyaveli	99 E	6.54	7.459908	81.705611	41	098
LK-5133215	Raanamadu	98 A	5.66	7.422849	81.687665	41	098
LK-5136005	Kurukkalmadam North	126C	2.49	7.593362	81.780754	38	098
LK-5136010	Kurukkalmadam South	126	0.39	7.586838	81.787052	38	098
LK-5136015	Cheddipalayam North	126A1	0.89	7.581782	81.785782	38	098
LK-5136020	Cheddipalayam South	126A2	1.66	7.576127	81.784872	38	098
LK-5136025	Mankadu	123	1.73	7.569196	81.786575	38	098
LK-5136030	Thettativu North	122	1.47	7.562922	81.785288	38	098
LK-5136035	Thettativu South	122A	0.77	7.558905	81.786681	38	098
LK-5136040	Thettativu South - 02	122C	0.71	7.557036	81.787838	38	098
LK-5136045	Thettativu South - 01	122B	0.71	7.553669	81.776655	38	098
LK-5136050	Kaluthawalai 1	119	2.51	7.549342	81.788523	38	098
LK-5136055	Kaluthawalai Central	119B	0.72	7.54453	81.796434	38	098
LK-5136060	Kaluthawalai 2	119A	0.73	7.541896	81.788206	38	098
LK-5136065	Kaluthawalai 3	117	0.91	7.53909	81.789705	38	098
LK-5136070	Kaluthawalai 4	117A	1.21	7.534	81.799725	38	098
LK-5136075	Kaluthawalai 4 Santhipuram	117B	1.56	7.532475	81.788242	38	098
LK-5136080	Kaluwanchikudy North 1	116B	1.96	7.525782	81.793927	38	098
LK-5136085	Kaluwanchikudy North	116	0.95	7.521047	81.79444	38	098
LK-5136090	Paddiruppu	116C	0.59	7.513755	81.784512	38	098
LK-5136095	Eruvil North	115	0.8	7.51125	81.778073	38	098
LK-5136100	Kaluwanchikudy South	116A	2.53	7.512678	81.796297	38	098
LK-5136105	Onthachimadam North	111	1.31	7.506958	81.804225	38	098
LK-5136110	Eruvil East	115B	1.37	7.502601	81.792583	38	098
LK-5136115	Eruvil South	115A	1.31	7.502463	81.777789	38	098
LK-5136120	Kurumanvely 11 West	114B	0.86	7.497403	81.773881	38	098
LK-5136125	Kurumanvely 11 East	114	0.24	7.495528	81.779496	38	098
LK-5136130	Kurumanvely 12	114A	0.48	7.48659	81.780188	38	098
LK-5136135	Mahiloor West	110	1.48	7.485294	81.787388	38	098
LK-5136140	Mahiloor South West	110C	1.41	7.49671	81.788042	38	098
LK-5136145	Mahiloor East	110A	0.85	7.485654	81.796833	38	098
LK-5136150	Onthachimadam South	111A	0.66	7.499315	81.801248	38	098
LK-5136155	Koddaikallar North	113	0.39	7.493157	81.804701	38	098
LK-5136160	Koddaikallar West	113C	0.29	7.487866	81.805706	38	098
LK-5136165	Mahiloormunai	110B	0.74	7.480285	81.791339	38	098
LK-5136170	Koddaikallar East	113B	0.27	7.485418	81.805961	38	098
LK-5136175	Koddaikallar South	113A	0.33	7.481706	81.806365	38	098
LK-5136180	Periyakallar 01	76	0.36	7.476114	81.809847	38	098
LK-5136185	Periyakallar 01 South	76A	0.26	7.471475	81.809644	38	098
LK-5136190	Periyakallar 02 West	75B	0.32	7.468483	81.809973	38	098
LK-5136195	Periyakallar 02	75	0.24	7.465687	81.811185	38	098
LK-5136200	Periyakallar 03 South	75C	1.1	7.45767	81.813032	38	098
LK-5136205	Periyakallar 03	75A	0.21	7.46443	81.813819	38	098
LK-5136210	Thuraineelavanai North	74	0.94	7.454102	81.79935	38	098
LK-5136215	Thuraineelavanai North 01	74B	0.32	7.449226	81.800127	38	098
LK-5136220	Thuraineelavanai South	74A	0.31	7.446525	81.799683	38	098
LK-5136225	Thuraineelavanai South 01	74C	0.68	7.443065	81.800617	38	098
LK-5136230	nan	126C	0.83	7.596143	81.771739	38	098
LK-5136235	nan	126C	1.08	7.43606	81.803244	38	098
LK-5203005	Rideela	142L	16.92	7.703221	81.014619	34	099
LK-5203010	Bakmeedeniya	142K	13.86	7.679735	81.010391	34	099
LK-5203015	Dehiattakandiya	142J	20.94	7.676617	81.047321	34	099
LK-5203020	Kadirapura	142N	106.02	7.671944	81.084865	34	099
LK-5203025	Mawanagama	142I	12.76	7.644922	81.063864	34	099
LK-5203030	Lihiniyagama	142H	11.29	7.64644	81.027767	34	099
LK-5203035	Serupitiya	142G	17.66	7.634621	81.001922	34	099
LK-5203040	Sandamadulla	142F	11.43	7.615	81.024037	34	099
LK-5203045	Sandunpura	142E	79.26	7.593818	81.12884	34	099
LK-5203050	Paranagama	142C	35.4	7.56567	81.086127	34	099
LK-5203055	Ihalagama	142D	10.58	7.585646	81.030341	34	099
LK-5203060	Nawa Medagama	142B	9.08	7.566144	81.029859	34	099
LK-5203065	Wewmedagama	142A	28.97	7.529874	81.064079	34	099
LK-5206005	Galode	141A	121.0	7.511682	81.241846	41	099
LK-5206010	Palathuruwella	137C	4.73	7.476983	81.29451	41	099
LK-5206015	Pulungasmulla	137D	15.39	7.487456	81.271735	41	099
LK-5206020	Serankada	137A	8.84	7.444507	81.277234	41	099
LK-5206025	Unapana	141B	7.41	7.441373	81.23469	41	099
LK-5206030	Hagamwela	141C	23.76	7.436369	81.207518	41	099
LK-5206035	Kirawana	140C	14.98	7.395416	81.216778	41	099
LK-5206040	Padiyathalawa	140A	4.57	7.397942	81.238198	41	099
LK-5206045	Thalapitaoya Left	140D	3.83	7.399122	81.254144	41	099
LK-5206050	Saranagama	141D	7.91	7.417184	81.265722	41	099
LK-5206055	Pallegama	141	6.04	7.445121	81.265182	41	099
LK-5206060	Moradeniya	137B	19.84	7.434604	81.303364	41	099
LK-5206065	Thalapitaoya South	140B	10.14	7.396462	81.276205	41	099
LK-5206070	Holike	138	9.02	7.376737	81.268639	41	099
LK-5206075	Kehelulla	140	17.63	7.358576	81.224533	41	099
LK-5206080	Miriswatta	138A	15.89	7.335326	81.259569	41	099
LK-5206085	Kolamanthalawa	138B	22.74	7.322354	81.288773	41	099
LK-5206090	Dorakumbura	139	11.99	7.350002	81.302131	41	099
LK-5206095	Marangala	139A	10.91	7.383645	81.307869	41	099
LK-5206100	Komana	139B	51.6	7.310698	81.306404	41	099
LK-5209005	Bogamuyaya	144B /1	291.19	7.631143	81.299932	38	099
LK-5209010	Tempitiya	145	28.22	7.619755	81.422117	38	099
LK-5209015	Poolawala	145A	21.16	7.583886	81.417586	38	099
LK-5209020	Bedirekka	144C	14.95	7.575029	81.386552	38	099
LK-5209025	Unuwathura Bubula	144B	20.36	7.572845	81.353933	38	099
LK-5209030	Iddapola	144A/1	7.18	7.504896	81.296507	38	099
LK-5209035	Thepelpola	144D	5.57	7.53828	81.345291	38	099
LK-5209040	Mahaoya	144	3.44	7.532829	81.356956	38	099
LK-5209045	Samagipura	136A / 2	8.98	7.535919	81.378293	38	099
LK-5209050	Borapola	136A / 1	15.61	7.51337	81.395504	38	099
LK-5209055	Kelavinna	136	16.91	7.495658	81.374761	38	099
LK-5209060	Dambadeniya	137A/1	12.1	7.51869	81.340419	38	099
LK-5209065	Kekirihena	144A	19.2	7.493882	81.314799	38	099
LK-5209070	Kudaharasgala	137A / 2	19.2	7.472808	81.340928	38	099
LK-5209075	Lahugala	137	65.68	7.414241	81.340969	38	099
LK-5209080	Pollebedda	136B	64.04	7.45704	81.41247	38	099
LK-5209085	Aranthalawa	136A	66.61	7.507018	81.464322	38	099
LK-5212005	Piyangala	W/104/5	20.89	7.494118	81.588517	45	099
LK-5212010	Nugelanda North	W/104/1	2.1	7.505383	81.643508	45	099
LK-5212015	Nugelanda South	W/104/2	1.21	7.493302	81.645517	45	099
LK-5212020	Bakkiella	W/104	4.05	7.476261	81.652011	45	099
LK-5212025	Rajagalathenna South	W/104/4	7.27	7.465379	81.619168	45	099
LK-5212030	Rajagalathenna North	W/104/3	10.73	7.484685	81.625743	45	099
LK-5212035	Gonagolla	W/104B/1	4.93	7.447642	81.628648	45	099
LK-5212040	Galapitagala West	W/104C/1	4.72	7.448966	81.64368	45	099
LK-5212045	Galapitagala East	W/104C	1.93	7.454211	81.654112	45	099
LK-5212050	Kothmale	W/104A/1	3.11	7.425153	81.6501	45	099
LK-5212055	Mayadunna	W/104A	6.58	7.422796	81.631821	45	099
LK-5212060	Nawagiriyawa	W/104B	10.73	7.44076	81.607751	45	099
LK-5212065	Bandaradoowa	W/104B/2	151.49	7.448646	81.535131	45	099
LK-5212070	Lathugala	W/100/1	55.11	7.375815	81.523831	45	099
LK-5212075	Bokkabedda	W/100	14.19	7.37389	81.583331	45	099
LK-5212080	Kohombana	W/102	1.46	7.383323	81.621091	45	099
LK-5212085	Walagampura	W/102/1	11.95	7.394869	81.60115	45	099
LK-5212090	Verenketagoda	W/102A	7.17	7.403879	81.611651	45	099
LK-5212095	Senagama North	W/102A/1	2.82	7.407789	81.639842	45	099
LK-5212100	Senagama South	W/102A/2	4.25	7.403187	81.654817	45	099
LK-5212105	Gonagala	W/104C/2	2.92	7.432852	81.656982	45	099
LK-5212110	Veheragama East	W/94A/2	3.03	7.42282	81.714726	45	099
LK-5212115	Veheragama West	W/94A/3	1.33	7.421247	81.704391	45	099
LK-5212120	Gemunupura	W/94//A/4	2.73	7.406453	81.713889	45	099
LK-5212125	Siyambalawewa	W94A/5	2.24	7.397307	81.705877	45	099
LK-5212130	Rajagama North	W/94A	2.1	7.42155	81.696897	45	099
LK-5212135	Rajagama South	W/94A/1	2.52	7.401226	81.697619	45	099
LK-5212140	Suhadagama North	W/93A/2	1.74	7.409027	81.677844	45	099
LK-5212145	Suhadagama South	W/93A/3	2.27	7.407759	81.689141	45	099
LK-5212150	Kumarigama	W/88B/3	2.69	7.389863	81.66157	45	099
LK-5212155	Komariya	W/88B/2	2.96	7.385695	81.64976	45	099
LK-5212160	Udagirigama West	W/88B/1	1.42	7.377193	81.640717	45	099
LK-5212165	Udagirigama East	W/88B	4.33	7.37977	81.629583	45	099
LK-5212170	Galahitiyagoda	W/88A	7.68	7.356765	81.6082	45	099
LK-5212175	Mahakandiya	W/100A/1	19.0	7.324396	81.596803	45	099
LK-5212180	Kahatagasyaya	W/100A	42.43	7.321876	81.550812	45	099
LK-5212185	Velikahagolla	W/88A/1	6.36	7.351447	81.620658	45	099
LK-5212190	Dematamalpelessa	W/88A/2	3.96	7.35153	81.639245	45	099
LK-5212195	Uhana	W/88	2.03	7.366031	81.63751	45	099
LK-5212200	Uhana Thissapura East	W/88/1	6.54	7.361608	81.67245	45	099
LK-5212205	Uhana Thissapura West	W/88/2	7.12	7.355341	81.659876	45	099
LK-5212210	Udayapura	W/93A/1	3.72	7.384747	81.673904	45	099
LK-5212215	Sandanadapura	W/93A	3.79	7.390293	81.683006	45	099
LK-5212220	Weeragoda North	W/93C/4	3.06	7.383524	81.696769	45	099
LK-5212225	Weeragoda South	W/93C/3	5.5	7.366539	81.697245	45	099
LK-5212230	Dadayanthalawa West	W/93B/1	6.13	7.374339	81.719456	45	099
LK-5212235	Dadayanthalawa East	W/93B	2.55	7.388461	81.724511	45	099
LK-5212240	Wijayapura East	W/93B/2	2.79	7.402412	81.730544	45	099
LK-5212245	Wijayapura West	W/93B/3	2.13	7.3953	81.726203	45	099
LK-5212250	Kumudugama	W/93C/2	4.06	7.352938	81.731566	45	099
LK-5212255	Ruhunugama	W/93C/1	3.98	7.359195	81.714346	45	099
LK-5212260	Buddhangala	W/93C	21.71	7.335613	81.694421	45	099
LK-5212265	Palam Kandavura	W/88/3	3.59	7.342643	81.650723	45	099
LK-5212270	Himidurawa	W/88C	14.04	7.313031	81.622652	45	099
LK-5212275	Abhayapura	W/88C/1	4.41	7.287878	81.608544	45	099
LK-5215005	Dambethalawa	W/86C	25.43	7.294296	81.539707	39	099
LK-5215010	Samapura	W/89B	14.85	7.275401	81.653793	21/39	099
LK-5215015	Karangawa	W/89J	14.22	7.307457	81.650844	21/39	099
LK-5215020	Gemunupura	W/89G	0.63	7.305996	81.673076	21	099
LK-5215025	Thissapura	W/89C	1.71	7.309282	81.681616	21	099
LK-5215030	Nawagampura	W/89I	4.57	7.307243	81.699796	21	099
LK-5215035	Senanayakepura	W/89D	3.38	7.283237	81.684098	21/39	099
LK-5215040	Jayawardhanapura	W/89A	1.22	7.29771	81.681157	21	099
LK-5215045	Indrasarapura	W/89E	0.77	7.297246	81.674162	21	099
LK-5215050	Mihindupura	W/89H	1.35	7.292311	81.694797	21/39	099
LK-5215055	Saddhathissapura	W/89F	0.74	7.298755	81.688802	21	099
LK-5215060	Kotavehera	W/89K	7.66	7.269608	81.629707	39	099
LK-5215065	Paragahakele East	W/86J	5.0	7.258035	81.611225	39	099
LK-5215070	Paragahakele West	W/86	6.16	7.251522	81.599801	39	099
LK-5215075	Ambagahawella	W/86B	12.53	7.270119	81.585382	39	099
LK-5215080	Ambamalthalawa	W/86H	5.54	7.265794	81.565176	39	099
LK-5215085	Namalthalawa	W/86I	5.51	7.264712	81.548943	39	099
LK-5215090	Namaloya II	W/86G	8.75	7.271927	81.546732	39	099
LK-5215095	Polwaga Janapadaya	W/86F	7.17	7.239996	81.556831	39	099
LK-5215100	Wavinna North	W/86D	1.97	7.247628	81.588109	39	099
LK-5215105	Wavinna South	W/86E	6.79	7.239038	81.595479	39	099
LK-5215110	Namaloya I	W/86A	3.57	7.226487	81.567879	39	099
LK-5216005	Central Camp 01	SP/93/A	5.58	7.391373	81.7497	47	100
LK-5216010	Central Camp 02	SP/93/B	3.64	7.405649	81.745258	47	100
LK-5216015	Central Camp 03	SP/93C	0.86	7.418549	81.729295	47	100
LK-5216020	Central Camp 05	SP/93E	1.94	7.432184	81.733369	47	100
LK-5216025	Central Camp 06	SP/93/F	2.56	7.436113	81.719128	47	100
LK-5216030	Central Camp 04	SP/93D	1.28	7.427492	81.735034	47	100
LK-5216035	Chalambaikerny 03	SP/94D	2.26	7.438146	81.745946	47	100
LK-5216040	Chalambaikerny 04	SP/94E	3.2	7.423519	81.747685	47	100
LK-5216045	Chalambaikerny 05	SP/94F	2.52	7.417428	81.765969	47	100
LK-5216050	Chalambaikerny 01	SP/94A	2.5	7.406848	81.76375	47	100
LK-5216055	Chalambaikerny 02	SP/94B	0.38	7.409073	81.775701	47	100
LK-5216060	Sorikalmunai 3	SP/90B	7.59	7.403071	81.787752	47	100
LK-5216065	Sorikalmunai 1	SP/90	2.73	7.389975	81.787348	47	100
LK-5216070	Sorikalmunai 2	SP/90A	11.97	7.376464	81.769185	47	100
LK-5216075	Chavalakade	SP/93	3.63	7.418405	81.782792	47	100
LK-5216080	Navithanveli 02	SP/94/2	2.61	7.432228	81.7605	47	100
LK-5216085	Annamalai 03	SP/95/C	3.97	7.447233	81.728415	47	100
LK-5216090	Annamalai 02	SP/95/B	5.56	7.451843	81.756691	47	100
LK-5216095	Navithanveli 01	SP/94/1	5.08	7.435049	81.778009	47	100
LK-5216100	Annamalai 01	SP/95A	9.95	7.463327	81.776157	47	100
LK-5218005	Veeramunai 04	92F	5.78	7.360914	81.771414	43	100
LK-5218010	Sammanthurai 08	81	0.89	7.381284	81.800766	43	100
LK-5218015	Sammanthurai 06	80	0.04	7.371012	81.803016	43	100
LK-5218020	Sammanthurai TD 01	77	1.45	7.382064	81.805942	43	100
LK-5218025	Sammanthurai TD 04	77E	3.7	7.381305	81.814131	43	100
LK-5218030	Sammanthurai TD 02	77C	0.13	7.369562	81.809838	43	100
LK-5218035	Sammanthurai 01	78C	0.07	7.369343	81.806821	43	100
LK-5218040	Sammanthurai 02	78	0.15	7.366662	81.805217	43	100
LK-5218045	Sammanthurai 05	78B	0.06	7.37031	81.804675	43	100
LK-5218050	Karuwaddukal 01	92A	0.1	7.364926	81.797355	43	100
LK-5218055	Karuwaddukal 03	92H	0.13	7.364806	81.801643	43	100
LK-5218060	Karuwaddukal 02	92G	0.12	7.363249	81.800774	43	100
LK-5218065	Sammanthurai 11	92C	0.06	7.367793	81.797135	43	100
LK-5218070	Sammanthurai 10	92B	0.06	7.368443	81.798577	43	100
LK-5218075	Sammanthurai 09	81A	0.1	7.367844	81.800245	43	100
LK-5218080	Sammanthurai 07	80A	0.06	7.367619	81.802137	43	100
LK-5218085	Sammanthurai 04	78A	0.05	7.367439	81.803575	43	100
LK-5218090	Sammanthurai TD 03	77D	0.12	7.366357	81.810477	43	100
LK-5218095	Maddakalaputharavai 02	77B	0.37	7.363057	81.812296	43	100
LK-5218100	Maddakalaputharavai 01	77A	0.09	7.365934	81.808268	43	100
LK-5218105	Sammanthurai 03	78D	0.1	7.36491	81.80674	43	100
LK-5218110	Veeramunai 03	92I	0.09	7.368126	81.794534	43	100
LK-5218115	Veeramunai 02	92E	0.07	7.369986	81.796131	43	100
LK-5218120	Veeramunai 01	92	0.72	7.377283	81.796623	43	100
LK-5218125	Sammanthurai 12	92D	0.22	7.365996	81.792905	43	100
LK-5218130	Malwatte 02	89D	2.84	7.335398	81.740458	43	100
LK-5218135	Block 'J' East 01	79	0.15	7.359545	81.803977	43	100
LK-5218140	Block 'J' West 02	79R	0.97	7.344651	81.801038	43	100
LK-5218145	Kallarichchel 02	79M	0.96	7.349892	81.807764	43	100
LK-5218150	Block 'J' West 01	79A	0.27	7.350392	81.796176	43	100
LK-5218155	Kallarichchel 03	79N	0.78	7.353028	81.81394	43	100
LK-5218160	Udanga 01	79B	0.2	7.362027	81.79441	43	100
LK-5218165	Udanga 02	79G	0.74	7.36028	81.7882	43	100
LK-5218170	Vilinayadi 01	79C	0.19	7.359941	81.796483	43	100
LK-5218175	Sennelgramam 01	79E	1.04	7.353405	81.781898	43	100
LK-5218180	Sennelgramam 02	79H	2.83	7.346488	81.785283	43	100
LK-5218185	Block 'J' East 03	79L	0.69	7.35957	81.81392	43	100
LK-5218190	Block 'J' East 02	79K	0.13	7.359973	81.806367	43	100
LK-5218195	Malayadikiramam 01	79F	0.19	7.354051	81.798678	43	100
LK-5218200	Malayadikiramam 03	79P	0.23	7.35681	81.794104	43	100
LK-5218205	Malwatte 03	89E	6.42	7.363997	81.743643	43	100
LK-5218210	Malwatte 01	89	4.29	7.339348	81.765241	43	100
LK-5218215	Malkampiddy	82	30.17	7.319576	81.794095	43	100
LK-5218220	Malayadikiramam 04	79Q	0.41	7.353799	81.79144	43	100
LK-5218225	Malayadikiramam 02	79O	0.21	7.356795	81.800049	43	100
LK-5218230	Vilinayadi 02	79I	0.09	7.359205	81.800537	43	100
LK-5218235	Vilinayadi 03	79J	0.15	7.361228	81.800642	43	100
LK-5218240	Kallarichchel 01	79D	0.17	7.356621	81.814107	43	100
LK-5218245	Valathapitty 02	89C	8.79	7.322104	81.757313	43	100
LK-5218250	Valathapitty 01	89B	27.82	7.299591	81.729482	43	100
LK-5218255	Malwatte 04	89A	3.47	7.343872	81.753289	43	100
LK-5221005	nan	KP/71/3	0.32	7.439184	81.815821	11	101
LK-5221010	nan	KP/71/2	0.13	7.440767	81.820395	11	101
LK-5221015	nan	KP/71/1	0.14	7.438291	81.817873	11	101
LK-5221020	nan	KP/71/4	0.22	7.436625	81.811786	11	101
LK-5221025	nan	KP/69/2	0.72	7.433477	81.810312	11	101
LK-5221030	nan	KP/66/1	0.32	7.430998	81.809394	11	101
LK-5221035	nan	KP/66/3	0.35	7.429229	81.809962	11	101
LK-5221040	nan	KP/66/4	0.52	7.428965	81.812261	11	101
LK-5221045	nan	KP/66/2	0.32	7.420599	81.808296	11	101
LK-5221050	nan	KP/66A/1	0.17	7.420337	81.811859	11	101
LK-5221055	nan	KP/66A/3	0.09	7.418581	81.812484	11	101
LK-5221060	nan	KP/66A/4	0.17	7.412582	81.809428	11	101
LK-5221065	nan	KP/66A/2	0.25	7.413347	81.807364	11	101
LK-5221070	nan	KP/61/5	0.59	7.416728	81.828384	11	101
LK-5221075	nan	KP/61/3	0.23	7.410684	81.835742	11	101
LK-5221080	nan	KP/61/2	0.66	7.405707	81.825942	11	101
LK-5221085	nan	KP/61/1	0.73	7.403715	81.827103	11	101
LK-5221090	nan	KP/62/3	0.08	7.409777	81.838215	11	101
LK-5221095	nan	KP/62/2	0.05	7.408466	81.83818	11	101
LK-5221100	nan	KP/62/1	0.11	7.40728	81.837977	11	101
LK-5221105	nan	KP/69/3	0.08	7.406373	81.837745	11	101
LK-5221110	nan	KP/69/1	0.07	7.405155	81.837895	11	101
LK-5221115	nan	KP/61/4	0.17	7.404275	81.836524	11	101
LK-5221120	nan	KP/61/6	0.08	7.405802	81.838294	11	101
LK-5221125	nan	KP/61/9	0.53	7.400329	81.82565	11	101
LK-5221130	nan	KP/61/8	0.09	7.402857	81.832948	11	101
LK-5221135	nan	KP/61/7	0.08	7.40198	81.838049	11	101
LK-5221140	nan	KP/59/1	0.12	7.401178	81.837422	11	101
LK-5221145	nan	KP/59/2	0.84	7.397981	81.825129	11	101
LK-5224005	Periyaneelavanai 01B	KP/72	0.44	7.454454	81.815595	11	101
LK-5224010	Periyaneelavanai 01A	KP/72A	0.5	7.450337	81.814354	11	101
LK-5224015	Periyaneelavanai 01	KP/67B	0.53	7.447176	81.812576	11	101
LK-5224020	Periyaneelavanai 02	KP/67	1.01	7.443491	81.813696	11	101
LK-5224025	Chenaikudiyiruppu 01A	KP/67A	2.28	7.428676	81.798243	11	101
LK-5224030	Pandiruppu 01	KP/67C	0.06	7.429259	81.821153	11	101
LK-5224035	Pandiruppu 01B	KP/67D	0.14	7.429064	81.817756	11	101
LK-5224040	Pandiruppu 01C	KP/68	0.62	7.425027	81.811928	11	101
LK-5224045	Pandiruppu 01A	KP/64	0.11	7.430134	81.824265	11	101
LK-5224050	Pandiruppu 02	KP/64B	0.27	7.426898	81.82181	11	101
LK-5224055	Pandiruppu 02B	KP/64A	0.09	7.42439	81.822132	11	101
LK-5224060	Pandiruppu 02C	KP/64D	0.31	7.422789	81.819207	11	101
LK-5224065	Pandiruppu 02A	KP/64C	0.16	7.426318	81.826108	11	101
LK-5224070	Kalmunai 01D	KP/59A	0.2	7.423646	81.828883	11	101
LK-5224075	Kalmunai 01B	KP/59	0.26	7.418597	81.825455	11	101
LK-5224080	Kalmunai 01A	KP/58	0.21	7.422491	81.824182	11	101
LK-5224085	Kalmunai 01	KP/58A	0.48	7.41661	81.821471	11	101
LK-5224090	Natpiddimunai Td 03	KP/58C	0.28	7.417992	81.816263	11	101
LK-5224095	Natpiddimunai Td 02	KP/58B	0.61	7.412646	81.814687	11	101
LK-5224100	Natpiddimunai Td 01	KP/56	0.11	7.412304	81.81046	11	101
LK-5224105	Chenaikudiyiruppu 01B	KP/56F	0.23	7.414053	81.8051	11	101
LK-5224110	Chenaikudiyiruppu 01	KP/56D	0.87	7.415993	81.799477	11	101
LK-5224115	Kalmunai 01C	KP/56B	0.14	7.416673	81.830494	11	101
LK-5224120	Kalmunai 01E	KP/56E	0.2	7.416883	81.833793	11	101
LK-5224125	Kalmunai 02B	KP/56C	0.1	7.414758	81.833849	11	101
LK-5224130	Kalmunai 02A	KP/56A	0.11	7.414031	81.834301	11	101
LK-5224135	Kalmunai 02	KP/55	1.55	7.41061	81.800124	11	101
LK-5224140	Kalmunai 03	KP/54A	0.42	7.408139	81.824716	11	101
LK-5224145	Kalmunai 03A	KP/54	0.4	7.406837	81.824532	11	101
LK-5225005	Sainthamaruthu 01	KP/53	0.47	7.396487	81.828677	11	101
LK-5225010	Sainthamaruthu 02	KP/53A	0.13	7.399412	81.840322	11	101
LK-5225015	Sainthamaruthu 03	KP/52	0.1	7.396842	81.835516	11	101
LK-5225020	Sainthamaruthu 04	KP/52B	0.09	7.397897	81.841161	11	101
LK-5225025	Sainthamaruthu 05	KP/52A	0.08	7.39559	81.83523	11	101
LK-5225030	Sainthamaruthu 06	KP/52C	0.07	7.396313	81.840171	11	101
LK-5225035	Sainthamaruthu 07	KP/50A	0.1	7.394591	81.835338	11	101
LK-5225040	Sainthamaruthu 08	KP/50B	0.11	7.395494	81.841428	11	101
LK-5225045	Sainthamaruthu 09	KP/50	1.05	7.389876	81.826985	11	101
LK-5225050	Sainthamaruthu 10	KP/50C	0.09	7.393863	81.841542	11	101
LK-5225055	Sainthamaruthu 11	KP/47A	0.11	7.391715	81.836239	11	101
LK-5225060	Sainthamaruthu 13	KP/47D	0.06	7.392127	81.841936	11	101
LK-5225065	Sainthamaruthu 12	KP/47B	0.07	7.393054	81.843025	11	101
LK-5225070	Sainthamaruthu 17	KP/47	0.11	7.389297	81.841972	11	101
LK-5225075	Sainthamaruthu 14	KP/47E	0.08	7.390083	81.836997	11	101
LK-5225080	Sainthamaruthu 15	KP/47F	0.1	7.39073	81.842252	11	101
LK-5225085	Sainthamaruthu 16	KP/47C	0.51	7.386987	81.833497	11	101
LK-5227005	Mavadipalli West	43A	1.18	7.371951	81.818806	46	102
LK-5227010	Mavadipalli East	43	2.69	7.372835	81.824678	46	102
LK-5227015	Maligaikadu West	44A	0.18	7.386241	81.83709	46	102
LK-5227020	Maligaikadu Central	44B	0.08	7.387599	81.842252	46	102
LK-5227025	Maligaikadu East	44C	0.09	7.387883	81.845365	46	102
LK-5227030	Karaitheevu 03	45A	0.18	7.385173	81.845044	46	102
LK-5227035	Karaitheevu 02	45	0.13	7.384669	81.841818	46	102
LK-5227040	Karaitheevu 01	44	0.3	7.383929	81.837053	46	102
LK-5227045	Karaitheevu 06	44D	0.28	7.38009	81.837342	46	102
LK-5227050	Karaitheevu 05	45C	0.16	7.380854	81.842893	46	102
LK-5227055	Karaitheevu 04	45B	0.17	7.381991	81.846296	46	102
LK-5227060	Karaitheevu 08	42B	0.29	7.377875	81.846867	46	102
LK-5227065	Karaitheevu 07	42	0.99	7.374518	81.836725	46	102
LK-5227070	Karaitheevu 10	42A	0.73	7.371583	81.837936	46	102
LK-5227075	Karaitheevu 09	42C	0.57	7.370598	81.850291	46	102
LK-5227080	Karaitheevu 11	42D	0.85	7.368302	81.837997	46	102
LK-5227085	Karaitheevu 12	42E	1.28	7.363881	81.839485	46	102
LK-5230005	Ninthavur 24	39C	2.37	7.356717	81.8328	40	102
LK-5230010	Ninthavur 11	41A	0.3	7.361643	81.847772	40	102
LK-5230015	Ninthavur 12	41B	0.15	7.358895	81.84806	40	102
LK-5230020	Ninthavur 01	41	0.4	7.361381	81.853581	40	102
LK-5230025	Ninthavur 02	40	0.18	7.356529	81.854369	40	102
LK-5230030	Ninthavur 13	40A	0.1	7.356777	81.848332	40	102
LK-5230035	Ninthavur 14	39A	0.08	7.355751	81.848578	40	102
LK-5230040	Ninthavur 15	39B	0.12	7.353935	81.848652	40	102
LK-5230045	Ninthavur 03	39	0.23	7.35468	81.854658	40	102
LK-5230050	Ninthavur 04	38	0.29	7.351509	81.855151	40	102
LK-5230055	Ninthavur 16	38B	0.11	7.352436	81.848601	40	102
LK-5230060	Ninthavur 17	38C	0.11	7.349994	81.848602	40	102
LK-5230065	Ninthavur 18	37D	0.1	7.348423	81.848704	40	102
LK-5230070	Ninthavur 05	37	0.29	7.34883	81.855575	40	102
LK-5230075	Ninthavur 06	38A	0.24	7.346543	81.856007	40	102
LK-5230080	Ninthavur 19	38D	0.11	7.346588	81.848826	40	102
LK-5230085	Ninthavur 25	38E	8.04	7.340316	81.833432	40	102
LK-5230090	Ninthavur 20	37E	0.09	7.344795	81.848925	40	102
LK-5230095	Ninthavur 07	37A	0.18	7.344714	81.856234	40	102
LK-5230100	Ninthavur 08	37B	0.27	7.342895	81.856429	40	102
LK-5230105	Ninthavur 21	37F	0.14	7.342752	81.848958	40	102
LK-5230110	Ninthavur 22	37G	0.64	7.337141	81.849749	40	102
LK-5230115	Ninthavur 09	37C	1.25	7.335646	81.858244	40	102
LK-5230120	Ninthavur 10	36	5.61	7.315611	81.856872	40	102
LK-5230125	Ninthavur 23	36A	14.55	7.311545	81.832885	40	102
LK-5233005	Deegawapie 01	AD/35A	14.5	7.271253	81.775984	31	102
LK-5233010	Oluvil 01	AD/35	13.54	7.284357	81.821189	31	102
LK-5233015	Oluvil 04	AD/35E	0.61	7.293662	81.864289	31	102
LK-5233020	Oluvil 06	AD/35C/2	0.22	7.287342	81.86524	31	102
LK-5233025	Oluvil 05	AD/35C/1	0.11	7.287649	81.86245	31	102
LK-5233030	Oluvil 03	AD/35C	0.08	7.288	81.860959	31	102
LK-5233035	Oluvil 02	AD/35B	0.69	7.287861	81.854533	31	102
LK-5233040	Palamuna 06	AD/34B/1	0.58	7.283048	81.853406	31	102
LK-5233045	Oluvil 07	AD/35C/3	0.66	7.282462	81.861586	31	102
LK-5233050	Palamuna 02	AD/34A	0.76	7.269111	81.862439	31	102
LK-5233055	Palamuna 01	AD/34	6.14	7.274311	81.824921	31	102
LK-5233060	Palamuna 03	AD/34B	0.3	7.275114	81.848957	31	102
LK-5233065	Palamuna 04	AD/34A/1	0.33	7.272454	81.852433	31	102
LK-5233070	Palamuna 05	AD/34A/2	1.08	7.267993	81.852477	31	102
LK-5233075	Addalachchenai 02	AD/31	0.13	7.252625	81.856669	31	102
LK-5233080	Addalachchenai 09	AD/33A	13.44	7.259307	81.826608	31	102
LK-5233085	Addalachchenai 10	AD/33B	0.34	7.26044	81.857537	31	102
LK-5233090	Addalachchenai 08	AD/30C/2	0.61	7.261012	81.861926	31	102
LK-5233095	Addalachchenai 06	AD/30C	0.42	7.253391	81.861698	31	102
LK-5233100	Addalachchenai 01	AD/33	0.15	7.254968	81.856665	31	102
LK-5233105	Addalachchenai 11	AD/31A	0.13	7.250287	81.856847	31	102
LK-5233110	Addalachchenai 03	AD/30A	0.12	7.248202	81.856932	31	102
LK-5233115	Addalachchenai 07	AD/30C/1	0.46	7.242572	81.86339	31	102
LK-5233120	Addalachchenai 12	AD/30A/1	0.12	7.246412	81.857133	31	102
LK-5233125	Addalachchenai 14	AD/30E	0.23	7.242532	81.855536	31	102
LK-5233130	Addalachchenai 13	AD/30D	0.18	7.243889	81.859061	31	102
LK-5233135	Addalachchenai 04	AD/30	0.23	7.240881	81.860044	31	102
LK-5233140	Addalachchenai 15	AD/30B/1	0.31	7.238033	81.85759	31	102
LK-5233145	Addalachchenai 16	AD/30B/2	0.27	7.235445	81.857177	31	102
LK-5233150	Addalachchenai 05	AD/30B	7.29	7.247524	81.831907	31	102
LK-5233155	Addalachchenai 17	AD/30B/3	4.46	7.240436	81.786114	31	102
LK-5233160	Deegawapie 02	AD/35D	5.93	7.24004	81.76526	31	102
LK-5234005	Irakkamam 07	IR84C	17.87	7.265586	81.734226	48	100
LK-5234010	Varipathanchenai 01	IR85	3.54	7.262406	81.705089	48	100
LK-5234015	Irakkamam 02	IR84G	16.24	7.212435	81.728273	48	100
LK-5234020	Irakkamam 08	IR84D	0.68	7.250284	81.716807	48	100
LK-5234025	Irakkamam 09	IR84H	0.08	7.246223	81.72422	48	100
LK-5234030	Irakkamam 06	IR84	7.03	7.244856	81.735155	48	100
LK-5234035	Irakkamam 01	IR84B	3.49	7.230948	81.753415	48	100
LK-5234040	Irakkamam 03	IR84A	0.53	7.246288	81.716159	48	100
LK-5234045	Varipathanchenai 03	IR85B	6.73	7.244098	81.691713	48	100
LK-5234050	Irakkamam 05	IR84F	7.7	7.226821	81.701251	48	100
LK-5234055	Irakkamam 04	IR84E	0.19	7.24295	81.719358	48	100
LK-5234060	Varipathanchenai 02	IR85A	3.15	7.254255	81.696477	48	100
LK-5236005	Alim Nagar	AP/20A/4	27.43	7.201116	81.78223	36	100
LK-5236010	Easankanichcheemai	AP/20A/3	10.19	7.222103	81.789104	36	100
LK-5236015	Pallikudiyiruppu 02	AP/20A/2	4.54	7.23277	81.81552	36	100
LK-5236020	Paddiyadipiddy	AP/20A	2.92	7.214439	81.824039	36	100
LK-5236025	Akkaraipattu 06	AP/20	2.11	7.232621	81.834002	12	100
LK-5236030	Akkaraipattu 05	AP/19	0.63	7.232316	81.845293	12	100
LK-5236035	Akkaraipattu 04	AP/18	0.19	7.230653	81.846888	12	100
LK-5236040	Akkaraipattu 16	AP/17A	0.19	7.230627	81.848649	12	100
LK-5236045	Akkaraipattu 15	AP/16A	0.18	7.230041	81.850195	12	100
LK-5236050	Akkaraipattu 14	AP/15/5	0.39	7.233167	81.857236	12	102
LK-5236055	Akkaraipattu 13	AP/15/4	0.51	7.229944	81.856654	12	102
LK-5236060	Akkaraipattu 12	AP/15/3	0.19	7.227113	81.853469	12	102
LK-5236065	Akkaraipattu 11	AP/15/2	0.22	7.226324	81.858708	12	102
LK-5236070	Akkaraipattu 01	AP/15	0.16	7.224721	81.856317	12	102
LK-5236075	Town Division 03	AP/15A/2	0.32	7.221367	81.859454	12	102
LK-5236080	Akkaraipattu 10	AP/15/1	0.13	7.223381	81.853594	12	102
LK-5236085	Town Division 02	AP/15A/1	0.14	7.221653	81.85335	12	102
LK-5236090	Akkaraipattu 02	AP/16	0.16	7.222187	81.848867	12	100
LK-5236095	Akkaraipattu 03	AP/17	0.09	7.222581	81.847151	12	100
LK-5236100	Akkaraipattu 17	AP/18A	0.11	7.223058	81.84581	12	100
LK-5236105	Akkaraipattu 18	AP/19A	0.1	7.22338	81.844209	12	100
LK-5236110	Akkaraipattu 20	AP/20/1	0.22	7.225371	81.839645	12	100
LK-5236115	Akkaraipattu 21	AP/20/2	0.18	7.222584	81.83968	12	100
LK-5236120	Pallikudiyiruppu 01	AP/20A/1	1.26	7.222215	81.813606	36	100
LK-5236125	Akkaraipattu 19	AP/18/19/20	0.11	7.219594	81.84417	12	100
LK-5236130	Town Division 01	AP/15A	0.16	7.218974	81.851267	12	102
LK-5236135	Town Division 05	AP/15A/4	0.65	7.21461	81.858482	12	102
LK-5236140	Town Division 04	AP/15A/3	0.19	7.21818	81.854342	12	102
LK-5239005	Akkaraipattu 8/1	AV/10	0.07	7.21871	81.847925	32	102
LK-5239010	Akkaraipattu 09	AP/22A	0.71	7.211516	81.85591	32	102
LK-5239015	Akkaraipattu 8/3	AV/12	0.09	7.215279	81.84992	32	102
LK-5239020	Akkaraipattu 8/2	AV/11	0.12	7.213786	81.848746	32	102
LK-5239025	Akkaraipattu 7/1	AV/05	0.07	7.216408	81.847031	32	102
LK-5239030	Akkaraipattu 7/2	AV/06	0.08	7.217232	81.844126	32	102
LK-5239035	Vachchikudah	AV/01	1.39	7.217263	81.835635	32	102
LK-5239040	Kannakigramam 01	AV/20	6.53	7.191143	81.806984	32	102
LK-5239045	Aligambai	AV/22	33.4	7.152111	81.788421	32	102
LK-5239050	Akkaraipattu 7/4	AV/08	0.29	7.212799	81.843727	32	102
LK-5239055	Akkaraipattu 7/3	AV/07	0.09	7.214866	81.844569	32	102
LK-5239060	Akkaraipattu 7	AP/21	0.16	7.21217	81.847182	32	102
LK-5239065	Akkaraipattu 8	AP/22	0.23	7.210584	81.851101	32	102
LK-5239070	Sinnamugathuwaram	AV/14	1.75	7.197474	81.859248	32	102
LK-5239075	Kolavil 03	AP/23	0.31	7.205788	81.848384	32	102
LK-5239080	Navatkadu	AV/03	0.31	7.206695	81.843722	32	102
LK-5239085	Kolavil 02	AV/17	0.68	7.198211	81.847182	32	102
LK-5239090	Kolavil 01	AV/16	0.97	7.19745	81.852497	32	102
LK-5239095	Panankadu	AP/13	2.23	7.18343	81.850026	32	102
LK-5239100	Sinna Panankadu	AV/19	7.23	7.171653	81.828375	32	102
LK-5239105	Kannakigramam 02	AV/21	8.38	7.17784	81.801857	32	102
LK-5239110	Alayadivembu	AP/21A	4.58	7.201101	81.835151	32	102
LK-5242005	Keenawatta	W/27E	4.53	7.236721	81.642785	33	099
LK-5242010	Muwangala	W/27B	9.06	7.26264	81.667423	39	099
LK-5242015	Galmaduwa	W27H	2.3	7.267436	81.692899	39	099
LK-5242020	Uksiripura	W/27I	8.65	7.245362	81.660884	33	099
LK-5242025	Helagampura	W/27G	4.42	7.213942	81.687322	33	099
LK-5242030	Karalewa	W/27F	4.65	7.220586	81.672503	33	099
LK-5242035	Hingurana	W/27A	2.72	7.218255	81.656331	33	099
LK-5242040	Diviyagala	W/27D	10.68	7.231612	81.627537	33	099
LK-5242045	Padagoda	W/28	3.69	7.212656	81.598096	33	099
LK-5242050	Pahalalanda	W/28A	7.01	7.218302	81.580529	33	099
LK-5242055	Hindakalugama	W/28D	5.82	7.201149	81.569077	33	099
LK-5242060	Kalugolla	W/28E	6.58	7.209355	81.550578	33	099
LK-5242065	Dewalahinda	W/26E	29.27	7.174263	81.537169	33	102
LK-5242070	Koknahara	W/28B	7.74	7.185945	81.594477	33	099
LK-5242075	Moragahapallama	W/28C	6.48	7.202343	81.610996	33	099
LK-5242080	Damana	W/27	13.1	7.199455	81.642314	33	099
LK-5242085	Alahena	W/27C	4.87	7.196839	81.663789	33	099
LK-5242090	Madawalalanda	W/24A	10.88	7.190518	81.684995	33	102
LK-5242095	Madana	W/24	3.43	7.175783	81.657276	33	102
LK-5242100	Eggaloya	W/24B	24.65	7.1587	81.62126	33	102
LK-5242105	Kethsirigama	W/26A	9.64	7.174656	81.585504	33	102
LK-5242110	Galkanda	W/26D	6.77	7.163905	81.570645	33	102
LK-5242115	Pallanoya	W/26B	11.57	7.142408	81.53005	33	102
LK-5242120	Kivulegama	W/26C	2.33	7.145542	81.561425	33	102
LK-5242125	Thimbirigolla	W/24C	20.32	7.150472	81.663455	33	102
LK-5242130	Ambalanoya	W/24D	23.71	7.174974	81.720362	33	102
LK-5242135	Veheragala	W/25C	5.38	7.147493	81.74048	33	102
LK-5242140	18A. Janapadaya	W/25E	19.01	7.12766	81.721217	33	102
LK-5242145	Thottama	W/25	16.05	7.129313	81.700464	33	102
LK-5242150	Kumana	W/25D	8.83	7.116821	81.67048	33	102
LK-5242155	Wadinagala	W/26	81.78	7.109648	81.575864	33	102
LK-5242160	Pannalgama	W/25A	17.31	7.101505	81.64966	33	102
LK-5242165	Bakmitiyawa	W/25B	96.32	7.036411	81.647509	33	102
LK-5245005	Thambiluvil 2	TK/12A/1	1.53	7.17787	81.857206	44	102
LK-5245010	Thambiluvil 1	TK12A	7.41	7.162368	81.845175	44	102
LK-5245015	Thambiluvil 1 West	TK/12	5.94	7.141638	81.845044	44	102
LK-5245020	Thambiluvil 1 East	TK/12C	0.78	7.140547	81.857823	44	102
LK-5245025	Thambiluvil 1 South	TK/12B	0.64	7.129602	81.84537	44	102
LK-5245030	Sagamam	TK/11C	68.58	7.108026	81.769124	44	102
LK-5245035	Thambiluvil 2 West	TK/11B	0.39	7.124214	81.848878	44	102
LK-5245040	Thambiluvil 2 North	TK/11	0.28	7.126407	81.850244	44	102
LK-5245045	Thambiluvil 2 East	TK/11A	0.33	7.124619	81.854626	44	102
LK-5245050	Thirukkovil 3	TK/10/2	1.64	7.113522	81.842063	44	102
LK-5245055	Thirukkovil 1	TK/10	0.89	7.114281	81.855538	44	102
LK-5245060	Thirukkovil 2	TK/10/1	0.41	7.111949	81.85062	44	102
LK-5245065	Vinayahapuram 4	TK/10A/3	1.07	7.100896	81.855048	44	102
LK-5245070	Vinayahapuram 1	TK/10A	0.55	7.104228	81.847383	44	102
LK-5245075	Vinayahapuram 2	TK/10A/1	0.5	7.097857	81.849413	44	102
LK-5245080	Thirukkovil 4	TK/10E/1	4.06	7.106226	81.832256	44	102
LK-5245085	Kanchirankudah	TK/10D/1	10.63	7.090835	81.804574	44	102
LK-5245090	Kanchikudicharu	TK/10B	72.06	7.045204	81.774794	44	102
LK-5245095	Vinayahapuram 3	TK/10A/2	9.55	7.084582	81.844572	44	102
LK-5245100	Sangamangramam	TK/10D	10.75	7.051483	81.860506	44	102
LK-5245105	Thandiyadi	TK/10C	10.56	7.048901	81.838125	44	102
LK-5245110	Thangavelauthapuram	TK/10E	9.93	7.026653	81.807095	44	102
LK-5248005	Sangamankanda	P/22	33.67	7.021028	81.849877	42	102
LK-5248010	Sinna Ullai	P/18	4.4	6.847783	81.831254	42	102
LK-5248015	Sinna Puthukkudiyiruppu	P/06	0.64	6.871419	81.84191	42	102
LK-5248020	Victor Estate 2	P/17	12.93	6.869024	81.783976	42	102
LK-5248025	Vaddively	P/11	0.65	6.879485	81.82377	42	102
LK-5248030	Victor Estate 1	P/16	5.45	6.87519	81.810009	42	102
LK-5248035	Rasak Moulana Nagar	P/27	1.83	6.885733	81.833166	42	102
LK-5248040	Sarvodayapuram	P/05	26.54	6.848879	81.795971	42	102
LK-5248045	Pothuvil 02 / Unit 3	P/08	0.09	6.873015	81.834104	42	102
LK-5248050	Kundumadu	P/09	0.5	6.881928	81.829268	42	102
LK-5248055	Pothuvil 01/Unit II	P/02	0.16	6.869292	81.833018	42	102
LK-5248060	Pakkiyawatta 2	P/14	0.14	6.872538	81.826659	42	102
LK-5248065	Pasarichchenai	P/19	2.85	6.82194	81.819355	42	102
LK-5248070	Pothuvil Town	P/12	0.12	6.873918	81.829994	42	102
LK-5248075	Pakkiyawatta 1	P/13	0.16	6.875139	81.826728	42	102
LK-5248080	Komarie 02	P/24	117.81	6.985317	81.771168	42	102
LK-5248085	Komarie 01	P/23	22.37	7.001096	81.837279	42	102
LK-5248090	Kalappukaddu	P/15	7.02	6.900578	81.774252	42	102
LK-5248095	Jalaldeen Square	P/04	0.52	6.860824	81.83415	42	102
LK-5248100	Hidayapuram 2	P/21	0.26	6.875708	81.842165	42	102
LK-5248105	Hidayapuram 1	P/20	7.34	6.899366	81.834781	42	102
LK-5248110	Kanagarkiramam	P/25	3.18	6.9242	81.847936	42	102
LK-5248115	Hijra Nagar	P/26	52.04	6.928292	81.796274	42	102
LK-5248120	Pothuvil 01/Unit I	P/01	0.1	6.873854	81.832231	42	102
LK-5248125	Pothuvil 01/Unit III	P/03	0.29	6.868166	81.838057	42	102
LK-5248130	Inspector Etham	P/10	8.14	6.891392	81.806022	42	102
LK-5248135	Pothuvil 02 / Unit 2	P/07	0.16	6.872071	81.836136	42	102
LK-5251005	Kandahindagama	PP13	14.28	6.913442	81.637078	37	102
LK-5251010	Hulannuge West	PP12	16.01	6.933736	81.648375	37	102
LK-5251015	Hulannuge	PP11	48.78	6.928054	81.664945	37	102
LK-5251020	Perani Lahugala	PP10	38.78	6.882909	81.694815	37	102
LK-5251025	Lahugala	PP09	7.46	6.899514	81.711258	37	102
LK-5251030	Dewalagoda	PP08	9.86	6.904336	81.7219	37	102
LK-5251035	Pansalgoda	PP07	34.71	6.885924	81.747672	37	102
LK-5251040	Panama West	PP03	193.87	6.817512	81.708201	37	102
LK-5251045	Shasthrawela	PP06	9.02	6.786739	81.812709	37	102
LK-5251050	Panama Central	PP05	0.63	6.76531	81.810229	37	102
LK-5251055	Panama North	PP04	2.65	6.763051	81.817843	37	102
LK-5251060	Panama South	PP02	439.26	6.647236	81.695056	37	102
LK-5303005	Seva Janapadaya	31K	18.65	8.929378	80.785987	37	093
LK-5303010	Gemunupura	31N	2.16	8.948234	80.814314	37	093
LK-5303015	Kavanthissapura	31H	5.76	8.951949	80.840675	37	093
LK-5303020	Lassanagama	31P	6.38	8.946614	80.863558	37	093
LK-5303025	Singhapura	31J	7.1	8.958779	80.884128	37	093
LK-5303030	Parana Medawachchiya	31F	38.82	8.880996	80.89261	37	093
LK-5303035	Samanpura	31M	10.12	8.924543	80.873006	37	093
LK-5303040	Sri Thissapura	31L	13.11	8.92537	80.843841	37	093
LK-5303045	Sripura	31D	7.1	8.929418	80.821563	37	093
LK-5303050	Jayanthiwewa	31I	4.13	8.90136	80.843781	37	093
LK-5306005	Thennamaranvadiya	31E	27.8	8.953508	80.910197	34	094
LK-5306010	Pulmoddai Division No. 3	31G	19.02	8.914004	80.946925	34	094
LK-5306015	Pulmoddai Division No. 2	31H	1.72	8.934853	81.004914	34	094
LK-5306020	Pulmoddai Division No. 1	31I	40.93	8.893973	80.96392	34	094
LK-5306025	Pulmoddai Division No. 4	31J	40.9	8.943307	80.951456	34	094
LK-5306030	Thiriyaya	237	12.37	8.893392	81.012342	34	094
LK-5306035	Senthoor	237B	8.81	8.861224	81.050748	34	094
LK-5306040	Kaddukulam	237C	43.22	8.860573	80.990195	34	094
LK-5306045	Kallampattu	237D	7.6	8.835036	81.0116	34	094
LK-5306050	Kuchchaveli	239	39.64	8.790457	81.050856	34	094
LK-5306055	Iranaikerni	239A	14.2	8.775211	81.089461	34	094
LK-5306060	Veerancholai	239B	6.45	8.782679	81.077997	34	094
LK-5306065	Jayanagar	239C	8.42	8.845971	81.078878	34	094
LK-5306070	Cassimnagar	239D	16.63	8.826276	81.057406	34	094
LK-5306075	Kumburupiddy South	240	37.34	8.695824	81.147314	34	094
LK-5306080	Kumburupiddy North	240A	55.86	8.722453	81.107946	34	094
LK-5306085	Kumburupiddy East	240B	20.22	8.757566	81.130975	34	094
LK-5306090	Nilaveli	241	23.48	8.664795	81.171216	34	094
LK-5306095	Irakkandy	241A	1.09	8.726397	81.17208	34	094
LK-5306100	Gopalapuram	241B	2.16	8.698094	81.186883	34	094
LK-5306105	Veloor	241C	2.93	8.664871	81.194759	34	094
LK-5306110	Iqbalnagar	241D	5.13	8.65656	81.198537	34	094
LK-5306115	Periyakulam	241E	6.82	8.646419	81.182556	34	094
LK-5306120	Vallaiyoothu	241G	4.21	8.712634	81.17841	34	094
LK-5309005	Gomarankadawala	231	10.86	8.6759	80.966798	31	093
LK-5309010	Kalyanapura	231C	24.78	8.679435	81.011914	31	093
LK-5309015	Galkadawala	232	19.1	8.697034	80.934241	31	093
LK-5309020	Pamburugaswewa	232A	49.5	8.767153	80.897845	31	093
LK-5309025	Kandamalawa	232B	15.49	8.667108	80.940775	31	093
LK-5309030	Medawachchiya	233	30.2	8.744872	80.956621	31	093
LK-5309035	Kivulakadawala	233A	23.42	8.769917	80.997247	31	093
LK-5309040	Pulikandikulama	233B	45.23	8.739097	81.028415	31	093
LK-5309045	Mailawewa	233C	70.78	8.81798	80.963686	31	093
LK-5309050	Bakmeegama	233D	17.98	8.703811	80.986431	31	093
LK-5312005	Peniketiyawa	230	43.13	8.614045	80.924049	35	093
LK-5312010	Mahadivulwewa	230A	39.3	8.609711	80.961663	35	093
LK-5312015	Mahadiulwewa Stage 2	230B	7.36	8.647317	80.989287	35	093
LK-5312020	Nochchikulama	230C	9.85	8.628349	80.990667	35	093
LK-5312025	Morawewa South	231A	69.66	8.591555	81.030528	35	093
LK-5312030	Morawewa North	231B	18.46	8.67013	81.06753	35	093
LK-5312035	Awvainagar	231G	5.11	8.64318	81.036127	35	093
LK-5312040	Namalwatta	231D	29.05	8.69071	81.050521	35	093
LK-5312045	Kithuluthuwa	231E	52.28	8.635122	81.099576	35	093
LK-5312050	Morawewa Pankulama	231F	3.93	8.637443	81.056183	35	093
LK-5315005	Wilgama	243E	6.97	8.627749	81.172112	40	094
LK-5315010	Welveri	243Q	16.89	8.61729	81.147397	40	094
LK-5315015	Kanniya	243B	7.95	8.594783	81.161923	40	094
LK-5315020	Eluppaikulam	242B	5.42	8.6273	81.19846	40	094
LK-5315025	Sampalthivu	242	4.55	8.646044	81.216391	40	094
LK-5315030	Salli	242A	2.06	8.6277	81.218209	40	094
LK-5315035	Uppuveli	243	1.28	8.611769	81.21756	40	094
LK-5315040	Puliyankulam	243L	1.59	8.603751	81.212905	40	094
LK-5315045	Varodayanagar	243N	4.42	8.610301	81.203562	40	094
LK-5315050	Peeliyady	243J	1.67	8.608617	81.18664	40	094
LK-5315055	Mankaiyoottu	243K	5.51	8.589869	81.177888	40	094
LK-5315060	Andankulam	243A	1.97	8.589129	81.193819	40	094
LK-5315065	Singhapura	243H	0.94	8.581704	81.194011	11	094
LK-5315070	Kovilady	243P	0.33	8.585295	81.201873	11	094
LK-5315075	Palaiyoottu	243D	0.38	8.584716	81.208703	11	094
LK-5315080	Abayapura	244N	0.96	8.587389	81.215958	11	094
LK-5315085	Anpuvalipuram	243C	0.78	8.592084	81.207642	40	094
LK-5315090	Mihindupura	243I	0.41	8.592516	81.201688	40	094
LK-5315095	Selvanayahapuram	243M	0.54	8.599324	81.20791	40	094
LK-5315100	Jinnanagar	244O	0.44	8.594436	81.217795	11	094
LK-5315105	Murugapuri	243G	0.49	8.5969	81.221166	11	094
LK-5315110	Thirukkadaloor	243F	0.42	8.588189	81.224378	11	094
LK-5315115	Pattanatheru	244K	0.08	8.581756	81.23101	11	094
LK-5315120	Peruntheru	244L	0.22	8.580179	81.230243	11	094
LK-5315125	Sivapuri	244Q	0.5	8.580261	81.226119	11	094
LK-5315130	Linganagar	244R	0.71	8.57718	81.210968	11	094
LK-5315135	Mudcove	244M	0.44	8.579821	81.209522	11	094
LK-5315140	Poompuhar	243O	0.75	8.579458	81.20249	11	094
LK-5315145	Sumedhankarapura	229B	7.02	8.567263	81.168356	40	094
LK-5315150	Muththunagar	229F	24.35	8.549523	81.130755	40	094
LK-5315155	Kappalthurai	229E	3.59	8.550577	81.156756	40	094
LK-5315160	Kawattikuda	229D	7.23	8.558664	81.180902	40	094
LK-5315165	Nachchikuda	229C	5.11	8.532071	81.194515	40	094
LK-5315170	Wellaimanal	229	4.71	8.518243	81.198908	40	094
LK-5315175	Chinabay	229A	1.79	8.56262	81.190139	40	094
LK-5315180	Orr's Hill	244P	1.04	8.573733	81.218063	11	094
LK-5315185	Thillainagar	244H	0.31	8.573383	81.229743	11	094
LK-5315190	Arasadi	244J	0.19	8.576164	81.231951	11	094
LK-5315195	Manayaveli	244F	5.14	8.559433	81.239241	11	094
LK-5315200	Sonagavadi	244I	0.18	8.572672	81.233485	11	094
LK-5315205	Arunagirinagar	244G	0.23	8.569348	81.234364	11	094
LK-5315210	Villundy	244E	0.27	8.566125	81.235037	11	094
LK-5318005	Galmetiyawa North	228L	168.0	8.539249	81.032496	39	093
LK-5318010	Palampoddaru	228	7.95	8.518485	81.116139	39	094
LK-5318015	Puthukudiyirippu	228J	1.18	8.498559	81.103144	39	094
LK-5318020	Pokkuruni	228I	1.73	8.491547	81.097728	39	095
LK-5318025	Meeranagar	228H	5.15	8.478538	81.091997	39	095
LK-5318030	Sirajnagar	228E	6.25	8.456628	81.082212	39	095
LK-5318035	Kovil Kudiyiruppu	228K	4.21	8.477661	81.105139	39	094
LK-5318040	Thampalagauwa	228A	9.09	8.482787	81.127113	39	094
LK-5318045	Mollipothana North	228G	5.06	8.447938	81.074505	39	095
LK-5318050	Galmetiyawa South	228C	47.71	8.458104	81.017655	39	095
LK-5318055	Mollipothana	228B	5.8	8.430782	81.052011	39	095
LK-5318060	Mollipothana East	228F	12.05	8.433371	81.080455	39	095
LK-5321005	Vendrasanpura Unit 16	227R	24.23	8.418692	81.022437	32	093
LK-5321010	Ganthalawa Unit 12	227S	1.75	8.417961	81.044742	32	093
LK-5321015	Ganthalawa Unit 11	227P	1.05	8.412103	81.052127	32	093
LK-5321020	Wanela East	227D	1.73	8.395665	81.101148	32	093
LK-5321025	Wanela West	227V	5.92	8.391961	81.083123	32	093
LK-5321030	Pansalgodella	227W	4.22	8.378101	81.091431	32	093
LK-5321035	Sooriyapura	227F	87.24	8.313728	81.149558	32	093
LK-5321040	Jayanthipura	227J	14.18	8.369336	81.070803	32	093
LK-5321045	Rajaela Unit 04	227M	9.45	8.381074	81.055617	32	093
LK-5321050	Rajaela Unit 05	227N	2.1	8.38053	81.034102	32	093
LK-5321055	Vendrasanpura Unit 15	227Q	8.66	8.396233	81.046809	32	093
LK-5321060	Vendrasanpura Unit 14	227A	18.07	8.416253	80.99398	32	093
LK-5321065	Bhathiyagama	227L	29.7	8.398777	80.976594	32	093
LK-5321070	Rajaela Unit 03	227B	1.2	8.36689	81.025314	32	093
LK-5321075	Peraru Unit 02	227G	1.01	8.360947	81.015911	32	093
LK-5321080	Peraru East	227O	2.94	8.361781	81.035413	32	093
LK-5321085	Peraru West	227H	1.02	8.352227	81.018096	32	093
LK-5321090	Kantale Town South	227K	9.15	8.34582	81.021799	32	093
LK-5321095	Kantale Town	227	38.3	8.372978	80.962878	32	093
LK-5321100	Agbopura	227C	15.12	8.332543	80.97273	32	093
LK-5321105	Batukachchiya	227T	9.97	8.302115	80.985346	32	093
LK-5321110	Rajawewa	227U	22.1	8.303502	81.004801	32	093
LK-5321115	Seenipura	227E	103.61	8.301799	81.083007	32	093
LK-5324005	Munaichenai	226I	1.81	8.492551	81.17404	33	095
LK-5324010	Maniarasankulam	226P	7.14	8.450205	81.121985	33	095
LK-5324015	Mancholai	225C	0.28	8.498912	81.184101	22	095
LK-5324020	Malinthurai	226C	0.13	8.505495	81.181757	22	095
LK-5324025	Majeed Nagar	226O	26.23	8.414221	81.159141	33	095
LK-5324030	Maharoof Gramam	226L	5.41	8.465257	81.168639	33	095
LK-5324035	Maharuf Nagar	225E	0.34	8.491844	81.185212	22	095
LK-5324040	Ayiliyady	226Q	28.56	8.417101	81.118558	33	095
LK-5324045	Annalnagar	225F	0.4	8.490964	81.189861	22	095
LK-5324050	Alankerny	225J	0.59	8.478563	81.185202	22	095
LK-5324055	Ehutharnagar	226A	0.24	8.502945	81.177538	22	095
LK-5324060	Echchanthivu	225L	1.02	8.469663	81.190471	22	095
LK-5324065	Kuddikarachchi	226E	0.33	8.495124	81.180041	22	095
LK-5324070	Kurinchakerny	226G	1.48	8.503517	81.170907	33	095
LK-5324075	Mancholaichenai	225D	0.6	8.497594	81.188744	22	095
LK-5324080	Naduuttu	226M	6.46	8.458516	81.156435	33	095
LK-5324085	Naduthivu	226H	1.9	8.502083	81.161191	33	095
LK-5324090	Periya Kinniya	226B	0.11	8.504926	81.179935	22	095
LK-5324095	Periyathumunai	226	0.18	8.5087	81.179044	22	095
LK-5324100	Poovarasanthivu	225H	1.94	8.46023	81.181363	33	095
LK-5324105	Kinniya	226D	0.22	8.499354	81.180429	22	095
LK-5324110	Idiman	226F	0.44	8.487673	81.182547	22	095
LK-5324115	Faizalnagar	225G	2.18	8.477529	81.193426	22	095
LK-5324120	Kachchakodithivu	226J	2.57	8.48725	81.163857	33	095
LK-5324125	Kattaiaru	225B	0.1	8.504231	81.18289	22	095
LK-5324130	Kakkamunai	226K	4.02	8.49388	81.151988	33	095
LK-5324135	Rahumaniyanagar	225	0.25	8.50449	81.189906	22	095
LK-5324140	Samavachchathivu	225I	2.22	8.472008	81.177309	33	095
LK-5324145	Sinna Kinniya	225A	0.2	8.503968	81.186001	22	095
LK-5324150	Soorangal	226N	9.86	8.461468	81.120132	33	095
LK-5324155	Upparu	225K	44.35	8.418875	81.195499	33	095
LK-5327005	Sampoor West	220A	2.83	8.493077	81.287006	36	095
LK-5327010	Koonitivu	221	6.74	8.507593	81.311116	36	095
LK-5327015	Navarathnapuram	221A	14.76	8.482745	81.35003	36	095
LK-5327020	Sampoor East	220	14.32	8.480536	81.318976	36	095
LK-5327025	Kadarkaraichenai	222C	5.15	8.468067	81.295527	36	095
LK-5327030	Kaddaiparichchan North	222B	1.13	8.455414	81.287353	36	095
LK-5327035	Thaqwanagar	223C	0.44	8.462718	81.270504	36	095
LK-5327040	Muthur East	223A	0.39	8.458042	81.267076	36	095
LK-5327045	Naduthivu	223E	0.75	8.459445	81.261252	36	095
LK-5327050	Thahanagar	224C	0.45	8.45554	81.258565	36	095
LK-5327055	Muthur Central	223F	0.19	8.452244	81.26226	36	095
LK-5327060	Muthur West	224	1.79	8.450831	81.2516	36	095
LK-5327065	Ralkully	224D	5.1	8.451768	81.233242	36	095
LK-5327070	Shafinagar	224F	17.85	8.426004	81.24528	36	095
LK-5327075	Periyapalam	224A	1.16	8.442718	81.255093	36	095
LK-5327080	Jayanagar	224G	0.61	8.447665	81.261372	36	095
LK-5327085	Alimnagar	224B	0.74	8.44429	81.267444	36	095
LK-5327090	Anaichenai	223B	0.18	8.451393	81.266277	36	095
LK-5327095	Neithalnagar	223D	0.58	8.4572	81.272395	36	095
LK-5327100	Palanagar	223G	0.88	8.452733	81.274218	36	095
LK-5327105	Kaddaiparichchan South	222	9.36	8.435001	81.28236	36	095
LK-5327110	Pallikudiyiruppu	219	12.26	8.429766	81.312459	36	095
LK-5327115	Chenaiyoor	222A	8.23	8.446438	81.30568	36	095
LK-5327120	Paddalipuram	219B	5.73	8.44958	81.341276	36	095
LK-5327125	Nalloor	219A	13.7	8.436697	81.350192	36	095
LK-5327130	Iqbal Nagar	216B	7.16	8.422736	81.331331	36	095
LK-5327135	Allainagar East	216A	0.64	8.411256	81.316933	36	095
LK-5327140	Allainagar West	216E	0.67	8.410378	81.313564	36	095
LK-5327145	Thoppur	216	2.4	8.400654	81.308602	36	095
LK-5327150	Palathoppur	216C	4.49	8.400463	81.292479	36	095
LK-5327155	Jinna Nagar	224E	1.62	8.42693	81.268328	36	095
LK-5327160	Iruthayapuram	218E	7.89	8.410176	81.231089	36	095
LK-5327165	Peruveli	218D	2.85	8.389181	81.279699	36	095
LK-5327170	Malligaithivu	218	11.6	8.390413	81.263189	36	095
LK-5327175	Paddithidal	218B	0.56	8.396018	81.284367	36	095
LK-5327180	Palathadichenai	218F	2.06	8.387018	81.291711	36	095
LK-5327185	Jinna Nagar	216D	2.99	8.376643	81.294802	36	095
LK-5327190	Azathnagar	218H	2.08	8.37011	81.2922	36	095
LK-5327195	Bharathipuram	218G	2.56	8.368431	81.279735	36	095
LK-5327200	Kiliveddi	218A	3.98	8.348443	81.279764	36	095
LK-5327205	Mengamam	218I	1.36	8.367485	81.269834	36	095
LK-5327210	Kanguvely	218C	13.96	8.375346	81.23213	36	095
LK-5330005	Neelapola	217B	4.5	8.372115	81.258765	38	093
LK-5330010	Samagipura	217C	17.23	8.352649	81.226631	38	093
LK-5330015	Sivapuram	217F	0.32	8.36167	81.272446	38	093
LK-5330020	Dehiwatta	217	1.45	8.356594	81.268026	38	093
LK-5330025	Thanganagar	215G	3.88	8.339396	81.290408	38	093
LK-5330030	Kavanthissapura	215E	20.46	8.340031	81.324917	38	093
LK-5330035	Seruvila	215	6.4	8.371379	81.315437	38	093
LK-5330040	Navatkernikadu	215B	7.11	8.392477	81.330185	38	093
LK-5330045	Sumedhankarapura	215D	13.14	8.367801	81.337611	38	093
LK-5330050	Mahindapura	215C	10.88	8.286405	81.3183	38	093
LK-5330055	Serunuwara	215F	8.33	8.321465	81.295339	38	093
LK-5330060	Mahaweligama	215A	26.75	8.285214	81.292182	38	093
LK-5330065	Lingapuram	217E	3.44	8.340871	81.26476	38	093
LK-5330070	Ariyamankerni	217D	26.48	8.324893	81.212607	38	093
LK-5330075	Sirimangalapura	217G	137.42	8.238894	81.227808	38	093
LK-5330080	Somapura	217A	5.52	8.313525	81.27173	38	093
LK-5333005	Ilangaithurai	214C	13.07	8.3561	81.364543	41	093
LK-5333010	Ilangaithurai Mugathuvaram	214F	6.39	8.333766	81.383989	41	093
LK-5333015	Karukkamunai	214G	3.63	8.322831	81.372507	41	093
LK-5333020	Poonagar	214B	17.84	8.298631	81.334109	41	093
LK-5333025	Poomarathadichenai	214H	7.17	8.282644	81.354057	41	093
LK-5333030	Echchalampattu	214	4.2	8.297203	81.372088	41	093
LK-5333035	Verugal	214A	7.71	8.269052	81.367223	41	093
LK-5333040	Anaithivu	214D	8.3	8.278465	81.38626	41	093
LK-5333045	Verugal Mugathuvaram	214E	6.44	8.28167	81.399079	41	093
LK-5333050	Uppooral	215H	15.79	8.383268	81.359102	41	093
LK-6103005	Jayanthipura	7	4.84	8.174652	80.11574	34	108
LK-6103010	Bambare	10	4.31	8.170734	80.141324	34	108
LK-6103015	Sandagala Palatha	8	2.47	8.168661	80.106964	34	108
LK-6103020	Perakumpura	11	5.24	8.161996	80.134977	34	108
LK-6103025	Solepura	20	3.52	8.148302	80.154698	34	108
LK-6103030	Halmillagala	12	4.93	8.151277	80.170422	34	108
LK-6103035	Thimbiripokuna	13	3.34	8.149861	80.19066	34	108
LK-6103040	Serasumgala	15	4.27	8.141792	80.209968	34	108
LK-6103045	Kokmaduwa	27	12.19	8.12077	80.240182	34	108
LK-6103050	Orugala	16	4.05	8.127861	80.216329	34	108
LK-6103055	Mahasenpura	14	1.51	8.131207	80.200489	34	108
LK-6103060	Weerapokuna	17	3.47	8.128284	80.187373	34	108
LK-6103065	Hasthirajapura	19	1.0	8.144802	80.164648	34	108
LK-6103070	Thammitagama	21	2.71	8.137198	80.173358	34	108
LK-6103075	Damsopura	18	0.45	8.14133	80.159356	34	108
LK-6103080	Solewewa	6	3.54	8.143367	80.137016	34	108
LK-6103085	Pathane Wewa	9	4.64	8.149786	80.114494	34	108
LK-6103090	Abhayapura	3	2.52	8.138601	80.115476	34	108
LK-6103095	Sangabopura	5	1.41	8.134712	80.146161	34	108
LK-6103100	Gurulupitigama	2	3.69	8.126479	80.124822	34	108
LK-6103105	Warawewa	4	6.04	8.121543	80.151088	34	108
LK-6103110	Pothana	22	4.5	8.11308	80.173068	34	108
LK-6103115	Pahala Giribawa	23	3.55	8.11801	80.185617	34	108
LK-6103120	Ihala Giribawa	26	8.46	8.106064	80.210079	34	108
LK-6103125	Weragala	24	3.68	8.09648	80.194809	34	108
LK-6103130	Ihala Maradankadawala	25	11.05	8.085838	80.172858	34	108
LK-6103135	Hettiarachchigama	1	24.48	8.086247	80.14093	34	108
LK-6103140	Gampola	33	19.8	8.061906	80.186638	34	108
LK-6103145	Aliyawetunuwewa	32	7.39	8.076858	80.213994	34	108
LK-6103150	Thambutta	28	5.82	8.091254	80.227668	34	108
LK-6103155	Thammennawa	29	6.53	8.095755	80.248759	34	108
LK-6103160	Mailewa	30	8.45	8.083618	80.256877	34	108
LK-6103165	Madige	31	7.58	8.062485	80.238475	34	108
LK-6103170	Wannikudawewa	35	5.54	8.039751	80.218449	34	108
LK-6103175	Sangappalaya	34	8.41	8.038609	80.193118	34	108
LK-6106005	Medagama West	87	6.04	8.106442	80.273097	33	108
LK-6106010	Walagambapura	96	4.59	8.10825	80.296747	33	108
LK-6106015	Gemunupura	94	1.5	8.103702	80.288391	33	108
LK-6106020	Ethiniwetunugala	95	2.73	8.101313	80.307553	33	108
LK-6106025	Thissapura	93	3.3	8.08884	80.29827	33	108
LK-6106030	Medagama East	88	2.98	8.090157	80.283183	33	108
LK-6106035	Senarathgama	89	2.72	8.077372	80.275036	33	108
LK-6106040	Kumbukwewa	83	4.37	8.055563	80.261872	33	108
LK-6106045	Mahagalkadawala	82	4.45	8.066826	80.286945	33	108
LK-6106050	Usgala Siyambalangamuwa	92	1.51	8.079173	80.302215	33	108
LK-6106055	Kepela	98	2.36	8.080218	80.314264	33	108
LK-6106060	Bandaragama	97	3.82	8.090926	80.320818	33	108
LK-6106065	Ganangamuwa	99	10.27	8.06731	80.325761	33	108
LK-6106070	Padavigama	91	5.29	8.062843	80.34512	33	108
LK-6106075	Meegalewa	90	4.67	8.060607	80.357887	33	108
LK-6106080	Lassanagama	81	2.21	8.051729	80.310361	33	108
LK-6106085	Track 4 Usgala	80	2.21	8.064804	80.304975	33	108
LK-6106090	Jayalanda	79	3.38	8.059725	80.295138	33	108
LK-6106095	Padipanchawa	76	2.25	8.04635	80.302152	33	108
LK-6106100	Buduruwakanda	86	4.29	8.043893	80.274185	33	108
LK-6106105	Kallanchiya	85	3.84	8.036916	80.2543	33	108
LK-6106110	Molewa	84	5.99	8.0402	80.238613	33	108
LK-6106115	Nochchiya	48	3.34	8.024856	80.224873	33	108
LK-6106120	Kohombankulama	49	2.96	8.020866	80.200698	33	108
LK-6106125	Ihala Nanneriya	39	3.25	8.005351	80.206355	33	108
LK-6106130	Ihalagama	46	6.79	8.011705	80.228049	33	108
LK-6106135	Ihala Palukandewa	54	3.59	8.014574	80.251595	33	108
LK-6106140	Pahala Palukandewa	55	1.37	8.004756	80.257409	33	108
LK-6106145	Monnankulama	56	1.71	8.006459	80.26571	33	108
LK-6106150	Divullewa	58	1.19	8.006288	80.274187	33	108
LK-6106155	Kurundankulama	59	3.62	8.022675	80.266429	33	108
LK-6106160	Kelegama	77	2.94	8.029158	80.285307	33	108
LK-6106165	Siyambalewa	78	5.42	8.027642	80.302476	33	108
LK-6106170	Walaswewa	63	6.8	8.036108	80.325045	33	108
LK-6106175	Porottukadawala	64	6.81	8.026457	80.343237	33	108
LK-6106180	Bulnewa	62	8.46	8.005623	80.32943	33	108
LK-6106185	Ulpathagama	61	3.13	8.011087	80.306138	33	108
LK-6106190	Kokwewa	65	5.08	7.997576	80.315368	33	108
LK-6106195	Mahagalgamuwa	60	9.47	8.001355	80.285532	33	108
LK-6106200	Galgamuwa Town	57	0.9	7.994472	80.272881	33	108
LK-6106205	Aluthherathgama	51	1.17	7.991927	80.264016	33	108
LK-6106210	Mottapettewa	52	3.33	7.992037	80.255249	33	108
LK-6106215	Karuwalagaswewa	53	2.95	7.989607	80.244371	33	108
LK-6106220	Jayabima	47	5.62	7.989646	80.23116	33	108
LK-6106225	Palugolla	50	7.53	7.989374	80.196103	33	108
LK-6106230	Mahananneriya North	36	10.15	8.01235	80.183991	33	108
LK-6106235	Mahananneriya South	37	1.45	7.997542	80.182212	33	108
LK-6106240	Wewaranawetiya	38	10.4	8.029028	80.155622	33	108
LK-6106245	Nallachchiya	40	4.94	7.98901	80.150064	33	108
LK-6106250	Madawachchiya	43	4.07	7.976515	80.170064	33	108
LK-6106255	Peddegama	41	3.89	7.975602	80.148772	33	108
LK-6106260	Katuwewa	42	3.66	7.965065	80.145075	33	108
LK-6106265	Thorawa	44	8.72	7.965925	80.176426	33	108
LK-6106270	Nahettikulama	45	11.21	7.973275	80.204524	33	108
LK-6106275	Wadugama	71	4.27	7.975734	80.266098	33	108
LK-6106280	Konwewa	68	2.43	7.98685	80.276577	33	108
LK-6106285	Kattakaduwa	70	1.38	7.971939	80.281127	33	108
LK-6106290	Ganedivulwewa	69	3.18	7.973705	80.293329	33	108
LK-6106295	Wegedara	66	4.09	7.980212	80.315283	33	108
LK-6106300	Madadombe	67	5.65	7.967832	80.311871	33	108
LK-6106305	Kurundewa	72	3.24	7.957242	80.292819	33	108
LK-6106310	Palukadawala	73	8.26	7.950626	80.300237	33	108
LK-6109005	Medinnoruwa	102	6.39	8.048988	80.377462	33	108
LK-6109010	Mahawelithenna	101	1.6	8.03585	80.37006	33	108
LK-6109015	Andarawewa	100	3.26	8.026454	80.374241	33	108
LK-6109020	Bongama	104	9.58	8.032408	80.395858	33	108
LK-6109025	Katugampalagama	105	5.19	8.043383	80.407569	33	108
LK-6109030	Mahakathnoruwa	107	5.11	8.013762	80.368694	33	108
LK-6109035	Weliyawa	103	2.46	8.030757	80.360477	33	108
LK-6109040	Makulewa	113	3.72	7.996563	80.345376	33	108
LK-6109045	Vikadenigama	112	8.21	7.992877	80.363853	33	108
LK-6109050	Kathnoruwa	108	4.06	7.997357	80.382532	33	108
LK-6109055	Wedinigama	106	4.02	8.01317	80.395452	33	108
LK-6109060	Pothanegama	109	14.23	7.979865	80.410695	33	108
LK-6109065	Mudiyannegama	110	9.9	7.971111	80.383497	33	108
LK-6109070	Divulgane	111	3.34	7.966177	80.363252	33	108
LK-6109075	Ihala Digana	115	2.0	7.968295	80.343877	33	108
LK-6109080	Nithalawa	114	2.84	7.978717	80.339297	33	108
LK-6109085	Galapitadigana	117	2.85	7.967205	80.332037	33	108
LK-6109090	Ethinimale	118	4.12	7.945759	80.312989	33	108
LK-6109095	Rathnadivulwewa	119	4.27	7.944352	80.329106	33	108
LK-6109100	Nithogama	116	4.49	7.956384	80.347366	33	108
LK-6109105	Hiddewa	120	2.08	7.944635	80.353708	33	108
LK-6109110	Kaduruwewa	122	8.95	7.944054	80.372302	33	108
LK-6109115	Ihala Embogama	124	4.23	7.91412	80.36463	33	108
LK-6109120	Maha Embogama	123	1.9	7.926857	80.361201	33	108
LK-6109125	Ehetuwewa	121	4.85	7.929637	80.341685	33	108
LK-6109130	Nakolagane	130	2.09	7.936251	80.304559	33	108
LK-6109135	Veheragodayaya	75	3.68	7.943758	80.271278	33	108
LK-6109140	Yaddessawa	74	2.59	7.943325	80.266573	33	108
LK-6109145	Atharagalla	132	2.36	7.921419	80.281408	33	108
LK-6109150	Gurugoda	131	4.55	7.911126	80.288624	33	108
LK-6109155	Eriyawa	129	11.48	7.914164	80.309978	33	108
LK-6109160	Hunugallewa	128	8.3	7.902607	80.327167	33	108
LK-6109165	Thimbiriyawa	127	2.49	7.91412	80.349379	33	108
LK-6109170	Walathwewa	125	5.41	7.895438	80.368833	33	108
LK-6109175	Nabadewa	126	4.91	7.895102	80.352457	33	108
LK-6112005	Kasikote West	183	7.81	7.956083	80.228535	39	110
LK-6112010	Kasikote East	182	6.8	7.957924	80.245406	39	110
LK-6112015	Belungala	184	3.71	7.948251	80.253811	39	110
LK-6112020	Abakolawewa North	186	3.69	7.927914	80.264777	39	110
LK-6112025	Amunugama	185	2.73	7.9275	80.250895	39	110
LK-6112030	Ambanpola North	189	3.56	7.926738	80.233219	39	110
LK-6112035	Nelumpathwewa	181	10.79	7.941787	80.208222	39	110
LK-6112040	Maha Divulwewa	177	10.63	7.927555	80.177989	39	110
LK-6112045	Ranoruwa	176	3.68	7.91444	80.169204	39	110
LK-6112050	Uda Divulwewa	178	6.15	7.916704	80.196858	39	110
LK-6112055	Ellabadagama	179	5.44	7.917645	80.217601	39	110
LK-6112060	Ambanpola South	190	1.55	7.917787	80.239464	39	110
LK-6112065	Kirimetiyawa	188	3.95	7.908524	80.25968	39	110
LK-6112070	Abakolawewa South	187	1.82	7.906705	80.276576	39	110
LK-6112075	Serugoda	155	1.07	7.89987	80.272606	39	110
LK-6112080	Mediyawa	154	9.02	7.885319	80.281108	39	110
LK-6112085	Dethawa	192	7.14	7.888194	80.255039	39	110
LK-6112090	Udangawa	191	3.19	7.904179	80.245242	39	110
LK-6112095	Waragammana	180	7.94	7.900783	80.219673	39	110
LK-6112100	Borawewa	174	4.46	7.888204	80.187514	39	110
LK-6112105	Bakmeewewa	175	4.89	7.88473	80.176193	39	110
LK-6112110	Walaliya	171	6.39	7.867853	80.198873	39	110
LK-6112115	Palapathwala	173	6.2	7.884477	80.206635	39	110
LK-6112120	Kettapahuwa	163	3.64	7.876891	80.236481	39	110
LK-6112125	Rolawa	193	2.23	7.876001	80.251337	39	110
LK-6112130	Udhagama	162	4.23	7.856867	80.236745	39	110
LK-6112135	Nekathi Kumbukwewa	172	3.05	7.865603	80.226746	39	110
LK-6112140	Wanduressa	170	4.58	7.854647	80.202925	39	110
LK-6115005	Palugolla Track 10 A	229	3.14	7.937457	80.113605	41	109
LK-6115010	Palugolla Track 10 B	230	21.11	7.930361	80.140755	41	109
LK-6115015	Paalu Uswewa	231	15.76	7.889452	80.136682	41	109
LK-6115020	Kumbukwewa	258	11.02	7.896812	80.118611	41	109
LK-6115025	Digannewa	257	6.91	7.895818	80.10299	41	109
LK-6115030	Kelegama	255	8.64	7.89314	80.083017	41	109
LK-6115035	Digannewatta	256	3.0	7.910183	80.081202	41	109
LK-6115040	Mahamithawa	259	5.48	7.860197	80.078183	41	109
LK-6115045	Aluthgama	254	6.49	7.86673	80.093509	41	109
LK-6115050	Divullepitiya	244	3.79	7.868033	80.119033	41	109
LK-6115055	Meewellewa	233	3.01	7.858712	80.146908	41	109
LK-6115060	Galkadawala	232	9.19	7.877711	80.160747	41	109
LK-6115065	Elagammillawa	237	11.2	7.851032	80.168656	41	109
LK-6115070	Yakadapatha	236	8.76	7.847438	80.129338	41	109
LK-6115075	Kudarawaliya	251	6.1	7.850666	80.09925	41	109
LK-6115080	Moragolla	252	5.41	7.835315	80.093987	41	109
LK-6115085	Kuda Mithawa	261	2.71	7.840441	80.074367	41	109
LK-6115090	Dehennegama	260	7.07	7.856412	80.057503	41	109
LK-6115095	Ihala Weeradadana	266	3.55	7.846153	80.044239	41	109
LK-6115100	Monnekulama	265	3.86	7.824296	80.063463	41	109
LK-6115105	Kotavehera	253	4.14	7.816166	80.075228	41	109
LK-6115110	Maha Kirinda A	245	2.14	7.826024	80.107794	41	109
LK-6115115	Maha Kirinda B	246	5.27	7.817984	80.122247	41	109
LK-6115120	Girilla	234	2.17	7.825046	80.129254	41	109
LK-6115125	Hidogama	235	4.54	7.82607	80.145315	41	109
LK-6115130	Sirisethagama	241	1.39	7.821789	80.154919	41	109
LK-6115135	Nawana	238	3.77	7.825666	80.168804	41	109
LK-6115140	Nagala	239	8.63	7.832548	80.18635	41	109
LK-6115145	Ithewa	243	4.31	7.805686	80.185102	41	109
LK-6115150	Dodamgollegama	242	2.93	7.811457	80.163696	41	109
LK-6115155	Hulawa	240	4.07	7.808633	80.145516	41	109
LK-6118005	Koralayagama	270	2.67	7.826628	80.014062	41	109
LK-6118010	Malpanawa	269	4.07	7.829492	80.029262	41	109
LK-6118015	Abokkagama	263	2.65	7.824928	80.043686	41	109
LK-6118020	Kanuketiya	264	2.47	7.833088	80.057349	41	109
LK-6118025	Ambale	250	2.4	7.805821	80.069833	41	109
LK-6118030	Udunowa	249	3.09	7.810882	80.053637	41	109
LK-6118035	Galpanawa	262	1.56	7.808077	80.039696	41	109
LK-6118040	Halambe	268	5.0	7.81061	80.020985	41	109
LK-6118045	Ottukulama	279	5.26	7.797309	80.00224	41	109
LK-6118050	Leekolapitiya	267	8.01	7.794944	80.022979	41	109
LK-6118055	Agara Uda	248	2.34	7.798494	80.050277	41	109
LK-6118060	Udahenegama	303	6.04	7.790958	80.074323	41	109
LK-6118065	Rambewa	285	3.41	7.776406	80.068439	41	109
LK-6118070	Thalakolawewa	247	5.28	7.783079	80.047261	41	109
LK-6118075	Kanagullewa	277	6.14	7.761294	80.037482	41	109
LK-6118080	Rasnayakapura	276	8.89	7.761928	80.019262	41	109
LK-6118085	Kallanchiya	278	3.89	7.756645	80.000205	41	109
LK-6118090	Kuruvikulama	271	2.96	7.739694	80.003856	41	109
LK-6118095	Nammuwawa	291	5.63	7.730112	80.024302	41	109
LK-6118100	Niraliyadda	292	3.98	7.735167	80.040786	41	109
LK-6118105	Ambagammana	282	1.83	7.751481	80.044648	41	109
LK-6118110	Unagolla	280	3.17	7.768766	80.057474	41	109
LK-6118115	Kongaswalayagama	281	2.24	7.759212	80.06393	41	109
LK-6118120	Divullewa	290	4.36	7.741039	80.055134	41	109
LK-6118125	Kadigawa Track 1	273	3.36	7.729842	79.994988	41	109
LK-6118130	Kadigawa Track 3	272	9.5	7.716094	80.002786	41	109
LK-6118135	Subhasinghapura	275	7.26	7.708233	79.981391	41	109
LK-6118140	Magurankadawala	274	7.11	7.705656	79.963676	41	109
LK-6121005	Thumbulla	302	4.49	7.799895	80.090908	41	109
LK-6121010	Wanduressa	308	3.33	7.810652	80.098813	41	109
LK-6121015	Olupeliyawa	307	4.8	7.808515	80.117178	41	109
LK-6121020	Kandegedara	309	4.52	7.78302	80.127141	41	109
LK-6121025	Hulugalla	310	4.43	7.789948	80.141331	41	109
LK-6121030	Mawathagama	324	2.9	7.800182	80.172257	41	109
LK-6121035	Pinnapolegama	325	3.7	7.791753	80.19899	41	109
LK-6121040	Hulogedara	321	4.34	7.782439	80.184704	41	109
LK-6121045	Bogollagama	323	4.2	7.789858	80.172121	41	109
LK-6121050	Dalukgolla	312	3.81	7.778512	80.155868	41	109
LK-6121055	Ihakolagama	314	3.71	7.767377	80.143659	41	109
LK-6121060	Karakole	313	1.46	7.761333	80.128679	41	109
LK-6121065	Hewenpelessa	299	2.59	7.768435	80.115536	41	109
LK-6121070	Kivulegama	300	3.19	7.788992	80.111473	41	109
LK-6121075	Nabadewa	301	2.01	7.780747	80.105936	41	109
LK-6121080	Diyagama	298	3.11	7.774876	80.097571	41	109
LK-6121085	Hathigammana	305	2.76	7.764566	80.095411	41	109
LK-6121090	Kaluwennewa	286	2.02	7.771928	80.080731	41	109
LK-6121095	Heelogama	283	1.8	7.755457	80.072775	41	109
LK-6121100	Kebellewa	284	4.3	7.753858	80.08604	41	109
LK-6121105	Budumuttawa	306	2.78	7.752004	80.104295	41	109
LK-6121110	Galapitiyagama	304	0.9	7.756542	80.116727	41	109
LK-6121115	Nikaweratiya North	293	1.12	7.749669	80.116607	41	109
LK-6121120	Thimbiriyawa	315	6.36	7.750803	80.139636	41	109
LK-6121125	Galagedara	311	4.92	7.766544	80.163397	41	109
LK-6121130	Randenigama	322	5.27	7.761344	80.178269	41	109
LK-6121135	Divullegoda	329	6.13	7.75232	80.198967	41	109
LK-6121140	Siyambalewa	326	5.52	7.76367	80.207738	41	109
LK-6121145	Wasiwewa	328	3.21	7.776276	80.22313	41	109
LK-6121150	Kirindigalla	327	9.87	7.74498	80.227019	41	109
LK-6121155	Othota Divullewa	317	5.51	7.746696	80.184928	41	109
LK-6121160	Halmillewa	316	4.4	7.737565	80.169779	41	109
LK-6121165	Katagamuwa	319	3.06	7.726889	80.158944	41	109
LK-6121170	Kumbukwewa	318	2.69	7.738078	80.151681	41	109
LK-6121175	Elawaka	320	3.77	7.737265	80.137411	41	109
LK-6121180	Magallegama	296	2.96	7.72842	80.126908	41	109
LK-6121185	Millagoda	297	3.07	7.730053	80.110454	41	109
LK-6121190	Nikaweratiya South	294	1.53	7.73955	80.115645	41	109
LK-6121195	Viharagama	295	2.7	7.737989	80.102309	41	109
LK-6121200	Danduwawa	287	2.11	7.736842	80.088224	41	109
LK-6121205	Pahala Galapitiyagama	289	2.51	7.738067	80.070623	41	109
LK-6121210	Tharanagolla	288	3.46	7.727414	80.064865	41	109
LK-6124005	Kohombakadawala	140	5.85	7.882288	80.305284	39	110
LK-6124010	Ihalagama	138	1.83	7.874871	80.326844	39	110
LK-6124015	Pahalagama	139	6.49	7.876783	80.340644	39	110
LK-6124020	Moragaswewa	133	6.99	7.871736	80.358796	39	110
LK-6124025	Konwewa	134	3.29	7.852708	80.35321	39	110
LK-6124030	Yaddigama	136	4.56	7.849182	80.334771	39	110
LK-6124035	Bamunugama	137	2.99	7.862796	80.326131	39	110
LK-6124040	Kirimetiyawa	142	5.31	7.851889	80.318333	39	110
LK-6124045	Bakmeegahawatta	141	2.71	7.862033	80.306759	39	110
LK-6124050	Karuwalagahawatta	143	4.57	7.846118	80.296548	39	110
LK-6124055	Makaduwawa	152	5.41	7.858964	80.287905	39	110
LK-6124060	Thumbullegama	153	2.91	7.867667	80.277203	39	110
LK-6124065	Hithokadawala	194	3.81	7.864372	80.256358	39	110
LK-6124070	Thambare	195	1.27	7.852126	80.262339	39	110
LK-6124075	Liyanagama	160	4.49	7.846836	80.258828	39	110
LK-6124080	Uduweriya	161	4.3	7.84378	80.23392	39	110
LK-6124085	Maningamuwa	169	5.45	7.834315	80.214588	39	110
LK-6124090	Ipalogama	167	5.85	7.821117	80.208336	39	110
LK-6124095	Thammitagama	168	2.48	7.825404	80.225221	39	110
LK-6124100	Daladagama	196	3.18	7.818458	80.24719	39	110
LK-6124105	Ullalapola	159	1.73	7.831663	80.24866	39	110
LK-6124110	Atawarala	157	1.84	7.821007	80.257017	39	110
LK-6124115	Digana	158	2.55	7.829579	80.263699	39	110
LK-6124120	Moonamalegama	156	0.85	7.823884	80.270838	39	110
LK-6124125	Madurugama	150	0.6	7.823431	80.277554	39	110
LK-6124130	Mahawa West	149	1.46	7.833131	80.275326	39	110
LK-6124135	Mahawa East	148	1.87	7.8318	80.282577	39	110
LK-6124140	Nettipalagama	146	3.58	7.832241	80.296247	39	110
LK-6124145	Divullewa	145	4.01	7.823314	80.305339	39	110
LK-6124150	Pailigama	144	6.14	7.820908	80.324555	39	110
LK-6124155	Kattambuwawa	135	5.62	7.838005	80.351445	39	110
LK-6124160	Deheneggama	222	3.05	7.804863	80.354435	39	110
LK-6124165	Karambe	223	5.67	7.807081	80.343371	39	110
LK-6124170	Kandubadagama	219	3.16	7.808884	80.322876	39	110
LK-6124175	Embogama	211	3.73	7.792703	80.308386	39	110
LK-6124180	Thalambuwa	210	3.46	7.80452	80.302923	39	110
LK-6124185	Kumbukwewa	147	3.16	7.813169	80.286855	39	110
LK-6124190	Kekunawa	151	3.01	7.805914	80.278776	39	110
LK-6124195	Rekogama	207	3.34	7.802346	80.272118	39	110
LK-6124200	Imbulgodayagama	198	3.42	7.807941	80.25858	39	110
LK-6124205	Vilawa	197	4.68	7.805865	80.240039	39	110
LK-6124210	Kumbukwewa	165	3.36	7.79856	80.220743	39	110
LK-6124215	Konwewa	166	2.52	7.798452	80.203573	39	110
LK-6124220	Heenuggala	164	2.52	7.784357	80.217943	39	110
LK-6124225	Kumbukwewa	203	4.95	7.783129	80.236926	39	110
LK-6124230	Balalla	199	3.16	7.79231	80.252866	39	110
LK-6124235	Pahala Balalla	200	3.87	7.776984	80.251114	39	110
LK-6124240	Thisnampalagama	208	5.03	7.786385	80.283418	39	110
LK-6124245	Heenukwewa	212	2.37	7.783006	80.300391	39	110
LK-6124250	Gallewa	209	4.33	7.767924	80.292183	39	110
LK-6124255	Galewewa	221	3.99	7.778612	80.312274	39	110
LK-6124260	Kadambawa	220	5.08	7.791488	80.330349	39	110
LK-6124265	Metiyakgama	224	3.78	7.778147	80.337979	39	110
LK-6124270	Medagama	225	4.87	7.770652	80.35608	39	110
LK-6124275	Gala Ambagaswewa	226	4.39	7.767425	80.336548	39	110
LK-6124280	Rathmale	227	4.64	7.75391	80.339507	39	110
LK-6124285	Dampitigama	228	2.29	7.748016	80.324593	39	110
LK-6124290	Nagollagama	214	1.91	7.752658	80.311784	39	110
LK-6124295	Thalagalla	213	4.98	7.754906	80.297647	39	110
LK-6124300	Panwewa	202	9.58	7.759704	80.271311	39	110
LK-6124305	Balagollagama	201	1.7	7.764903	80.250556	39	110
LK-6124310	Ambagaswewa	204	4.12	7.752203	80.247168	39	110
LK-6124315	Gajaneggama	205	5.51	7.736165	80.252055	39	110
LK-6124320	Pothuwewa	206	5.22	7.739157	80.278095	39	110
LK-6124325	Katuwannawa	216	6.06	7.726664	80.287921	39	110
LK-6124330	Walpaluwa	217	4.12	7.719854	80.297171	39	110
LK-6124335	Palugaswewa	215	3.06	7.737759	80.309892	39	110
LK-6124340	Mirihanpitigama	218	3.27	7.728353	80.318118	39	110
LK-6127005	Kumbukkadawala	333	6.43	7.949534	80.398407	45	108
LK-6127010	Thaladapitiya	332	5.64	7.938346	80.418094	45	108
LK-6127015	Thalawa	331	4.21	7.940591	80.436306	45	108
LK-6127020	Siyambalangamuwa	330	2.96	7.944426	80.453109	45	108
LK-6127025	Bulnewa	338	8.59	7.92367	80.445543	45	108
LK-6127030	Kambuwatawana	334	10.38	7.930986	80.402831	45	108
LK-6127035	Galgiriyawa	335	7.16	7.908829	80.389924	45	108
LK-6127040	Pohorawatta	336	3.76	7.91229	80.413086	45	108
LK-6127045	Moragollagama	337	8.33	7.904548	80.438386	45	108
LK-6127050	Galahitiyagama	341	6.72	7.887615	80.436477	45	108
LK-6127055	Nikawewa	340	4.34	7.888403	80.415634	45	108
LK-6127060	Ihala Thimbiriyawa	344	10.91	7.881724	80.391727	45	108
LK-6127065	Mamunugama	345	3.41	7.870066	80.380615	45	108
LK-6127070	Pathirennegama	346	2.63	7.85192	80.392963	45	108
LK-6127075	Saliyagama	343	6.96	7.859714	80.414595	45	108
LK-6127080	Serugasyaya	339	0.94	7.878161	80.421046	45	108
LK-6127085	Herathgama	342	12.96	7.876731	80.452398	45	108
LK-6127090	Dambe	349	14.07	7.853972	80.45277	45	108
LK-6127095	Kiribamunegama	348	6.68	7.841369	80.433059	45	108
LK-6127100	Madagalla	347	2.83	7.844615	80.405381	45	108
LK-6127105	Galagedaragama	357	5.18	7.856195	80.377002	45	108
LK-6127110	Hathigamuwa	356	5.76	7.827442	80.38168	45	110
LK-6127115	Amunakole	355	4.57	7.819183	80.39339	45	110
LK-6127120	Kumbukulawa	353	4.13	7.829806	80.405583	45	110
LK-6127125	Pallekele	351	5.93	7.825255	80.443334	45	110
LK-6127130	Pothuvila	350	18.94	7.817277	80.4812	45	110
LK-6127135	Rekevula	399	10.98	7.789389	80.461438	45	110
LK-6127140	Bogolla	352	4.21	7.80959	80.418759	45	110
LK-6127145	Polpithigama	354	4.35	7.809581	80.405702	45	110
LK-6127150	Mal Asna	360	4.97	7.800387	80.387054	45	110
LK-6127155	Meegaswewa	359	2.78	7.802128	80.374658	45	110
LK-6127160	Niyandawanaya	358	5.71	7.820953	80.365127	45	110
LK-6127165	Hathpokuna	361	5.83	7.789689	80.364369	45	110
LK-6127170	Thalpathwewa	362	3.52	7.780116	80.385426	45	110
LK-6127175	Koruwawa	365	4.06	7.768375	80.397316	45	110
LK-6127180	Galtenwewa	366	3.63	7.781792	80.405191	45	110
LK-6127185	Balagolla	368	4.54	7.783218	80.421146	45	110
LK-6127190	Siyambalawewa	396	3.08	7.803119	80.42701	45	110
LK-6127195	Thalakolawewa	397	2.85	7.797858	80.436282	45	110
LK-6127200	Elagamuwa	398	4.3	7.782573	80.44043	45	110
LK-6127205	Halmillawewa	401	20.24	7.76386	80.484806	45	110
LK-6127210	Imihaminegama	407	4.78	7.769177	80.509635	45	110
LK-6127215	Angulgamuwa	406	4.97	7.749421	80.51349	45	110
LK-6127220	Nikawehera	400	9.43	7.74362	80.469368	45	110
LK-6127225	Kosgaha Ela	393	4.56	7.752951	80.450984	45	110
LK-6127230	Hakwatunawa	395	2.38	7.769288	80.439357	45	110
LK-6127235	Rawa Ela	369	3.38	7.769826	80.426719	45	110
LK-6127240	Dagama	370	3.77	7.753694	80.407358	45	110
LK-6127245	Indigolla	367	3.01	7.748911	80.388924	45	110
LK-6127250	Dembatagala	364	4.98	7.760493	80.380548	45	110
LK-6127255	Galketiyagama	363	4.33	7.758863	80.366567	45	110
LK-6127260	Bakmeewewa	380	3.7	7.737979	80.35122	45	110
LK-6127265	Welangolla	377	2.76	7.737083	80.369039	45	110
LK-6127270	Wanduressa	375	2.12	7.735988	80.385257	45	110
LK-6127275	Maeliya North	371	4.28	7.746786	80.40794	45	110
LK-6127280	Agare	373	2.89	7.75087	80.432993	45	110
LK-6127285	Makulpotha	394	2.1	7.750298	80.442657	45	110
LK-6127290	Thalwehera	392	2.81	7.735258	80.447089	45	110
LK-6127295	Welipitiya	402	3.3	7.713662	80.462776	45	110
LK-6127300	Morotta	403	2.24	7.719524	80.480845	45	110
LK-6127305	Keralankadawala	404	5.3	7.731341	80.49922	45	110
LK-6127310	Polgahangoda	405	6.59	7.740524	80.528802	45	110
LK-6127315	Paragaha Ela	411	1.24	7.714669	80.5351	45	110
LK-6127320	Medakanda	410	3.91	7.71474	80.525191	45	110
LK-6127325	Madahapola	409	2.85	7.712546	80.502327	45	110
LK-6127330	Uthuruwella	390	4.34	7.71723	80.447503	45	110
LK-6127335	Rambe	374	2.25	7.730329	80.427612	45	110
LK-6127340	Maeliya South	372	3.74	7.734966	80.409648	45	110
LK-6127345	Dekanduwala	386	2.91	7.722247	80.396803	45	110
LK-6127350	Kalugalla	376	7.12	7.709296	80.384067	45	110
LK-6127355	Ihala Thelambiyawa	378	3.57	7.722313	80.367531	45	110
LK-6127360	Ambagaswewa	379	3.53	7.721275	80.348792	45	110
LK-6127365	Thalamalgama	381	1.55	7.708525	80.336773	45	110
LK-6127370	Kalawana	382	4.06	7.70548	80.352355	45	110
LK-6127375	Welidalla	383	2.38	7.706444	80.367106	45	110
LK-6127380	Ponnilawa	385	2.74	7.709301	80.400227	45	110
LK-6127385	Thambuwa	387	6.04	7.719413	80.419845	45	110
LK-6127390	Henawa	391	2.26	7.708735	80.449674	45	110
LK-6127395	Baddegama	408	5.36	7.709291	80.515493	45	110
LK-6127400	Hangamuwa	389	3.77	7.699669	80.427815	45	110
LK-6127405	Doraweruwa	388	3.88	7.703844	80.412986	45	110
LK-6127410	Deegama	384	5.05	7.686967	80.369407	45	110
LK-6130005	Welgala	424	3.26	7.690666	80.442343	35	111
LK-6130010	Kimbulwana Oya	423	1.73	7.699118	80.453328	35	111
LK-6130015	Nelliya	427	2.81	7.690814	80.459498	35	111
LK-6130020	Diddeniya	419	5.32	7.687214	80.474242	35	111
LK-6130025	Polkatuwa	420	5.92	7.70514	80.48403	35	111
LK-6130030	Diggalawatta	418	3.5	7.683235	80.490967	35	111
LK-6130035	Gurussa	416	8.03	7.684741	80.514426	35	111
LK-6130040	Omaragolla	415	3.69	7.696254	80.539402	35	111
LK-6130045	Panliyadda	414	5.85	7.673578	80.5479	35	111
LK-6130050	Nabeta	413	6.52	7.668742	80.526308	35	111
LK-6130055	Ussawa	417	2.72	7.667309	80.503042	35	111
LK-6130060	Neerammulla	421	3.85	7.658638	80.489392	35	111
LK-6130065	Dewagiriya	422	4.26	7.659663	80.480633	35	111
LK-6130070	Katupotha	426	3.02	7.678487	80.455077	35	111
LK-6130075	Unit 3	425	5.9	7.65837	80.463096	35	111
LK-6130080	Hipawwa	439A	2.65	7.631216	80.42209	35	111
LK-6130085	Thammita	438	3.17	7.635704	80.435176	35	111
LK-6130090	Thihawa	435	4.76	7.637835	80.451165	35	111
LK-6130095	Ganegoda	436	3.1	7.632403	80.463697	35	111
LK-6130100	Lenawa	494	3.57	7.634426	80.47789	35	111
LK-6130105	Bandipola	499	1.46	7.641201	80.486837	35	111
LK-6130110	Pitapahamuna	501	1.41	7.642164	80.498777	35	111
LK-6130115	Medamulla	502	0.93	7.645737	80.507553	35	111
LK-6130120	Diyathure	412	3.91	7.65363	80.523946	35	111
LK-6130125	Megodadiyathure	507	2.1	7.643252	80.520758	35	111
LK-6130130	Ragedara	506	6.33	7.643582	80.538382	35	111
LK-6130135	Kendawala	504	2.44	7.634994	80.515678	35	111
LK-6130140	Mahagama	505	1.41	7.627184	80.515315	35	111
LK-6130145	Puswellegama	503	1.09	7.632317	80.505983	35	111
LK-6130150	Karandagolla	500	1.06	7.63335	80.496443	35	111
LK-6130155	Kahatawela	498	1.19	7.62553	80.48992	35	111
LK-6130160	Neketta	495	1.45	7.617052	80.479175	35	111
LK-6130165	Godarathmale	437	2.09	7.619364	80.465913	35	111
LK-6130170	Pudukkulama	493	3.14	7.617586	80.450594	35	111
LK-6130175	Manapaya	439	2.76	7.611949	80.438332	35	111
LK-6130180	Doluwa	489	3.0	7.622051	80.420423	35	111
LK-6130185	Wewalagama	491	2.74	7.60417	80.420088	35	111
LK-6130190	Deeyawa	490	2.28	7.603417	80.432325	35	111
LK-6130195	Aragama	492	3.47	7.595513	80.449875	35	111
LK-6130200	Nindapella	488	2.11	7.606823	80.463764	35	111
LK-6130205	Ihala Gokarella	487	2.36	7.597796	80.470686	35	111
LK-6130210	Medagampola	496	1.12	7.611011	80.476168	35	111
LK-6130215	Kandegedara	484	1.31	7.60909	80.490511	35	111
LK-6130220	Ambanpola	497	2.46	7.620947	80.497056	35	111
LK-6130225	Meddeketiya	486	2.19	7.607602	80.499337	35	111
LK-6130230	Siyambalawehera	485	1.98	7.600026	80.484444	35	111
LK-6130235	Daramitipola	482	1.42	7.58402	80.479771	35	111
LK-6130240	Hiddana	483	1.44	7.585416	80.466377	35	111
LK-6130245	Godagama	481	1.29	7.589707	80.45905	35	111
LK-6130250	Kiribamuna	480	3.7	7.587376	80.438949	35	111
LK-6130255	Periyakadunelawa	515	4.96	7.583186	80.42153	35	111
LK-6130260	Peddawa	475	3.48	7.571932	80.403242	35	111
LK-6130265	Muruthawa	516	3.65	7.568278	80.428217	35	111
LK-6130270	Kandulawa	479	3.79	7.571537	80.44696	35	111
LK-6130275	Ipalawa	514	2.03	7.569526	80.464607	35	111
LK-6130280	Polgolla	508	1.73	7.578242	80.469452	35	111
LK-6130285	Udathammita	509	1.05	7.572607	80.477781	35	111
LK-6130290	Medagedara	510	3.81	7.575587	80.487805	35	111
LK-6130295	Thalgodapitiya	511	3.1	7.55674	80.460622	35	111
LK-6130300	Ibbagamuwa	513	2.19	7.554064	80.451719	35	111
LK-6130305	Dehelgamuwa	517	2.73	7.555985	80.436235	35	111
LK-6130310	Mahamookalanyaya	477	2.44	7.558977	80.419948	35	111
LK-6130315	Bogamuwa	476	2.94	7.556049	80.409824	35	111
LK-6130320	Hangamuwa	478	3.3	7.540495	80.419603	35	111
LK-6130325	Wadupola	519	1.15	7.547351	80.434723	35	111
LK-6130330	Pannala	520	1.39	7.537849	80.437251	35	111
LK-6130335	Udawela	518	2.45	7.539539	80.447694	35	111
LK-6130340	Kirindigalla	512	4.39	7.554854	80.476926	35	111
LK-6130345	Henegedara	525	2.6	7.538784	80.468415	35	111
LK-6130350	Madigedethilianga	526	2.34	7.532829	80.474486	35	111
LK-6130355	Galketigama	521	2.75	7.525568	80.441066	35	111
LK-6130360	Bakmeegolla	522	2.64	7.519816	80.440348	35	111
LK-6130365	Kumbalanga	523	3.16	7.514912	80.448862	35	111
LK-6130370	Nembilikumbura	524	3.81	7.521803	80.467036	35	111
LK-6133005	Digankonwewa	458	4.62	7.73265	80.334506	35	111
LK-6133010	Weragala	457	2.85	7.718875	80.327166	35	111
LK-6133015	Thimbiriwewa	459	5.33	7.709972	80.311332	35	111
LK-6133020	Kekulawala	451	3.12	7.700737	80.292963	35	111
LK-6133025	Divulwewa	450	3.1	7.68903	80.299963	35	111
LK-6133030	Pothuwagonna	449	2.87	7.689138	80.312833	35	111
LK-6133035	Kuda Uyangalla	454	2.46	7.690987	80.326692	35	111
LK-6133040	Uyangalla	455	2.89	7.694928	80.336618	35	111
LK-6133045	Kalatuwagama	456	4.99	7.676845	80.338261	35	111
LK-6133050	Aluthgama	453	3.74	7.6749	80.358596	35	111
LK-6133055	Seerangoda	448	1.84	7.677396	80.3123	35	111
LK-6133060	Thambagalla	445	4.96	7.667032	80.325059	35	111
LK-6133065	Pannawa	446	3.94	7.658286	80.340422	35	111
LK-6133070	Nelawa	452	2.74	7.665459	80.350556	35	111
LK-6133075	Makulmade	462	1.12	7.653429	80.357121	35	111
LK-6133080	Neeraviya	441	4.85	7.667465	80.379169	35	111
LK-6133085	Waduwawa	443	4.15	7.686886	80.392966	35	111
LK-6133090	Santhanagama	430	5.1	7.68299	80.413049	35	111
LK-6133095	Kumbukgete	429	2.65	7.67161	80.425197	35	111
LK-6133100	Hettigama	432	2.6	7.67938	80.428711	35	111
LK-6133105	Boraluwa	431	3.08	7.669818	80.438723	35	111
LK-6133110	Nikagolla	434	2.72	7.660171	80.446459	35	111
LK-6133115	Thittawella	433	2.1	7.656283	80.432043	35	111
LK-6133120	Jahapagama	428	2.82	7.647509	80.429457	35	111
LK-6133125	Neriyawa	444	5.43	7.66632	80.406936	35	111
LK-6133130	Arankele	440	4.69	7.652095	80.404838	35	111
LK-6133135	Thittawelgala	442	2.13	7.657264	80.385316	35	111
LK-6133140	Nikadalupotha	461	1.34	7.654261	80.377377	35	111
LK-6133145	Hiripitiya	460	2.81	7.647717	80.370056	35	111
LK-6133150	Hindawewa	463	2.2	7.648062	80.347365	35	111
LK-6133155	Nelumpathgama	447	4.32	7.640693	80.337104	35	111
LK-6133160	Malagamuwa	464	4.22	7.635767	80.365838	35	111
LK-6133165	Othuwela	466	2.3	7.644328	80.387106	35	111
LK-6133170	Moragolla	468	7.96	7.63298	80.398797	35	111
LK-6133175	Hunupola	467	3.57	7.617825	80.403714	35	111
LK-6133180	Wegolla	465	7.59	7.619747	80.360526	35	111
LK-6133185	Makulwewa	469	2.64	7.607375	80.368484	35	111
LK-6133190	Thanthirigama	470	1.24	7.613556	80.375897	35	111
LK-6133195	Kirindiwelmada/ Galagedara	471	4.09	7.599846	80.379707	35	111
LK-6133200	Seeradunna	473	5.27	7.603939	80.403575	35	111
LK-6133205	Kanawa	474	2.85	7.590034	80.398225	35	111
LK-6133210	Pothuvila	472	4.97	7.583963	80.388618	35	111
LK-6136005	Halmillewa	1287	3.68	7.716611	80.171983	47	112
LK-6136010	Thennakongama	1284	3.48	7.718069	80.188828	47	112
LK-6136015	Kelegama	1283	5.79	7.717805	80.20578	47	112
LK-6136020	Konotta	1280	5.15	7.714123	80.223759	47	112
LK-6136025	Ebawalapitiya	1257	2.69	7.725374	80.235092	47	112
LK-6136030	Mellapotta	1258	2.11	7.71884	80.242583	47	112
LK-6136035	Wanduressa Welgala	1259	2.82	7.718917	80.26121	47	112
LK-6136040	Walpaluwa	1254	3.09	7.708815	80.269855	47	112
LK-6136045	Minuwangete	1253	3.66	7.704459	80.257264	47	112
LK-6136050	Nelliya	1252	5.33	7.685667	80.2531	47	112
LK-6136055	Deegithawa	1279	4.73	7.696658	80.237954	47	112
LK-6136060	Karagaswewa	1277	2.59	7.694274	80.223187	47	112
LK-6136065	Wanduressa	1278	1.54	7.702221	80.209696	47	112
LK-6136070	Karandawetiya	1288	2.48	7.700131	80.191601	47	112
LK-6136075	Ethawa	1289	3.8	7.705376	80.168	47	112
LK-6136080	Welawa	1286	2.43	7.693657	80.172396	47	112
LK-6136085	Rabukana	1285	2.57	7.681387	80.174664	47	112
LK-6136090	Avulegama	1273	2.23	7.676745	80.19281	47	112
LK-6136095	Bayawa	1282	3.55	7.693029	80.201426	47	112
LK-6136100	Muwanwellegedara	1272	2.65	7.683354	80.184836	47	112
LK-6136105	Magulagama	1267	3.88	7.675478	80.217843	47	112
LK-6136110	Divulakele	1276	2.16	7.686202	80.219966	47	112
LK-6136115	Werella	1281	4.35	7.67154	80.23766	47	112
LK-6136120	Naramana	1271	4.86	7.667623	80.249949	47	112
LK-6136125	Thambarawa	1255	4.67	7.668022	80.270554	47	112
LK-6136130	Pothuwewa	1256	4.03	7.687137	80.268952	47	112
LK-6136135	Netiya	1251	7.95	7.678446	80.292534	47	112
LK-6136140	Thissawa	1200	2.67	7.655236	80.31186	47	112
LK-6136145	Amunugama	1199	3.85	7.638387	80.318574	47	112
LK-6136150	Goluwawa	1198	6.71	7.617586	80.321933	47	112
LK-6136155	Kithulwehera	1250	4.93	7.648282	80.283859	47	112
LK-6136160	Ipalawa	1249	6.35	7.651536	80.266886	47	112
LK-6136165	Mamunuwa	1270	4.65	7.645033	80.245693	47	112
LK-6136170	Padeniya	1268	4.72	7.647171	80.221532	47	112
LK-6136175	Madatuwa	1269	4.45	7.657922	80.211025	47	112
LK-6136180	Pattalegedara	1266	1.88	7.659768	80.195424	47	112
LK-6136185	Mirihanegama	1274	1.78	7.661803	80.18751	47	112
LK-6136190	Nabadawewa	1275	3.36	7.666502	80.175951	47	112
LK-6136195	Kahagolla	1265	2.93	7.644716	80.173918	47	112
LK-6136200	Habarawa	1264	3.56	7.644073	80.188832	47	112
LK-6136205	Ambakadawara	1263	2.51	7.629805	80.194496	47	112
LK-6136210	Pennithawa	1262	2.71	7.637224	80.205967	47	112
LK-6136215	Hettigedara	1261	1.6	7.644002	80.210792	47	112
LK-6136220	Medagama	1260	1.93	7.620962	80.211552	47	112
LK-6136225	Ginipendegama	1246	2.73	7.632751	80.225437	47	112
LK-6136230	Wariyapola	1245	3.01	7.628659	80.238087	47	112
LK-6136235	Rathmale	1247	2.49	7.636606	80.251091	47	112
LK-6136240	Piyumgalla	1248	2.43	7.627931	80.252513	47	112
LK-6136245	Elavitigama	1242	4.52	7.624027	80.269005	47	112
LK-6136250	Wewagedara	1243	5.32	7.617028	80.28519	47	112
LK-6136255	Randeniya	1244	5.76	7.60116	80.283888	47	112
LK-6136260	Werapola	1237	3.56	7.596949	80.261644	47	112
LK-6136265	Horombuwa	1240	2.78	7.610316	80.255849	47	112
LK-6136270	Vilakatupotha	1239	2.45	7.614988	80.240742	47	112
LK-6136275	Embawa	1241	2.32	7.603635	80.241243	47	112
LK-6136280	Malwana	1235	5.8	7.604421	80.226512	47	112
LK-6139005	Hathalawa	1321	7.06	7.715299	80.052794	36	109
LK-6139010	Makeliyawa	1315	8.73	7.716292	80.080976	36	109
LK-6139015	Mawathagama	1310	4.61	7.714431	80.106738	36	109
LK-6139020	Hengamuwa	1309	4.2	7.70337	80.112456	36	109
LK-6139025	Waduressa	1305	2.56	7.710684	80.13193	36	109
LK-6139030	Wannigama	1304	2.67	7.708858	80.142315	36	109
LK-6139035	Vithikuliya	1303	3.33	7.710988	80.150246	36	109
LK-6139040	Beddegama	1290	3.39	7.68693	80.16028	36	109
LK-6139045	Pubbiliya	1293	2.43	7.686906	80.144084	36	109
LK-6139050	Kandattawa	1306	2.38	7.698521	80.130835	36	109
LK-6139055	Amunukole	1307	3.08	7.683597	80.119774	36	109
LK-6139060	Kithagama	1312	4.18	7.678404	80.100898	36	109
LK-6139065	Thelahera	1314	6.05	7.695339	80.088673	36	109
LK-6139070	Assedduma	1322	4.65	7.696018	80.064001	36	109
LK-6139075	Leekolawewa	1320	2.78	7.701253	80.045061	36	109
LK-6139080	Kahatagaswewa	1323	4.68	7.699846	80.033383	36	109
LK-6139085	Welpothuwewa	1324	7.02	7.696188	80.009089	36	109
LK-6139090	Boraluwewa	1318	3.5	7.683185	80.033895	36	109
LK-6139095	Maulla	1319	4.12	7.681012	80.06325	36	109
LK-6139100	Beliwewa	1316	4.05	7.667712	80.077387	36	109
LK-6139105	Bakunawala	1317	2.78	7.68007	80.083768	36	109
LK-6139110	Alahenegama	1313	4.13	7.666733	80.101318	36	109
LK-6139115	Aralugaswewa	1308	3.05	7.673298	80.11896	36	109
LK-6139120	Walaswewa	1292	2.77	7.677263	80.135475	36	109
LK-6139125	Pannawa	1291	2.83	7.676781	80.14961	36	109
LK-6139130	Galatabendiwewa	1295	2.83	7.668532	80.159101	36	109
LK-6139135	Bamunugama	1294	3.15	7.653222	80.162168	36	109
LK-6139140	Hirigolla	1302	2.72	7.661602	80.142503	36	109
LK-6139145	Kobeigane	1301	3.62	7.655524	80.128014	36	109
LK-6139150	Holambalewa	1311	4.09	7.648766	80.113225	36	109
LK-6139155	Halmillakotuwa	1299	2.33	7.629607	80.123212	36	109
LK-6139160	Kattapitiya	1300	1.69	7.643855	80.126738	36	109
LK-6139165	Baladora	1298	4.36	7.645253	80.146341	36	109
LK-6139170	Midellawa	1296	2.38	7.640405	80.160162	36	109
LK-6139175	Hindagahawewa	1297	2.07	7.631829	80.159928	36	109
LK-6142005	Molaeliya	1455	9.81	7.664365	79.941988	32	114
LK-6142010	Getulawa	1456	8.08	7.669864	79.963361	32	114
LK-6142015	Pahala Thalampola	1446	5.6	7.686029	79.981947	32	114
LK-6142020	Ihala Konkandawala	1448	4.82	7.677151	80.00617	32	114
LK-6142025	Bandarigalgoda	1444	2.43	7.669503	80.018737	32	114
LK-6142030	Manelembuwa	1443	3.4	7.672106	80.036483	32	114
LK-6142035	Pahala Kiniyama	1449	5.82	7.650125	80.001675	32	114
LK-6142040	Kiniyama East	1450	1.9	7.662429	80.011654	32	114
LK-6142045	Kiniyama West	1451	2.85	7.660584	79.999437	32	114
LK-6142050	Puwakgahakadawala	1447	2.97	7.661496	79.982403	32	114
LK-6142055	Weerapokuna	1445	2.17	7.650207	79.984099	32	114
LK-6142060	Koshenagara	1454	7.44	7.633906	79.958779	32	114
LK-6142065	Ihala Galwewa	1453	1.74	7.642298	79.953084	32	114
LK-6142070	Pahala Galwewa	1452	3.99	7.640292	79.935555	32	114
LK-6142075	Urapotta	1458	6.93	7.624199	79.930672	32	114
LK-6142080	Brahmanayagama	1457	3.67	7.611569	79.951927	32	114
LK-6142085	Hendiyapola	1440	3.81	7.610584	79.972096	32	114
LK-6142090	Karandanayagama	1441	4.57	7.621586	79.978906	32	114
LK-6142095	Kosagama	1442	5.95	7.6301	79.995007	32	114
LK-6142100	Wanduressa	1467	1.26	7.606085	79.995215	32	114
LK-6142105	Pahala Koswatta	1465	1.59	7.598622	79.992988	32	114
LK-6142110	Maunawa	1462	4.33	7.592187	79.972672	32	114
LK-6142115	Bowatta	1463	2.88	7.58899	79.962586	32	114
LK-6142120	Panawewa	1464	2.48	7.583835	79.953971	32	114
LK-6142125	Mookalanhena	1461	2.94	7.599322	79.943306	32	114
LK-6142130	Murukandiya	1460	1.14	7.594743	79.934045	32	114
LK-6142135	Bingiriya	1459	7.96	7.606356	79.924553	32	114
LK-6142140	Vilattawa Palatha	1478	1.67	7.605184	79.910368	32	114
LK-6142145	Aluthgama	1479	2.21	7.585175	79.90918	32	114
LK-6142150	Ihala Kalugama	1476	2.94	7.584302	79.923	32	114
LK-6142155	Wellarawa	1468	3.07	7.572138	79.915938	32	114
LK-6142160	Bakmeeruppa	1469	2.73	7.564076	79.908531	32	114
LK-6142165	Hiruwalpola	1475	5.41	7.554843	79.924986	32	114
LK-6142170	Kaduruwewa	1477	5.18	7.576998	79.937485	32	114
LK-6142175	Horagasagara	1473	4.55	7.557158	79.945945	32	114
LK-6142180	Ihala Kadigamuwa	1480	4.18	7.567759	79.968048	32	114
LK-6142185	Ihala Koswatta	1466	3.71	7.583528	79.982714	32	114
LK-6142190	Nithalawa	1439	3.98	7.589433	79.996767	32	114
LK-6142195	Kudakalawa	1438	3.73	7.599331	80.0125	32	114
LK-6142200	Tharana	1434	3.54	7.571193	80.000843	32	114
LK-6142205	Konkadawala	1429	2.74	7.570443	80.01678	32	114
LK-6142210	Hamannapahuwa	1430	2.14	7.567683	80.026742	32	114
LK-6142215	Kurundupotha	1431	3.73	7.550083	80.022351	32	114
LK-6142220	Madulupitiya	1428	2.56	7.553528	80.006765	32	114
LK-6142225	Udawela	1435	3.71	7.561469	79.991485	32	114
LK-6142230	Meladeniya	1437	1.72	7.555447	79.983	32	114
LK-6142235	Padiwela	1436	3.02	7.544751	79.993484	32	114
LK-6142240	Kelegedara	1432	2.13	7.525725	79.982027	32	114
LK-6142245	Thorabichchiya	1433	2.09	7.543478	79.97762	32	114
LK-6142250	Heenpannawa	1481	1.06	7.562108	79.975905	32	114
LK-6142255	Pahala Kadigamuwa	1482	4.54	7.547219	79.963138	32	114
LK-6142260	Pahala Mandakondana	1474	4.75	7.541353	79.948257	32	114
LK-6145005	Kahatavila	1326	5.38	7.666013	80.050138	42	113
LK-6145010	Madaina	1329	5.26	7.648011	80.039704	42	113
LK-6145015	Dothella	1325	4.46	7.650866	80.064508	42	113
LK-6145020	Ganegama	1328	4.0	7.650343	80.084014	42	113
LK-6145025	Mandapola	1351	3.64	7.635266	80.111354	42	113
LK-6145030	Konwewa	1350	2.18	7.633512	80.096932	42	113
LK-6145035	Rambewa	1349	2.6	7.638986	80.084046	42	113
LK-6145040	Madulla	1327	3.25	7.632871	80.068611	42	113
LK-6145045	Wadumunna	1331	4.3	7.632855	80.050101	42	113
LK-6145050	Akurana	1330	6.74	7.637741	80.018692	42	113
LK-6145055	Yodhayakanda	1427	1.84	7.616179	80.004589	42	113
LK-6145060	Udagama	1426	2.67	7.626477	80.019072	42	113
LK-6145065	Karandawa	1425	2.62	7.623288	80.033633	42	113
LK-6145070	Pallegama	1332	2.93	7.614005	80.047147	42	113
LK-6145075	Divulwewa	1335	1.75	7.617433	80.059254	42	113
LK-6145080	Girathalana	1334	2.95	7.609348	80.068743	42	113
LK-6145085	Nikapitiya	1348	3.11	7.62283	80.081784	42	113
LK-6145090	Othegama	1352	3.16	7.620246	80.101171	42	113
LK-6145095	Diggalagedara	1353	2.25	7.619593	80.116084	42	113
LK-6145100	Dorabavila	1354	2.77	7.62266	80.131246	42	113
LK-6145105	Nallura	1356	3.23	7.622386	80.148982	42	113
LK-6145110	Palugaswewa	1358	1.5	7.614279	80.158447	42	113
LK-6145115	Madige Midiyala	1357	1.65	7.621619	80.162488	42	113
LK-6145120	Midiyala	1360	1.61	7.618938	80.175049	42	113
LK-6145125	Hidagahawewa	1359	1.76	7.628394	80.176151	42	113
LK-6145130	Hammaliya	1361	2.88	7.618584	80.186964	42	113
LK-6145135	Bandara Koswatta	1372	2.18	7.604554	80.174444	42	113
LK-6145140	Hathapola	1371	2.64	7.60586	80.157719	42	113
LK-6145145	Kadawalagedara	1355	4.69	7.611516	80.134792	42	113
LK-6145150	Panduwasnuwara	1346	2.37	7.60465	80.108963	42	113
LK-6145155	Kotambapitiya	1347	1.84	7.606509	80.095142	42	113
LK-6145160	Hettipola	1336	2.15	7.605479	80.085088	42	113
LK-6145165	Dolahamuna	1337	1.47	7.610339	80.077933	42	113
LK-6145170	Munihirigama	1333	1.89	7.601634	80.057458	42	113
LK-6145175	Kevitiya	1422	2.62	7.604837	80.040802	42	113
LK-6145180	Pepolegama	1424	2.12	7.612116	80.023436	42	113
LK-6145185	Hanthihawa	1423	2.36	7.59856	80.02066	42	113
LK-6145190	Barampola	1421	1.5	7.600201	80.031994	42	113
LK-6145195	Hettigama	1418	1.5	7.593258	80.041408	42	113
LK-6145200	Ehetumulla	1420	1.59	7.586704	80.044284	42	113
LK-6145205	Kurundukumbura	1338	3.09	7.588566	80.065446	42	113
LK-6145210	Bogolla	1339	2.43	7.592451	80.08519	42	113
LK-6145215	Bamunumulla	1343	1.37	7.597132	80.095792	42	113
LK-6145220	Meegaspitiya	1345	1.96	7.596727	80.113609	42	113
LK-6145225	Yayegedara	1370	3.48	7.59885	80.147579	42	113
LK-6145226	nan	1344	2.34	7.588891	80.123481	42	113
LK-6145227	nan	1342	2.42	7.583627	80.1077	42	113
LK-6145228	nan	1341	2.12	7.584619	80.097027	42	113
LK-6145230	Tekewa	1340	4.06	7.577694	80.079082	42	113
LK-6145235	Rittadeniya	1412	2.26	7.577792	80.062771	42	113
LK-6145240	Jayasiripura	1419	2.22	7.579981	80.049577	42	113
LK-6145245	Pihimbiya	1416	2.33	7.581272	80.036416	42	113
LK-6145250	Rathmale	1417	3.33	7.576696	80.02817	42	113
LK-6145255	Nagollagoda	1414	2.16	7.563328	80.040773	42	113
LK-6145260	Ambagahagedara	1415	2.21	7.561743	80.049847	42	113
LK-6145265	Dahanekgedara	1413	2.21	7.56256	80.062463	42	113
LK-6145270	Ebogedara	1409	3.17	7.564354	80.087381	42	113
LK-6145275	Doratiyagedara	1411	2.41	7.555238	80.083888	42	113
LK-6145280	Akarawatta	1401	2.22	7.55325	80.062383	42	113
LK-6145285	Malwanegedara	1400	1.82	7.541155	80.07463	42	113
LK-6145290	Moonamaldeniya	1399	1.63	7.543257	80.059137	42	113
LK-6145295	Kamburapola	1402	1.61	7.534833	80.056758	42	113
LK-6145300	Pahala Gomugomuwa	1396	4.37	7.525943	80.069061	42	113
LK-6145305	Ihala Gomugomuwa	1395	2.01	7.51361	80.070256	42	113
LK-6145310	Hidiyamulla	1405	3.7	7.519988	80.052696	42	113
LK-6145315	Karagahagedara	1398	3.46	7.500873	80.053203	42	113
LK-6145320	Epaladeniya	1397	3.2	7.500217	80.068407	42	113
LK-6148020	Medagama	1375	3.83	7.586683	80.135577	42	113
LK-6148025	Kosdeniya	1377	4.11	7.575132	80.141673	42	113
LK-6148030	Wilbagedara	1373	3.47	7.588917	80.158505	42	113
LK-6148035	Hanwella	1374	2.56	7.585806	80.175164	42	113
LK-6148040	Palavitiya	1369	2.6	7.595277	80.185644	42	113
LK-6148045	Kolambagama	1363	2.38	7.604926	80.193116	42	113
LK-6148050	Gallehepitiya	1362	2.57	7.612499	80.207177	42	113
LK-6148055	Ranorawa	1365	1.92	7.598729	80.21225	42	113
LK-6148060	Katumuluwa	1364	3.11	7.588961	80.207402	42	113
LK-6148065	Maveehena	1367	1.88	7.587319	80.196603	42	113
LK-6148070	Rathmalla	1366	2.01	7.578872	80.192583	42	113
LK-6148075	Dunupotha	1368	3.45	7.573986	80.177904	42	113
LK-6148080	Beddegama	1376	2.63	7.572207	80.159244	42	113
LK-6148085	Thissawa	1378	6.27	7.560995	80.161713	42	113
LK-6148090	Nelibewa	1384	3.06	7.5589	80.135176	42	113
LK-6148095	Dematawa	1385	2.4	7.565804	80.118954	42	113
LK-6148100	Kanduboda	1410	2.94	7.572548	80.113321	42	113
LK-6148105	Henegedara	1407	3.3	7.564082	80.10034	42	113
LK-6148110	Magulagama	1408	4.55	7.543218	80.093121	42	113
LK-6148115	Angamuwa	1386	3.08	7.552985	80.115348	42	113
LK-6148120	Anukkanhena	1406	3.41	7.53864	80.113689	42	113
LK-6148125	Moragane	1383	2.9	7.548408	80.132276	42	113
LK-6148130	Kanapothuhera	1382	2.55	7.54511	80.139933	42	113
LK-6148135	Kanogama	1379	2.44	7.543347	80.162171	42	113
LK-6148140	Kandegedara	1380	2.03	7.531642	80.159879	42	113
LK-6148145	Galagedara	1381	1.92	7.535158	80.14563	42	113
LK-6148150	Adukkane	1392	2.12	7.525458	80.14445	42	113
LK-6148155	Udugampalagedara	1393	1.24	7.534454	80.131704	42	113
LK-6148160	Weliwehera	1389	2.42	7.526828	80.127866	42	113
LK-6148165	Gonnawa	1388	2.79	7.523243	80.104773	42	113
LK-6148170	Bodhimulla	1403	3.68	7.522697	80.094388	42	113
LK-6148175	Nindawela	1404	2.77	7.519575	80.081858	42	113
LK-6148180	Wijaya Udagama	1387	2.18	7.507949	80.109876	42	113
LK-6148185	Wetehepitiya	1394	2.57	7.516633	80.11584	42	113
LK-6148190	Hindawa	1391	3.02	7.513198	80.136445	42	113
LK-6148195	Kanoyaya	1390	2.35	7.512472	80.145477	42	113
LK-6149005	Erihabe	1234	3.06	7.581478	80.222107	47	112
LK-6149010	Panawa	1236	1.98	7.586821	80.236341	47	112
LK-6149015	Pahala Imiyangoda	1238	3.87	7.58573	80.249362	47	112
LK-6149020	Walpola	1215	4.19	7.576238	80.268964	47	112
LK-6149025	Mahakeliya	1212	2.99	7.581093	80.282794	47	112
LK-6149030	Kelimune	1213	5.96	7.571046	80.290594	47	112
LK-6149035	Nathagane	1214	2.13	7.562566	80.275448	47	112
LK-6149040	Kadiharaya	1216	3.3	7.567022	80.255397	47	112
LK-6149045	Bamunakotuwa	1233	2.9	7.573316	80.238124	47	112
LK-6149050	Moonamale	1232	3.03	7.558958	80.242584	47	112
LK-6149055	Thalgahagama	1231	6.01	7.55926	80.225216	47	112
LK-6149060	Ganthiriyawa	1230	2.74	7.565903	80.212029	47	112
LK-6149065	Panakaduwa	1228	1.78	7.5706	80.199326	47	112
LK-6149070	Pahala Kolamunna	1229	1.7	7.561792	80.189007	47	112
LK-6149075	Wathukana	1226	4.25	7.546282	80.184714	47	112
LK-6149080	Nelunkanuwa	1223	2.94	7.547386	80.202109	47	112
LK-6149085	Weudagama	1227	0.85	7.536677	80.199632	47	112
LK-6149090	Panagamuwa	1222	3.65	7.531222	80.210716	47	112
LK-6149095	Panadare	1224	5.0	7.541202	80.227223	47	112
LK-6149100	Walaliya	1217	3.14	7.545728	80.246087	47	112
LK-6149105	Kedapath Vehera	1218	2.09	7.549511	80.258211	47	112
LK-6149110	Rukattane	1208	1.62	7.54717	80.268571	47	112
LK-6149115	Bogoda	1207	2.64	7.556051	80.281454	47	112
LK-6149120	Hanhamunawa	1202	3.57	7.547966	80.30025	47	112
LK-6149125	Nawagatta	1209	3.06	7.541558	80.280124	47	112
LK-6149130	Mirihampitiya	1211	3.5	7.530907	80.26363	47	112
LK-6149135	Henegedara	1225	4.02	7.530162	80.242807	47	112
LK-6149140	Dampitiya	1219	2.06	7.512563	80.261682	47	112
LK-6149145	Ethanawatta	1210	1.99	7.522561	80.267931	47	112
LK-6149150	Wedanda	1201	3.14	7.526583	80.284121	47	112
LK-6149155	Pallawa Dampitiya	1203	2.7	7.534379	80.298311	47	112
LK-6149160	Demataluwa	1206	5.63	7.515709	80.297287	47	112
LK-6149165	Kanotuwa	1205	3.39	7.507976	80.281833	47	112
LK-6149170	Siwallawagedara	1220	1.11	7.508531	80.268531	47	112
LK-6149175	Homathagama	1221	1.79	7.498859	80.270121	47	112
LK-6149180	Divulgaspitiya	1204	2.78	7.499042	80.292046	47	112
LK-6151005	Wilgamdematawa	778	3.44	7.654113	80.298161	38	119
LK-6151010	Gonagama	776	2.45	7.633079	80.30569	38	119
LK-6151015	Rekawa	773	3.7	7.621699	80.297525	38	119
LK-6151020	Pimburuwellegama	777	1.73	7.619829	80.307214	38	119
LK-6151025	Galagedara	774	4.15	7.597089	80.30352	38	119
LK-6151030	Minhettiya	775	3.69	7.581071	80.309551	38	119
LK-6151035	Hanwella	784	3.27	7.572846	80.323154	38	119
LK-6151040	Maragama	781	2.46	7.565496	80.313548	38	119
LK-6151045	Wegolla	779	1.12	7.5556	80.310508	38	119
LK-6151050	Oggamuwa	780	2.16	7.554903	80.322543	38	119
LK-6151055	Thisnampola	785	0.93	7.563482	80.330965	38	119
LK-6151060	Kudagalgamuwa	786	2.98	7.55827	80.341604	38	119
LK-6151065	Gane Kolaniya	794	1.68	7.545774	80.350719	38	119
LK-6151070	Kidapola	790	2.26	7.543909	80.335076	38	119
LK-6151075	Demalussa	783	1.08	7.541904	80.321538	38	119
LK-6151080	Maspotha	782	2.03	7.544611	80.312403	38	119
LK-6151085	Rathkarawwa	789	1.73	7.535741	80.326106	38	119
LK-6151090	Mapegamuwa	793	1.01	7.538968	80.35573	38	119
LK-6151095	Dahigamuwa	795	2.09	7.527616	80.354335	38	119
LK-6151100	Siyambalangamuwa	791	2.97	7.530034	80.342289	38	119
LK-6151105	Gurulepola	792	0.5	7.520159	80.334798	38	119
LK-6151110	Pellandeniya	787	1.37	7.527241	80.330299	38	119
LK-6151115	Hettigedara	788	4.29	7.521071	80.319604	38	119
LK-6151120	Wawagedara	796	2.36	7.520238	80.361929	38	119
LK-6151125	Kalahogedara	798	2.45	7.511642	80.351487	38	119
LK-6151130	Maveedalupotha	799	1.2	7.5109	80.342518	38	119
LK-6151135	Udabadalawa	802	2.7	7.510801	80.327822	38	119
LK-6151140	Thiththawella	800	1.12	7.510452	80.338725	38	119
LK-6151145	Udadigana	801	0.68	7.504482	80.337968	38	119
LK-6151150	Yanthampalawa	810	0.1	7.501197	80.34835	38	119
LK-6151155	Kavdawatta	809	0.58	7.495163	80.344345	38	119
LK-6151160	Aswedduma	803	1.5	7.49681	80.33615	38	119
LK-6151165	Dematagahapelessa	804	0.57	7.49729	80.32795	38	119
LK-6154005	Kalatuwa Pelessa	769	1.92	7.615315	80.336886	38	119
LK-6154010	Seeradunna	770	2.83	7.601319	80.321565	38	119
LK-6154015	Seruwawa	767	3.69	7.597583	80.335296	38	119
LK-6154020	Pubbowa	768	4.4	7.601384	80.351121	38	119
LK-6154025	Thalvita	766	3.46	7.581718	80.334659	38	119
LK-6154030	Waraddana	763	3.48	7.57102	80.345267	38	119
LK-6154035	Pahala Waraddana	765	3.18	7.582247	80.357806	38	119
LK-6154040	Rangama	764	2.88	7.576709	80.367448	38	119
LK-6154045	Wellawa	759	2.33	7.566491	80.370668	38	119
LK-6154050	Ginikarawa	771	2.51	7.554641	80.359541	38	119
LK-6154055	Pahala Hadirawalana	757	0.89	7.55159	80.371061	38	119
LK-6154060	Thalatuwa	758	2.94	7.565015	80.381516	38	119
LK-6154065	Rikillagamuwa	761	1.55	7.563865	80.391378	38	119
LK-6154070	Dematagolla	760	2.55	7.554691	80.392778	38	119
LK-6154075	Budanapitiya	762	1.94	7.545996	80.389474	38	119
LK-6154080	Hadirawalana Ihala	756	1.15	7.548366	80.378954	38	119
LK-6154085	Mahakandegama	772	2.27	7.540579	80.36754	38	119
LK-6154090	Alakoladeniya	820	2.95	7.498506	80.318381	38	119
LK-6154095	Bamunugedara	797	1.8	7.507885	80.366193	38	119
LK-6154100	Kurunegala Town - North East	834	2.91	7.495043	80.367887	11	119
LK-6154105	Kurunegala Town - North	831	0.53	7.494554	80.355409	11	119
LK-6154110	Gangoda	832	0.54	7.494589	80.350413	11	119
LK-6154115	Vilgoda	811	0.37	7.489982	80.34551	38	119
LK-6154120	Heraliyawala	817	2.35	7.487112	80.331893	38	119
LK-6154125	Bamunawala	815	3.42	7.474946	80.327664	38	119
LK-6154130	Malkaduwawa	816	1.52	7.477281	80.339445	38	119
LK-6154135	Malkaduwawa South	818	0.24	7.47981	80.344	38	119
LK-6154140	Malkaduwawa North	819	0.26	7.484198	80.345633	38	119
LK-6154145	Kurunegala Town - West	837	1.19	7.479335	80.352153	11	119
LK-6154150	Iluppugedara	838	0.68	7.487448	80.354306	11	119
LK-6154155	Kurunegala Town - Central	839	0.61	7.484503	80.359058	11	119
LK-6154160	Kurunegala Town - Bazaar	840	0.14	7.487629	80.364896	11	119
LK-6154165	Gettuwana	833	1.52	7.485648	80.372032	11	119
LK-6154170	Kurunegala Town - East	835	0.68	7.486309	80.377898	11	119
LK-6154175	Theliyagonna	836	0.86	7.482243	80.381087	11	119
LK-6154180	Udawalpola	842	0.37	7.480962	80.36613	11	119
LK-6154185	Kurunegala Town - South	841	1.12	7.478903	80.36149	11	119
LK-6154190	Veherabenda	808	1.08	7.464524	80.373325	38	119
LK-6154195	Henamulla	807	0.75	7.467426	80.368465	38	119
LK-6154200	Wehera East	805	0.48	7.469889	80.360888	38	119
LK-6154205	Wehera West	806	0.38	7.470907	80.355477	38	119
LK-6154210	Akaragana North	813	0.99	7.466175	80.348895	38	119
LK-6154215	Wanduragala	812	0.99	7.464188	80.344313	38	119
LK-6154220	Rathgalla	821	2.29	7.459332	80.332932	38	119
LK-6154225	Boyagane	829	1.85	7.454843	80.341858	38	119
LK-6154230	Akaragana South	814	1.87	7.454058	80.354449	38	119
LK-6154235	Vilbawa	822	2.4	7.461388	80.361793	38	119
LK-6154240	Nailiya	823	2.55	7.440165	80.353841	38	119
LK-6154245	Madithiyawala	830	3.17	7.437975	80.339671	38	119
LK-6154250	Thorawathura	827	1.05	7.427768	80.33962	38	119
LK-6154255	Mathawa	828	3.09	7.41918	80.357539	38	119
LK-6154260	Attanapitiya	825	1.53	7.412844	80.346045	38	119
LK-6154265	Pahala Thalampitiya	824	3.16	7.398618	80.351367	38	119
LK-6154270	Kudumbuwa	826	2.04	7.393615	80.371366	38	119
LK-6157005	Meddegama West	729	1.88	7.525617	80.371049	38	120
LK-6157010	Udagama	730	1.6	7.534291	80.380459	38	120
LK-6157015	Pillawa	724	0.89	7.540691	80.391811	38	120
LK-6157020	Hengawa	726	1.72	7.534743	80.403394	38	120
LK-6157025	Narampola	725	4.72	7.532383	80.41903	38	120
LK-6157030	Ranawana	723	3.28	7.518722	80.395367	38	120
LK-6157035	Kahatapitiya	731	3.02	7.525927	80.391762	38	120
LK-6157040	Meddegama East	728	0.78	7.525541	80.380442	38	120
LK-6157045	Maraluwawa	716	2.0	7.510261	80.377512	38	120
LK-6157050	Pahala Gettuwana	717	1.1	7.497996	80.381498	38	120
LK-6157055	Thorayaya	722	4.23	7.511581	80.404577	38	120
LK-6157060	Kuda Kowana	719	1.04	7.492354	80.412182	38	120
LK-6157065	Kowana	718	2.46	7.497077	80.403021	38	120
LK-6157070	Denagamuwa	721	1.08	7.495589	80.389504	38	120
LK-6157075	Yaggapitiya	727	0.33	7.499595	80.385605	38	120
LK-6157080	Mehiella North	713	0.97	7.485401	80.394199	38	120
LK-6157085	Hewana	715	0.91	7.490123	80.385989	38	120
LK-6157090	Uyandana	720	0.78	7.484046	80.402658	38	120
LK-6157095	Mehiella South	714	1.26	7.482	80.39848	38	120
LK-6157100	Mallawapitiya	711	0.77	7.477562	80.386422	38	120
LK-6157105	Millawa	712	2.08	7.471803	80.398092	38	120
LK-6157110	Kolapelalikanda	733	1.38	7.46793	80.380345	38	120
LK-6157115	Doratiyawa	732	3.84	7.453726	80.384016	38	120
LK-6157120	Messagammana	735	1.49	7.463864	80.390365	38	120
LK-6157125	Hewapola	734	1.36	7.461978	80.402544	38	120
LK-6157130	Manel Oluwa	743	1.5	7.450363	80.397646	38	120
LK-6157135	Walpolakanda North	745	2.17	7.444464	80.40715	38	120
LK-6157140	Walpolakanda South	746	0.87	7.436701	80.402026	38	120
LK-6157145	Indulgoda	742	3.91	7.428293	80.393484	38	120
LK-6157150	Konpala	736	2.29	7.442798	80.378023	38	120
LK-6157155	Dembepola	739	1.99	7.439748	80.369225	38	120
LK-6157160	Bodhigama	738	0.93	7.44051	80.36243	38	120
LK-6157165	Thiragama	737	0.97	7.428832	80.357512	38	120
LK-6157170	Bogamuwa	741	2.91	7.427072	80.369613	38	120
LK-6157175	Werawella	749	1.7	7.422941	80.382477	38	120
LK-6157180	Indulgodakanda	744	2.76	7.424133	80.406529	38	120
LK-6157185	Morathenna	752	1.84	7.40734	80.401272	38	120
LK-6157190	Katupitiya North	747	1.64	7.411284	80.388901	38	120
LK-6157195	Katupitiya South	748	1.57	7.403849	80.385758	38	120
LK-6157200	Ihala Thalampitiya	753	1.42	7.402746	80.378858	38	120
LK-6157205	Wattegedara	755	0.95	7.413191	80.369145	38	120
LK-6157210	Koralegedara	740	0.66	7.425462	80.357987	38	120
LK-6157215	Mahagama	754	2.13	7.407581	80.363931	38	120
LK-6157220	Belgoda	750	0.85	7.396579	80.395749	38	120
LK-6157225	Belgodakanda	751	1.26	7.393825	80.403612	38	120
LK-6160005	Kongaswala	708	2.71	7.506723	80.42134	40	120
LK-6160010	Barandana	704	1.37	7.50299	80.435301	40	120
LK-6160015	Wewagedara	705	1.62	7.490519	80.439586	40	120
LK-6160020	Etagahawela	706	1.22	7.495124	80.43323	40	120
LK-6160025	Galapitamulla	707	1.17	7.4972	80.425152	40	120
LK-6160030	Hidagolla	710	1.9	7.489223	80.417818	40	120
LK-6160035	Udanagama	702	0.23	7.480313	80.421247	40	120
LK-6160040	Tharapotha	701	2.51	7.471719	80.430136	40	120
LK-6160045	Tigola	703	1.63	7.470308	80.439297	40	120
LK-6160050	Arampola Watta North	692	0.83	7.468608	80.448596	40	120
LK-6160055	Arampola Watta South	693	0.57	7.463398	80.450338	40	120
LK-6160060	Ellagonna	690	1.13	7.459866	80.445229	40	120
LK-6160065	Pothubowa	689	1.61	7.459979	80.436687	40	120
LK-6160070	Madawa	699	2.15	7.464876	80.418984	40	120
LK-6160075	Kanduboda	700	0.81	7.475422	80.419687	40	120
LK-6160080	Kahandawelipotha	709	1.57	7.473562	80.410861	40	120
LK-6160085	Maswewa	696	0.18	7.458559	80.416851	40	120
LK-6160090	Pilessa Ihalagama	695	1.45	7.457354	80.410818	40	120
LK-6160095	Pilessa Pahalagama	694	0.98	7.448848	80.418158	40	120
LK-6160100	Henepola	698	1.26	7.45562	80.42574	40	120
LK-6160105	Maralanda	688	1.71	7.446972	80.435573	40	120
LK-6160110	Arampola	685	1.3	7.448571	80.447457	40	120
LK-6160115	Delgolla Watta North	683	0.78	7.450903	80.456852	40	120
LK-6160120	Nawa Pothubowa	691	0.96	7.458811	80.458457	40	120
LK-6160125	Welikumbura	682	1.55	7.443422	80.458514	40	120
LK-6160130	Ilukewela North	650	2.41	7.430288	80.466725	40	120
LK-6160135	Mawathagama	677	1.53	7.434436	80.454655	40	120
LK-6160140	Delgolla Watta South	684	0.14	7.443829	80.450931	40	120
LK-6160145	Mawathagama North	678	0.87	7.437998	80.441907	40	120
LK-6160150	Mee/ Pallegama East	672	1.62	7.431677	80.433624	40	120
LK-6160155	Bulathwatta	686	1.43	7.438325	80.419655	40	120
LK-6160160	Rathneggama	697	1.14	7.443486	80.418273	40	120
LK-6160165	Yatiwala	687	0.98	7.433435	80.424984	40	120
LK-6160170	Mee/Pallegama West	671	1.58	7.424101	80.421641	40	120
LK-6160175	Mee/Medagamgoda	670	0.61	7.419783	80.425291	40	120
LK-6160180	Mee/Wambugamgoda	673	0.65	7.422367	80.431153	40	120
LK-6160185	Mawathagama West	681	0.27	7.434219	80.4411	40	120
LK-6160190	Samodagama	680	0.21	7.431688	80.447531	40	120
LK-6160195	Ilukewela South	649	0.75	7.419888	80.464803	40	120
LK-6160200	Ihala Weligepola	651	0.81	7.424604	80.47773	40	120
LK-6160205	Akade	640	2.77	7.420919	80.500056	40	120
LK-6160210	Waraddana	641	2.71	7.412391	80.509948	40	120
LK-6160215	Wadiyagoda	646	2.45	7.41015	80.489719	40	120
LK-6160220	Bandaragala	647	1.29	7.415695	80.482526	40	120
LK-6160225	Singhapura	652	0.4	7.422648	80.472153	40	120
LK-6160230	Paragahadeniya	653	0.81	7.414233	80.474071	40	120
LK-6160235	Delpaddana	648	0.23	7.409599	80.475807	40	120
LK-6160240	Kotikapala	675	2.18	7.418137	80.453962	40	120
LK-6160245	Kotikapola Ihalagama	676	0.86	7.423042	80.449996	40	120
LK-6160250	Mawathagama South	679	1.62	7.424291	80.442659	40	120
LK-6160255	Meddegamgoda	674	1.63	7.414183	80.437845	40	120
LK-6160260	Mee/Udagama	669	2.64	7.409767	80.424677	40	120
LK-6160265	Gonagaldeniya	668	1.99	7.414363	80.408424	40	120
LK-6160270	Gonagala	667	2.12	7.399554	80.412605	40	120
LK-6160275	Dunukewatta	665	2.69	7.392588	80.420561	40	120
LK-6160280	Kalugamuwa	660	4.96	7.379701	80.425916	40	120
LK-6160285	Watareka	663	4.06	7.397409	80.434442	40	120
LK-6160290	Katugampalagedara	664	1.25	7.396648	80.445667	40	120
LK-6160295	Kahapathwala North	655	2.99	7.388028	80.455551	40	120
LK-6160300	Malandeniya	656	3.01	7.404082	80.456545	40	120
LK-6160305	Kahapathwala	654	1.36	7.394343	80.466916	40	120
LK-6160310	Hettipola	645	1.44	7.402152	80.496473	40	120
LK-6160315	Boyagoda	644	1.1	7.396373	80.499952	40	120
LK-6160320	Udakottamulla	643	1.38	7.39631	80.507718	40	120
LK-6160325	Metibokka	642	1.49	7.395507	80.513407	40	120
LK-6160330	Kossinna	658	1.55	7.370771	80.455154	40	120
LK-6160335	Eriminna	657	2.99	7.369528	80.444174	40	120
LK-6160340	Uda Iguruwatta	661	1.58	7.373498	80.434082	40	120
LK-6160345	Kandehena	666	0.34	7.378424	80.415473	40	120
LK-6160350	Uggalpaya	662	3.49	7.362753	80.426407	40	120
LK-6160355	Halwahala	659	0.82	7.354827	80.453703	40	120
LK-6163005	Paragaswewa	529	1.79	7.618438	80.513288	46	121
LK-6163010	Adapola	528	3.58	7.613289	80.531337	46	121
LK-6163015	Udakendawala	527	3.45	7.625999	80.537171	46	121
LK-6163020	Katiyawa	534	4.29	7.624272	80.555907	46	121
LK-6163025	Udahena	535	2.89	7.609813	80.556551	46	121
LK-6163030	Wanduressa	540	3.47	7.603904	80.563395	46	121
LK-6163035	Meepitiya	550	3.12	7.598938	80.536537	46	121
LK-6163040	Kanugolla	532	1.49	7.599962	80.523572	46	121
LK-6163045	Koswatta	531	2.55	7.60846	80.516069	46	121
LK-6163050	Dodangahakotuwa	530	0.61	7.609162	80.507645	46	121
LK-6163055	Wegama	533	1.25	7.595559	80.515537	46	121
LK-6163060	Gopallawa	552	1.83	7.594977	80.496696	46	121
LK-6163065	Rathvita	551	2.78	7.578202	80.499148	46	121
LK-6163070	Balawattala	546	4.25	7.587239	80.513895	46	121
LK-6163075	Udattapola Pahala	538	1.75	7.58229	80.528049	46	121
LK-6163080	Ihala Udattapola	537	1.85	7.581976	80.53846	46	121
LK-6163085	Kotuhena	539	2.76	7.58995	80.549958	46	121
LK-6163090	Kelemulla	541	0.93	7.593503	80.56254	46	121
LK-6163095	Nithulpitiya	542	2.08	7.585753	80.564153	46	121
LK-6163100	Kandupalatha	543	1.57	7.5792	80.565069	46	121
LK-6163105	Diniminiyathenna	544	2.72	7.571663	80.552208	46	121
LK-6163110	Minirangama	536	1.82	7.571606	80.536876	46	121
LK-6163115	Alakolamada	547	0.82	7.562449	80.550982	46	121
LK-6163120	Korossa	548	2.04	7.554788	80.548154	46	121
LK-6163125	Dodamgasalanada	549	4.01	7.555531	80.536316	46	121
LK-6163130	Kothalawalagama	555	3.03	7.560999	80.52497	46	121
LK-6163135	Nuwarayaya	554	1.18	7.555978	80.517657	46	121
LK-6163140	Lihiniwehera	553	3.99	7.565201	80.505074	46	121
LK-6163145	Wewegedara	558	2.5	7.550424	80.495782	46	121
LK-6163150	Rambukandana	606	0.95	7.544122	80.485683	46	121
LK-6163155	Warakawehera	559	2.1	7.531211	80.483551	46	121
LK-6163160	Rideegama	557	4.33	7.540928	80.501921	46	121
LK-6163165	Madithiyawa	556	1.86	7.530482	80.502995	46	121
LK-6163170	Thelambugalla	545	2.72	7.54363	80.520258	46	121
LK-6163175	Reddagoda	560	4.53	7.529457	80.526324	46	121
LK-6163180	Pallehorombuwa	561	2.23	7.530207	80.539861	46	121
LK-6163185	Ginihiriya	562	2.1	7.540869	80.547839	46	121
LK-6163190	Palleyaya	563	2.23	7.528292	80.550598	46	121
LK-6163195	Kahahena	564	2.09	7.522536	80.559171	46	121
LK-6163200	Udahorombuwa	565	0.91	7.515148	80.550762	46	121
LK-6163205	Jankure	571	1.84	7.51715	80.524133	46	121
LK-6163210	Rambadagalla	603	3.04	7.508879	80.512585	46	121
LK-6163215	Nahalla	604	3.57	7.522282	80.505861	46	121
LK-6163220	Olagama	605	0.94	7.51039	80.502097	46	121
LK-6163225	Morathiha	608	2.1	7.512142	80.490616	46	121
LK-6163230	Hunugalkadulla	607	1.41	7.519434	80.484124	46	121
LK-6163235	Kavisigamuwa	610	2.34	7.511561	80.476238	46	121
LK-6163240	Doranepola	615	1.68	7.501752	80.476649	46	121
LK-6163245	Hunupolagedara	614	1.72	7.507112	80.463837	46	121
LK-6163250	Kuthurumahana	612	0.62	7.504979	80.457183	46	121
LK-6163255	Dedurunadeegama	611	0.3	7.50689	80.454885	46	121
LK-6163260	Karandagolla	616	0.74	7.500945	80.450265	46	121
LK-6163265	Ambakote	617	3.27	7.491491	80.456342	46	121
LK-6163270	Kosgollepola	619	1.26	7.494524	80.468528	46	121
LK-6163275	Kandepola	613	0.35	7.495671	80.474774	46	121
LK-6163280	Gabadagama	609	1.93	7.499447	80.491555	46	121
LK-6163285	Kandegedara	599	2.25	7.491076	80.501839	46	121
LK-6163290	Haliyamulla	598	1.14	7.500359	80.516989	46	121
LK-6163295	Welikanda	593	2.48	7.499394	80.527416	46	121
LK-6163300	Kithulwala	570	2.49	7.505871	80.535415	46	121
LK-6163305	Delvita	569	4.46	7.500322	80.543725	46	121
LK-6163310	Goraka Ela	566	2.38	7.506061	80.564372	46	121
LK-6163315	Pallekanda	568	1.14	7.496086	80.554463	46	121
LK-6163320	Kalugahathenna	575	0.72	7.486885	80.55535	46	121
LK-6163325	Kiribathgalla	567	3.18	7.488639	80.565018	46	121
LK-6163330	Bambaragahakanda	574	1.8	7.475713	80.56302	46	121
LK-6163335	Kithulgolla	573	1.83	7.476018	80.551709	46	121
LK-6163340	Eriyagolla	577	2.56	7.482006	80.540135	46	121
LK-6163345	Gurumada	592	0.53	7.486955	80.527163	46	121
LK-6163350	Polwatta	597	0.57	7.493171	80.517175	46	121
LK-6163355	Panagamuwa	596	0.22	7.491274	80.510604	46	121
LK-6163360	Pitiyegedara	595	0.32	7.487583	80.51058	46	121
LK-6163365	Hadiramulla	594	1.78	7.484441	80.516748	46	121
LK-6163370	Ogodapola	601	1.47	7.476606	80.505937	46	121
LK-6163375	Ranthetikanda	600	0.8	7.479481	80.495866	46	121
LK-6163380	Gonamada	621	1.6	7.483849	80.490258	46	121
LK-6163385	Buluwalakanda	620	0.7	7.484711	80.484864	46	121
LK-6163390	Buluwala	618	1.84	7.483827	80.475632	46	121
LK-6163395	Hewenpola	622	1.92	7.48169	80.464128	46	121
LK-6163400	Kongoda	626	1.94	7.482102	80.442444	46	121
LK-6163405	Akkara Panaha	624	0.65	7.474549	80.451742	46	121
LK-6163410	Welagedara	623	1.84	7.472689	80.46452	46	121
LK-6163415	Paliella	633	0.95	7.464917	80.461912	46	121
LK-6163420	Metiyampotha	632	0.98	7.461586	80.472099	46	121
LK-6163425	Gonadeniya	625	1.46	7.472082	80.477958	46	121
LK-6163430	Medakanda	635	1.36	7.470632	80.48777	46	121
LK-6163435	Medagama	628	1.14	7.462139	80.48419	46	121
LK-6163440	Nelaulla	602	4.54	7.462789	80.503966	46	121
LK-6163445	Malbe	591	1.25	7.473613	80.516376	46	121
LK-6163450	Mahawela	586	4.07	7.472254	80.527222	46	121
LK-6163455	Gallawa	576	2.44	7.472254	80.538585	46	121
LK-6163460	Mirissala	578	1.25	7.462009	80.54923	46	121
LK-6163465	Dunumawa	572	1.71	7.462673	80.559396	46	121
LK-6163470	Galbindinaela	579	1.36	7.456631	80.542761	46	121
LK-6163475	Kosgolla	585	2.08	7.453926	80.531638	46	121
LK-6163480	Pihimbuwa	590	1.48	7.460363	80.514683	46	121
LK-6163485	Maspotha	589	0.9	7.454012	80.518805	46	121
LK-6163490	Erepolakanda	629	0.56	7.455764	80.492304	46	121
LK-6163495	Siyambalangamuwa	627	0.83	7.456052	80.4826	46	121
LK-6163500	Thalgaspitiya	631	1.55	7.454899	80.468993	46	121
LK-6163505	Jakaduwa	634	1.41	7.448162	80.47664	46	121
LK-6163510	Balagala	630	1.19	7.451134	80.486663	46	121
LK-6163515	Pussella	636	2.05	7.440433	80.484033	46	121
LK-6163520	Pusselikanda	637	0.88	7.444481	80.497089	46	121
LK-6163525	Gonigoda	588	2.93	7.44503	80.511701	46	121
LK-6163530	Meeliyadda	584	1.44	7.44425	80.525943	46	121
LK-6163535	Kanadeniyawala	580	2.89	7.438581	80.538494	46	121
LK-6163540	Ganegoda	587	1.38	7.439378	80.517612	46	121
LK-6163545	Bogamuwa	638	3.3	7.435722	80.493179	46	121
LK-6163550	Kurukeppitiya	639	1.12	7.426608	80.493777	46	121
LK-6163555	Paragoda	582	4.92	7.425427	80.514982	46	121
LK-6163560	Ikiriwatta	583	2.27	7.427447	80.528168	46	121
LK-6163565	Niyangama	581	3.27	7.422576	80.545378	46	121
LK-6166005	Lokahettiya	878	2.21	7.511358	80.224367	44	118
LK-6166010	Medagama	877	4.65	7.510726	80.23675	44	118
LK-6166015	Pathinwatta	876	3.22	7.510045	80.251264	44	118
LK-6166020	Bamunugedara	875	3.04	7.498324	80.25451	44	118
LK-6166025	Gallehera	879	1.05	7.492161	80.240056	44	118
LK-6166030	Kadadunna	880	1.54	7.493653	80.22975	44	118
LK-6166035	Weerambugedara	869	3.09	7.473194	80.241958	44	118
LK-6166040	Gonawa	870	2.6	7.473668	80.252717	44	118
LK-6166045	Yalawa	873	3.86	7.485695	80.262581	44	118
LK-6166050	Madawala North	871	2.34	7.484602	80.282358	44	118
LK-6166055	Sandagala South	846	0.89	7.484837	80.296003	44	118
LK-6166060	Sandagala North	845	0.91	7.48839	80.300179	44	118
LK-6166065	Damunugala	848	1.6	7.495483	80.307862	44	118
LK-6166070	Piduruwella	847	3.17	7.481018	80.308298	44	118
LK-6166075	Clovis Watta	844	1.79	7.471772	80.296581	44	118
LK-6166080	Madawala South	872	2.36	7.475405	80.285503	44	118
LK-6166085	Mudunna	874	2.54	7.473503	80.266474	44	118
LK-6166090	Hanwella	867	1.77	7.462475	80.263794	44	118
LK-6166095	Huruggamuwa	866	4.91	7.47251	80.22797	44	118
LK-6166100	Ginipenda	865	1.64	7.453912	80.247052	44	118
LK-6166105	Kalugamuwa	864	3.1	7.449951	80.258631	44	118
LK-6166110	Yanthampola	868	1.72	7.461988	80.273525	44	118
LK-6166115	Bulupitiya	849	1.87	7.455567	80.284911	44	118
LK-6166120	Uhumeeya	843	1.51	7.462083	80.294218	44	118
LK-6166125	Wewelpola	851	1.81	7.458616	80.303106	44	118
LK-6166130	Ranjanagama	853	1.65	7.465525	80.312332	44	118
LK-6166135	Kanumale	855	2.99	7.466277	80.319911	44	118
LK-6166140	Godavita	854	2.55	7.445452	80.319103	44	118
LK-6166145	Ambahera	852	2.71	7.448059	80.302637	44	118
LK-6166150	Galabadagama	850	1.95	7.442888	80.281922	44	118
LK-6166155	Dehikumbura	862	3.0	7.445292	80.27163	44	118
LK-6166160	Poogalla	863	1.5	7.437282	80.259715	44	118
LK-6166165	Udugama	859	2.31	7.424575	80.271023	44	118
LK-6166170	Thammita	858	3.27	7.437511	80.290498	44	118
LK-6166175	Parakumbura	856	3.2	7.429168	80.299726	44	118
LK-6166180	Algama	857	2.55	7.422897	80.286329	44	118
LK-6166185	Kaduruwella	860	2.86	7.422215	80.263447	44	118
LK-6166190	Sevendana	861	2.1	7.418441	80.254118	44	118
LK-6169005	Karangamuwa	1119	2.36	7.538908	80.17605	37	116
LK-6169010	Dalupothagama	1120	2.96	7.523598	80.164223	37	116
LK-6169015	Polpitiya	1108	2.76	7.524292	80.182449	37	116
LK-6169020	Pothuwewa	1106	2.56	7.523231	80.201865	37	116
LK-6169025	Kotadeniyawa	1109	2.89	7.510085	80.203336	37	116
LK-6169030	Thelahera	1107	2.38	7.518313	80.192493	37	116
LK-6169035	Nettipolagedara	1116	1.88	7.505328	80.184092	37	116
LK-6169040	Arakyala	1114	2.23	7.509136	80.169497	37	116
LK-6169045	Thoranegedara	1121	1.88	7.511547	80.155598	37	116
LK-6169050	Medelpola	1128	4.71	7.497597	80.148128	37	116
LK-6169055	Pothuhera	1129	2.4	7.490007	80.167438	37	116
LK-6169060	Kekunagolla	1115	2.8	7.4961	80.173588	37	116
LK-6169065	Dehigama	1117	2.31	7.487204	80.185027	37	116
LK-6169070	Siyambalagaskotuwa	1131	1.42	7.495501	80.188803	37	116
LK-6169075	Ambahenwewa	1132	0.78	7.488822	80.194532	37	116
LK-6169080	Bogamulla	1110	2.48	7.500959	80.204805	37	116
LK-6169085	Andigedara	1111	3.0	7.499171	80.218087	37	116
LK-6169090	Karagahagedara	1113	4.03	7.476099	80.210845	37	116
LK-6169095	Bogahapitiya	1112	2.71	7.48613	80.206225	37	116
LK-6169100	Kureekotuwa	1130	1.33	7.470272	80.17957	37	116
LK-6169105	Alahitiyawa	1118	2.79	7.476412	80.175925	37	116
LK-6169110	Godagama	1126	3.72	7.46911	80.157075	37	116
LK-6169115	Thalliyadda	1127	2.13	7.483104	80.148291	37	116
LK-6169120	Konduruwapola	1140	3.02	7.476419	80.138497	37	116
LK-6169125	Barigoda	1141	2.71	7.460657	80.124355	37	116
LK-6169130	Ganangamuwa	1139	2.64	7.463651	80.139726	37	116
LK-6169135	Bihalpola	1138	2.19	7.454902	80.153553	37	116
LK-6169140	Udagedara	1135	1.03	7.453868	80.162427	37	116
LK-6169145	Horombawa	1134	3.55	7.4524	80.176905	37	116
LK-6169150	Molligoda	1133	2.44	7.462002	80.178537	37	116
LK-6169155	Kosgolla	1137	1.43	7.444461	80.167671	37	116
LK-6169160	Mahagama	1136	1.66	7.443032	80.156478	37	116
LK-6169165	Nakkawatta	1145	2.24	7.448738	80.144516	37	116
LK-6169170	Hewanellagara	1146	4.05	7.446699	80.128642	37	116
LK-6169175	Ihala Muruthenge	1093	5.77	7.4253	80.138277	37	116
LK-6169180	Pahala Muruthenge	1094	1.79	7.419173	80.130538	37	116
LK-6169185	Galgammulla	1095	1.19	7.417038	80.124349	37	116
LK-6169190	Ranasgalla	1092	1.27	7.434758	80.152434	37	116
LK-6169195	Wakkunuwala	1091	3.19	7.42867	80.160993	37	116
LK-6169200	Etampola	1085	3.61	7.43337	80.181527	37	116
LK-6169205	Rathneheruwa	1086	2.36	7.422748	80.183229	37	116
LK-6169210	Deekirikewa	1089	2.29	7.416184	80.163395	37	116
LK-6169215	Panavitiya	1090	2.93	7.407642	80.178775	37	116
LK-6169220	Dethawa	1087	2.01	7.403687	80.164107	37	116
LK-6169225	Saliyala	1088	1.9	7.391921	80.166941	37	116
LK-6172005	Katuwella	1176	2.2	7.547846	80.042865	37	116
LK-6172010	Pahala Elathalawa	1175	3.73	7.537504	80.040371	37	116
LK-6172015	Mawela	1173	2.39	7.537097	80.021519	37	116
LK-6172020	Koshena	1167	5.39	7.525684	79.996815	37	116
LK-6172025	Pahala Galpola	1168	2.1	7.52596	80.009675	37	116
LK-6172030	Ihala Galpola	1169	3.84	7.520269	80.020671	37	116
LK-6172035	Ihala Elathalawa	1174	2.79	7.525682	80.035989	37	116
LK-6172040	Deegalla	1170	4.46	7.510917	80.031808	37	116
LK-6172045	Ihala Embawa	1178	2.0	7.495157	80.041181	37	116
LK-6172050	Kabalewa	1177	3.96	7.486145	80.026451	37	116
LK-6172055	Dikhera	1171	2.99	7.498566	80.016893	37	116
LK-6172060	Ilukhena	1172	4.15	7.497036	79.998078	37	116
LK-6172065	Kumbalwala	1183	3.17	7.484198	80.010833	37	116
LK-6172070	Pallewela	1181	3.21	7.474776	79.99333	37	116
LK-6172075	Pahala Weerambuwa	1185	1.99	7.46525	79.99838	37	116
LK-6172080	Ihala Weerambuwa	1184	2.05	7.464519	80.010644	37	116
LK-6172085	Kurudelpotha	1182	1.85	7.475009	80.009321	37	116
LK-6172090	Thabbomulla	1187	1.5	7.453726	80.011622	37	116
LK-6172095	Meegahakotuwa	1159	2.01	7.46627	80.025578	21/37	116
LK-6172100	Kuliyapitiya Town	1157	1.31	7.472984	80.039362	21	116
LK-6172105	Embawa	1180	0.33	7.481883	80.03463	37	116
LK-6172110	Pahala Embawa	1179	1.53	7.483345	80.040858	37	116
LK-6172115	Pahala Piduma	1166	1.67	7.4819	80.048244	37	116
LK-6172120	Esseddama	1158	1.22	7.469868	80.051025	21	116
LK-6172125	Kongahagedara	1164	1.07	7.479616	80.056597	37	116
LK-6172130	Thummodara	1163	1.93	7.473226	80.060679	37	116
LK-6172135	Ihala Piduma	1165	1.59	7.485771	80.065917	37	116
LK-6172140	Henegedara	1160	3.89	7.499731	80.081777	37	116
LK-6172145	Delana	1161	3.96	7.478858	80.083815	37	116
LK-6172150	Mookalanyaya	1162	2.24	7.493865	80.089171	37	116
LK-6172155	Kirindawa	1143	2.28	7.50109	80.099287	37	116
LK-6172160	Anukkane	1122	3.18	7.501546	80.119456	37	116
LK-6172165	Beminigalla	1123	3.85	7.48623	80.13068	37	116
LK-6172170	Kumbukkotuwa	1124	1.48	7.486383	80.116522	37	116
LK-6172175	Wahumuwa	1144	3.03	7.486251	80.103676	37	116
LK-6172180	Unaleeya	1125	3.55	7.472912	80.110698	37	116
LK-6172185	Kithalawa	1142	2.49	7.46283	80.108406	37	116
LK-6172190	Yakarawatta	1152	3.36	7.465747	80.090385	37	116
LK-6172195	Bohingamuwa	1154	2.32	7.46381	80.072726	37	116
LK-6172200	Haggamuwa	1155	1.4	7.460147	80.062401	37	116
LK-6172205	Galahitiyawa	1156	3.31	7.459879	80.047058	37	116
LK-6172210	Dandagamuwa East	1192	1.64	7.456613	80.034118	37	116
LK-6172215	Dandagamuwa West	1193	0.8	7.452909	80.0255	37	116
LK-6172220	Pahala Kalugamuwa	1191	1.36	7.450501	80.020346	37	116
LK-6172225	Mahimpitiya	1188	1.7	7.444037	80.010875	37	116
LK-6172230	Madakumburumulla	1186	4.09	7.446991	79.996795	37	116
LK-6172235	Thalahitimulla	1189	2.29	7.431803	80.005373	37	116
LK-6172240	Weralugama	1197	2.15	7.430525	80.024468	37	116
LK-6172245	Ihala Kalugamuwa	1190	2.61	7.438492	80.023056	37	116
LK-6172250	Hammalawa	1194	1.76	7.448933	80.039299	37	116
LK-6172255	Galagedara	1196	1.99	7.435517	80.039631	37	116
LK-6172260	Pitadeniya	1195	1.62	7.438208	80.049501	37	116
LK-6172265	Diyadora	1103	2.48	7.437787	80.059694	37	116
LK-6172270	Inguruwatta	1105	2.24	7.450702	80.059071	37	116
LK-6172275	Diyadora Ihala Watta	1104	3.33	7.441404	80.072119	37	116
LK-6172280	Narangalla	1153	3.06	7.454618	80.091223	37	116
LK-6172285	Wadugedara	1100	1.65	7.441483	80.084292	37	116
LK-6172290	Kongolla	1148	2.35	7.43962	80.094519	37	116
LK-6172295	Ihala Ennaruwa	1147	3.79	7.447945	80.109183	37	116
LK-6172300	Deeyawala	1149	2.09	7.432469	80.116928	37	116
LK-6172305	Udihitimulla	1151	1.85	7.433817	80.103071	37	116
LK-6172310	Ketawalegedara	1101	1.37	7.425783	80.091826	37	116
LK-6172315	Eluwapola	1102	1.26	7.428521	80.083463	37	116
LK-6172320	Kandegedara	1099	1.3	7.425263	80.071878	37	116
LK-6172325	Katuwattewela	1098	5.0	7.412203	80.087266	37	116
LK-6172330	Edandewela	1097	0.72	7.415767	80.101242	37	116
LK-6172335	Wewagama	1096	1.44	7.421377	80.101988	37	116
LK-6172340	Degammeda	1150	2.79	7.416788	80.114991	37	116
LK-6175005	Ihala Weerakodiyana	1470	2.99	7.548824	79.908491	48	114
LK-6175010	Kovulwewa	1472	5.29	7.529488	79.93135	48	114
LK-6175015	Pahala Weerakodiyana	1471	1.9	7.535581	79.909171	48	114
LK-6175020	Rantetiyawa	1485	2.7	7.52054	79.906264	48	114
LK-6175025	Wathuwatta	1484	3.59	7.523964	79.921837	48	114
LK-6175030	Habarawewa	1492	2.48	7.520639	79.949593	48	114
LK-6175035	Kekunawala	1493	3.1	7.51815	79.960469	48	114
LK-6175040	Kandayaya	1483	2.63	7.529746	79.970315	48	114
LK-6175045	Kappangamuwa	1497	4.44	7.51334	79.985589	48	114
LK-6175050	Kahadenigama	1502	2.0	7.496132	79.969983	48	114
LK-6175055	Divurumpola	1494	2.5	7.50807	79.962729	48	114
LK-6175060	Pahala Yagamwela	1491	1.37	7.504316	79.940829	48	114
LK-6175065	Ihala Yagamwela	1490	1.26	7.514321	79.94301	48	114
LK-6175070	Gahalagaswala	1496	1.38	7.509472	79.930669	48	114
LK-6175075	Siyambalagasruppa East	1488	1.78	7.50901	79.92195	48	114
LK-6175080	Siyambalagasruppa West	1487	2.18	7.502703	79.911305	48	114
LK-6175085	Dummalasooriya	1486	1.47	7.486811	79.910008	48	114
LK-6175090	Thunthota	1489	0.83	7.496916	79.919786	48	114
LK-6175095	Kattimahana	1510	3.29	7.485044	79.921059	48	114
LK-6175100	Palugamuwa	1509	4.24	7.489815	79.934728	48	114
LK-6175105	Karandavila	1495	1.82	7.503361	79.950984	48	114
LK-6175110	Bunnehepola	1501	6.04	7.484565	79.951441	48	114
LK-6175115	Ihalagama North	1503	1.02	7.488274	79.971094	48	114
LK-6175120	Paranagama	1498	3.07	7.498282	79.983551	48	114
LK-6175125	Pahalagama	1499	4.9	7.473916	79.980735	48	114
LK-6175130	Ihalagama South	1504	1.19	7.481546	79.968801	48	114
LK-6175135	Mahaagara	1500	3.18	7.469629	79.967169	48	114
LK-6175140	Henegedara	1522	3.69	7.466247	79.944335	48	114
LK-6175145	Kanubichchiya	1511	2.58	7.470856	79.922928	48	114
LK-6175150	Polgaha Agara	1513	2.28	7.449307	79.919468	48	114
LK-6175155	Dunakadeniya North	1514	2.18	7.439977	79.930507	48	114
LK-6175160	Udadeniya	1512	3.91	7.456706	79.928796	48	114
LK-6175165	Meegahapelessa	1521	2.95	7.448584	79.9413	48	114
LK-6175170	Bibiladeniya	1505	3.76	7.457417	79.956505	48	114
LK-6175175	Ammanamulla	1506	3.11	7.451616	79.981018	48	114
LK-6175180	Walpitagama	1508	3.32	7.431289	79.987905	48	114
LK-6175185	Horathepola	1507	4.08	7.438922	79.975074	48	114
LK-6175190	Nawasigahawatta	1516	3.5	7.424352	79.964333	48	114
LK-6175195	Kootharippuwa	1517	2.34	7.43379	79.955507	48	114
LK-6175200	Dunakadeniya South	1515	2.4	7.435315	79.939386	48	114
LK-6175205	Kumbukgahamulla	1519	1.44	7.426657	79.924952	48	114
LK-6175210	Ilippugamuwa	1520	1.91	7.421118	79.932734	48	114
LK-6175215	Kumara Udawela	1518	3.79	7.417361	79.941576	48	114
LK-6178005	Gallehemulla	1596	2.93	7.404955	79.931984	43	115
LK-6178010	Nabirittankadawara	1525	6.74	7.403345	79.955977	43	115
LK-6178015	Udugama	1524	4.92	7.407424	79.98059	43	115
LK-6178020	Pethigodagedara	1526	4.42	7.420147	79.990089	43	115
LK-6178025	Eriyagolla	1523	9.14	7.416836	80.025977	43	115
LK-6178030	Yatattawala	1532	5.19	7.418359	80.060328	43	115
LK-6178035	Thelambugammana	1531	2.24	7.407079	80.056351	43	115
LK-6178040	Ingaradavula	1553	2.26	7.397652	80.067506	43	115
LK-6178045	Mohottawa	1551	2.18	7.3973	80.079133	43	115
LK-6178050	Batapotha Ela	1557	2.64	7.38942	80.092289	43	115
LK-6178055	Katugampala	1560	7.77	7.389237	80.104695	43	115
LK-6178060	Hamanagoda	1562	2.19	7.403345	80.116826	43	115
LK-6178065	Mummana	1564	1.77	7.400216	80.136391	43	115
LK-6178070	Wattegedara	1559	5.06	7.403374	80.146898	43	115
LK-6178075	Wettewa	1563	4.26	7.389996	80.132136	43	115
LK-6178080	Kavudumunna	1561	2.71	7.381084	80.111152	43	115
LK-6178085	Hamangalla	1554	3.91	7.369909	80.102149	43	115
LK-6178090	Narangoda South	1556	1.44	7.371622	80.080599	43	115
LK-6178095	Narangoda North	1555	2.85	7.3828	80.083691	43	115
LK-6178100	Erepola	1552	2.74	7.381643	80.067521	43	115
LK-6178105	Madigepola	1527	3.56	7.391917	80.03285	43	115
LK-6178110	Hengawa	1530	3.51	7.396042	80.05494	43	115
LK-6178115	Paragammana	1528	2.8	7.401054	80.04045	43	115
LK-6178120	Nedalagamuwa North	1537	6.46	7.399751	80.011203	43	115
LK-6178125	Nedalagamuwa South	1536	2.8	7.390421	80.007984	43	115
LK-6178130	Yayamulla	1538	2.66	7.385013	79.997357	43	115
LK-6178135	Raddalana	1592	3.87	7.381879	79.98459	43	115
LK-6178140	Waguruwela	1594	3.68	7.385967	79.975055	43	115
LK-6178145	Muthugalayagama	1599	3.09	7.388692	79.957506	43	115
LK-6178150	Kandepola	1595	4.01	7.386934	79.93767	43	115
LK-6178155	Hundirapola	1597	5.32	7.370643	79.941815	43	115
LK-6178160	Welpalla	1598	3.49	7.369324	79.960702	43	115
LK-6178165	Daraluwa	1593	4.74	7.359632	79.979483	43	115
LK-6178170	Hunuvila	1534	6.19	7.354907	80.008653	43	115
LK-6178175	Kongoda	1535	3.81	7.371601	80.002456	43	115
LK-6178180	Werahera	1529	4.58	7.372037	80.021777	43	115
LK-6178185	Bowatta	1533	4.4	7.378764	80.034916	43	115
LK-6178190	Koodalupotta	1543	2.68	7.372677	80.054802	43	115
LK-6178195	Bammanna	1545	1.9	7.363305	80.061325	43	115
LK-6178200	Kadirapola	1544	1.66	7.360478	80.068576	43	115
LK-6178205	Mahingamuwa	1558	2.75	7.356977	80.076291	43	115
LK-6178210	Dodampotta	1567	2.3	7.356515	80.089277	43	115
LK-6178215	Konduruwawela	1571	1.84	7.360912	80.104204	43	115
LK-6178220	Meddepola Pahala	1570	2.16	7.358538	80.119533	43	115
LK-6178225	Maharagama	1566	2.78	7.346032	80.125371	43	115
LK-6178230	Meddepola Ihala	1569	1.64	7.350273	80.113359	43	115
LK-6178235	Siyambalawalana	1568	2.31	7.346679	80.103852	43	115
LK-6178240	Ihala Labbala	1573	2.61	7.342541	80.088119	43	115
LK-6178245	Ihala Kotuwella	1582	2.88	7.346499	80.065598	43	115
LK-6178250	Horawadunna	1542	4.38	7.356225	80.048359	43	115
LK-6178255	Elabadagama East	1539	1.56	7.350155	80.037096	43	115
LK-6178260	Elabadagama North	1540	1.56	7.361968	80.032564	43	115
LK-6178265	Elabadagama West	1541	1.72	7.35228	80.026498	43	115
LK-6178270	Mookalana	1548	3.02	7.343121	80.015293	43	115
LK-6178275	Makandura Ihala	1588	3.4	7.336062	79.995365	43	115
LK-6178280	Elivila	1590	1.98	7.34353	79.981561	43	115
LK-6178285	Gonulla East	1601	2.47	7.335561	79.965878	43	115
LK-6178290	Indivinna	1591	3.91	7.356029	79.958034	43	115
LK-6178295	Hettirippuwa	1602	1.98	7.346848	79.955705	43	115
LK-6178300	Villiyagama	1603	2.94	7.343053	79.942457	43	115
LK-6178305	Gonulla West	1600	2.41	7.331841	79.955241	43	115
LK-6178310	Irabadagama	1606	3.22	7.322886	79.946743	43	115
LK-6178315	Wetakeyawa	1608	1.83	7.324222	79.966766	43	115
LK-6178320	Makandura Pahala	1589	4.89	7.326713	79.983188	43	115
LK-6178325	Panwalakumbura	1609	1.01	7.312904	79.973177	43	115
LK-6178330	Hendiyagala	1607	3.29	7.306396	79.9604	43	115
LK-6178335	Sandalankawa	1604	2.21	7.306547	79.946962	43	115
LK-6178340	Thambakanda	1605	3.49	7.289353	79.946224	43	115
LK-6178345	Nalawalana	1586	3.54	7.301733	79.973042	43	115
LK-6178350	Medirivila	1587	3.96	7.314303	79.991946	43	115
LK-6178355	Pahala Galayaya	1547	1.81	7.328891	80.009649	43	115
LK-6178360	Ihala Galayaya	1546	1.56	7.33713	80.025982	43	115
LK-6178365	Pannala	1549	2.75	7.335515	80.033236	43	115
LK-6178370	Kekillapitiya	1583	2.29	7.33599	80.046363	43	115
LK-6178375	Maholawa	1579	3.78	7.327158	80.061039	43	115
LK-6178380	Thalammehera	1584	3.47	7.31768	80.04474	43	115
LK-6178385	Badabedda	1550	2.44	7.321675	80.02049	43	115
LK-6178390	Kohombapola	1585	3.35	7.311115	80.036206	43	115
LK-6178395	Elibichchiya	1578	2.87	7.311313	80.058581	43	115
LK-6178400	Mellawalana	1580	6.75	7.304022	80.063538	43	115
LK-6178405	Pahala Labbala	1574	1.39	7.335498	80.073915	43	115
LK-6178410	Bopitiya	1572	3.51	7.321637	80.0831	43	115
LK-6178415	Balawala	1581	3.6	7.3046	80.076867	43	115
LK-6178420	Mattegama	1575	2.5	7.315698	80.098228	43	115
LK-6178425	Wellewa	1577	2.95	7.332849	80.093595	43	115
LK-6178430	Narangamuwa	1576	2.34	7.330535	80.108323	43	115
LK-6178435	Malgamuwa	1565	2.25	7.334816	80.116856	43	115
LK-6181005	Pahamune	1073	1.76	7.472858	80.194252	49	117
LK-6181010	Kadahapola	1074	4.02	7.461306	80.196089	49	117
LK-6181015	Penthenigoda	1079	2.95	7.454362	80.217718	49	117
LK-6181020	Ganegoda	1081	1.18	7.444721	80.226206	49	117
LK-6181025	Meewewa	1084	2.29	7.45411	80.232378	49	117
LK-6181030	Dangolla	1083	1.33	7.44694	80.242974	49	117
LK-6181035	Meewewa/ Bemmullegedara	1082	1.05	7.441442	80.23424	49	117
LK-6181040	Puwakgahakotuwa	1080	1.03	7.436389	80.230285	49	117
LK-6181045	Polgahayaya	1078	0.98	7.447689	80.219737	49	117
LK-6181050	Ginigathpitiya	1077	2.45	7.446395	80.206768	49	117
LK-6181055	Dambagirigama East	1075	0.73	7.44471	80.200345	49	117
LK-6181060	Medagoda	1055	2.78	7.422117	80.195603	49	117
LK-6181065	Dambagirigama West	1076	1.8	7.440769	80.194146	49	117
LK-6181070	Narammala	1065	2.01	7.431783	80.208543	49	117
LK-6181075	Ranawatta	1066	1.76	7.433329	80.222205	49	117
LK-6181080	Senanayaka Colony	1067	0.24	7.427225	80.229605	49	117
LK-6181085	Kottapitiya	1068	1.37	7.429051	80.236812	49	117
LK-6181090	Ambagammana	1072	1.74	7.433525	80.246987	49	117
LK-6181095	Yakkavita	1069	1.69	7.419496	80.240248	49	117
LK-6181100	Halwella	1063	3.19	7.415797	80.219224	49	117
LK-6181105	Rammuthugala	1064	1.15	7.422096	80.210712	49	117
LK-6181110	Welikumbura	1056	2.38	7.405881	80.205458	49	117
LK-6181115	Dampelessa	1057	1.72	7.415185	80.206626	49	117
LK-6181120	Kivulegedara	1058	1.54	7.400878	80.218481	49	117
LK-6181125	Polwattegedara	1062	1.89	7.406679	80.229985	49	117
LK-6181130	Karalappala	1070	1.61	7.414594	80.244692	49	117
LK-6181135	Embalapola	1071	2.4	7.401437	80.256248	49	117
LK-6181140	Weragala	1061	1.93	7.400309	80.241947	49	117
LK-6181145	Rangallepola	1060	2.93	7.393632	80.238318	49	117
LK-6181150	Nakalagamuwa	1059	1.48	7.389915	80.224252	49	117
LK-6181155	Godakooruwa	1054	2.51	7.388362	80.212725	49	117
LK-6181160	Kivulgalla	1053	4.14	7.393079	80.197673	49	117
LK-6181165	Eriyagolla	1050	0.96	7.395958	80.187096	49	117
LK-6181170	Metiyagane West	1049	1.2	7.395171	80.176241	49	117
LK-6181175	Maravita	1044	3.38	7.384901	80.158738	49	117
LK-6181180	Muthugala East	1045	1.42	7.375124	80.170789	49	117
LK-6181185	Metiyagane East	1048	1.97	7.391229	80.183657	49	117
LK-6181190	Kasungama	1051	1.08	7.380777	80.180655	49	117
LK-6181195	Pelawatta	1052	4.67	7.368309	80.186715	49	117
LK-6181200	Pothupitiya	1047	2.35	7.354971	80.1728	49	117
LK-6181205	Muthugala West	1046	1.91	7.371398	80.165992	49	117
LK-6181210	Dambadeniya South	1042	4.03	7.361549	80.158727	49	117
LK-6181215	Dambadeniya North	1041	0.47	7.370355	80.148369	49	117
LK-6181220	Udawelawatta	1043	2.26	7.3812	80.143708	49	117
LK-6181225	Riligala	1040	4.89	7.365191	80.134592	49	117
LK-6181230	Athuruwala	1038	2.07	7.355432	80.145354	49	117
LK-6181235	Puskoladeniya	1037	1.13	7.341709	80.135076	49	117
LK-6181240	Delikanu Anga	1039	1.75	7.346689	80.147538	49	117
LK-6181245	Kudagammana	1031	1.64	7.346247	80.161245	49	117
LK-6181250	Riloluwa	1035	1.39	7.331269	80.162048	49	117
LK-6181255	Handapangala	1033	2.65	7.332815	80.149907	49	117
LK-6181260	Paranagama	1036	1.01	7.336063	80.139619	49	117
LK-6181265	Marandagolla	1034	1.32	7.329025	80.134625	49	117
LK-6181270	Epaladeniya	1032	2.92	7.322412	80.151683	49	117
LK-6184005	Vilgamuwa	989	2.78	7.37156	80.205433	31	117
LK-6184010	Vilgamuwa Watta	984	0.84	7.378741	80.213478	31	117
LK-6184015	Wennoruwa West	976	0.77	7.371692	80.216824	31	117
LK-6184020	Wennoruwa East	975	2.05	7.370189	80.221132	31	117
LK-6184025	Damunupola	968	2.24	7.371395	80.227892	31	117
LK-6184030	Pannala	969	2.09	7.375022	80.235958	31	117
LK-6184035	Nungamuwa Pahala	967	2.69	7.377434	80.245863	31	117
LK-6184040	Wadawa	965	4.46	7.382208	80.267163	31	117
LK-6184045	Nungamuwa Ihala	966	2.67	7.372825	80.257534	31	117
LK-6184050	Dehelgamuwa	970	2.12	7.364602	80.245532	31	117
LK-6184055	Ihala Wettewa	977	2.44	7.353425	80.224987	31	117
LK-6184060	Kiriwanapola	983	0.91	7.356819	80.216859	31	117
LK-6184065	Kandegedara South	986	1.0	7.356256	80.214268	31	117
LK-6184070	Welikare	992	1.22	7.348417	80.200331	31	117
LK-6184075	Galgamuwa North	990	1.84	7.362894	80.195676	31	117
LK-6184080	Galgamuwa South	991	2.44	7.353971	80.191703	31	117
LK-6184085	Pangolla	993	0.89	7.34422	80.20265	31	117
LK-6184090	Kandegedara North	985	1.66	7.349419	80.209036	31	117
LK-6184095	Divulgahakotuwa	978	1.83	7.35041	80.23646	31	117
LK-6184100	Waduwawa	971	4.09	7.349401	80.251205	31	117
LK-6184105	Lewdeniya	973	4.65	7.349659	80.266608	31	117
LK-6184110	Poramadala	972	2.79	7.330791	80.254454	31	117
LK-6184115	Galatharaya	999	2.03	7.32785	80.244802	31	117
LK-6184120	Hinnarapola	979	1.69	7.339048	80.237728	31	117
LK-6184125	Nugawela	982	2.39	7.330382	80.222394	31	117
LK-6184130	Maharachchimulla	988	1.31	7.336313	80.212872	31	117
LK-6184135	Pahala Kalalpitiya	987	1.49	7.329262	80.208117	31	117
LK-6184140	Henduwawa	994	2.24	7.338084	80.198079	31	117
LK-6184145	Kendagolla	1030	0.78	7.336037	80.183707	31	117
LK-6184150	Boyawalana	1029	2.81	7.339838	80.176057	31	117
LK-6184155	Henduwawa Colony	995	0.51	7.330119	80.193433	31	117
LK-6184160	Ihala Kalalpitiya	1008	2.33	7.325478	80.204478	31	117
LK-6184165	Medagampola	980	1.46	7.326311	80.231304	31	117
LK-6184170	Maldeniya	981	1.01	7.322795	80.237546	31	117
LK-6184175	Koholana	998	3.69	7.309121	80.252571	31	117
LK-6184180	Ihala Walakumbura	996	1.27	7.317864	80.259771	31	117
LK-6184185	Yatigaloluwa	974	3.33	7.328074	80.269507	31	117
LK-6184190	Pahala Walakumbura	997	1.04	7.317748	80.271186	31	117
LK-6184195	Alawwa South	1001	2.27	7.304064	80.240512	31	117
LK-6184200	Alawwa North	1000	1.15	7.307409	80.233992	31	117
LK-6184205	Kebellavita	1004	2.05	7.313745	80.224221	31	117
LK-6184210	Humbuluwa East	1006	2.96	7.310866	80.213285	31	117
LK-6184215	Humbuluwa West	1007	1.38	7.309029	80.205051	31	117
LK-6184220	Imbulgoda	1012	0.86	7.307438	80.197202	31	117
LK-6184225	Keppitiwalana	1009	2.55	7.323843	80.191692	31	117
LK-6184230	Madawala	1010	1.6	7.317749	80.183611	31	117
LK-6184235	Othara Kiruwampola	1011	2.44	7.312044	80.176361	31	117
LK-6184240	Nebadawathura	1028	2.09	7.325122	80.17258	31	117
LK-6184245	Galdeniya	1027	2.5	7.310444	80.151838	31	117
LK-6184250	Kanameewala	1026	2.81	7.305453	80.161176	31	117
LK-6184255	Wedeniya	1025	2.16	7.297134	80.166814	31	117
LK-6184260	Nawathalwatta	1023	2.35	7.294399	80.180909	31	117
LK-6184265	Thumbulla	1013	2.29	7.29948	80.188148	31	117
LK-6184270	Abbowa	1014	2.08	7.294692	80.201878	31	117
LK-6184275	Paramaulla	1003	1.53	7.29686	80.219875	31	117
LK-6184280	Galpottepola	1005	1.07	7.30346	80.225458	31	117
LK-6184285	Miriheliya	1002	2.32	7.287586	80.224572	31	117
LK-6184290	Pallemorugama	1017	1.44	7.284166	80.215303	31	117
LK-6184295	Udakekulawala	1016	1.51	7.284457	80.206603	31	117
LK-6184300	Udagankanda	1015	0.84	7.290147	80.195372	31	117
LK-6184305	Wewala	1022	1.67	7.281049	80.184609	31	117
LK-6184310	Pallekekulawala	1024	1.93	7.28309	80.173821	31	117
LK-6184315	Yattalgoda	1020	2.09	7.269809	80.18763	31	117
LK-6184320	Bowala	1021	1.15	7.279223	80.195662	31	117
LK-6184325	Bujjomuwa	1018	1.77	7.274121	80.205186	31	117
LK-6184330	Kendahena	1019	1.56	7.265359	80.201841	31	117
LK-6187005	Ahugoda East	883	1.82	7.432063	80.317811	44	118
LK-6187010	Amunugama	884	1.85	7.431796	80.327182	44	118
LK-6187015	Gammana	905	1.38	7.415283	80.338734	44	118
LK-6187020	Pothuhera East	902	0.78	7.417451	80.33074	44	118
LK-6187025	Pothuhera West	903	0.86	7.419148	80.324933	44	118
LK-6187030	Ahugoda Meda	882	0.79	7.42703	80.313886	44	118
LK-6187035	Ahugoda West	881	0.77	7.425738	80.308058	44	118
LK-6187040	Mahapitiya	901	0.97	7.413472	80.299711	44	118
LK-6187045	Dewategedara	888	0.7	7.412021	80.28331	44	118
LK-6187050	Hiripathwella	886	2.18	7.410155	80.275542	44	118
LK-6187055	Ginneriya	957	1.03	7.403818	80.264315	44	118
LK-6187060	Wadakada	956	1.49	7.397484	80.26949	44	118
LK-6187065	Habarawa	885	1.41	7.396521	80.280853	44	118
LK-6187070	Embalawatta	887	0.66	7.401423	80.288607	44	118
LK-6187075	Lihinigiriya	889	1.25	7.409664	80.29023	44	118
LK-6187080	Medalassa Kalugamuwa	891	1.13	7.403475	80.300473	44	118
LK-6187085	Yatihena	900	0.72	7.414952	80.306864	44	118
LK-6187090	Maningamuwa	958	1.32	7.404594	80.311055	44	118
LK-6187095	Mawathagama	899	0.95	7.411711	80.313688	44	118
LK-6187100	Mandawela	908	0.63	7.416746	80.319885	44	118
LK-6187105	Kureepotta	904	1.0	7.408679	80.331385	44	118
LK-6187110	Arambepola	906	2.09	7.396024	80.343147	44	118
LK-6187115	Handugala	898	1.59	7.393938	80.330373	44	118
LK-6187120	Bevilgamuwa East	895	0.81	7.399473	80.327095	44	118
LK-6187125	Bevilgamuwa West	964	1.59	7.399623	80.317248	44	118
LK-6187130	Thiyador Watta	894	0.74	7.410853	80.322658	44	118
LK-6187135	Dembegoda	959	0.88	7.394807	80.304594	44	118
LK-6187140	Imbulana	890	0.94	7.396691	80.293086	44	118
LK-6187145	Kebilittawala	918	2.63	7.382399	80.285864	44	118
LK-6187150	Egalla	952	1.28	7.387135	80.27424	44	118
LK-6187155	Gallenamulla	951	0.86	7.371338	80.287759	44	118
LK-6187160	Udapola	950	0.76	7.366607	80.291315	44	118
LK-6187165	Kaluhendiwala	897	1.09	7.38072	80.300826	44	118
LK-6187170	Thalawattegedara	896	0.9	7.389159	80.294767	44	118
LK-6187175	Kolambalamulla	892	0.76	7.389377	80.304574	44	118
LK-6187180	Parabevila	893	1.08	7.390643	80.318061	44	118
LK-6187185	Koradoluwa	912	1.22	7.3847	80.323867	44	118
LK-6187190	Walagammulla	907	1.37	7.389325	80.338951	44	118
LK-6187195	Kendahena	962	0.76	7.376886	80.343613	44	118
LK-6187200	Polpitiya North	914	0.82	7.380442	80.336787	44	118
LK-6187205	Poojapitiya	911	0.55	7.377303	80.324351	44	118
LK-6187210	Polambe	910	0.45	7.373744	80.318994	44	118
LK-6187215	Hondella	913	1.77	7.379863	80.314939	44	118
LK-6187220	Imbulgoda	909	1.03	7.375398	80.306638	44	118
LK-6187225	Barahelagamuwa	919	0.92	7.368344	80.300549	44	118
LK-6187230	Dewalepola	953	0.72	7.368025	80.29515	44	118
LK-6187235	Ihala Udapola	955	2.68	7.366594	80.28113	44	118
LK-6187240	Divulkumbura	954	1.55	7.356119	80.295622	44	118
LK-6187245	Bandawa	922	0.72	7.355979	80.304728	44	118
LK-6187250	Hathalispahuwa	963	0.57	7.364208	80.306771	44	118
LK-6187255	Rathmalgoda	917	1.2	7.366289	80.313488	44	118
LK-6187260	Kollura	923	0.5	7.356994	80.314913	44	118
LK-6187265	Wellewa	916	2.69	7.365469	80.326723	44	118
LK-6187270	Polpitiya South	915	1.32	7.374998	80.331959	44	118
LK-6187275	Nahakotamada	926	0.65	7.367871	80.340681	44	118
LK-6187280	Aragoda	925	1.83	7.367619	80.348042	44	118
LK-6187285	Sunilagama	929	1.38	7.356667	80.338303	44	118
LK-6187290	Denagamuwa	924	1.75	7.346825	80.319506	44	118
LK-6187295	Madalagama	920	0.34	7.343932	80.307133	44	118
LK-6187300	Godawela	921	0.25	7.348146	80.304419	44	118
LK-6187305	Kotambule	949	0.73	7.349125	80.296933	44	118
LK-6187310	Mawatta	947	1.56	7.36273	80.271965	44	118
LK-6187315	Weeragala	948	2.67	7.348291	80.283013	44	118
LK-6187320	Yogamuwakanda	945	1.45	7.33583	80.286488	44	118
LK-6187325	Epakanda	937	1.57	7.341123	80.298224	44	118
LK-6187330	Ganegoda North	941	0.54	7.338517	80.306201	44	118
LK-6187335	Delgolla	943	1.21	7.345461	80.313188	44	118
LK-6187340	Gorokgahapotta	961	1.25	7.351476	80.310196	44	118
LK-6187345	Godigamuwa	927	1.73	7.345713	80.338769	44	118
LK-6187350	Udukedeniya	928	0.87	7.356814	80.35002	44	118
LK-6187355	Panaliya North	930	3.32	7.338177	80.337643	44	118
LK-6187360	Tenpana	932	0.91	7.338073	80.323623	44	118
LK-6187365	Kuleepitiya North	939	0.25	7.335501	80.315248	44	118
LK-6187370	Ganegoda South	942	0.58	7.33462	80.303502	44	118
LK-6187375	Polgahawela North	934	0.68	7.32993	80.29531	44	118
LK-6187380	Meddalanda	935	1.06	7.329693	80.285996	44	118
LK-6187385	Morugama	944	1.18	7.323663	80.288554	44	118
LK-6187390	Galbadagama	936	0.55	7.323242	80.285244	44	118
LK-6187395	Weligodapitiya	946	0.96	7.32122	80.296258	44	118
LK-6187400	Polgahawela South	938	0.54	7.328096	80.301914	44	118
LK-6187405	Kuleepitiya South	940	0.68	7.329942	80.308477	44	118
LK-6187410	Serapees Watta	933	0.9	7.327145	80.316061	44	118
LK-6187415	Panaliya South	931	1.89	7.328057	80.33286	44	118
LK-6187420	Oruliyadda	960	0.76	7.321819	80.306111	44	118
LK-6203005	Duechbay	633	15.74	8.276519	79.765134	34	103
LK-6203010	Palliyawatta	633A	5.33	8.47559	79.784936	34	103
LK-6203015	Anawasala	631A	3.42	8.250916	79.765449	34	103
LK-6203020	Sinnakudirippu	631	0.37	8.237792	79.763207	34	103
LK-6203025	Wanni Mundalama	630B	1.01	8.225412	79.768549	34	103
LK-6203030	Mandalakudawa	630C	1.47	8.22587	79.761262	34	103
LK-6203035	Periyakudirippu	630	0.17	8.235068	79.762069	34	103
LK-6203040	Pudukudirippuwa	630A	3.21	8.234302	79.751014	34	103
LK-6203045	Kandakuliya Kudawa	629C	2.31	8.233294	79.734719	34	103
LK-6203050	Kurinjipitiya North	629	3.39	8.220307	79.746566	34	103
LK-6203055	Kurinjipitiya South	629B	3.78	8.199388	79.732519	34	103
LK-6203060	Kandakuliya	629A	11.59	8.199637	79.705786	34	103
LK-6203065	Palliwasalthure	628A	6.13	8.189962	79.724559	34	103
LK-6203070	Musalpitiya	628	10.89	8.16661	79.725078	34	103
LK-6203075	Mudalappaliya	626	8.19	8.149015	79.722157	34	103
LK-6203080	Thalavila East	626A	2.37	8.123623	79.710748	34	103
LK-6203085	Thalavila West	626B	1.75	8.114617	79.708464	34	103
LK-6203090	Palakudawa	626C	4.13	8.125954	79.720544	34	103
LK-6203095	Thigali	624	2.47	8.105486	79.729123	34	103
LK-6203100	Ettala	623	7.25	8.096726	79.718217	34	103
LK-6203105	Andankanniya	622A	6.25	8.073912	79.721871	34	103
LK-6203110	Alankudawa	622	6.73	8.059619	79.726744	34	103
LK-6203115	Norochchola	621A	3.49	8.046716	79.732191	34	103
LK-6203120	Paniyadiya	621	7.08	8.037182	79.734875	34	103
LK-6203125	Narakkalliya	620	3.95	8.013607	79.728778	34	103
LK-6203130	Mampuriya	619	3.81	7.996506	79.734913	34	103
LK-6203135	Nawakkaduwa	605	2.99	7.981713	79.736752	34	103
LK-6203140	Nirmalapura	605B	10.72	7.954132	79.749672	34	103
LK-6203145	Daluwa	605A	3.79	7.980197	79.753025	34	103
LK-6203150	Thethapola	603	12.08	7.96506	79.776139	34	103
LK-6203155	Karamba	603A	6.78	7.965265	79.800904	34	103
LK-6206005	Pukkulama	634	111.06	8.480603	79.891915	39	104
LK-6206010	Ralmaduwa	635/2	340.33	8.394208	79.922447	39	103
LK-6206015	Parana Eluwankulama	635	71.35	8.332168	79.861051	39	103
LK-6206020	Aluth Eluwankulama	635/1	23.0	8.274679	79.833356	39	103
LK-6206025	Serakkuliya	635/3	13.17	8.235184	79.825602	39	103
LK-6206030	Karathivu North	635/4	1.22	8.227003	79.813789	39	103
LK-6206035	Karathivu South	636	18.15	8.196049	79.834988	39	103
LK-6206040	Mangala Pura	636/6	22.35	8.233818	79.889806	39	104
LK-6206045	Bandaranayakapura	636/5	17.27	8.210622	79.887473	39	104
LK-6206050	Vanathavilluwa North	636/2	8.94	8.194787	79.876962	39	104
LK-6206055	Vanathavilluwa South	636/1	10.53	8.171765	79.853519	39	103
LK-6206060	Wijayapura West	636/4	7.68	8.168804	79.875784	39	104
LK-6206065	Wijayapura East	636/3	24.73	8.183914	79.913347	39	104
LK-6206070	Karadipuwal	637/3	34.64	8.144956	79.878653	39	103
LK-6206075	Samagipura	637/2	9.17	8.122273	79.864814	39	103
LK-6206080	Vattakandal	637	9.66	8.109339	79.850258	39	103
LK-6206085	Mailankulama	637/1	14.19	8.103375	79.871206	39	103
LK-6209005	Pahala Puliyankulama	638	71.52	8.234022	79.959086	35	104
LK-6209010	Moonamalgaswewa	638D	19.17	8.207271	80.047965	35	104
LK-6209015	Saliyawewa	638A	12.0	8.201106	80.083879	35	104
LK-6209020	Ranawarapitiya	638E	2.79	8.189292	80.080808	35	104
LK-6209025	Saliyawewa C	638C	1.18	8.18456	80.090376	35	104
LK-6209030	Saliyawewa B	638B	2.12	8.179337	80.093465	35	104
LK-6209035	Palugassegama	639D	5.88	8.169604	80.073858	35	104
LK-6209040	Ihala Puliyankulama	639	41.53	8.173417	79.999334	35	104
LK-6209045	Thambapanniya	640D	39.76	8.116928	79.943657	35	104
LK-6209050	Medagama	639B	20.84	8.144194	80.018404	35	104
LK-6209055	Aluthgama	639A	21.7	8.134438	80.051745	35	104
LK-6209060	Weerapura	642D	6.85	8.154353	80.091097	35	104
LK-6209065	Dangaswewa	642C	3.84	8.136149	80.105264	35	104
LK-6209070	Ipalogama	642	6.93	8.120705	80.102378	35	104
LK-6209075	Kumbukwewa	642B	9.9	8.121184	80.079911	35	104
LK-6209080	Rambawewa	642A	19.18	8.093342	80.088393	35	104
LK-6209085	Pahariya	639C	45.57	8.10764	80.010956	35	104
LK-6209090	Murukkuwatawana	640	52.6	8.055915	80.00645	35	104
LK-6209095	Thabbowa South	640F	11.17	8.072096	79.950755	35	104
LK-6209100	Thabbowa North	640A	1.65	8.075917	79.930506	35	104
LK-6209105	Thewanuwara	640B	12.06	8.100461	79.904852	35	104
LK-6209110	Pawattamaduwa	640G	5.76	8.066107	79.919211	35	104
LK-6209115	Karuwalagaswewa	640C	15.67	8.041617	79.946599	35	104
LK-6209120	Kuda Medawachchiya	640E	17.37	8.028235	80.015179	35	104
LK-6209125	Paleegama	648	28.11	7.989981	79.989367	35	104
LK-6209130	Egodapitiya	648A	24.62	8.005665	79.949926	35	104
LK-6212005	Mahameddewa	643/1	34.7	8.055559	80.083942	37	104
LK-6212010	Moragahawewa	643	18.32	8.050137	80.134359	37	104
LK-6212015	Maha Andarawewa	644/2	8.19	8.009106	80.135723	37	104
LK-6212020	Kirimetiyawa	644	9.39	8.011744	80.115978	37	104
LK-6212025	Miyellewa	644/3	12.57	8.017124	80.091179	37	104
LK-6212030	Thammennawetiya	646	19.41	8.013108	80.066083	37	104
LK-6212035	Samurdhigama	646/3	10.31	8.0283	80.052313	37	104
LK-6212040	Amunuwewa	647	9.59	7.981217	80.01771	37	104
LK-6212045	Kuruluwewa	647/3	1.69	7.983091	80.050433	37	104
LK-6212050	Tharanagahawewa	647/2	4.25	7.971748	80.037792	37	104
LK-6212055	Kelewewa	647/1	4.7	7.969157	80.051756	37	104
LK-6212060	Welewewa North	646/1	2.97	7.973945	80.071431	37	104
LK-6212065	Mullegama	645/3	6.45	7.984245	80.082116	37	104
LK-6212070	Welewewa South	646/2	2.52	7.971549	80.081125	37	104
LK-6212075	Gedarawewa	645/4	5.41	7.983592	80.109351	37	104
LK-6212080	Rambakanayagama	644/1	4.99	7.984694	80.132531	37	104
LK-6212085	Inginimitiya East	645/1	7.69	7.951715	80.126241	37	104
LK-6212090	Inginimitiya West	645/2	4.12	7.963395	80.114374	37	104
LK-6212095	Konkadawala	645	4.23	7.967363	80.096921	37	104
LK-6215005	Manalthivu	606	29.12	8.081259	79.831462	38	103
LK-6215010	Sirambiadiya	615D	20.31	8.050254	79.872598	38	103
LK-6215015	Sella Kandal	615	20.43	8.063696	79.900198	38	103
LK-6215020	Nelumwewa	615C	15.5	8.01641	79.902062	38	103
LK-6215025	Marikkar Street	617C	4.89	8.055913	79.846752	11	103
LK-6215030	Mullipuram	617A	6.4	8.054521	79.81649	38	103
LK-6215035	Pudukudirippuwa	617F	0.54	8.040501	79.825449	11	103
LK-6215040	Puttalam East	617B	3.91	8.044069	79.841917	11	103
LK-6215045	Senakudirippuwa	616	5.29	8.032521	79.85393	11	103
LK-6215050	Thiladiya	618A	6.61	8.014533	79.852394	11	103
LK-6215055	Puttalam South	618	1.87	8.021946	79.837337	11	103
LK-6215060	Parana Jumma Palli	617D	0.15	8.032272	79.830018	11	103
LK-6215065	Puttalam North	617	0.15	8.035359	79.826673	11	103
LK-6215070	Periyapalli Kudiyiruppuwa	617E	0.09	8.032154	79.827486	11	103
LK-6215075	Rathmalyaya	618B	7.67	7.998259	79.843564	38	103
LK-6215080	Thammennagama	615B	5.78	8.004076	79.87599	38	103
LK-6215085	Kaladiya	615A	6.46	7.983593	79.900031	38	103
LK-6215090	Bodhirajapura	607C	3.13	7.972605	79.885142	38	103
LK-6215095	Attavilluwa	607A	10.36	7.976649	79.864731	38	103
LK-6215100	Palaviya	607	9.29	7.979074	79.837229	38	103
LK-6215105	Pottuvilluwa	607D	7.57	7.954031	79.853295	38	103
LK-6215110	Attavilluwa Central	607B	8.43	7.951877	79.87955	38	103
LK-6218005	Puludiviyal	601A	6.5	7.948501	79.807533	34	103
LK-6218010	Viruthodai	601	6.65	7.930838	79.810144	34	103
LK-6218015	Weerapura	608 B	13.12	7.941896	79.835159	38	104
LK-6218020	Welusumanapura	608A	17.91	7.91052	79.856048	38	104
LK-6218025	Madurankuliya	609	18.5	7.900235	79.828032	38	104
LK-6218030	Kanamulla North	599C	1.89	7.90144	79.802368	34	103
LK-6218035	Kadayamotte	599	2.5	7.911536	79.804906	34	103
LK-6218040	Nallandaluwa	601B	1.18	7.921421	79.803197	34	103
LK-6218045	Palasola	601C	15.43	7.924327	79.783673	34	103
LK-6218050	Mukkuthoduwawa	599A	11.9	7.928511	79.760627	34	103
LK-6218055	Kandathoduwawa	599B	2.01	7.88996	79.762569	34	103
LK-6218060	Kanamulla South	599D	3.81	7.891939	79.787189	34	103
LK-6218065	Pubudugama	609A	12.56	7.878408	79.816207	38	104
LK-6218070	Sameeragama	598A	3.47	7.882534	79.78156	34	103
LK-6218075	Palliwasalpaduwa	598B	2.54	7.868203	79.763829	34	103
LK-6218080	Perukkuvattan	598C	6.02	7.870066	79.785008	34	103
LK-6218085	Kottanthievu	598	6.92	7.856522	79.787891	34	103
LK-6218090	Mangalaeliya	610A	11.02	7.851526	79.824578	38	104
LK-6218095	Nawadankulama	610B	7.57	7.843062	79.852242	38	104
LK-6218100	Mundalama	610	10.92	7.817215	79.836332	38	104
LK-6218105	Kudirippuwa	610D	4.23	7.801527	79.821865	38	104
LK-6218110	Kattakaduwa	597	10.3	7.83663	79.784777	34	103
LK-6218115	Sinnapaduwa	597B	1.4	7.834956	79.77019	34	103
LK-6218120	Poonapitiya	597A	8.59	7.79651	79.786179	34	103
LK-6218125	Andimunai	594A	2.64	7.764382	79.794612	32	103
LK-6218130	Udappuwa	594	0.98	7.752106	79.793498	32	103
LK-6218135	Udappuwa	594B	2.92	7.736599	79.796746	32	103
LK-6218140	Pulichchakulama	593	8.13	7.752411	79.817107	32	103
LK-6218145	Karathanvilluwa	610C	5.22	7.781214	79.837887	38	104
LK-6218150	Tharakudivilluwa	593B	7.46	7.752119	79.846183	32	103
LK-6218155	Angunavila	593A	6.08	7.760731	79.861698	32	103
LK-6221005	Kivula No. 4-2	614C	4.0	7.962322	79.902211	31	104
LK-6221010	Dangahawala	614D	4.74	7.953978	79.910416	31	104
LK-6221015	Kivula No. 4-1	614A	4.89	7.936579	79.902387	31	104
LK-6221020	Kivula Youth Project	614B	12.68	7.905667	79.882534	31	104
LK-6221025	Kivula No. 1	614F	7.78	7.922685	79.920777	31	104
LK-6221030	Kivulagoda Govi Janapadaya	614E	5.43	7.908163	79.908626	31	104
LK-6221035	Rathmalgaswewa	613D	12.37	7.869571	79.877849	31	104
LK-6221040	Dangaswewa	613E	8.49	7.886724	79.914463	31	104
LK-6221045	Kawayankulama	613	5.42	7.868831	79.913262	31	104
LK-6221050	Jayarajapura	613A	3.79	7.859433	79.865628	31	104
LK-6221055	Karuwalabedda	611A	7.07	7.82762	79.869166	31	104
LK-6221060	Maha Kumbukkadawala	613B	15.3	7.83738	79.894462	31	104
LK-6221065	Sembukuliya	613C	5.19	7.860247	79.894594	31	104
LK-6221070	Walpaluwa	658A	10.72	7.853626	79.939898	31	104
LK-6221075	Kakupandiyawa	658B	11.36	7.826468	79.95089	31	104
LK-6221080	Punavitiya	612D	6.19	7.80304	79.930981	31	104
LK-6221085	Garayakgama	658	4.07	7.79658	79.957221	31	104
LK-6221090	Daluwegama	612E	4.19	7.801923	79.943403	31	104
LK-6221095	Mohoriya	612	14.13	7.815412	79.908717	31	104
LK-6221100	Baranankattuwa	611	8.81	7.805609	79.874083	31	104
LK-6221105	Karungalichole	611B	3.92	7.815193	79.853491	31	104
LK-6221110	Mahasembukuliya	611D	7.73	7.786163	79.865798	31	104
LK-6221115	Galkuliya West	612C	8.1	7.789965	79.889924	31	104
LK-6221120	Galkuliya East	612B	4.78	7.780614	79.915961	31	104
LK-6221125	Andigama	612A	3.89	7.780803	79.941167	31	104
LK-6224005	Kottukachchiya Colony 2	649C	15.29	7.974231	79.940811	31	104
LK-6224010	Kottukachchiya Colony 1	649B	4.5	7.966999	79.923672	31	104
LK-6224015	Mellankulama	614	4.07	7.949961	79.929576	31	104
LK-6224020	Kottukachchiya	649	16.74	7.936225	79.958007	31	104
LK-6224025	Paliyagama	650D	7.18	7.940968	79.977905	31	104
LK-6224030	Uriyawa	650B	11.05	7.942255	79.998473	31	104
LK-6224035	Koilandigama	650	9.47	7.952727	80.013291	31	104
LK-6224040	07 Gammanaya	651B	4.14	7.950046	80.04034	31	104
LK-6224045	Maha Uswewa South	652B	6.49	7.955715	80.06196	31	104
LK-6224050	Maha Uswewa North	652A	8.96	7.936384	80.100108	31	104
LK-6224055	Alankulama	652	11.22	7.925703	80.073439	31	104
LK-6224060	Merungoda	651	5.1	7.940511	80.063438	31	104
LK-6224065	Labugala	651A	4.89	7.929409	80.038901	31	104
LK-6224070	Karambewa	653	3.31	7.899739	80.066589	31	104
LK-6224075	Thalgaswewa	653A	2.34	7.916827	80.046468	31	104
LK-6224080	Periyakulama	653C	7.61	7.911521	80.036287	31	104
LK-6224085	Paramakandagama	650C	5.1	7.907504	80.00402	31	104
LK-6224090	Thonigala	650A	12.05	7.902825	79.949995	31	104
LK-6224095	Wadatta	657	8.41	7.905006	79.985455	31	104
LK-6224100	Viharagama	649A	3.54	7.932044	79.936519	31	104
LK-6224105	Siyambalagashena	657A	15.76	7.874214	79.956818	31	104
LK-6224110	Thattewa	656	9.5	7.87219	79.985928	31	104
LK-6224115	Thammennagama	656B	4.18	7.887113	80.010275	31	104
LK-6224120	Bammannegama	653D	5.05	7.900879	80.019441	31	104
LK-6224125	Kothalakemiyawa	655	5.92	7.881709	80.044532	31	104
LK-6224130	Gallewa	653B	4.9	7.888766	80.060763	31	104
LK-6224135	Thalakolawewa	655A	6.62	7.874691	80.029094	31	104
LK-6224140	Anamaduwa	656A	1.8	7.879074	80.007751	31	104
LK-6224145	Peramakuttuwa	656C	2.98	7.86624	80.006132	31	104
LK-6224150	Divulwewa	658C	6.93	7.848629	79.975177	31	104
LK-6224155	Wadigamangawa	659	6.01	7.847585	80.003373	31	104
LK-6224160	Dharmapalaya	659A	5.28	7.847916	80.026328	31	104
LK-6224165	Uppalawatta	659B	4.98	7.840192	79.992829	31	104
LK-6224170	Sangattikulama	661A	8.87	7.818745	79.991197	31	104
LK-6224175	Mudalakkuliya	661	8.39	7.803514	79.978814	31	104
LK-6227005	Dewala Handiya	591H	5.62	7.770554	79.886968	32	104
LK-6227010	Wilpatha East	591B	8.65	7.759283	79.904188	32	104
LK-6227015	Siyambalagaswewa	662C	3.9	7.754295	79.927133	31	104
LK-6227020	Nagavila	662	10.62	7.754328	79.944917	31	104
LK-6227025	Periyamaduwa	662B	9.07	7.761665	79.965768	31	104
LK-6227030	Kammanadaluwa	662A	10.59	7.775612	79.987474	31	104
LK-6227035	Wilpatha West	591A	5.96	7.747478	79.88287	32	104
LK-6227040	Thamarakkulama	591C	6.51	7.736743	79.906426	32	104
LK-6227045	Serukele	662D	3.53	7.734515	79.92567	31	104
LK-6227050	Katupotha	663	4.98	7.72767	79.951193	31	104
LK-6227055	Madawakkulama	663A	6.62	7.741111	79.974591	31	104
LK-6227060	Wetiya	663B	3.72	7.751076	79.989205	31	104
LK-6227065	Nandimithrapura	664C	12.11	7.703755	79.930324	31	104
LK-6227070	Wendakaduwa	664A	4.9	7.718598	79.924309	31	104
LK-6227075	Pallama	664	6.72	7.683984	79.919885	31	104
LK-6227080	Wathupola	664B	4.57	7.683693	79.948563	31	104
LK-6227085	Puliyankulama	665	6.23	7.664655	79.916371	31	104
LK-6227090	Thammana	665A	6.91	7.638164	79.912608	31	104
LK-6230005	Battaluoya	591	8.63	7.735867	79.819223	32	105
LK-6230010	Mahamaeliya	591F	3.53	7.725064	79.846051	32	105
LK-6230015	Buruthakele	591D	5.46	7.736407	79.871189	32	105
LK-6230020	Wijayakatupatha Elen Megoda	591B	6.3	7.719535	79.892302	32	105
LK-6230025	Pahala Attanganaya	592F	2.64	7.705855	79.870718	32	105
LK-6230030	Wijayakatupatha Elen Egoda	591E	4.94	7.724618	79.870376	32	105
LK-6230035	Anavilundawa	590	8.59	7.705037	79.824062	32	105
LK-6230040	Suruvila	589A	5.75	7.699001	79.81669	32	105
LK-6230045	Ilakkattuwa	592C	6.02	7.704974	79.838879	32	105
LK-6230050	Pankulawa	592D	3.09	7.704071	79.85575	32	105
LK-6230055	Ihala Attanganaya	592A	3.37	7.710207	79.893857	32	105
LK-6230060	Ambakele	592B	7.27	7.695711	79.890942	32	105
LK-6230065	Welipelessa	587	3.26	7.688601	79.871378	32	105
LK-6230070	Nalladarankattuwa	592	2.34	7.68947	79.852553	32	105
LK-6230075	Karukupane	582	3.11	7.642582	79.801549	32	105
LK-6230080	Wairankattuwa	585B	6.46	7.67528	79.812811	32	105
LK-6230085	Sengaloya	592E	3.62	7.684517	79.83288	32	105
LK-6230090	Arachchikattuwa West	585	1.91	7.669249	79.830308	32	105
LK-6230095	Arachchikattuwa East	585C	3.22	7.671815	79.842245	32	105
LK-6230100	Bandarahena	587A	6.69	7.672285	79.858256	32	105
LK-6230105	Adippala	586	2.69	7.675765	79.877304	32	105
LK-6230110	Andanan Kattuwa	586A	2.77	7.676477	79.895053	32	105
LK-6230115	Kumarakattuwa	572	4.08	7.662237	79.88927	32	105
LK-6230120	Elivitiya	571	8.46	7.638899	79.893788	32	105
LK-6230125	Diganwewa	574B	7.71	7.6388	79.858933	32	105
LK-6230130	Rajakadaluwa	585A	6.44	7.650246	79.830867	32	105
LK-6230135	Kusala	583	5.97	7.650949	79.812437	32	105
LK-6230140	Kottapitiya	584	2.86	7.63494	79.817138	32	105
LK-6230145	Bangadeniya	573	4.21	7.619486	79.810944	32	105
LK-6230150	Weerakumandaluwa	574	4.41	7.618624	79.821924	32	105
LK-6230155	Karukkuliya	574A	4.41	7.637802	79.842355	32	105
LK-6230160	Mukkandaluwa	574C	3.79	7.620279	79.838321	32	105
LK-6230165	Dematapitiya	581A	4.49	7.631194	79.871301	32	105
LK-6233005	Kurusapaduwa	575A	0.3	7.597415	79.78702	21	105
LK-6233010	Deduruoya	579B	2.7	7.602887	79.798566	33	105
LK-6233015	Manuwangama West	569B	1.7	7.603964	79.827554	33	105
LK-6233020	Manuwangama East	569D	2.06	7.607604	79.837133	33	105
LK-6233025	Nariyagama North	569C	2.89	7.614924	79.855906	33	105
LK-6233030	Parappanmulla	569A	5.1	7.606736	79.870538	33	105
LK-6233035	Weerapandiyana	570A	4.08	7.621373	79.889373	33	105
LK-6233040	Maha Vilattawa	570	1.93	7.609431	79.898443	33	105
LK-6233045	Kanattawa	570B	2.19	7.608344	79.884419	33	105
LK-6233050	Nariyagama South	569F	1.69	7.607593	79.857838	33	105
LK-6233055	Urudayandaluwa	569E	1.1	7.596734	79.839924	33	105
LK-6233060	Thissogama	568A	2.43	7.592501	79.82763	33	105
LK-6233065	Thimbilla	579A	2.85	7.590635	79.809519	33	105
LK-6233070	Wattakkaliya	579	1.8	7.593906	79.793616	21/33	105
LK-6233075	Weralabada South	575B	0.13	7.588548	79.789412	21	105
LK-6233080	Weralabada North	575	0.07	7.588913	79.78735	21	105
LK-6233085	Egodawatta	575C	0.13	7.584159	79.787625	21	105
LK-6233090	Aluthwatta	576	0.22	7.584898	79.79203	21	105
LK-6233095	Aluthwatta	576A	0.21	7.58116	79.793366	21	105
LK-6233100	Ichchampitiya	580	0.69	7.58116	79.80047	21/33	105
LK-6233105	Munneshwarama	568	3.24	7.579149	79.815492	33	105
LK-6233110	Thittakade	567	3.63	7.586558	79.841949	33	105
LK-6233115	Mugunuwatawana	569	2.52	7.586415	79.858381	33	105
LK-6233120	Kokkavila	549	5.74	7.586766	79.874636	33	105
LK-6233125	Puliyankadawara	548A	2.06	7.595098	79.892511	33	105
LK-6233130	Punchi Vilattawa	548	1.86	7.596628	79.903327	33	105
LK-6233135	Karavitagara West	550	1.44	7.572524	79.863433	33	105
LK-6233140	Karavitagara East	550A	1.39	7.571154	79.870386	33	105
LK-6233145	Dambakele	550C	0.76	7.559894	79.862414	33	105
LK-6233150	Weerakelewatta	550B	1.1	7.563703	79.85507	33	105
LK-6233155	Karavita	564	2.97	7.563953	79.841436	33	105
LK-6233160	Mungandaluwa East	564B	0.86	7.57316	79.848314	33	105
LK-6233165	Mungandaluwa West	564A	1.73	7.573631	79.837672	33	105
LK-6233170	Ilippadeniya	565	2.4	7.567458	79.828313	33	105
LK-6233175	Sawarana	566A	2.55	7.563804	79.816626	33	105
LK-6233180	Maikkulama	566B	2.31	7.566441	79.800598	33	105
LK-6233185	Pitipana East	578A	0.34	7.572629	79.804521	21	105
LK-6233190	Melpura	578C	0.34	7.575255	79.801492	21	105
LK-6233195	Pitipana North	578B	0.36	7.572354	79.795812	21	105
LK-6233200	Pitipana South	578	0.37	7.57494	79.79194	21	105
LK-6233205	Weralabada	577	1.57	7.569171	79.788676	21	105
LK-6233210	Welihena	562A	2.17	7.547175	79.794126	33	105
LK-6233215	Merawala	566	0.9	7.55768	79.800161	33	105
LK-6233220	Inigodawela	566C	1.98	7.552072	79.808066	33	105
LK-6233225	Ihala Olidaluwa	558A	1.63	7.550737	79.824653	33	105
LK-6233230	Maradankulama	558	1.55	7.544336	79.825884	33	105
LK-6233235	Olidaluwa	563	0.85	7.545388	79.813564	33	105
LK-6233240	Ambakandavila	562	5.08	7.532296	79.800469	33	105
LK-6233245	Kakkapalliya	561	4.92	7.529685	79.818993	33	105
LK-6236005	Athuwana	547C	2.26	7.574943	79.881458	33	105
LK-6236010	Mahagama North	547A	2.87	7.579123	79.894971	33	105
LK-6236015	Mahagama South	547	5.15	7.557193	79.88312	33	105
LK-6236020	Kongasyaya	547B	1.04	7.56423	79.879723	33	105
LK-6236025	Ponnankanniya	555	1.34	7.532255	79.830923	33	105
LK-6236030	Manakkulama	556B	3.65	7.546357	79.840166	33	105
LK-6236035	Dematapitiya	557A	3.29	7.550785	79.850853	33	105
LK-6236040	Thambagalla West	557C	0.93	7.548954	79.862281	33	105
LK-6236045	Thambagalla	557	1.46	7.547571	79.869283	33	105
LK-6236050	Thambagalla Watta	557B	0.84	7.542344	79.871652	33	105
LK-6236055	Medagama	546A	0.91	7.542126	79.87942	33	105
LK-6236060	Panirendawa	546B	2.75	7.545377	79.887588	33	105
LK-6236065	Rathmal Agara	545A	1.08	7.540143	79.896872	33	105
LK-6236070	Rathnagiriya	545B	0.33	7.529828	79.899812	33	105
LK-6236075	Nankadawara	545	2.01	7.529132	79.891995	33	105
LK-6236080	Kuda Bingiriya	546	1.59	7.531782	79.877384	33	105
LK-6236085	Indigasvila	557D	1.96	7.531664	79.864065	33	105
LK-6236090	Walahena	556A	3.46	7.529656	79.848079	33	105
LK-6236095	Pambala	560	1.25	7.523129	79.832352	33	105
LK-6236100	Pambala South	560A	2.4	7.516042	79.835936	33	105
LK-6236105	Hareendragama	554A	0.49	7.51688	79.846927	33	105
LK-6236110	Sembukattiya	553	2.43	7.513585	79.856523	33	105
LK-6236115	Uraliya	551	2.49	7.52127	79.86694	33	105
LK-6236120	Heen Agara	551A	4.4	7.518947	79.887731	33	105
LK-6236125	Kachchakaduwa	544A	1.17	7.512268	79.900566	33	105
LK-6236130	Galmuruwa North	544	2.15	7.501808	79.897541	33	105
LK-6236135	Kudirippuwa	543	2.1	7.500741	79.886011	33	105
LK-6236140	Karukkuwatawana	552	2.61	7.506952	79.872127	33	105
LK-6236145	Erunvila	534D	0.94	7.500743	79.858727	33	105
LK-6236150	Karukkuwa	554	2.01	7.506341	79.845686	33	105
LK-6236155	Galahitiyawa	534C	2.43	7.505217	79.830238	33	105
LK-6236160	Maraggalagama	537	3.98	7.485072	79.818367	33	105
LK-6236165	Irattakulama North	534	1.68	7.50481	79.818598	33	105
LK-6236170	Irattakulama South	534B	0.4	7.493813	79.829612	33	105
LK-6236175	Egodayagama	535A	0.25	7.488701	79.826686	33	105
LK-6236180	Pattiyagama	535	0.38	7.487633	79.829491	33	105
LK-6236185	Ihalagama	536	0.59	7.491407	79.835136	33	105
LK-6236190	Uraliyagara	533	2.0	7.495961	79.846195	33	105
LK-6236195	Mellawagara	533A	2.03	7.486362	79.844161	33	105
LK-6236200	Suduwella	541A	0.91	7.488116	79.860139	33	105
LK-6236205	Pothuvila	534A	3.71	7.491389	79.869676	33	105
LK-6236210	Pallakele	543A	0.99	7.488785	79.882756	33	105
LK-6236215	Galmuruwa South	542A	2.34	7.487463	79.899278	33	105
LK-6236220	Henapola	542	3.59	7.478529	79.885329	33	105
LK-6236225	Mugunuwatawana	541	3.42	7.478822	79.863285	33	105
LK-6236230	Pookulama	540A	0.88	7.477967	79.847395	33	105
LK-6236235	Nelumpokuna	540	1.0	7.47555	79.842084	33	105
LK-6236240	Mahabaddegama	537A	0.93	7.477371	79.833995	33	105
LK-6236245	Thaniwellagama	540B	0.2	7.482049	79.83747	33	105
LK-6239005	Iranavila West	532	4.56	7.506097	79.805265	36	106
LK-6239010	Iranavila East	532A	2.3	7.497653	79.81071	36	106
LK-6239015	Thoduwawa North	531A	1.49	7.484532	79.805146	36	106
LK-6239020	Meda Thoduwawa	531B	1.67	7.477067	79.807701	36	106
LK-6239025	Thoduwawa South	531	0.68	7.467727	79.806851	36	106
LK-6239030	Mattakotuwa	530	1.55	7.467816	79.817365	36	106
LK-6239035	Pahala Mahawewa	528	1.1	7.467187	79.827747	36	106
LK-6239040	Adapparagama	529A	1.38	7.465516	79.836293	36	106
LK-6239045	Ihala Kudawewa	522	2.2	7.463714	79.849727	36	106
LK-6239050	Puruduwella	522C	1.17	7.465403	79.860794	36	106
LK-6239055	Galamuna	522A	2.79	7.464156	79.873758	36	106
LK-6239060	Medagoda	520	4.87	7.473814	79.902248	36	106
LK-6239065	Hewana	521	2.1	7.449398	79.913473	36	106
LK-6239070	Yatakalana	520A	1.52	7.457345	79.900919	36	106
LK-6239075	Muttibendivila	517	3.94	7.454413	79.886718	36	106
LK-6239080	Ihala Walahapitiya	518	3.26	7.447197	79.871374	36	106
LK-6239085	Meda Walahapitiya	518A	1.64	7.452102	79.86067	36	106
LK-6239090	Pahala Kudawewa	522B	0.77	7.460328	79.843294	36	106
LK-6239095	Maligawatta	529	0.73	7.457447	79.831682	36	106
LK-6239100	Meda Mahawewa	524A	0.41	7.456077	79.822577	36	106
LK-6239105	Veehena	528A	0.68	7.454466	79.816397	36	106
LK-6239110	Mattakotuwella	530A	1.67	7.460443	79.810182	36	106
LK-6239115	Barudelpola	530B	1.88	7.442019	79.811527	36	106
LK-6239120	Ihala Mahawewa	524	1.62	7.449073	79.822778	36	106
LK-6239125	Pahala Koswadiya	527	0.67	7.444324	79.827003	36	106
LK-6239130	Meda Koswadiya	527A	1.06	7.437919	79.822955	36	106
LK-6239135	Ihala Koswadiya	526	0.64	7.445978	79.831054	36	106
LK-6239140	Pahala Walahapitiya	519	4.58	7.447485	79.844281	36	106
LK-6239145	Panangoda	521A	4.49	7.439151	79.90511	36	106
LK-6239150	Sagaragama	517A	1.79	7.440461	79.892203	36	106
LK-6239155	Egodagoda	518B	1.76	7.434039	79.867419	36	106
LK-6239160	Puhulhena	519A	1.58	7.436279	79.852734	36	106
LK-6239165	Halpanvila East	525	0.86	7.437159	79.840449	36	106
LK-6239170	Meda Hattiniya	515A	0.56	7.429502	79.833445	36	106
LK-6239175	Halpanvila West	525A	0.43	7.435479	79.830925	36	106
LK-6239180	Thalvila	511	0.97	7.429015	79.821626	36	106
LK-6239185	Modarawella	511A	0.54	7.42652	79.814065	36	106
LK-6239190	Pahala Hattiniya	515	0.54	7.428638	79.828534	36	106
LK-6239195	Maravila North	512C	0.58	7.420829	79.826811	36	106
LK-6239200	Ihala Hattiniya	514	0.88	7.429538	79.840932	36	106
LK-6239205	Maranda North	513A	0.69	7.426451	79.844802	36	106
LK-6239210	Maranda South	513B	0.26	7.420605	79.844165	36	106
LK-6239215	Horagolla North	513C	1.01	7.417771	79.838735	36	106
LK-6239220	Horagolla South	513	0.89	7.417379	79.832871	36	106
LK-6239225	Maravila Town	512	0.75	7.413322	79.827003	36	106
LK-6239230	Maravila South	512B	1.2	7.419113	79.820427	36	106
LK-6239235	Maravila Wella	512A	0.39	7.414959	79.816174	36	106
LK-6242005	Pahala Nattandiya	508	1.65	7.423449	79.864111	36	106
LK-6242010	Mailawa	507A	3.18	7.421822	79.878381	36	106
LK-6242015	Pilakatumulla	507	2.57	7.432636	79.881727	36	106
LK-6242020	Dunkannawa	505B	4.34	7.422439	79.901113	36	106
LK-6242025	Maningala	505A	3.59	7.417671	79.917668	36	106
LK-6242030	Sandanangama	505	3.05	7.409712	79.903277	36	106
LK-6242035	Ihala Thabbowa	506	2.53	7.40909	79.888336	36	106
LK-6242040	Meda Thabbowa	506B	1.5	7.406989	79.879763	36	106
LK-6242045	Pahala Thabbowa	506A	2.38	7.400494	79.868823	36	106
LK-6242050	Weerahena East	509	2.49	7.404862	79.85499	36	106
LK-6242055	Ihala Nattandiya	508A	1.17	7.41176	79.862792	36	106
LK-6242060	Meda Nattandiya	508B	1.72	7.418909	79.854349	36	106
LK-6242065	Weerahena West	509A	1.84	7.408599	79.840831	36	106
LK-6242070	Mudukatuwa North	510	1.62	7.404264	79.824784	36	106
LK-6242075	Mudukatuwa South	510A	2.85	7.390989	79.82703	36	106
LK-6242080	Mudukatuwa East	510B	0.41	7.405183	79.833367	36	106
LK-6242085	Pahala Mavila	504B	1.57	7.386453	79.843342	36	106
LK-6242090	Meda Mavila	504A	1.95	7.395339	79.839226	36	106
LK-6242095	Ihala Mavila	504	1.59	7.396568	79.852187	36	106
LK-6242100	Pahala Kottaramulla	497	1.07	7.385168	79.86907	36	106
LK-6242105	Paluwelgala North	501	2.1	7.391127	79.877683	36	106
LK-6242110	Kachchirawa	500A	1.67	7.396705	79.898221	36	106
LK-6242115	Paluwelgala South	501A	1.22	7.385669	79.888144	36	106
LK-6242120	Naravila	500	3.76	7.392854	79.908812	36	106
LK-6242125	Kuddetiyawa	499A	1.73	7.396188	79.923108	36	106
LK-6242130	Yakdessawa	499	2.27	7.38317	79.920266	36	106
LK-6242135	Koswatta North	498	1.54	7.380697	79.901071	36	106
LK-6242140	Meegahawela	498A	1.72	7.374933	79.9132	36	106
LK-6242145	Koswatta South	498B	0.88	7.370864	79.89564	36	106
LK-6242150	Morakele South	503A	0.73	7.372901	79.892709	36	106
LK-6242155	Meda Kottaramulla	502A	2.1	7.374049	79.87969	36	106
LK-6242160	Morakele North	503	0.65	7.384937	79.87935	36	106
LK-6242165	Ihala Kottaramulla	502	0.5	7.383253	79.874981	36	106
LK-6242170	Thummodara East	497A	3.2	7.380678	79.861583	36	106
LK-6242175	Thummodara West	497B	1.48	7.38152	79.854625	36	106
LK-6242180	Nakele	495C	0.82	7.368524	79.846881	36	106
LK-6242185	Ihala Katuneriya	495	1.51	7.375946	79.843938	36	106
LK-6242190	Bulugahawewa	496B	0.61	7.370904	79.83596	36	106
LK-6242195	Nebadagahayaya	495D	0.94	7.3792	79.836888	36	106
LK-6242200	Lansigama	494A	0.63	7.378962	79.827043	36	106
LK-6242205	Pahala Katuneriya North	494B	0.77	7.371772	79.828028	36	106
LK-6242210	Meda Pahala Katuneriya	494	0.48	7.365298	79.82926	36	106
LK-6242215	Pahala Katuneriya South	494C	0.59	7.359613	79.8305	36	106
LK-6242220	Meda Katuneriya	496	0.44	7.364985	79.836079	36	106
LK-6242225	Meegahawewa	496A	0.68	7.362438	79.841007	36	106
LK-6242230	Dematapitiya	495A	0.72	7.364175	79.851867	36	106
LK-6242235	Dhammikagama	495B	0.97	7.356728	79.848828	36	106
LK-6245005	Kolinjadiya West	493A	0.6	7.353948	79.831988	40	107
LK-6245010	Kolinjadiya North	493B	0.61	7.354885	79.840938	40	107
LK-6245015	Udasirigama	467C	0.34	7.365187	79.856079	40	107
LK-6245020	Sirigampala North	467B	1.6	7.36144	79.86605	40	107
LK-6245025	Lunuvila East	467	0.46	7.356053	79.874197	40	107
LK-6245030	Sirigampala South	467A	0.5	7.366017	79.873339	40	107
LK-6245035	Meda Lunuvila	467D	0.97	7.354345	79.867466	40	107
LK-6245040	Lunuvila West	467F	1.48	7.350832	79.859399	40	107
LK-6245045	Wennappuwa North	491	0.91	7.350394	79.852142	40	107
LK-6245050	Kolinjadiya East	493	0.49	7.35027	79.842851	40	107
LK-6245055	Kolinjadiya South	493C	0.27	7.350395	79.833047	40	107
LK-6245060	Ulhitiyawa West	492C	0.36	7.343205	79.830755	40	107
LK-6245065	Ulhitiyawa North	492	0.58	7.345954	79.835746	40	107
LK-6245070	Meda Ulhitiyawa	492B	0.7	7.340368	79.837251	40	107
LK-6245075	Wennappuwa West	491C	0.78	7.339722	79.846203	40	107
LK-6245080	Meda Wennappuwa	491B	0.47	7.342627	79.850819	40	107
LK-6245085	Wennappuwa East	491D	0.74	7.34239	79.854217	40	107
LK-6245090	Lunuvila South	467E	1.73	7.343412	79.870276	40	107
LK-6245095	Bandirippuwa North	476	3.43	7.331726	79.875569	40	107
LK-6245100	Bandirippuwa West	476B	1.89	7.330718	79.858653	40	107
LK-6245105	Wennappuwa South	491A	0.8	7.334175	79.848426	40	107
LK-6245110	Ulhitiyawa South	492A	0.81	7.333953	79.840125	40	107
LK-6245115	Kadawatha	492D	0.33	7.333547	79.833518	40	107
LK-6245120	Dummaladeniya West	489	0.41	7.326508	79.834745	40	107
LK-6245125	Meda Dummaladeniya	489A	0.76	7.326888	79.841157	40	107
LK-6245130	Dummaladeniya North	490A	0.48	7.327624	79.850508	40	107
LK-6245135	Bandirippuwa East	476A	0.7	7.323692	79.870231	40	107
LK-6245140	Dummaladeniya East	490	0.71	7.323256	79.851317	40	107
LK-6245145	Dummaladeniya South	490B	0.61	7.320742	79.839757	40	107
LK-6245150	Wellamankaraya	486B	0.76	7.310208	79.837528	40	107
LK-6245155	Meda Nainamadama	486A	0.7	7.315081	79.842914	40	107
LK-6245160	Hanathotupola	485A	0.63	7.313173	79.85094	40	107
LK-6245165	Boralessa West	488A	0.55	7.32041	79.853824	40	107
LK-6245170	Boralessa North	488B	0.81	7.318929	79.863379	40	107
LK-6245175	Boralessa East	488	0.72	7.312594	79.86495	40	107
LK-6245180	Boralessa South	488C	0.58	7.311905	79.856238	40	107
LK-6245185	Nainamadama West	486	0.96	7.305942	79.844496	40	107
LK-6245190	Nainamadama East	485	0.54	7.306126	79.852386	40	107
LK-6245195	Mirissankotuwa North	487	0.63	7.307428	79.86068	40	107
LK-6245200	Mirissankotuwa South	487A	0.64	7.302391	79.861966	40	107
LK-6245205	Bolawatta	484A	0.77	7.297507	79.858259	40	107
LK-6245210	Rangammulla	483	0.6	7.296148	79.849305	40	107
LK-6245215	Kammala	481B	1.68	7.296862	79.841036	40	107
LK-6245220	Angampitiya East	484	0.6	7.29125	79.857104	40	107
LK-6245225	Angampitiya West	484B	0.56	7.287139	79.85572	40	107
LK-6245230	Aluttota	481A	1.38	7.284919	79.84502	40	107
LK-6245235	Sindathriya	481	1.01	7.276298	79.84619	40	107
LK-6245240	Waikkala North	482	0.67	7.277949	79.854652	40	107
LK-6245245	Waikkala South	482A	0.37	7.277971	79.858485	40	107
LK-6245250	Bolana	480A	0.5	7.279396	79.861316	40	107
LK-6245255	Thambaravila	480	0.76	7.278937	79.866977	40	107
LK-6245260	Thopputhota	482B	0.34	7.273159	79.862571	40	107
LK-6248005	Bothalegama	466C	1.55	7.365845	79.884089	40	107
LK-6248010	Kirimetiyana East	466	1.71	7.359805	79.894065	40	107
LK-6248015	Thulawala	465	2.32	7.366213	79.904676	40	107
LK-6248020	Hundirapola	464A	2.49	7.370851	79.923805	40	107
LK-6248025	Pothuwatawana	464	2.6	7.358483	79.922411	40	107
LK-6248030	Lihiriyagama	462	1.15	7.348951	79.933984	40	107
LK-6248035	Kahatavila Part	464C	1.13	7.349983	79.924373	40	107
LK-6248040	Kahatavila West	464B	3.87	7.347976	79.909025	40	107
LK-6248045	Meda Kirimetiyana	466A	1.16	7.354049	79.89578	40	107
LK-6248050	Kirimetiyana North	466D	1.88	7.35484	79.880824	40	107
LK-6248055	Kirimetiyana West	466F	1.02	7.343442	79.883685	40	107
LK-6248060	Kirimetiyana South	466E	0.44	7.339577	79.886323	40	107
LK-6248065	Pansal Handiya	466B	1.45	7.34404	79.894681	40	107
LK-6248070	Haldanduwana North	468	1.62	7.33614	79.90627	40	107
LK-6248075	Mellawa	463	3.53	7.336626	79.926729	40	107
LK-6248080	Ihala Bujjampola	470A	3.52	7.322432	79.931038	40	107
LK-6248085	Pahala Bujjampola	470	2.36	7.326929	79.915688	40	107
LK-6248090	Haldanduwana West	468C	2.85	7.329021	79.896684	40	107
LK-6248095	Meda Haldanduwana	468B	2.6	7.319716	79.89638	40	107
LK-6248100	Katukenda East	475	2.72	7.315967	79.882343	40	107
LK-6248105	Meda Katukenda	475B	0.22	7.310158	79.879889	40	107
LK-6248110	Gonavila North	477	0.91	7.314409	79.872829	40	107
LK-6248115	Meda Gonavila	477B	0.97	7.303377	79.87004	40	107
LK-6248120	Katukenda West	475A	0.39	7.305824	79.876902	40	107
LK-6248125	Dankotuwa West	474C	0.93	7.299555	79.878432	40	107
LK-6248130	Dankotuwa North	474	0.33	7.300894	79.886151	40	107
LK-6248135	Ihala Dummalakotuwa	474D	0.71	7.302358	79.891462	40	107
LK-6248140	Haldanduwana South	468A	0.55	7.311431	79.891329	40	107
LK-6248145	Pahala Mohottimulla	469A	2.19	7.310925	79.903332	40	107
LK-6248150	Ihala Mohottimulla	469	1.25	7.31079	79.920159	40	107
LK-6248155	Sendiriyamulla	461	1.92	7.309689	79.934016	40	107
LK-6248160	Singakkuliya	460A	1.33	7.299627	79.937267	40	107
LK-6248165	Kaluwachchimulla	460	1.61	7.302549	79.924046	40	107
LK-6248170	Motemulla	471B	2.0	7.300171	79.913508	40	107
LK-6248175	Etiyawala North	471	1.33	7.297781	79.905777	40	107
LK-6248180	Pahala Dummalakotuwa	474E	1.1	7.297237	79.894217	40	107
LK-6248185	Dankotuwa East	474B	0.61	7.293887	79.884871	40	107
LK-6248190	Dankotuwa South	474A	0.43	7.292677	79.880289	40	107
LK-6248195	Gonavila South	477A	1.16	7.296481	79.868575	40	107
LK-6248200	Godella	473	1.23	7.28802	79.867539	40	107
LK-6248205	Morukkuliya	473A	1.46	7.284297	79.879597	40	107
LK-6248210	Metikotuwa	472	2.58	7.282391	79.891899	40	107
LK-6248215	Thamarakuliya	472A	0.27	7.289834	79.897156	40	107
LK-6248220	Etiyawala South	471A	3.6	7.285971	79.909013	40	107
LK-6248225	Jankurawela	459A	2.28	7.276094	79.91185	40	107
LK-6248230	Yogiyana	459	1.63	7.288154	79.927053	40	107
LK-6248235	Dikwela	458	1.7	7.285721	79.937892	40	107
LK-7103005	Buddhangala	5	44.88	8.873041	80.712575	43	122
LK-7103010	Elikimbulagala	7	3.75	8.913189	80.783766	43	122
LK-7103015	Abhayapura	9	9.8	8.900817	80.800881	43	122
LK-7103020	Maithreepura	8	11.65	8.884097	80.814167	43	122
LK-7103025	Parakramapura	6	3.23	8.895872	80.775257	43	122
LK-7103030	Track B	4	12.55	8.871684	80.773295	43	122
LK-7103035	Bisokotuwa	1	42.76	8.821169	80.739212	43	122
LK-7103040	Sudarshanagama	3	14.59	8.852111	80.789328	43	122
LK-7103045	Balayawewa	15	10.29	8.870475	80.827501	43	122
LK-7103050	Mahasenpura	12	9.21	8.869897	80.85405	43	122
LK-7103055	Urewa	11	17.73	8.851624	80.883134	43	122
LK-7103060	Kumbukwewa	10	17.51	8.830731	80.848466	43	122
LK-7103065	Ruwanpura	13	8.38	8.851181	80.82711	43	122
LK-7103070	Bogahawewa	14	21.5	8.813945	80.810436	43	122
LK-7103075	Padaviya	2	19.42	8.796931	80.774873	43	122
LK-7106005	Halmillawetiya	27	83.68	8.723541	80.672362	36	122
LK-7106010	Kanugahawewa	28	110.9	8.79203	80.720807	36	122
LK-7106015	Herathhalmillewa	35	29.23	8.759417	80.757966	36	122
LK-7106020	Bellankadawala	37	12.12	8.773442	80.801311	36	122
LK-7106025	Punchimudagama	38	11.76	8.792747	80.836083	36	122
LK-7106030	D 06 Wahalkada	41	23.53	8.80124	80.873686	36	122
LK-7106035	D 05 Wahalkada	40	5.92	8.76884	80.871697	36	122
LK-7106040	D 04 Wahalkada	39	11.74	8.759786	80.844034	36	122
LK-7106045	Kahatagollewa	36	26.09	8.741555	80.801056	36	122
LK-7106050	Thammennawa	34	17.42	8.717953	80.74625	36	122
LK-7106055	Kunchuttuwa	26	68.23	8.703124	80.612164	36	122
LK-7106060	Galawewa	30	11.24	8.688337	80.720097	36	122
LK-7106065	Thittagonewa	33	21.65	8.693026	80.765203	36	122
LK-7106070	Kurulugama	32	13.66	8.661259	80.774059	36	122
LK-7106075	Sinhalaetaweerawewa	22	15.14	8.648688	80.732023	36	122
LK-7106080	Ethalvidda Wewa	29	9.27	8.671157	80.702509	36	122
LK-7106085	Gonumeriyawa	25	23.94	8.654709	80.624726	36	122
LK-7106090	Kebithigollewa	18	8.97	8.639718	80.667191	36	122
LK-7106095	Ihala Usgollewa	23	10.96	8.658386	80.688156	36	122
LK-7106100	Aiyathigewewa	24	5.61	8.633584	80.698873	36	122
LK-7106105	Bandaraulpatha	31	16.21	8.626594	80.757847	36	122
LK-7106110	Kiriketuwewa	21	16.83	8.613252	80.720556	36	122
LK-7106115	Gonahathdenawa	19	16.29	8.601968	80.693053	36	122
LK-7106120	Thimbiriwewa	17	13.59	8.606866	80.65549	36	122
LK-7106125	Handagala Kirimetiyawa	16	11.33	8.581166	80.6545	36	122
LK-7106130	Wattewewa	20	18.38	8.574085	80.68887	36	122
LK-7109005	Prabodhagama	43	23.8	8.665312	80.460801	38	122
LK-7109010	Paranahalmillewa	45	8.12	8.644912	80.511528	38	122
LK-7109015	Lolugaswewa	53	8.7	8.641877	80.542722	38	122
LK-7109020	Puhudivula	44	34.88	8.669792	80.558842	38	122
LK-7109025	Heerallugama	54	27.61	8.615825	80.610967	38	122
LK-7109030	Ethakada	55	15.85	8.608522	80.569651	38	122
LK-7109035	Etaweeragollewa	56	13.57	8.613215	80.540617	38	122
LK-7109040	Kadawath Rambewa	52	8.46	8.620419	80.514063	38	122
LK-7109045	Maha Kumbukgollewa	46	14.6	8.618012	80.489427	38	122
LK-7109050	Kidawarankulama	42	10.37	8.643697	80.461606	38	122
LK-7109055	Anekattiya	48	21.53	8.637061	80.430151	38	122
LK-7109060	Periyakulama	49	20.03	8.612561	80.404345	38	122
LK-7109065	Poonewa	47	13.83	8.603855	80.46561	38	122
LK-7109070	Isinbessagama	58	12.43	8.581622	80.490999	38	122
LK-7109075	Mahadivulwewa	57	14.24	8.586991	80.522767	38	122
LK-7109080	Kidagalegama	73	13.01	8.581133	80.567264	38	122
LK-7109085	Moragoda	74	19.3	8.569237	80.596363	38	122
LK-7109090	Unagaswewa	75	10.53	8.545444	80.588431	38	122
LK-7109095	Kirigalwewa	72	7.92	8.5365	80.559009	38	122
LK-7109100	Angunochchiya	71	7.31	8.553966	80.547503	38	122
LK-7109105	Ekirikanda	59	5.93	8.558234	80.500577	38	122
LK-7109110	Railway Town	61	2.53	8.557134	80.468132	38	122
LK-7109115	Kadawathgama	60	12.14	8.577199	80.447601	38	122
LK-7109120	Kuda Kumbukgollewa	51	14.32	8.589534	80.4318	38	122
LK-7109125	Yakawewa	50	16.33	8.578763	80.395878	38	122
LK-7109130	Thammenna Elawaka	63	26.25	8.547783	80.375402	38	122
LK-7109135	Puleliya	62	21.51	8.538514	80.415615	38	122
LK-7109140	Viralmurippuwa	64	19.32	8.52242	80.45192	38	122
LK-7109145	Walpola	65	6.58	8.543846	80.463941	38	122
LK-7109150	Katuwela	66	10.54	8.519054	80.481007	38	122
LK-7109155	Medawachchiya West	67	1.77	8.539908	80.490198	38	122
LK-7109160	Medawachchiya East	68	2.45	8.540585	80.499344	38	122
LK-7109165	Kanadara Divulwewa	69	6.32	8.541739	80.512688	38	122
LK-7109170	Helambagaswewa	70	6.06	8.541834	80.531826	38	122
LK-7109175	Sangilikanadarawa	78	9.43	8.517006	80.510137	38	122
LK-7109180	Lindawewa	77	8.91	8.506516	80.54088	38	122
LK-7109185	Karambankulama	76	12.71	8.509732	80.575773	38	122
LK-7112005	Dematamalgama	367	35.62	8.630481	80.22556	41	125
LK-7112010	Thanthirimale	366	15.65	8.578732	80.259912	41	125
LK-7112015	Nelumvila	368	46.53	8.595355	80.217873	41	125
LK-7112020	Sandamaleliya	369	93.18	8.584034	80.185949	41	125
LK-7112025	Thuppitiyawa	372	20.06	8.493949	80.27329	41	125
LK-7112030	Ethdathkalla	370	12.3	8.484134	80.231913	41	125
LK-7112035	Randoowa	363	9.41	8.48942	80.206504	41	125
LK-7112040	Palugaswewa	364	57.87	8.556499	80.152528	41	125
LK-7112045	Mannaram Junction	365	173.81	8.582817	80.086724	41	125
LK-7112050	Kuda Vilachchiya	360	21.71	8.469	80.144348	41	125
LK-7112055	Mahavillachchiya	359	5.53	8.48238	80.163804	41	125
LK-7112060	Pemaduwa	362	6.11	8.484612	80.190575	41	125
LK-7112065	Kiralpetiyawa	361	16.2	8.463351	80.180486	41	125
LK-7112070	Navodagama	371	22.77	8.464376	80.239398	41	125
LK-7112075	Oyamaduwa	358	33.71	8.42076	80.261917	41	125
LK-7112080	Helambawewa	357	26.21	8.433017	80.192859	41	125
LK-7112085	Dunumadalawa	356	20.27	8.403144	80.198056	41	125
LK-7115005	Helambagaswewa	306	40.02	8.516219	80.315472	41	125
LK-7115010	Asirikgama	308	27.18	8.518534	80.366868	41	125
LK-7115015	Gambirigaswewa	309	13.43	8.48073	80.388485	41	125
LK-7115020	Aluthgama	307	14.95	8.4577	80.373398	41	125
LK-7115025	Galpottegama	305	21.65	8.443967	80.353524	41	125
LK-7115030	Maha Ehetuwewa	288	18.14	8.475991	80.307744	41	125
LK-7115035	Maningamuwa	287	17.25	8.425776	80.294486	41	125
LK-7115040	Elayapattuwa	286	17.67	8.413738	80.320214	41	125
LK-7115045	Diganegama	289	14.07	8.406252	80.341062	41	125
LK-7115050	Karambewa	303	7.98	8.395796	80.361991	41	125
LK-7115055	Galkadawala	304	11.78	8.414162	80.378789	41	125
LK-7115060	Poowarsankulama	310	9.27	8.434027	80.395169	41	125
LK-7115065	Paniyankadawala	312	6.62	8.428808	80.419294	41	125
LK-7115070	Parasangaswewa	311	10.06	8.4322	80.439862	41	125
LK-7115075	Mankadawala	313	6.49	8.403444	80.446158	41	125
LK-7115080	Saliyapura	314	9.64	8.403267	80.416904	41	125
LK-7115085	Ashokaramaya	301	4.24	8.40126	80.397332	41	125
LK-7115090	Perimiyankulama	300	4.73	8.382001	80.39957	41	125
LK-7115095	Katukeliyawa	302	4.23	8.376132	80.373275	41	125
LK-7115100	Pusiyankulama	290	9.54	8.382812	80.345736	41	125
LK-7115105	Mahamankadawala	284	14.19	8.379306	80.289661	41	125
LK-7115110	Ilandagahawewa	285	12.92	8.34238	80.28825	41	125
LK-7115115	Vihara Kallanchiya	291	6.97	8.352551	80.320469	41	125
LK-7115120	Vihara Palugama	292	14.79	8.346707	80.346521	41	125
LK-7115125	Devanampiyathissapura	295A	6.59	8.34826	80.369838	11/41	125
LK-7115130	Abhayawewa	294	4.85	8.359661	80.377783	11/41	125
LK-7115135	Pethispura	298	4.72	8.362938	80.398622	11	125
LK-7115140	Bandara Puliyankulama	319	2.83	8.366841	80.415791	11	125
LK-7115145	Jayanthi Gramaya	315	2.97	8.38705	80.427674	41	124
LK-7115150	Theppankulama	316	6.56	8.38364	80.445108	41	124
LK-7115155	Thannayamkulama	317	3.55	8.372272	80.435988	41	124
LK-7115160	Saliya Mawatha	318	2.61	8.364818	80.427175	11	125
LK-7115165	Shuddha Nagaraya	299	2.07	8.349479	80.40185	11	125
LK-7115170	Thisawewa	295	1.23	8.342099	80.391485	11	125
LK-7115175	Wessagiriya	297	2.1	8.332403	80.39502	11	125
LK-7115180	Isurumuniya	296	3.41	8.323079	80.380122	11/41	125
LK-7115185	Pandulagama	293	6.51	8.321596	80.348176	41	125
LK-7115190	Pahalagama	282	12.62	8.327594	80.310694	41	125
LK-7115195	Mahabulankulama	283	7.2	8.300808	80.302972	41	125
LK-7115200	Ulukkulama	281	13.52	8.306215	80.327391	41	125
LK-7118005	Kolibendawewa	105	16.75	8.492316	80.415345	46	125
LK-7118010	Medagama	104	12.81	8.476417	80.431878	46	125
LK-7118015	Kadurugasdamana	116	18.08	8.464547	80.452455	46	125
LK-7118020	Siyambalagaswewa	107	4.51	8.488391	80.480374	46	122
LK-7118025	Katukeliyawa	106	4.88	8.500958	80.487699	46	122
LK-7118030	Wahamalgollewa Track 05	110	2.06	8.494164	80.51119	46	122
LK-7118035	Sangilikanadarawa	111	3.4	8.501385	80.516941	46	122
LK-7118040	Diviyaudabendawewa	103	5.74	8.481617	80.537002	46	122
LK-7118045	Thalgahawewa	84	8.77	8.481357	80.55895	46	122
LK-7118050	Galkandegama	85	8.2	8.489696	80.583648	46	122
LK-7118055	Balahondawewa	86	8.42	8.506906	80.621264	46	122
LK-7118060	Pihimbiyagollewa	81	9.37	8.526692	80.616743	46	122
LK-7118065	Galweeragollewa	79	10.78	8.54998	80.612179	46	122
LK-7118070	Ambagahawewa	80	12.96	8.569202	80.62928	46	122
LK-7118075	Thamarahalmillewa	83	5.56	8.545103	80.649194	46	122
LK-7118080	Wewelketiya	82	10.6	8.520526	80.647652	46	122
LK-7118085	Ihala Kolongaswewa	87	9.0	8.486561	80.663523	46	122
LK-7118090	Konakumbukwewa	91	8.03	8.475829	80.645179	46	122
LK-7118095	Kedewa	97	10.65	8.479904	80.606397	46	122
LK-7118100	Kallanchiya	89	10.96	8.452051	80.574731	46	122
LK-7118105	Gonewa	92	11.37	8.446698	80.555006	46	124
LK-7118110	Ikirigollewa	102	6.83	8.473213	80.519667	46	122
LK-7118115	Wahamalgollewa	108	5.49	8.478495	80.500177	46	122
LK-7118120	Wahamalgollewa Track 03	109	0.82	8.487645	80.504727	46	122
LK-7118125	Pallankulama	99	12.8	8.453928	80.496822	46	122
LK-7118130	Mahawewa	114	5.74	8.449767	80.482321	46	125
LK-7118135	Pandukabhayapura	115	3.7	8.449499	80.468402	46	125
LK-7118140	Katupuliyankulama	112	5.17	8.418029	80.463357	46	125
LK-7118145	Sandamalgama	113	3.96	8.421153	80.476304	46	125
LK-7118150	Rambewa	100	3.41	8.441326	80.504184	46	122
LK-7118155	Nabadagaswewa	101	6.64	8.446533	80.520789	46	122
LK-7118160	Mahakanadarawa R. B. Track 02	93	4.24	8.435626	80.538367	46	124
LK-7118165	Kapiriggama	98	9.64	8.465199	80.612193	46	122
LK-7118170	Peenagama	90	6.28	8.461679	80.643003	46	122
LK-7118175	Meemalwewa	88	10.77	8.438656	80.60383	46	122
LK-7118180	Rotawewa	95	6.32	8.411052	80.590688	46	124
LK-7118185	Kudagama	96	14.32	8.417527	80.564229	46	124
LK-7118190	Mahakanadarawa R. B. Track 01	94	7.06	8.411857	80.53991	46	124
LK-7121005	Kirigallewa	226	13.06	8.551225	80.695208	35	123
LK-7121010	Rathmalgahawewa	225	8.63	8.534465	80.679656	35	123
LK-7121015	Kudapattiya	207	16.26	8.495167	80.722079	35	123
LK-7121020	Mahakumbukwewa	222	9.89	8.505516	80.692662	35	123
LK-7121025	Palippothana	224	6.77	8.517745	80.670136	35	123
LK-7121030	Gonumeruwewa	223	8.09	8.489619	80.691539	35	123
LK-7121035	Thurukkuragama	234	4.64	8.466945	80.684606	35	123
LK-7121040	Maha Kiribbewa	233	2.74	8.456058	80.686552	35	123
LK-7121045	Maha Galkandegama	235	9.2	8.462259	80.70284	35	123
LK-7121050	Dachchihalmillawewa	206	10.76	8.454383	80.727587	35	123
LK-7121055	Maha Hammillawewa	208	11.64	8.464834	80.755449	35	123
LK-7121060	Kumbukgollewa	209	23.65	8.448432	80.781328	35	123
LK-7121065	Pandarellewa	210	10.36	8.413698	80.770546	35	123
LK-7121070	Sampathgama	205	3.26	8.430719	80.752024	35	123
LK-7121075	Thallattewa	217	5.01	8.423256	80.736072	35	123
LK-7121080	Mahawewa	221	9.77	8.433975	80.720283	35	123
LK-7121085	Kahatagasdigiliya East	231	2.38	8.429921	80.69985	35	123
LK-7121090	Kahatagasdigiliya West	232	3.38	8.435809	80.689695	35	123
LK-7121095	Kokmaduwa	201	7.88	8.450412	80.668078	35	124
LK-7121100	Moragahawela	202	11.02	8.442654	80.641032	35	124
LK-7121105	Samadhigama	204	6.45	8.416115	80.625345	35	124
LK-7121110	Mekichchawa	203	7.22	8.401821	80.616124	35	124
LK-7121115	Ranpathvila	196	8.07	8.410127	80.64127	35	124
LK-7121120	Bethkewa - Thulana	198	10.19	8.413261	80.663265	35	124
LK-7121125	Maha Messalewa	230	5.56	8.420436	80.682736	35	123
LK-7121130	Kohombagaskada	220	6.85	8.407126	80.718765	35	123
LK-7121135	Konwewa	216	7.23	8.400854	80.747264	35	123
LK-7121140	Ambagahawewa	213	11.68	8.376944	80.771349	35	123
LK-7121145	Panwella	211	5.54	8.396864	80.785947	35	123
LK-7121150	Mee - Kumbukwewa	212	22.01	8.366798	80.800725	35	123
LK-7121155	Tikkanpothana	214	14.54	8.353485	80.757609	35	123
LK-7121160	Punchi Halmillewa	219	4.79	8.36304	80.734591	35	123
LK-7121165	Weligollewa	218	2.33	8.357862	80.724606	35	123
LK-7121170	Divulwewa	215	15.88	8.385773	80.720318	35	123
LK-7121175	Diganhalmillawewa	229	11.67	8.394578	80.683431	35	123
LK-7121180	Kelenikawewa	227	12.92	8.359551	80.704173	35	123
LK-7121185	Nelugollakada	228	11.03	8.360619	80.675752	35	123
LK-7121190	Ellawewa	197	7.97	8.387358	80.648729	35	124
LK-7121195	Nekutunu Wewa	200	12.92	8.3623	80.62986	35	124
LK-7121200	Kanadara Rathmale	199	7.0	8.351245	80.653426	35	124
LK-7124005	Wahalkada D 2	145	5.7	8.743211	80.842178	33	123
LK-7124010	Wahalkada D 1	144	19.35	8.726999	80.833448	33	123
LK-7124015	Maradanmaduwa	146	21.72	8.704199	80.877322	33	123
LK-7124020	Pahala Divulwewa	141	15.02	8.706071	80.851649	33	123
LK-7124025	Weerasole	139	14.72	8.68565	80.811269	33	123
LK-7124030	Anaolondewa	138	13.91	8.65811	80.803346	33	123
LK-7124035	Kapugollewa	140	15.73	8.650167	80.835179	33	123
LK-7124040	Wagollakada	143	16.44	8.684642	80.895256	33	123
LK-7124045	Dutuwewa	142	31.56	8.633336	80.869782	33	123
LK-7124050	Morawewa	135	21.2	8.604696	80.82782	33	123
LK-7124055	Thawalanhalmillewa	137	13.25	8.624618	80.80226	33	123
LK-7124060	Thimbiriattawala	123	16.59	8.611285	80.768905	33	123
LK-7124065	Nikawewa	121	14.33	8.584168	80.753203	33	123
LK-7124070	Welimuwapothana	120	9.39	8.572326	80.781117	33	123
LK-7124075	Kivulekada	129	7.25	8.566947	80.81273	33	123
LK-7124080	Puhulewewa	134	19.04	8.586386	80.858581	33	123
LK-7124085	Rathmale	147	30.32	8.581022	80.903113	33	123
LK-7124090	Welangahaulpatha	148	31.69	8.548196	80.894397	33	123
LK-7124095	Maradankadawala	133	15.43	8.560728	80.856187	33	123
LK-7124100	Horowpothana	128	5.53	8.552688	80.82647	33	123
LK-7124105	Medawachchi Handiya	130	1.42	8.542756	80.819307	33	123
LK-7124110	Mukkarawewa	122	11.31	8.546618	80.797168	33	123
LK-7124115	Ihala Angunachchiya	119	8.35	8.552775	80.754251	33	123
LK-7124120	Rasnakawewa	118	7.65	8.563845	80.732495	33	123
LK-7124125	Walahaviddawewa	117	14.97	8.537385	80.732889	33	123
LK-7124130	Gammahegewewa	124	9.68	8.516025	80.755603	33	123
LK-7124135	Morakewa	127	11.81	8.512816	80.783958	33	123
LK-7124140	Nanumillawewa	131	7.38	8.523759	80.806773	33	123
LK-7124145	Thirappankadawala	136	11.67	8.526318	80.841604	33	123
LK-7124150	Parangiyawadiya	149	94.82	8.490536	80.912283	33	123
LK-7124155	Nabadawewa	152	17.92	8.473184	80.852995	33	123
LK-7124160	Puliyankadawala	150	22.63	8.472651	80.824774	33	123
LK-7124165	Vilewewa	132	10.54	8.504472	80.820085	33	123
LK-7124170	Wadigawewa	126	5.48	8.488915	80.788952	33	123
LK-7124175	Kalpe	125	13.1	8.496626	80.762212	33	123
LK-7124180	Dekethipothana	153	13.67	8.410662	80.800646	33	123
LK-7124185	Dematawewa	154	184.39	8.357595	80.873264	33	123
LK-7124190	Diyatittawewa	151	47.95	8.438185	80.907791	33	123
LK-7127005	Konwewa	156	5.14	8.33643	80.672643	31	123
LK-7127010	Ellawewa	178	8.79	8.336406	80.721905	31	123
LK-7127015	Kataranpuraya	168	1.87	8.342057	80.758899	31	123
LK-7127020	Dutuwewa	165	1.28	8.341446	80.767708	31	123
LK-7127025	Perettupalagama	167	3.26	8.337014	80.745709	31	123
LK-7127030	Kokawewa	169	12.82	8.31176	80.787978	31	123
LK-7127035	Dutuwewa Paranagama	166	7.37	8.328617	80.738119	31	123
LK-7127040	21 Colony East	180	3.28	8.313349	80.729459	31	123
LK-7127045	21 Colony West	179	8.08	8.319011	80.707913	31	123
LK-7127050	Ulpathgama	158	5.75	8.308554	80.691988	31	123
LK-7127055	Upuldeniya	155	12.38	8.317648	80.662959	31	123
LK-7127060	Himbutugollewa	157	8.39	8.298826	80.65282	31	123
LK-7127065	Mailagaswewa	159	7.55	8.289902	80.675824	31	123
LK-7127070	Ihalagama	163	3.51	8.293496	80.70033	31	123
LK-7127075	Galenbindunuwewa	162	5.51	8.294422	80.721083	31	123
LK-7127080	Karuwalagaswewa	173	5.46	8.30064	80.743338	31	123
LK-7127085	Palugollagama	170	5.05	8.306375	80.766165	31	123
LK-7127090	Aluth Divulwewa	171	13.49	8.285639	80.792436	31	123
LK-7127095	Getalawa	172	4.12	8.292139	80.755167	31	123
LK-7127100	Hurulunikawewa Track-04	176	4.48	8.277969	80.736712	31	123
LK-7127105	Ilukbadayagama	164	7.07	8.277778	80.708437	31	123
LK-7127110	Kudagalenbidunuwewa	161	7.57	8.262225	80.679936	31	123
LK-7127115	Thammennagama	160	5.57	8.271155	80.65727	31	123
LK-7127120	Sivalakulama	182	8.46	8.252957	80.647324	31	127
LK-7127125	Gomarankalla	190	3.6	8.265853	80.712725	31	123
LK-7127130	Hurulunikawewa Track-03	177	2.9	8.263158	80.747996	31	123
LK-7127135	Kumbukwewa	175	7.11	8.252995	80.774194	31	123
LK-7127140	Janasirigama	174	11.76	8.268165	80.777859	31	123
LK-7127145	Kurunegala Colony	194	7.29	8.238929	80.768487	31	123
LK-7127150	Nuwaragam Colony	195	3.93	8.245703	80.739619	31	123
LK-7127155	Hurulu Jayapura	189	4.33	8.247217	80.702868	31	123
LK-7127160	Sunanda Mawatha	191	6.54	8.255048	80.703291	31	123
LK-7127165	Galwaduwagama	183	9.71	8.236395	80.62073	31	127
LK-7127170	Muriyakadawala	181	8.76	8.237578	80.656909	31	127
LK-7127175	Ihala Galkulama	187	9.21	8.233279	80.688122	31	123
LK-7127180	Hurulumeegahapattiya	188	3.84	8.237778	80.725129	31	123
LK-7127185	Nuwaraeli Colony	193	1.82	8.234536	80.736989	31	123
LK-7127190	Pandikaramaduwa	192	5.15	8.224003	80.747183	31	123
LK-7127195	Yakalla	186	19.34	8.210606	80.713145	31	123
LK-7127200	Manankattiya	184	18.69	8.195389	80.665261	31	127
LK-7127205	Wannamkulama	185	12.33	8.20496	80.62424	31	127
LK-7130005	Ukkulankulama	588	6.77	8.413961	80.493884	39	124
LK-7130010	Mahakanadarawa L.B. Track 03	585	1.5	8.417846	80.506934	39	124
LK-7130015	Mahakanadarawa L.B. Track 02	584	4.95	8.40917	80.518553	39	124
LK-7130020	Mahakanadarawa L.B. Track 01	583	2.91	8.394611	80.529598	39	124
LK-7130025	Maradankulama	586	10.15	8.383527	80.500186	39	124
LK-7130030	Doramadalawa	587	7.74	8.397386	80.473057	39	124
LK-7130035	Kunchikulama	573	5.04	8.368589	80.457875	39	124
LK-7130040	Henewatta	572	1.1	8.359991	80.436589	11/39	124
LK-7130045	Nuwarawewa	571	1.55	8.347573	80.447234	11/39	124
LK-7130050	Kurundankulama	574	5.11	8.345225	80.460867	39	124
LK-7130055	Kannattiya	575	9.98	8.361997	80.477871	39	124
LK-7130060	Mihinthale	577	7.95	8.361026	80.500851	39	127
LK-7130065	Ruwangama	578	4.38	8.345324	80.495874	39	127
LK-7130070	Namalwewa	579	6.1	8.349581	80.526119	39	127
LK-7130075	Bogahayaya	582	10.14	8.368912	80.532223	39	127
LK-7130080	Pothana	564	23.5	8.37578	80.562963	39	124
LK-7130085	Seeppukulama	566	6.74	8.38651	80.59108	39	124
LK-7130090	Thammennawa	567	9.54	8.372653	80.612389	39	124
LK-7130095	Kasamaduwa	568	19.75	8.333186	80.603047	39	124
LK-7130100	Katukeliyawa	569	10.52	8.322537	80.629413	39	124
LK-7130105	Kattaduwagama	570	8.56	8.29601	80.602248	39	127
LK-7130110	Kahapathvilagama	576	14.73	8.296097	80.566037	39	127
LK-7130115	Ihalagama	565	16.09	8.335114	80.57263	39	124
LK-7130120	Maradankalla	581	23.27	8.315174	80.539914	39	127
LK-7130125	Wellaragama	580	11.41	8.307057	80.507259	39	127
LK-7133005	Nuwara Wewa	250	3.15	8.349413	80.422835	11	125
LK-7133010	Step1 Part 1	248	4.24	8.343014	80.431922	11	124
LK-7133015	Mahakalattewa	279	8.72	8.326011	80.458797	42	124
LK-7133020	Thariyankulama	280	5.22	8.329537	80.487796	42	124
LK-7133025	Nelumkanniya	278	4.96	8.31332	80.489161	42	124
LK-7133030	Kuda Nelumkulama	277	5.33	8.313777	80.464829	42	124
LK-7133035	Keerikkulama	276	7.83	8.289287	80.462633	42	124
LK-7133040	Thammennapura	241	2.32	8.303264	80.438636	42	124
LK-7133045	Wannithammennawa	239	2.87	8.299036	80.42531	11/42	124
LK-7133050	Thammennakulama	240	4.04	8.321867	80.433772	11/42	124
LK-7133055	Step 1 Part 2	249	4.61	8.329252	80.419276	11	124
LK-7133060	Step 2 Part 3	253	0.79	8.317904	80.416241	11	124
LK-7133065	Step 2 Part 2	252	1.42	8.326421	80.400911	11	124
LK-7133070	Pothanegama	258	3.03	8.32409	80.369126	42	124
LK-7133075	Step 3 Part 3	257	1.04	8.306565	80.39586	11/42	124
LK-7133080	Step 2 Part 1	251	1.55	8.320095	80.40539	11	124
LK-7133085	Step 2 Part 4	254	0.97	8.312858	80.409992	11	124
LK-7133090	Wanniyankulama Kotasa 4	245	0.5	8.306348	80.411707	11/42	124
LK-7133095	Wanniyankulama Kotasa 5	246	0.67	8.306648	80.415845	11/42	124
LK-7133100	Wanniyankulama Kotasa 6	247	0.74	8.306883	80.419937	11/42	124
LK-7133105	Gnanikulama	238	2.16	8.297714	80.446701	42	124
LK-7133110	Kawarakkulama	275	9.34	8.287982	80.487122	42	124
LK-7133115	Mahapaladikulama	237	5.16	8.283858	80.427232	42	124
LK-7133120	Step 3 Part 1	255	0.91	8.314788	80.398074	11	124
LK-7133125	Step 3 Part 2	256	0.9	8.305773	80.403745	11	124
LK-7133130	Wanniyankulama Kotasa 3	244	0.34	8.299569	80.407771	11/42	124
LK-7133135	Wanniyankulama Kotasa 1	242	1.61	8.292261	80.407295	42	124
LK-7133140	Wanniyankulama Kotasa 2	243	1.0	8.292255	80.416501	42	124
LK-7133145	Sucharithagama	236	6.61	8.274173	80.451149	42	124
LK-7136005	Kimbulakada	262	6.91	8.302719	80.354649	42	124
LK-7136010	Shrawasthipura	259	4.85	8.304252	80.383686	42	124
LK-7136015	Kuda Nelubewa	265	3.69	8.284803	80.393064	42	124
LK-7136020	Shrawasthiwatta	260	2.58	8.29089	80.368429	42	124
LK-7136025	Aluthwewa	261	5.52	8.270745	80.367488	42	124
LK-7136030	Amane	263	4.85	8.273466	80.384294	42	124
LK-7136035	Maha Nelubewa	266	4.86	8.277521	80.411656	42	124
LK-7136040	Divulwewa	264	3.82	8.262763	80.396893	42	124
LK-7136045	Hidogama	271	3.8	8.249537	80.422086	42	124
LK-7136050	Pawakkulama	267	3.31	8.262602	80.423789	42	124
LK-7136055	Kaluvila North	274	3.58	8.259138	80.437946	42	124
LK-7136060	Madawalagama	273	3.1	8.255626	80.450542	42	124
LK-7136065	Nachchadoowa	535	5.87	8.260428	80.474858	48	127
LK-7136070	Nachchadoowa New Town	536	9.9	8.241044	80.51126	48	127
LK-7136075	Palayakulama	538	11.76	8.226043	80.467392	48	127
LK-7136080	Suhadagama	272	4.16	8.24075	80.440203	42	124
LK-7136085	Thuruvila	270	8.11	8.220283	80.433932	42	124
LK-7136090	Kaluarachchiyagama	268	12.05	8.213568	80.412625	42	124
LK-7136095	Pahalawewa	269	7.31	8.231936	80.394463	42	124
LK-7139005	Kukulkatuwa	320	159.06	8.402671	80.065974	40	125
LK-7139010	Ittikulama	321	118.36	8.436821	80.111401	40	125
LK-7139015	Ranorawa	322	25.32	8.378378	80.230859	40	125
LK-7139020	Mahalindawewa	323	8.97	8.369823	80.263276	40	125
LK-7139025	Bogahawewa	324	19.52	8.326967	80.254278	40	125
LK-7139030	Ambagahawewa	325	17.9	8.327695	80.213255	40	125
LK-7139035	Ehetuwagama	326	11.19	8.331181	80.184646	40	125
LK-7139040	Thalgaswewa	332	16.78	8.297492	80.178138	40	125
LK-7139045	Hunuvilagama	327	149.75	8.337768	80.075591	40	125
LK-7139050	Horuvila	355	59.35	8.287976	80.064234	40	125
LK-7139055	Lindawewa	331	11.93	8.258955	80.176209	40	125
LK-7139060	Kusumpura	333	10.21	8.28355	80.208743	40	125
LK-7139065	Mudithagama	337	7.39	8.282203	80.229224	40	125
LK-7139070	Ralapanawagama	338	8.72	8.288136	80.247215	40	125
LK-7139075	Adampane	340	10.26	8.303916	80.256739	40	125
LK-7139080	Andarawewa	341	11.36	8.283036	80.274827	40	125
LK-7139085	Ralapanawa Colony	339	8.34	8.263723	80.248131	40	125
LK-7139090	Nochchiyagama	334	1.78	8.263246	80.207157	40	125
LK-7139095	Dunudambuwewa	336	3.75	8.24838	80.193995	40	125
LK-7139100	Thimbiriwewa	328	6.65	8.246867	80.156769	40	125
LK-7139105	Katupathwewa	329	80.61	8.252725	80.06464	40	125
LK-7139110	Pahala Maragahawewa	330	2.49	8.229788	80.126283	40	125
LK-7139115	Nelawagama	349	9.35	8.222416	80.179735	40	125
LK-7139120	Pahala Halmillewa	350	8.11	8.214853	80.196796	40	125
LK-7139125	Halmillakulama	335	5.16	8.251353	80.213194	40	125
LK-7139130	Dunupothagama	345	4.37	8.248188	80.238785	40	125
LK-7139135	Dombawalagama	346	5.36	8.228792	80.250143	40	125
LK-7139140	Pahamunegama	342	9.87	8.242232	80.270181	40	125
LK-7139145	Navakkulama	343	7.98	8.217341	80.288117	40	125
LK-7139150	Galadivulwewa	344	3.95	8.218934	80.267534	40	125
LK-7139155	Jayagama	347	2.67	8.227668	80.238435	40	125
LK-7139160	Amunukole	348	5.56	8.234717	80.218519	40	125
LK-7139165	Mihiripura	352	2.3	8.205257	80.225617	40	125
LK-7139170	Pahala Kedithokkuwa	351	7.17	8.20429	80.214042	40	125
LK-7139175	Rankethgama	353	9.17	8.197743	80.239802	40	125
LK-7139180	Ottappuwa	354	7.58	8.195488	80.258803	40	125
LK-7142005	Track 13,18	456	6.59	8.216653	80.097131	45	126
LK-7142010	Track 16,17	458	11.73	8.22778	80.143782	45	126
LK-7142015	Veheragala	455	6.18	8.201978	80.114387	45	126
LK-7142020	Yaya 12	454	3.21	8.188011	80.121177	45	126
LK-7142025	Track 09 - 10	452	5.91	8.184666	80.144917	45	126
LK-7142030	Track 11	453	3.73	8.201676	80.137563	45	126
LK-7142035	Track 15	457	8.54	8.21511	80.157217	45	126
LK-7142040	Gemunupura	451	2.99	8.193262	80.174973	45	126
LK-7142045	Track 07	450	4.22	8.188955	80.177867	45	126
LK-7142050	Thumbullegama	449	4.55	8.193623	80.203065	45	126
LK-7142055	Randenigama	447	4.18	8.172873	80.195217	45	126
LK-7142060	Track 04	445	3.25	8.17173	80.162709	45	126
LK-7142065	Track 03	444	2.21	8.165714	80.178531	45	126
LK-7142070	Naigala	443	3.72	8.159553	80.202025	45	126
LK-7142075	Thissapura	446	0.66	8.163438	80.209412	45	126
LK-7142080	Maha Thimbirikalla	442	4.47	8.157186	80.224205	45	126
LK-7142085	Angamuwa	448	4.5	8.180093	80.200564	45	126
LK-7142090	04 1/2 Kanuwa	441	5.97	8.1653	80.22933	45	126
LK-7142095	Sirimapura	440	5.3	8.159933	80.2442	45	126
LK-7142100	Panthiyawa	439	5.86	8.155326	80.25517	45	126
LK-7142105	Kalundegama	438	8.07	8.145305	80.263205	45	126
LK-7145005	Kongollewa	431	5.24	8.213666	80.330957	47	126
LK-7145010	Kelegama	433	6.58	8.208844	80.31034	47	126
LK-7145015	Pahalagama	432	6.82	8.187862	80.285365	47	126
LK-7145020	Solama	434	2.22	8.187264	80.30607	47	126
LK-7145025	Maha Bellankadawala	435	5.93	8.193418	80.320624	47	126
LK-7145030	Eriyagama	430	5.32	8.198781	80.338564	47	126
LK-7145035	Delnegama	436	5.54	8.170886	80.346332	47	126
LK-7145040	Kuda Bellankadawala	437	4.64	8.173801	80.329548	47	126
LK-7145045	Konwewa	425	5.88	8.174248	80.30891	47	126
LK-7145050	Jayasirigama	423	1.27	8.164215	80.291804	47	126
LK-7145055	Lunuwewa	422	5.94	8.174403	80.267613	47	125
LK-7145060	Veheragala	426	2.89	8.155759	80.282859	47	126
LK-7145065	Thammennagama	424	1.96	8.159031	80.300549	47	126
LK-7145070	Nallachchiya	421	4.33	8.151016	80.313224	47	126
LK-7145075	Galviharawewa	429	4.29	8.139741	80.335865	47	126
LK-7145080	Thelhiriyawa	427	4.63	8.137616	80.315902	47	126
LK-7145085	Ikiriwewa	419	8.59	8.128127	80.28461	47	126
LK-7145090	Musalpitiya	420	2.37	8.142596	80.296213	47	126
LK-7145095	Thambuttegama	418	3.31	8.147107	80.283815	47	126
LK-7145100	Thispanepura	428	3.35	8.129331	80.324819	47	126
LK-7145105	Makulewa	415	5.04	8.109547	80.326955	47	126
LK-7145110	Thammennawa	417	5.16	8.10658	80.345632	47	126
LK-7145115	Mudungoda	416	5.64	8.090666	80.346154	47	126
LK-7145120	Helambawewa	413	1.92	8.08669	80.361183	47	126
LK-7145125	Hureegaswewa	412	2.4	8.092434	80.372599	47	126
LK-7145130	Weliyawa	414	2.11	8.080065	80.372372	47	126
LK-7148005	Daladapura	408	6.25	8.265901	80.292233	47	126
LK-7148010	Pahala Thalawa	407	10.39	8.279083	80.317886	47	126
LK-7148015	Moragoda	405	10.64	8.261505	80.350496	47	126
LK-7148020	Kumbukgahawewa	410	9.47	8.252968	80.309143	47	126
LK-7148025	Nawa Hanguranketha	409	2.0	8.237672	80.287	47	126
LK-7148030	Hirigollegama	411	5.79	8.228768	80.304942	47	126
LK-7148035	Karagahawewa	406	7.45	8.240308	80.328773	47	126
LK-7148040	Ihala Thalawa	404	4.63	8.236554	80.35033	47	126
LK-7148045	Hinguruwewa	401	6.32	8.238438	80.369781	47	124
LK-7148050	Korakahawewa	402	4.16	8.247483	80.383389	47	124
LK-7148055	Kurunduwewa	403	7.18	8.219252	80.368021	47	124
LK-7148060	Meegassegama	400	4.94	8.207065	80.357467	47	124
LK-7148065	Kiralogama	398	7.07	8.19068	80.36875	47	124
LK-7148070	Kadurugaswewa	389	11.78	8.197536	80.394528	47	127
LK-7148075	Palugaswewa	391	6.55	8.168812	80.384628	47	127
LK-7148080	Ketakale	399	3.34	8.173212	80.366177	47	124
LK-7148085	Rajjallegama	396	6.04	8.15076	80.370844	47	126
LK-7148090	Eliyadivulwewa	388	4.06	8.1545	80.391426	47	127
LK-7148095	Ihala Siyambalewa	390	2.73	8.154783	80.405827	47	127
LK-7148100	Eppawala	373	6.27	8.164948	80.415119	47	127
LK-7148105	Mawathawewa	377	12.07	8.186537	80.430177	47	127
LK-7148110	Nallamudawa	376	14.25	8.174196	80.448264	47	127
LK-7148115	Medagama	381	6.15	8.142762	80.444791	47	126
LK-7148120	Kiriamunukole	375	3.49	8.147633	80.426919	47	127
LK-7148125	Kadigawa	374	2.8	8.134607	80.410426	47	127
LK-7148130	Mediyawa	392	3.19	8.133582	80.392455	47	126
LK-7148135	Katiyawa Track 02	387	1.83	8.123761	80.379966	47	126
LK-7148140	Galwaduwagama	394	3.74	8.130402	80.374816	47	126
LK-7148145	Ihala Halmillewa	395	4.89	8.140515	80.360635	47	126
LK-7148150	Adhiranigama	397	4.95	8.141402	80.348927	47	126
LK-7148155	Katiyawa Track 10	385	4.99	8.111585	80.359517	47	126
LK-7148160	Katiyawa Track 09	384	6.79	8.100436	80.386004	47	126
LK-7148165	Katiyawa Track 01	386	7.57	8.115481	80.387929	47	126
LK-7148170	Endagala	393	5.41	8.122001	80.415203	47	126
LK-7148175	Kelesiyambalewa	380	3.24	8.117569	80.431326	47	126
LK-7148180	Galmaduwa	378	3.72	8.128448	80.447095	47	126
LK-7148185	Ihalagama	382	3.75	8.133412	80.459594	47	126
LK-7148190	Keledivulwewa	379	3.32	8.115634	80.454084	47	126
LK-7148195	Katiyawa Track 06	383	5.53	8.095978	80.406397	47	126
LK-7151005	Karuwalagaswewa	527	1.69	8.281216	80.502331	48	127
LK-7151010	Galkulama	526	7.02	8.267039	80.506871	48	127
LK-7151015	Gnanikkulama	528	4.35	8.253962	80.512855	48	127
LK-7151020	Perimiyankulama	529	10.64	8.270689	80.537804	48	127
LK-7151025	Wannamkulama	521	2.98	8.247415	80.536258	48	127
LK-7151030	Uttimaduwa	520	11.1	8.255129	80.557115	48	127
LK-7151035	Dematawewa	525	9.3	8.274174	80.586428	48	127
LK-7151040	Pairimaduwa	524	6.22	8.262756	80.595298	48	127
LK-7151045	Kuttikulama	530	4.56	8.263535	80.611701	48	127
LK-7151050	Puliyankulama	531	6.45	8.2665	80.626832	48	127
LK-7151055	Mawathawewa	522	3.77	8.282718	80.628902	48	127
LK-7151060	Periyakulama	523	2.61	8.297822	80.629697	48	127
LK-7151065	Ethungama South	552	15.56	8.240368	80.584275	48	127
LK-7151070	Meewellewa	553	12.85	8.21218	80.590116	48	127
LK-7151075	Ethungama North	551	4.9	8.222356	80.552196	48	127
LK-7151080	Aluth Punchikulama	534	5.77	8.231484	80.53433	48	127
LK-7151085	Wannammaduwa	549	6.35	8.20719	80.538992	48	127
LK-7151090	Thirappane Kadaweediya	532	0.84	8.21615	80.524983	48	127
LK-7151095	Thirappanegama	533	3.96	8.222394	80.513168	48	127
LK-7151100	Sembukulama	550	11.93	8.208472	80.505956	48	127
LK-7151105	Wellamudawa	539	8.62	8.206095	80.485758	48	127
LK-7151110	Selesthimaduwa	537	5.89	8.211034	80.449868	48	127
LK-7151115	Idigahawewa	547	6.03	8.184145	80.474529	48	127
LK-7151120	Paindikulama	554	10.51	8.158265	80.474135	48	127
LK-7151125	Walagambahuwa	562	5.96	8.152946	80.49991	48	127
LK-7151130	Mahakanumulla	540	4.34	8.178432	80.495238	48	127
LK-7151135	Alisthana	548	8.55	8.19029	80.521501	48	127
LK-7151140	Dayagama	563	3.23	8.162964	80.517493	48	127
LK-7151145	Wanamal Uyana	561	17.55	8.1552	80.539759	48	127
LK-7151150	Manakkulama	541	6.33	8.185189	80.552326	48	127
LK-7151155	Pethis Rambewa	542	5.88	8.188107	80.568368	48	127
LK-7151160	Kattamurichchana	546	12.83	8.182328	80.594624	48	127
LK-7151165	Kandupagama	556	7.3	8.179582	80.62619	48	127
LK-7151170	Labunoruwa	555	8.56	8.164353	80.6158	48	127
LK-7151175	Pahala Ambathale	557	5.4	8.143824	80.600329	48	127
LK-7151180	Ihala Ambathale	545	3.21	8.151659	80.622031	48	127
LK-7151185	Alagollewa	543	7.46	8.150102	80.647887	48	127
LK-7151190	Muriyakadawala	544	3.21	8.135049	80.633744	48	127
LK-7151195	Amunichchiya	558	4.21	8.13694	80.614955	48	127
LK-7151200	Sandapagama	559	1.85	8.126386	80.625989	48	127
LK-7151205	Uttupitiya	560	2.59	8.117748	80.628573	48	127
LK-7154005	Navakkulama	605	9.37	8.194689	80.686944	37	128
LK-7154010	Moragoda	606	9.82	8.169119	80.675325	37	128
LK-7154015	Mahadivulwewa	608	29.75	8.15462	80.714788	37	128
LK-7154020	Keeriyagaswewa	607	26.61	8.136585	80.676156	37	128
LK-7154025	Ihala Puliyankulama	616	6.08	8.148046	80.560211	37	127
LK-7154030	Kelepuliyankulama	615	11.58	8.146702	80.579621	37	127
LK-7154035	Maradankadawala	617	6.96	8.118179	80.56933	37	127
LK-7154040	Thoruwewa	614	4.65	8.110273	80.584427	37	127
LK-7154045	Maminiyawa	613	9.12	8.11331	80.608393	37	127
LK-7154050	Maminiya Rambewa	611	7.85	8.094143	80.621134	37	127
LK-7154055	Ganewalpola	610	5.26	8.089525	80.628709	37	127
LK-7154060	Heenukkiriyawa	609	16.97	8.088785	80.652332	37	127
LK-7154065	Embulgaswewa	632	5.47	8.065378	80.629598	37	128
LK-7154070	Olukarada	618	3.47	8.073377	80.585062	37	128
LK-7154075	Kollankuttigama	612	5.85	8.089052	80.589309	37	127
LK-7154080	Mudaperumagama	619	1.44	8.064566	80.541211	37	128
LK-7154085	Ihalagama	621	2.11	8.060192	80.552672	37	128
LK-7154090	Shasthrawelliya	622	4.35	8.050548	80.563044	37	128
LK-7154095	Railway Town	620	3.92	8.066014	80.591823	37	128
LK-7154100	Maradankadawala Road	627	1.23	8.050746	80.592013	37	128
LK-7154105	Maldenipura	631	1.79	8.053093	80.601297	37	128
LK-7154110	Mankadawala	630	4.86	8.062827	80.607266	37	128
LK-7154115	Medawewa	633	9.27	8.046947	80.645898	37	128
LK-7154120	Pothanegama	634	4.67	8.037201	80.621877	37	128
LK-7154125	Kuda Kekirawa	629	1.37	8.042237	80.603956	37	128
LK-7154130	Kekirawa Town	628	0.31	8.037145	80.598459	37	128
LK-7154135	Malawa	626	1.49	8.04219	80.592636	37	128
LK-7154140	Neekiniyawa	625	4.17	8.032193	80.578909	37	128
LK-7154145	Mailagaswewa	624	6.42	8.033613	80.56277	37	128
LK-7154150	Karukkankulama	623	10.52	8.028676	80.552323	37	128
LK-7154155	Olombewa	638	8.62	8.019144	80.586097	37	128
LK-7154160	Maha Kekirawa	637	3.09	8.027959	80.603266	37	128
LK-7154165	Kumbukwewa	635	4.53	8.018427	80.633939	37	128
LK-7154170	Rathmallewa	636	9.51	8.021209	80.653113	37	128
LK-7154175	Medagama	640	6.57	8.003284	80.641773	37	128
LK-7154180	Korasagalla	639	4.88	8.016169	80.616407	37	128
LK-7154185	Unagollewa	643	2.91	7.99806	80.599622	37	128
LK-7154190	Horapola	644	6.77	7.987725	80.587964	37	128
LK-7154195	Dambewatana	657	17.07	7.991275	80.560031	37	128
LK-7154200	Uduruwa	656	8.75	7.9539	80.573237	37	128
LK-7154205	Nidigama	645	5.22	7.972921	80.60462	37	128
LK-7154210	Maha Elagamuwa	641	6.24	7.992986	80.618849	37	128
LK-7154215	Pallehingura	642	6.25	7.986446	80.642747	37	128
LK-7154220	Nelbegama	649	4.04	7.967369	80.643838	37	128
LK-7154225	Murungahitikanda	647	3.7	7.975505	80.634182	37	128
LK-7154230	Baravila	646	2.3	7.963258	80.611125	37	128
LK-7154235	Bandarapothana	655	3.89	7.945132	80.605795	37	128
LK-7154240	Kotagala	648	7.1	7.955741	80.636097	37	128
LK-7154245	Madatugama	650	4.14	7.9414	80.640151	37	128
LK-7154250	Dunumadalawa	654	4.29	7.936486	80.62161	37	128
LK-7154255	Kandalama West	653	2.86	7.919907	80.627097	37	128
LK-7154260	Kithulhitiyawa	652	4.12	7.917634	80.639897	37	128
LK-7154265	Kandalama East	651	3.18	7.923173	80.649428	37	128
LK-7157005	Maithrigama	600	17.27	8.208822	80.761351	37	128
LK-7157010	Maha Rambawewa	599	18.21	8.18221	80.747219	37	128
LK-7157015	Madawala	598	13.69	8.142351	80.745899	37	128
LK-7157020	Eppawala	597	18.81	8.11311	80.72712	37	128
LK-7157025	Galapitagala	604	7.59	8.090693	80.679122	37	128
LK-7157030	Kumbukwewa	596	7.67	8.090471	80.729626	37	128
LK-7157035	Senadhiriyagama	602	12.49	8.085806	80.696618	37	128
LK-7157040	Horivila	603	15.24	8.053565	80.682077	37	128
LK-7157045	Palugaswewa	601	11.96	8.052894	80.720764	37	128
LK-7157050	Kuda Rambawewa	595	13.45	8.071456	80.73505	37	128
LK-7157055	Habarana	589	10.82	8.045384	80.745754	37	128
LK-7157060	Demuththewa	594	12.56	8.029759	80.696277	37	128
LK-7157065	Kelewa	593	8.62	8.010401	80.67916	37	128
LK-7157070	Wayaulpatha	592	25.07	7.987005	80.680237	37	128
LK-7157075	Hiriwadunna	591	9.94	8.014046	80.738421	37	128
LK-7157080	Kashyapagama	590	2.22	8.026055	80.75691	37	128
LK-7160005	Dikwewa Senapura	500	8.78	8.093394	80.431619	34	126
LK-7160010	Galagedara Gama	512	1.86	8.081888	80.46463	34	127
LK-7160015	Senapuragama	504	1.57	8.087049	80.456374	34	127
LK-7160020	Mahailuppallama	499	6.82	8.10597	80.461777	34	126
LK-7160025	Gonapathirawa	509	2.01	8.106462	80.488447	34	127
LK-7160030	Sangattewa	498	7.46	8.125496	80.476716	34	126
LK-7160035	Kadiyangalla	510	6.02	8.120146	80.497773	34	127
LK-7160040	Ipalogama	501	5.04	8.106575	80.524516	34	127
LK-7160045	Manewa	502	13.97	8.13075	80.517438	34	127
LK-7160050	Heenukwegama	518	6.66	8.116041	80.550408	34	128
LK-7160055	Dampelassagama	517	6.8	8.091641	80.562743	34	128
LK-7160060	Ihala Kagama	519	5.06	8.075005	80.568126	34	128
LK-7160065	Kunchikulama	514	10.57	8.086823	80.532814	34	128
LK-7160070	Hiripitiyagama	515	6.67	8.066345	80.527415	34	128
LK-7160075	Aswedduma	506	3.52	8.063896	80.507641	34	127
LK-7160080	Ganthiriyagama	503	5.28	8.086486	80.505361	34	127
LK-7160085	Galwanguwa	507	2.24	8.075696	80.495498	34	127
LK-7160090	Wedinigama	511	2.8	8.093514	80.488379	34	127
LK-7160095	Narangallegama	505	2.18	8.09247	80.473239	34	127
LK-7160100	Kallanchiyagama	508	2.46	8.074405	80.485417	34	127
LK-7160105	Aluth Dambewatana	513	3.14	8.07903	80.473973	34	127
LK-7160110	Kagama 5 Ela	497	3.23	8.06281	80.475171	34	126
LK-7160115	2 Ela - Kagama	496	2.14	8.05801	80.49617	34	126
LK-7160120	Akkara 500	495	4.34	8.047308	80.503153	34	126
LK-7160125	Amunuwetiya	492	0.95	8.026607	80.523533	34	126
LK-7160130	Puliyankulama	516	5.19	8.05214	80.521884	34	128
LK-7160135	Vijithapura	493	2.29	8.029685	80.546059	34	126
LK-7160140	Amanakkattuwa	494	1.8	8.033676	80.523637	34	128
LK-7160145	Kalawewa	490	0.23	8.022447	80.528066	34	126
LK-7160150	Kusalanagama	491	1.29	8.017964	80.533096	34	126
LK-7160155	Palugaswewa Farm	489	4.03	8.026143	80.514334	34	126
LK-7160160	Walawwegama	488	5.26	8.006348	80.527675	34	126
LK-7163005	Namalgamuwa	487A	4.1	8.077497	80.383992	32	126
LK-7163010	Obadayagama	486	4.78	8.077263	80.402016	32	126
LK-7163015	Otunupelandigama	484	5.58	8.07103	80.420618	32	126
LK-7163020	Karuwalagaswewa	481	4.6	8.070431	80.441718	32	126
LK-7163025	Usgala Halmillawewa	482	3.14	8.065947	80.457042	32	126
LK-7163030	Helabodugama	478	5.04	8.048282	80.470988	32	126
LK-7163035	Kattaragama	470	1.99	8.03491	80.458449	32	126
LK-7163040	Bulnewa	479	3.79	8.047277	80.455724	32	126
LK-7163045	Thorane Gama	480	1.97	8.053039	80.444544	32	126
LK-7163050	Midellewa	483	5.34	8.052835	80.429143	32	126
LK-7163055	Ihala Kalankuttiya	485	3.53	8.055499	80.412145	32	126
LK-7163060	Pahala Kalankuttiya	487	5.5	8.060652	80.384076	32	126
LK-7163065	Siyambalewa	468	8.25	8.020434	80.428857	32	126
LK-7163070	Lolugaswewa	469	2.44	8.031751	80.443417	32	126
LK-7163075	Pitiye Yaya	471	2.66	8.021569	80.474519	32	126
LK-7163080	Galnewagama	472	1.14	8.028623	80.47864	32	126
LK-7163085	Galnewa Town	477	2.09	8.040702	80.481742	32	126
LK-7163090	Malbaligala	475	5.36	8.031049	80.493413	32	126
LK-7163095	Hadungama	476	3.17	8.012938	80.485138	32	126
LK-7163100	Musnawa	473	4.43	8.004415	80.473641	32	126
LK-7163105	Kala - Medawachchiya	466	8.47	8.010913	80.456345	32	126
LK-7163110	Kumbukwewa	467	5.43	8.000914	80.44199	32	126
LK-7163115	Kallanchiya	465	6.73	7.986289	80.452019	32	126
LK-7163120	Negama	462	3.18	7.979413	80.47111	32	126
LK-7163125	Verunkulama	461	3.9	7.990311	80.485953	32	126
LK-7163130	Walaswewa	474	6.98	8.003815	80.50409	32	126
LK-7163135	Kandegama	459	5.85	7.966458	80.488834	32	126
LK-7163140	Kandulegama	460	4.63	7.959567	80.471875	32	126
LK-7163145	Kandulugamuwa	464	8.53	7.974382	80.434145	32	126
LK-7163150	Siyambalangamuwa South	463	5.97	7.95542	80.439187	32	126
LK-7166005	Nelliyagama	688	3.41	7.991526	80.514424	44	128
LK-7166010	Balaluwewa 2	687	1.72	7.989873	80.527721	44	128
LK-7166015	Balaluwewa1	686	7.06	7.981289	80.542248	44	128
LK-7166020	Pahalagama	689	3.2	7.978124	80.517621	44	128
LK-7166025	Karavilagala	690	5.57	7.965922	80.504846	44	128
LK-7166030	Gam Sabha Halmilla Wewa	691	6.07	7.959165	80.52475	44	128
LK-7166035	Gonadeniyagama	692	4.24	7.948869	80.530101	44	128
LK-7166040	Meewewa	678	2.81	7.934274	80.508949	44	128
LK-7166045	Ambagaswewa	667	11.55	7.93244	80.470877	44	128
LK-7166050	Wambatuwewa	666	4.32	7.926891	80.493707	44	128
LK-7166055	Hinguruwewa	679	5.88	7.925169	80.516893	44	128
LK-7166060	Kirindiwatta	677	4.81	7.937183	80.539577	44	128
LK-7166065	Aluth Galkiriyagama	680	7.02	7.950392	80.553152	44	128
LK-7166070	Daniyagama	681	7.19	7.933806	80.57155	44	128
LK-7166075	Undurawa Halmilla Wewa	685	2.1	7.947876	80.577696	44	128
LK-7166080	Katukeliyawa	683	0.99	7.936903	80.589068	44	128
LK-7166085	Aluth Kadadugama	684	1.19	7.932493	80.587175	44	128
LK-7166090	Ranawa	662	7.12	7.918199	80.587894	44	128
LK-7166095	Hinguruwelpitiya	663	10.66	7.915759	80.613677	44	128
LK-7166100	Anakatawewa	659	5.83	7.880427	80.617368	44	128
LK-7166105	Giranegama	658	7.27	7.873849	80.599502	44	128
LK-7166110	Dambulu Halmilla Wewa	661	5.23	7.894349	80.596852	44	128
LK-7166115	Narangaswewa	660	5.84	7.885966	80.579956	44	128
LK-7166120	Ulpathagama	682	7.5	7.909072	80.565142	44	128
LK-7166125	Ellawewa	675	5.53	7.905838	80.544959	44	128
LK-7166130	Andiyagala	670	6.31	7.910072	80.519393	44	128
LK-7166135	Maneruwa	665	8.63	7.902816	80.479135	44	128
LK-7166140	Ipulwehera	664	4.42	7.891963	80.497914	44	128
LK-7166145	Gambirigaswewa	671	4.09	7.896349	80.518546	44	128
LK-7166150	Parawahagama	669	14.3	7.873364	80.505706	44	128
LK-7166155	Kalugala	668	32.26	7.844967	80.509884	44	128
LK-7166160	Pelbendiyawa	674	6.28	7.886771	80.53545	44	128
LK-7166165	Morotte Gama	676	4.42	7.888056	80.560371	44	128
LK-7166170	Dematagollagama	672	3.78	7.873854	80.567005	44	128
LK-7166175	Budugehinna	673	6.9	7.858593	80.558829	44	128
LK-7203005	Sinhagama	31	195.95	8.240209	80.864437	33	129
LK-7203010	Galoya	32	117.12	8.158242	80.810525	33	129
LK-7203015	Rotawewa	34	28.97	8.101083	80.871444	33	129
LK-7203020	Rathmale	33	7.94	8.087646	80.902003	33	129
LK-7203025	Paluwaddana	35	8.77	8.087554	80.921778	33	129
LK-7203030	Yodha Ela	63	4.86	8.079294	80.958465	33	129
LK-7203035	Yatiyalpathana	61	4.64	8.087549	80.975685	33	129
LK-7203040	Rankothgama	62	4.98	8.078374	80.989169	33	129
LK-7203045	Siriketha	73	4.65	8.07002	81.007766	33	129
LK-7203050	Kumaragama	72	2.27	8.064148	80.983667	33	129
LK-7203055	Samapura	80	6.79	8.058397	80.961353	33	129
LK-7203060	Kimbulawala	68	1.12	8.062607	80.942579	33	129
LK-7203065	Ulpathwewa	67	3.71	8.065181	80.924778	33	129
LK-7203070	Minihirigama	60	31.54	8.055061	80.85681	33	129
LK-7203075	Moragaswewa	29	69.67	8.060906	80.803963	33	129
LK-7203080	Mahasengama	30	60.22	8.008505	80.815154	33	129
LK-7203085	Bathgampattuwa	58	32.59	8.022591	80.884783	33	129
LK-7203090	Samagipura	57	2.79	8.048447	80.914099	33	129
LK-7203095	Minneriya	56	1.42	8.036307	80.905613	33	129
LK-7203100	Pasiyawewa	65	2.91	8.040678	80.921064	33	129
LK-7203105	Akkara 70	64	5.29	8.04901	80.935172	33	129
LK-7203110	R.B. 01	76	1.77	8.047704	80.946419	33	129
LK-7203115	Pulathisigama	75	0.66	8.046206	80.957362	33	129
LK-7203120	Ulkatupotha	77	1.29	8.04315	80.964738	33	129
LK-7203125	Bopura	79	0.72	8.047926	80.98134	33	129
LK-7203130	Jayapura	78	1.73	8.051086	80.978463	33	129
LK-7203135	Hinguraka Bandaragama	71	4.19	8.050183	80.991903	33	129
LK-7203140	Hinguraka	69	3.14	8.034857	80.98078	33	129
LK-7203145	Hathamuna	70	3.65	8.02712	80.966621	33	129
LK-7203150	Hingurakgoda	74	0.98	8.035272	80.950703	33	129
LK-7203155	Bubula	66	2.78	8.030466	80.942167	33	129
LK-7203160	Raja Ela	38	2.61	8.019141	80.945406	33	129
LK-7203165	Rajaelagama	37	2.9	8.022519	80.930681	33	129
LK-7203170	Muwanpelessa	59	2.89	8.022123	80.916469	33	129
LK-7203175	C.P.Pura	54	17.1	7.98754	80.908373	33	129
LK-7203180	Girithale	36	1.13	8.00555	80.929681	33	129
LK-7203185	Girithale Puranagama	39	2.0	8.002453	80.936291	33	129
LK-7203190	Girithale Colony	40	3.9	8.010864	80.94752	33	129
LK-7203195	Henkolawela	43	3.41	7.996015	80.950596	33	129
LK-7203200	Jayanthipura	48	5.2	8.001338	80.968884	33	129
LK-7203205	Unagalavehera West	51	2.92	8.015334	80.982215	33	129
LK-7203210	Unagalavehera East	52	5.06	8.02877	80.990966	33	129
LK-7203215	Chandanapokuna	53	4.21	8.029913	81.006609	33	129
LK-7203220	Nagapokuna	49	1.24	8.002536	80.981491	33	129
LK-7203225	Yaya 12 Pedesa	50	2.12	7.989293	80.973523	33	129
LK-7203230	Chethiyagirigama	47	1.14	7.982906	80.963336	33	129
LK-7203235	Weeragama	44	0.76	7.982394	80.956206	33	129
LK-7203240	Yaya 05 Pedesa	45	0.83	7.985788	80.951096	33	129
LK-7203245	Wijayarajawewa	42	2.38	7.979562	80.940081	33	129
LK-7203250	Agbopura	41	4.88	7.981148	80.931271	33	129
LK-7203255	Katukeliyawa	55	9.91	7.968266	80.889536	33	129
LK-7203260	Sudukanda - Nikawewa	46	6.41	7.953044	80.92643	33	129
LK-7203265	Thambalawewa	46A	3.12	7.970377	80.95166	33	129
LK-7206005	Wedikachchiya	97	78.89	8.251264	80.969672	35	130
LK-7206010	Jayathugama	105	16.1	8.235427	81.017905	35	130
LK-7206015	Ekamuthugama	104	32.23	8.24543	81.040981	35	130
LK-7206020	Meegaswewa	121	19.66	8.19174	81.081399	35	130
LK-7206025	Palliyagodella	122	113.01	8.179931	81.157329	35	130
LK-7206030	Wadigawewa	120	53.53	8.236893	81.113261	35	130
LK-7206035	Senarathpura	106	8.5	8.193836	81.026555	35	130
LK-7206040	Etambaoya	98	5.2	8.186655	80.990994	35	130
LK-7206045	Kavuduluwewa	92	15.14	8.203972	80.949493	35	130
LK-7206050	Meniksorowwa	95	5.45	8.187796	80.942269	35	130
LK-7206055	Bisobandara	113	12.62	8.146526	80.901832	35	130
LK-7206060	Thissapura	114	29.34	8.176058	80.924135	35	130
LK-7206065	Abhayapuragama	94	3.53	8.156621	80.963155	35	130
LK-7206070	New Town	93	1.86	8.170995	80.969204	35	130
LK-7206075	Diggalpura	96	6.24	8.174633	80.990793	35	130
LK-7206080	Wedehapura	99	1.5	8.166553	80.999458	35	130
LK-7206085	Bisobandaragama	100	2.75	8.163109	81.006653	35	130
LK-7206090	Ambagaswewa	103	7.72	8.177794	81.023719	35	130
LK-7206095	Jayagampura	102	2.57	8.169341	81.025996	35	130
LK-7206100	Nagarapura	101	3.71	8.158815	81.028729	35	130
LK-7206105	Kumudupura	107	3.87	8.164005	81.048574	35	130
LK-7206110	Damsopura	110	8.74	8.162525	81.063807	35	130
LK-7206115	Aluthwewa	112	10.29	8.139914	81.082856	35	130
LK-7206120	Thalakolawewa	111	8.86	8.144739	81.068495	35	130
LK-7206125	Ihalagama	109	7.42	8.134561	81.045059	35	130
LK-7206130	Wijayapura	108	3.41	8.134396	81.031446	35	130
LK-7206135	Bisouyana	89	2.1	8.145009	81.022048	35	130
LK-7206140	Diyasenpura	88	5.61	8.136847	81.014619	35	130
LK-7206145	Gajabapura	86	5.81	8.147167	80.993227	35	130
LK-7206150	Kavudulugama	91	2.56	8.160488	80.981667	35	130
LK-7206155	Mandalagiriya	115	1.14	8.152697	80.976306	35	130
LK-7206160	Medirigiriya	87	2.9	8.135779	80.977052	35	130
LK-7206165	Viharagama	83	12.46	8.128968	80.925485	35	130
LK-7206170	Divulankadawala	84	8.07	8.114492	80.929043	35	130
LK-7206175	Nelumpokuna	82	2.26	8.104925	80.943205	35	130
LK-7206180	Thissa Amuna	116	3.1	8.108496	80.965616	35	130
LK-7206185	Kusumpokuna	118	5.95	8.115915	80.975368	35	130
LK-7206190	Wijayarajapura	119	3.76	8.127211	80.972105	35	130
LK-7206195	Perakumpura	85	7.55	8.122367	81.001947	35	130
LK-7206200	Kahambiliyawa	90	12.51	8.111664	81.044696	35	130
LK-7206205	Akbarpura	123	17.73	8.105844	81.100207	35	130
LK-7206210	Sansungama	125	4.73	8.088376	81.006929	35	130
LK-7206215	Veheragala	124	4.7	8.097869	80.993624	35	130
LK-7206220	Mahasenpura	117	3.59	8.098952	80.961913	35	130
LK-7206225	Yudhaganawa	81	4.59	8.083496	80.943015	35	130
LK-7209005	Weli Ela	149	1.61	8.095262	81.018325	34	130
LK-7209010	Mahakirimetiya	150	5.29	8.097692	81.045441	34	130
LK-7209015	Buddhayaya	151	7.08	8.093364	81.074512	34	130
LK-7209020	Sungavila	137	63.77	8.094927	81.146406	34	130
LK-7209025	Jayabima	138	0.79	8.080603	81.086556	34	130
LK-7209030	Jayapura	136A	2.94	8.072676	81.088456	34	130
LK-7209035	Nelumpura	136	2.72	8.069632	81.07832	34	130
LK-7209040	Patunugama	139	1.72	8.072503	81.06956	34	130
LK-7209045	Munisirigama	152	4.31	8.084151	81.068394	34	130
LK-7209050	Pansalgodella	148	1.73	8.080738	81.02385	34	130
LK-7209055	Galamuna	147	7.14	8.069238	81.040974	34	130
LK-7209060	Hingurakdamana	146	3.9	8.05646	81.012075	34	130
LK-7209065	Gemunupura	145	4.26	8.047646	81.022329	34	130
LK-7209070	Senanayakapura	144	3.07	8.043553	81.033813	34	130
LK-7209075	Debarella	143	4.82	8.051151	81.042497	34	130
LK-7209080	Somapura	141	3.04	8.04778	81.054996	34	130
LK-7209085	Abhayapura	140	5.93	8.060333	81.064504	34	130
LK-7209090	Sanghabodhi Gama	134	6.75	8.041179	81.098559	34	130
LK-7209095	Pulasthigama	135	4.44	8.035264	81.086198	34	130
LK-7209100	Kegalugama	142	5.43	8.030545	81.064414	34	130
LK-7209105	Thalpotha	126	1.58	8.028943	81.023598	34	130
LK-7209110	Bauddhartha Gama	127	5.3	8.018353	81.036473	34	130
LK-7209115	Lankapura	128	2.74	8.014569	81.052431	34	130
LK-7209120	Rifaipura	130	2.11	8.017049	81.065298	34	130
LK-7209125	Alhilalpura	133	2.52	8.009137	81.074904	34	130
LK-7209130	Thambala	132	27.42	8.021798	81.119732	34	130
LK-7209135	Onegama Muslimgama	131	11.65	7.988094	81.116566	34	130
LK-7209140	Weerapura	129	3.41	8.00307	81.059553	34	130
LK-7210005	Sinhapura	286	131.69	8.11344	81.27969	37	131
LK-7210010	Kandakaduwa	283	155.57	8.15245	81.247812	37	131
LK-7210015	Katuwanvila West	267	10.52	8.019481	81.155352	37	131
LK-7210020	Katuwanvila East	268	11.52	8.020743	81.168608	37	131
LK-7210025	Kudapokuna	284	8.11	8.034903	81.179711	37	131
LK-7210030	Muthuwella	285	16.98	8.007857	81.208234	37	131
LK-7210035	Mahindagama	282	47.25	8.015758	81.292426	37	131
LK-7210040	Mangulpokuna	279	20.47	7.974882	81.264972	37	131
LK-7210045	Ruhunuketha	276	6.82	7.943886	81.219726	37	131
LK-7210050	Malvila	270	6.1	7.98728	81.202571	37	131
LK-7210055	Nawasenapura	266	10.2	7.991776	81.159909	37	131
LK-7210060	Muthugala	264	8.28	7.968877	81.1549	37	131
LK-7210065	Alinchipothana	265	7.25	7.958708	81.148467	37	131
LK-7210070	Madurangala	269	5.86	7.949971	81.188265	37	131
LK-7210075	Malinda	271	4.27	7.957771	81.2007	37	131
LK-7210080	Sandunpitiya	272	9.03	7.971076	81.206116	37	131
LK-7210085	Susirigama	277	4.89	7.936864	81.204446	37	131
LK-7210090	Monarathenna	280	5.38	7.945925	81.234309	37	131
LK-7210095	Welikanda	278	17.31	7.963566	81.23848	37	131
LK-7210100	Kadawathmaduwa	281	14.22	7.948992	81.316882	37	131
LK-7210105	Bo-Atta	275	6.39	7.926058	81.216372	37	131
LK-7210110	Menikwela	274	4.3	7.916385	81.194388	37	131
LK-7210115	Sevanapitiya	261	11.29	7.926246	81.162975	37	131
LK-7210120	Mahawewa	262	8.79	7.902867	81.163033	37	131
LK-7210125	Karapola	263	11.96	7.939529	81.1544	37	131
LK-7210130	Ginidamana	260	4.98	7.89819	81.183092	37	131
LK-7210135	Borawewa	273	6.08	7.908344	81.209918	37	131
LK-7210140	Nelumwewa	259	7.34	7.89164	81.204037	37	131
LK-7210145	Rideepokuna	258	5.03	7.88514	81.211924	37	131
LK-7210150	Aluthwewa	287	6.45	7.878267	81.17684	37	131
LK-7212005	Manampitiya	207	25.16	7.929107	81.11571	31	131
LK-7212010	Manampitiya East	208	9.82	7.903549	81.134574	31	131
LK-7212015	Dalukana	210	7.19	7.879822	81.127897	31	131
LK-7212020	Kudawewa	209	6.47	7.86769	81.157446	31	131
LK-7212025	Medagama	256	6.14	7.853663	81.173009	31	131
LK-7212030	Jayapura	257	9.3	7.858846	81.202118	31	131
LK-7212035	Wijayabapura	254	11.05	7.838519	81.189079	31	131
LK-7212040	Veheragama	253	8.05	7.830573	81.155254	31	131
LK-7212045	Millana	212	6.59	7.844436	81.131951	31	131
LK-7212050	Dimbulagala	211	22.64	7.863795	81.119262	31	131
LK-7212055	Yakkure	221	25.65	7.849409	81.065452	31	131
LK-7212060	Damanewewa	225	7.26	7.810781	80.993887	31	131
LK-7212065	Pihitiwewa	222	7.78	7.819136	81.009895	31	131
LK-7212070	Pahala Yakkure	223	4.45	7.802018	81.026842	31	131
LK-7212075	Maguldamana	214	15.04	7.815046	81.063527	31	131
LK-7212080	Pelatiyawa	213	17.81	7.836865	81.082369	31	131
LK-7212085	Mahaulpatha	251	5.75	7.818211	81.115972	31	131
LK-7212090	Bogaswewa	252	8.01	7.819826	81.138635	31	131
LK-7212095	Rathmalthenna	247	4.82	7.813577	81.17161	31	131
LK-7212100	Track 05 Aralaganvila	248	3.61	7.811554	81.191447	31	131
LK-7212105	Gomathiyaya	255	21.71	7.848122	81.223773	31	131
LK-7212110	Arunapura	241	5.66	7.797044	81.222096	31	131
LK-7212115	Aralaganwila East	245	5.64	7.791173	81.195308	31	131
LK-7212120	Aralaganvila West	246	8.91	7.788999	81.170467	31	131
LK-7212125	Weerana	250	10.91	7.791227	81.15138	31	131
LK-7212130	Bimpokuna	249	6.17	7.800671	81.124931	31	131
LK-7212135	Pahala Ellewewa	215	8.93	7.795599	81.100023	31	131
LK-7212140	Kalukele	217	11.72	7.787575	81.052395	31	131
LK-7212145	Navagaha Ela	226	4.76	7.786807	81.01878	31	131
LK-7212150	Nuwaragala	224	6.78	7.786219	80.99281	31	131
LK-7212155	Bandanagala	219	8.25	7.755825	81.063614	31	131
LK-7212160	Ellewewa	216	7.39	7.784423	81.078654	31	131
LK-7212165	Ihala Ellewewa	218	11.51	7.761233	81.088682	31	131
LK-7212170	Mahadamana	220	5.51	7.781852	81.118449	31	131
LK-7212175	Pimburattewa West	238	5.89	7.769715	81.184159	31	131
LK-7212180	Divuldamana	242	5.85	7.776449	81.220808	31	131
LK-7212185	Nidanwala	244	4.87	7.753686	81.228532	31	131
LK-7212190	Ihalawewa	243	5.2	7.759741	81.217884	31	131
LK-7212195	Pimburattewa East	236	21.11	7.735038	81.186921	31	131
LK-7212200	Aluthoya	237	7.77	7.757889	81.16381	31	131
LK-7212205	Veheragala	234	9.27	7.74309	81.156021	31	131
LK-7212210	Warapitiya	235	45.0	7.716418	81.132538	31	131
LK-7212215	Gal Eliya	233	4.43	7.751985	81.11175	31	131
LK-7212220	Weeralanda	232	5.96	7.739296	81.102087	31	131
LK-7212225	Sandagalathenna	231	9.2	7.731361	81.077921	31	131
LK-7212230	Ulpathwewa	229	4.11	7.708506	81.16111	31	131
LK-7212235	Alawakumbura	239	38.9	7.694179	81.198246	31	131
LK-7212240	Kandegama	240	12.37	7.689512	81.226725	31	131
LK-7212245	Kanichchagala	227	8.34	7.685808	81.15721	31	131
LK-7212250	Kekuluwela	228	10.12	7.666743	81.144542	31	131
LK-7212255	Maldeniya	230	6.01	7.661478	81.160126	31	131
LK-7212260	Meewathpura	294	12.2	7.761911	81.004074	31	131
LK-7212265	Rankethgama	297	10.37	7.76135	81.034747	31	131
LK-7212270	Mudungama	298	8.16	7.742025	81.035692	31	131
LK-7212275	Siripura	299	9.13	7.731111	81.005884	31	131
LK-7212280	Selasumgama	300	5.2	7.720939	81.041021	31	131
LK-7215005	Shanthipura	206	1.41	8.018499	81.007284	38	131
LK-7215010	Sinhapura	204	4.59	8.014283	81.020593	38	131
LK-7215015	Wijayabahupura	203	4.83	8.002453	81.016175	38	131
LK-7215020	Unagalavehera South	205	2.65	8.000645	80.994148	38	131
LK-7215025	Laksha Uyana	198	5.91	7.985628	81.009746	38	131
LK-7215030	Sevagama	200	4.78	7.981465	81.032281	38	131
LK-7215035	Wewethenna	201	4.42	7.99445	81.04447	38	131
LK-7215040	Monarathenna	202	4.81	7.979315	81.048314	38	131
LK-7215045	Damana Gemunupura	191	4.88	7.977525	81.063612	38	131
LK-7215050	Kalinga Ela	190	4.49	7.981837	81.075748	38	131
LK-7215055	Onegama	195	2.72	7.994399	81.09367	38	131
LK-7215060	Sinharajapura	194	9.78	7.969578	81.104348	38	131
LK-7215065	Pudur	193	7.7	7.943343	81.101539	38	131
LK-7215070	Medamaluwa	197	3.92	7.963803	81.082523	38	131
LK-7215075	Wijayarajapura	196	3.75	7.949545	81.070595	38	131
LK-7215080	Palugasdamana 03 Ela	175	4.32	7.954093	81.054575	38	131
LK-7215085	Palugasdamana 02 Ela	174	3.18	7.955197	81.040409	38	131
LK-7215090	Palugasdamana 01 Ela	173	1.67	7.956332	81.031591	38	131
LK-7215095	Palugasdamana South	177	2.87	7.951294	81.024852	38	131
LK-7215100	Palugasdamana North	176	0.99	7.96382	81.023658	38	131
LK-7215105	Nishshankamallapura	199	3.6	7.973956	81.007367	38	131
LK-7215110	Ethumalpitiya	155	3.65	7.976459	80.990199	11	131
LK-7215115	Nikawewa	156	3.55	7.987404	80.986279	38	131
LK-7215120	Kadawalawewa	158	4.66	7.963508	80.963847	38	131
LK-7215125	Samudragama	154	1.32	7.958901	80.980807	38	131
LK-7215130	Sirisangabo Pedesa	155A	2.66	7.969184	80.983506	11	131
LK-7215135	Bendiwewa	153	2.98	7.953276	81.000581	11	131
LK-7215140	Galthambarawa	178	1.49	7.960283	81.014772	11	131
LK-7215145	Kuruppu Junction	179	0.65	7.948909	81.016857	11	131
LK-7215150	Mahasen Pedesa	180	0.94	7.942895	81.018026	11	131
LK-7215155	Kaduruwela West	183	2.96	7.923948	81.033289	11	131
LK-7215160	Kaduruwela East	186	1.18	7.937888	81.037202	11	131
LK-7215165	Divulana	192	6.23	7.937114	81.064602	38	131
LK-7215170	Gallalla East	187	8.0	7.921152	81.07738	38	131
LK-7215175	Manikkampattiya	181	2.31	7.924357	81.056008	38	131
LK-7215180	Gallella West	188	0.79	7.91336	81.06154	38	131
LK-7215185	Nelumvila	182	1.17	7.913264	81.054065	38	131
LK-7215190	Kaduruwela South	184	2.12	7.92821	81.043346	11	131
LK-7215195	Perakum Pedesa	185	0.52	7.930569	81.03561	11	131
LK-7215200	Weera Pedesa	162	3.44	7.917673	81.015734	11	131
LK-7215205	Pulathisi Pedesa	163	3.1	7.927616	81.009248	11	131
LK-7215210	Polonnaruwa Town	172	1.94	7.940621	81.009453	11	131
LK-7215215	Thopawewa	171	1.39	7.933426	81.001126	11	131
LK-7215220	Sinha Udagama	157	19.33	7.935139	80.962556	38	131
LK-7215225	Pothgul Pedesa	167	1.65	7.919135	80.996422	11	131
LK-7215230	Udawela	168	0.92	7.913892	81.002815	11	131
LK-7215235	Ganangolla	161	3.46	7.895714	80.998034	38	131
LK-7215240	Nishshankamalla Pedesa	170	0.59	7.914531	81.008667	11	131
LK-7215245	Mahaweli Pedesa	169	0.41	7.920314	81.013198	11	131
LK-7215250	Kotaleeya	189	24.83	7.897603	81.052357	38	131
LK-7215255	Aluthwewa East	159	1.17	7.894901	81.020939	38	131
LK-7215260	Aluthwewa West	160	4.91	7.891077	81.010828	38	131
LK-7215265	Parakrama Samudraya	164	3.05	7.887586	80.983493	38	131
LK-7215270	Ambanganga	165	6.44	7.872584	80.983161	38	131
LK-7215275	Kalahagala	166	256.37	7.832125	80.956653	38	131
LK-7218005	Ihakuluwewa	27	23.65	7.954244	80.849567	32	129
LK-7218010	Katukeliyawa	28	5.08	7.954321	80.874061	32	129
LK-7218015	Diyabeduma	26	30.86	7.905249	80.893913	32	129
LK-7218020	Konduruwawa	25	12.01	7.912813	80.855477	32	129
LK-7218025	Attanakadawala West	20	14.71	7.901244	80.83255	32	129
LK-7218030	Radavigeoya	23	5.37	7.894243	80.882065	32	129
LK-7218035	Madudamana	22	5.75	7.871118	80.8726	32	129
LK-7218040	Attanakadawala North	19	6.12	7.880287	80.854501	32	129
LK-7218045	Attanakadawala South	18	16.52	7.867485	80.828683	32	129
LK-7218050	Ikiriwewa	21	8.52	7.850871	80.872474	32	129
LK-7218055	Kahatagahapitiya	24	5.92	7.863464	80.890115	32	129
LK-7218060	Nikapitiya	16	22.66	7.818606	80.879244	32	129
LK-7218065	Sarubima	17	4.39	7.83351	80.861003	32	129
LK-7218070	Segala	15	14.32	7.831321	80.828979	32	129
LK-7218075	Kottapitiya South	10	9.81	7.803439	80.819202	32	129
LK-7218080	Somils	14	2.75	7.810792	80.839235	32	129
LK-7218085	Gangeyaya	13	14.46	7.79177	80.865655	32	129
LK-7218090	Kottapitiya North	11	3.63	7.794641	80.833725	32	129
LK-7218095	Damanayaya	8	11.58	7.797424	80.800003	32	129
LK-7218100	Elahera	3	35.92	7.75535	80.782639	32	129
LK-7218105	Heeratiya	5	2.0	7.767223	80.813054	32	129
LK-7218110	Bakamoona	7	4.22	7.776079	80.823514	32	129
LK-7218115	Sirikaduyaya	12	3.28	7.780622	80.848745	32	129
LK-7218120	Atharagallewa	2	46.24	7.745619	80.869097	32	129
LK-7218125	Maluweyaya	9	7.55	7.755536	80.836653	32	129
LK-7218130	Orubendi Siyambalawa	4	5.35	7.752803	80.813243	32	129
LK-7218135	Kumaraella	6	4.09	7.741728	80.82835	32	129
LK-7218140	Kirioya	1	39.34	7.703904	80.827798	32	129
LK-8103005	Rotalawela	1M	9.05	7.593839	80.983328	38	132
LK-8103010	Divulapelessa	1C	9.49	7.583803	81.001119	38	132
LK-8103015	Aluyatawela	1I	9.92	7.555648	80.987422	38	132
LK-8103020	Theldeniyaya	1L	7.89	7.541397	81.012803	38	132
LK-8103025	Hebarawa	1A	9.38	7.53211	80.989677	38	132
LK-8103030	Ginnoruwa	1J	7.55	7.505745	80.983541	38	132
LK-8103035	Belaganwewa	1G	7.68	7.507174	81.007835	38	132
LK-8103040	Ulhitiya	1R	6.14	7.519521	81.026624	38	132
LK-8103045	Pahala Rathkinda	1D	7.58	7.489648	81.053294	38	132
LK-8103050	Hobariyawa	1N	6.94	7.4917	81.026325	38	132
LK-8103055	Millattawa	1P	9.76	7.464664	81.00821	38	132
LK-8103060	Viranegama	1E	10.63	7.477408	80.985722	38	132
LK-8103065	Aluttarama	1H	7.0	7.449954	80.986177	38	132
LK-8103070	Girandurukotte	1F	25.66	7.44709	81.050253	38	132
LK-8103075	Bathalayaya	1	9.14	7.431934	80.988717	38	132
LK-8103080	Haddattawa	2A	8.35	7.403677	80.987372	38	132
LK-8103085	Meegahahena	1K	9.8	7.405581	81.008709	38	132
LK-8103090	Galporuyaya	1B	17.2	7.427772	81.027888	38	132
LK-8103095	Beligalla	7	9.97	7.392439	81.077918	38	132
LK-8103100	Dambana	7A	232.14	7.472518	81.127279	38	132
LK-8103105	Kukulapola	8	26.91	7.400435	81.146659	38	132
LK-8103110	Wewatta	8A	53.88	7.338524	81.203359	38	132
LK-8103115	Thalangamuwa	2C	21.07	7.388877	81.020459	38	132
LK-8103120	Sorabora	2B	5.99	7.361293	80.985083	38	132
LK-8103125	Wewgampaha	2	5.39	7.351154	81.002105	38	132
LK-8103130	Dehigolla	3B	6.73	7.345175	81.026905	38	132
LK-8103135	Elewela	3C	5.66	7.339558	81.011315	38	132
LK-8103140	Mahiyanganaya Town	3A	1.73	7.337923	80.993839	38	132
LK-8103145	Poojanagaraya	3D	3.39	7.318844	80.99633	38	132
LK-8103150	Dambarawa	3	5.31	7.317025	81.017531	38	132
LK-8103155	Senanigama	4D	5.06	7.302852	81.018942	38	132
LK-8103160	Mapakadawewa	4A	6.68	7.287548	81.02316	38	132
LK-8103165	Pangaragammana	4	4.9	7.284889	81.005359	38	132
LK-8103170	Dambagolla	4C	14.35	7.244339	81.023059	38	132
LK-8103175	Medayaya	4B	13.57	7.27337	81.043466	38	132
LK-8106005	Orubendiwewa	2 D	11.42	7.389228	81.054519	41	132
LK-8106010	Sangabopura	2 K	3.95	7.355292	81.059397	41	132
LK-8106015	Welampele	2 E	10.43	7.365554	81.082634	41	132
LK-8106020	Keselpotha North	2 B	17.3	7.353284	81.107283	41	132
LK-8106025	Ikiriyagoda	2 G	7.68	7.338739	81.125315	41	132
LK-8106030	Kandubedda	9 D	29.32	7.348466	81.162695	41	132
LK-8106035	Aralupitiya	09 C	15.5	7.318968	81.239608	41	132
LK-8106040	Ekiriyankumbura	9	27.0	7.268593	81.221879	41	132
LK-8106045	Dehigama	9A	40.0	7.243297	81.197056	41	132
LK-8106050	Morana	09 B	11.34	7.301493	81.165185	41	132
LK-8106055	Kudalunuka	10A	9.33	7.293557	81.143788	41	132
LK-8106060	Aluketiyawa	6	14.46	7.317651	81.129255	41	132
LK-8106065	Keselpotha South	2F	5.78	7.327038	81.087911	41	132
LK-8106070	Serana	2 C	6.38	7.354211	81.043438	41	132
LK-8106075	Arawatta	2 L	6.8	7.32821	81.040152	41	132
LK-8106080	Uva Gemunupura	2A	5.39	7.310459	81.056237	41	132
LK-8106085	Senevigama	2J	5.31	7.332462	81.060929	41	132
LK-8106090	Uva Thissapura	6A	6.35	7.311623	81.088725	41	132
LK-8106095	Gamakumbura North	6E	7.02	7.295836	81.087503	41	132
LK-8106100	Kuralewela	6 C	4.8	7.290741	81.11743	41	132
LK-8106105	Nagadeepa	6B	13.74	7.258839	81.11854	41	132
LK-8106110	Mahalunuka	10	22.01	7.261939	81.157084	41	132
LK-8106115	Pethiyagoda	11A	19.92	7.221395	81.157478	41	132
LK-8106120	Rideemaliyadda South	11 B	17.28	7.210569	81.134159	41	132
LK-8106125	Rideemaliyadda North	11	6.25	7.214575	81.112921	41	132
LK-8106130	Uraniya	11C	3.16	7.238858	81.104963	41	132
LK-8106135	Kotathalawa	5	4.45	7.252656	81.09938	41	132
LK-8106140	Andaulpatha	5A	7.0	7.262338	81.080736	41	132
LK-8106145	Gamakumbura South	6F	2.17	7.276437	81.094359	41	132
LK-8106150	Abhayapura	2H	3.73	7.299145	81.053428	41	132
LK-8106155	Dikkendayaya	6D	2.75	7.291757	81.061962	41	132
LK-8106160	Pahalaoyagama	5 B	6.61	7.274928	81.06943	41	132
LK-8106165	Bubula	13 B	9.57	7.246305	81.066321	41	132
LK-8106170	Ritigahaarawa	12	8.22	7.216081	81.095551	41	132
LK-8106175	Kandegama	12A	7.19	7.186981	81.111714	41	132
LK-8106180	Mahagama	13	8.0	7.199918	81.08753	41	132
LK-8106185	Kuruvithenna	13A	13.28	7.226223	81.053636	41	132
LK-8106190	Deekirigolla	14A	8.73	7.19973	81.058495	41	132
LK-8106195	Pinnagolla	14	8.05	7.187689	81.069587	41	132
LK-8106200	Arawa	15	5.05	7.163092	81.079637	41	132
LK-8106205	Dikyaya	15A	8.71	7.167032	81.105323	41	132
LK-8106210	Diyakombala	11D	5.7	7.18159	81.172581	41	132
LK-8109005	Karametiya	22D	7.78	7.195557	81.036276	39	133
LK-8109010	Balagolla	22A	6.3	7.169351	81.052988	39	133
LK-8109015	Aggalaulpatha	22C	5.71	7.143697	81.051784	39	133
LK-8109020	Karandagahamada	22B	4.21	7.149917	81.074708	39	133
LK-8109025	Polgaha Arawa	22E	4.34	7.147327	81.094644	39	133
LK-8109030	Polwatta	16D	8.15	7.136268	81.10938	39	133
LK-8109035	Watagommana	16E	1.34	7.130274	81.123258	39	133
LK-8109040	Roberiya	18F	6.07	7.131283	81.133806	39	133
LK-8109045	Pitamaruwa	16A	7.57	7.108294	81.136769	39	133
LK-8109050	Wewathenna	16B	3.29	7.105652	81.121481	39	133
LK-8109055	Ellanda	16C	6.64	7.101572	81.106267	39	133
LK-8109060	Kalugahakandura	16	5.47	7.125191	81.094043	39	133
LK-8109065	Komarika	22F	5.57	7.120992	81.075765	39	133
LK-8109070	Akurukaduwa	22G	8.8	7.123421	81.050668	39	133
LK-8109075	Meegahakivula	22	2.76	7.135909	81.046905	39	133
LK-8109080	Thaldena	23	5.97	7.104408	81.039068	39	133
LK-8109085	Kohana	23C	3.91	7.103126	81.058623	39	133
LK-8109090	Ketawatta	21A	6.55	7.099366	81.083297	39	133
LK-8109095	Morahela	21	4.9	7.079758	81.094074	39	133
LK-8109100	Hunuketapitiya	23B	3.5	7.085478	81.055487	39	133
LK-8112005	Mahakele	31 F	13.39	7.19648	80.980761	37	133
LK-8112010	Baduluoya West	31 A	1.84	7.189041	81.006716	37	133
LK-8112015	Kandakepoo Ulpotha	31 D	4.31	7.202237	81.00978	37	133
LK-8112020	Hevandana	31 C	2.81	7.206466	81.021495	37	133
LK-8112025	Mahathenna	30 C	4.23	7.183213	81.020965	37	133
LK-8112030	Baduluoya East	30 A	14.58	7.155616	81.027509	37	133
LK-8112035	Kandaketiya	31 B	2.57	7.168722	81.009807	37	133
LK-8112040	Welaoya	31 E	11.87	7.17353	80.978661	37	133
LK-8112045	Kivulegedara	31 G	11.48	7.152104	80.979875	37	133
LK-8112050	Kirivehera	31 H 	3.07	7.152286	81.004281	37	133
LK-8112055	Wewathenna	30 B	6.11	7.128846	81.007238	37	133
LK-8112060	Maliyadda	30	11.92	7.109977	81.023472	37	133
LK-8112065	Pallewela	31	6.92	7.128602	80.985135	37	133
LK-8112070	Mudagamuwa	32 A	11.73	7.117685	80.980274	37	133
LK-8112075	Dikkumbura	32 B	9.98	7.096976	80.96985	37	133
LK-8112080	Hapathgamuwa	32 C	3.85	7.074806	80.984258	37	133
LK-8112085	Bopitiya	33 A	4.52	7.078668	80.996901	37	133
LK-8112090	Bogahakumbura	33	3.34	7.079787	81.00685	37	133
LK-8112095	Beramada	35 A	3.95	7.056001	80.989185	37	133
LK-8112100	Godunna	32	3.27	7.072683	80.973433	37	133
LK-8112105	Wasanagama	32 D	2.63	7.068976	80.961747	37	133
LK-8112110	Thetilla	35 C	2.43	7.050381	80.974562	37	133
LK-8112115	Thalakumbura	35 E	3.53	7.029381	80.979208	37	133
LK-8112120	Galauda	35	1.72	7.037208	80.983751	37	133
LK-8112125	Bokanoruwa	35 B	3.54	7.041511	80.998324	37	133
LK-8112130	Narangala	35 D	1.14	7.027143	80.995797	37	133
LK-8115005	Idamepanguwa	34	2.66	7.075151	81.017911	42	133
LK-8115010	Budugekanda	29A	2.44	7.0678	81.029484	42	133
LK-8115015	Pallekanda	29B	2.76	7.07668	81.033622	42	133
LK-8115020	Boliyadda	23A	3.11	7.078814	81.04362	42	133
LK-8115025	Pathanegedara	24B	4.35	7.074423	81.070621	42	133
LK-8115030	Egodawela	24	2.05	7.066771	81.073203	42	133
LK-8115035	Wattekele	24A	2.86	7.061553	81.085544	42	133
LK-8115040	Pussellawa	23AA	3.37	7.055799	81.054593	42	133
LK-8115045	Pussellakanda	28A	5.45	7.050359	81.0417	42	133
LK-8115050	Moragolla	29	3.57	7.058455	81.021834	42	133
LK-8115055	Dikpitiya	34A	4.7	7.055736	81.008881	42	133
LK-8115060	Ledgerwatta	27C	3.26	7.033509	81.013544	42	133
LK-8115065	Idamegama	27B	2.34	7.029668	81.024331	42	133
LK-8115070	Soranathota	28	2.63	7.033454	81.032307	42	133
LK-8115075	Yatilellagama	26A	3.55	7.03748	81.053056	42	133
LK-8115080	Ambagasdowa	25C	6.04	7.046928	81.078125	42	133
LK-8115085	Ketakellagama	25B	4.26	7.038247	81.091376	42	133
LK-8115090	Kuttiyagolla	25A	2.68	7.025572	81.095733	42	133
LK-8115095	Angoda	25	2.18	7.027873	81.083848	42	133
LK-8115100	Kosgolla	25D	4.77	7.026154	81.070449	42	133
LK-8115105	Rideepana	26C	2.46	7.020359	81.056415	42	133
LK-8115110	Kohovila	26	2.21	7.011738	81.046694	42	133
LK-8115115	Kithulwattagama	26B	1.44	7.010632	81.041065	42	133
LK-8115120	Kirioruwa	27	4.0	7.010452	81.03018	42	133
LK-8115125	Kandegedara Town	27A	1.37	7.015989	81.019417	42	133
LK-8118005	Demodara	20	6.57	7.05909	81.101537	40	134
LK-8118010	Palawatta	20B	4.37	7.047202	81.116423	40	134
LK-8118015	Kahataruppa	19A	2.3	7.024115	81.109456	40	134
LK-8118020	Dambakote	20A	4.98	7.028719	81.121759	40	134
LK-8118025	Madugasthalawa North	19	12.04	7.016165	81.145377	40	134
LK-8118030	Thalagahagedara	19B	4.59	7.005888	81.123727	40	134
LK-8118035	Welgolla	89D	5.35	6.985116	81.137327	40	134
LK-8118040	Madugasthalawa South	19C	4.32	6.985124	81.156045	40	134
LK-8118045	Gerandiella	89F	4.79	6.999367	81.169114	40	134
LK-8118050	Maligathenna	89E	2.76	6.983833	81.172086	40	134
LK-8118055	Medawelagama	89	5.01	6.966158	81.172612	40	134
LK-8118060	Paramahankada	89I	5.93	6.961092	81.154586	40	134
LK-8118065	Nikebedda	89H	4.18	6.970383	81.137062	40	134
LK-8118070	Udagama	89A	1.69	6.957123	81.131279	40	134
LK-8118075	Pelgahathenna	89G	3.32	6.948394	81.124457	40	134
LK-8118080	Sapuroda	89B	2.25	6.954887	81.145958	40	134
LK-8118085	Palagolla	88H	1.67	6.942962	81.142345	40	134
LK-8118090	Gonagala West	88C	3.14	6.936026	81.130655	40	134
LK-8118095	Gonagala East	88I	1.01	6.929722	81.137217	40	134
LK-8118100	Kanahela	88A	1.24	6.928489	81.148832	40	134
LK-8118105	Pallegama	88G	1.16	6.944386	81.157221	40	134
LK-8118110	Passara Town North	88B	0.39	6.935917	81.153117	40	134
LK-8118115	Passara Town South	88K	0.28	6.933166	81.153024	40	134
LK-8118120	Passara Town East	88L	0.21	6.936257	81.158774	40	134
LK-8118125	Ambathenna West	88M	0.65	6.930681	81.164445	40	134
LK-8118130	Thennuge	88D	2.65	6.937082	81.167424	40	134
LK-8118135	Meedumpitiya	90B	5.11	6.95047	81.189469	40	134
LK-8118140	Kudugala Pathana	90D	5.99	6.945481	81.209098	40	134
LK-8118145	Tholabowatta	90	5.07	6.9308	81.190704	40	134
LK-8118150	Ambathenna	88F	2.22	6.920252	81.174508	40	134
LK-8118155	Meeriyabedda	88	3.67	6.921621	81.160322	40	134
LK-8118160	Puhulwatta	88J	3.19	6.920063	81.1363	40	134
LK-8118165	Maussagolla West	87A	1.91	6.912219	81.13631	40	134
LK-8118170	Kanawerella West	87C	2.02	6.912778	81.122867	40	134
LK-8118175	Kanawerella	87	2.48	6.901455	81.114661	40	134
LK-8118180	Kanawerella East	87D	4.3	6.893443	81.120378	40	134
LK-8118185	Bibilegama West	87B	2.21	6.888197	81.130302	40	134
LK-8118190	Wewekele	87G	1.37	6.884966	81.136719	40	134
LK-8118195	Bibilegama East	87E	1.26	6.89067	81.14812	40	134
LK-8118200	Maussagolla East	87F	3.1	6.901294	81.149076	40	134
LK-8118205	Dambewela	88E	3.83	6.911788	81.151418	40	134
LK-8119005	Ekiriya	17	6.33	7.078972	81.121272	45	134
LK-8119010	Metigahathenna	18	5.04	7.081586	81.145709	45	134
LK-8119015	Galwelagama	18 C	2.95	7.06928	81.134419	45	134
LK-8119020	Wewabedda	18A	8.51	7.083724	81.16123	45	134
LK-8119025	Janathapura North	95A	5.51	7.068677	81.179779	45	134
LK-8119030	Arawakumbura	94C	6.14	7.085139	81.200798	45	134
LK-8119035	Udakiruwa	92A	8.41	7.063828	81.226673	45	134
LK-8119040	Alakolagala	94E	6.02	7.067248	81.204169	45	134
LK-8119045	Udapanguwa	94	3.72	7.055862	81.198675	45	134
LK-8119050	Lunugala Town	94A	0.72	7.041719	81.202557	45	134
LK-8119055	Janathapura South	95B	1.7	7.048926	81.19725	45	134
LK-8119060	Janathapura	95	4.33	7.048499	81.182865	45	134
LK-8119065	Batawatta	18D	2.99	7.058118	81.165546	45	134
LK-8119070	Gallulla	18B	5.67	7.054321	81.146665	45	134
LK-8119075	Madulsima	89C	11.41	7.045264	81.135363	45	134
LK-8119080	Sumudugama	94G	2.72	7.026654	81.181851	45	134
LK-8119085	Attanagolla	94F	1.14	7.037302	81.204482	45	134
LK-8119090	Sooriyagoda	94D	3.96	7.029361	81.211075	45	134
LK-8119095	Weragoda	92B	7.95	7.02739	81.232563	45	134
LK-8119100	Pallekiruwa	92	7.17	7.008517	81.227828	45	134
LK-8119105	Kottalbedda	93	4.82	7.019085	81.192253	45	134
LK-8119110	Mahadowa	89J	4.62	7.017501	81.166911	45	134
LK-8119115	Yapamma	94B	5.04	7.005814	81.190853	45	134
LK-8119120	Peessagama	94I	9.8	6.989634	81.219395	45	134
LK-8119125	Rendapola	94J	1.33	6.989445	81.202772	45	134
LK-8119130	Hopton	94H	3.7	6.989244	81.189417	45	134
LK-8119135	Maduwatta	90C	7.45	6.973348	81.207367	45	134
LK-8119140	Millabedda	90A	3.86	6.966472	81.190458	45	134
LK-8121005	Pitawelagama	78L	0.86	7.003614	81.050875	11	135
LK-8121010	Badulla North	78A	0.54	7.004991	81.054885	11	135
LK-8121015	Medapathana	78M	0.88	7.007025	81.061464	11	135
LK-8121020	Kailagoda	78G	0.38	7.001783	81.058452	11	135
LK-8121025	Andeniya	79A	0.76	6.996686	81.065686	31	135
LK-8121030	Sirimalgoda	80A	4.17	7.003767	81.072983	31	135
LK-8121035	Damanwara	80F	2.36	7.008647	81.088533	31	135
LK-8121040	Hinnarangolla	81A	3.78	7.006082	81.106392	31	135
LK-8121045	Kendagolla	81	2.63	6.992462	81.110952	31	135
LK-8121050	Thelbedda Estate	81B	8.09	6.987168	81.097228	31	135
LK-8121055	Ilukthenna	80B	1.93	6.994913	81.086135	31	135
LK-8121060	Hegoda	79	0.68	6.991747	81.07021	31	135
LK-8121065	Badulupitiya	78J	0.74	6.99261	81.060971	11	135
LK-8121070	Badulla Central	78D	1.04	6.988631	81.051275	11	135
LK-8121075	Badulla West	78C	0.67	6.994946	81.05037	11	135
LK-8121080	Katupelella	78H	1.11	6.989859	81.044808	11	135
LK-8121085	Badulla South	78	0.88	6.981537	81.059167	11	135
LK-8121090	Badulla East	78B	0.79	6.985801	81.060737	11	135
LK-8121095	Hindagoda	78K	0.91	6.983727	81.068897	11	135
LK-8121100	Rambukpotha	80	0.79	6.984676	81.08121	31	135
LK-8121105	Malangamuwa	80G	0.87	6.984566	81.086174	31	135
LK-8121110	Viyadiguna	80E	1.26	6.97143	81.09571	31	135
LK-8121115	Vineethagama	80C	0.73	6.967129	81.106345	31	135
LK-8121120	Wewessa	80J	2.69	6.968708	81.115467	31	135
LK-8121125	Welibissa	80I	1.68	6.966938	81.12265	31	135
LK-8121130	Glen Alpin Estate	80H	5.47	6.965273	81.087767	31	135
LK-8121135	Udawela	80D	0.58	6.972908	81.085424	31	135
LK-8121140	Hingurugamuwa	78E	1.18	6.970665	81.068138	11	135
LK-8121145	Kanupelella	78F	0.43	6.968765	81.066253	11	135
LK-8124005	Kokatiyamaluwa	77A	8.87	7.028178	80.966375	35	136
LK-8124010	Wegama	77	2.48	7.016923	81.007325	35	136
LK-8124015	Jangulla	77B	2.39	7.002194	81.012844	35	136
LK-8124020	Landewela	76A	0.85	7.001108	81.003365	35	136
LK-8124025	Bogoda	76	2.79	7.002598	80.992874	35	136
LK-8124030	Panakanniya	75E	4.0	6.98959	80.997373	35	136
LK-8124035	Ketawala	75C	2.51	6.987561	81.012803	35	136
LK-8124040	Udakohovila	74F	4.22	6.985511	81.033311	35	136
LK-8124045	Hethekma	75	2.56	6.986925	81.024403	35	136
LK-8124050	Deegalla	75A	3.4	6.971842	80.985927	35	136
LK-8124055	Pattipola	75B	3.83	6.966359	81.012254	35	136
LK-8124060	Anthuduwawela	74D	1.64	6.967981	81.026184	35	136
LK-8124065	Bogahamaditta	74B	1.5	6.973997	81.039622	35	136
LK-8124070	Mahawattagama	82C	2.95	6.971952	81.049903	35	136
LK-8124075	Dematawelhinna	82B	0.68	6.965117	81.056419	35	136
LK-8124080	Welikemulla	82A	1.38	6.968538	81.062847	35	136
LK-8124085	Unagolla	84A	1.21	6.95746	81.057064	35	136
LK-8124090	Medapitigama	74E	2.1	6.95197	81.038883	35	136
LK-8124095	Dickwella	74	1.6	6.962846	81.036583	35	136
LK-8124100	Hali-Ela	74A	0.42	6.953271	81.030056	35	136
LK-8124105	Samagipura	74C	2.55	6.950206	81.022612	35	136
LK-8124110	Udagama	75D	2.86	6.962014	80.999887	35	136
LK-8124115	Gawela	55C	6.47	6.954443	80.986653	35	136
LK-8124120	Pahamunuthota	55D	3.48	6.949661	80.970367	35	136
LK-8124125	Neludanda	56D	2.46	6.947306	81.009129	35	136
LK-8124130	Hinnarangolla	55E	2.74	6.918775	80.990229	35	136
LK-8124135	Mugunumatha West	73C	3.7	6.937946	81.029207	35	136
LK-8124140	Mugunumatha East	73B	2.59	6.945929	81.050238	35	136
LK-8124145	Godegama	84B	2.18	6.947655	81.058329	35	136
LK-8124150	Medagama	84	2.3	6.946987	81.067605	35	136
LK-8124155	Imbulgoda	82	3.53	6.962479	81.078909	35	136
LK-8124160	Imbulgoda	82D	4.28	6.948919	81.08091	35	136
LK-8124165	Kandana	86	2.87	6.943397	81.083907	35	136
LK-8124170	Bulathwatta	86A	4.96	6.929766	81.10656	35	136
LK-8124175	Springvalley Estate	86B	3.73	6.918226	81.107609	35	136
LK-8124180	Springvalley	85B	0.71	6.929131	81.091653	35	136
LK-8124185	Beddegama	85	2.24	6.921797	81.089053	35	136
LK-8124190	Wewelhinna	85A	6.07	6.926138	81.072898	35	136
LK-8124195	Uduwara	73	4.07	6.926842	81.055967	35	136
LK-8124200	Hapuwalakumbura	73A	5.24	6.919275	81.045548	35	136
LK-8124205	Kirinda	73D	2.11	6.915365	81.031295	35	136
LK-8124210	Morethota	56A	4.0	6.929861	81.01816	35	136
LK-8124215	Uva Mahawela	56B	2.91	6.92961	81.002004	35	136
LK-8124220	Etampitiya	55	2.95	6.934401	80.982014	35	136
LK-8124225	Pallegama	55A	6.09	6.93293	80.960123	35	136
LK-8124230	Dehivinna	56	3.37	6.922968	80.975506	35	136
LK-8124235	Niliathugoda	56E	1.94	6.938463	81.004535	35	136
LK-8124240	Neluwa	56C	3.65	6.912931	81.011288	35	136
LK-8124245	Kudumahuwela	57D	0.93	6.911696	80.996327	35	136
LK-8124250	Wepassawela	57B	1.9	6.90408	80.993501	35	136
LK-8124255	Maligathenna	57H	4.03	6.90476	80.97264	35	136
LK-8124260	Perahettiya	57A	2.05	6.896838	80.978795	35	136
LK-8124265	Katugaha	57F	2.2	6.895981	80.99942	35	136
LK-8124270	Mahathenna	57E	3.25	6.877607	80.995546	35	136
LK-8124275	Malitta	57	2.33	6.886875	80.980548	35	136
LK-8124280	Kurukude	57C	3.97	6.883228	80.962847	35	136
LK-8124285	Warakadanda	57G	1.96	6.87517	80.977115	35	136
LK-8127005	Yalagamuwa	37E	5.81	7.048066	80.952353	43	137
LK-8127010	Ritikumbura	37F	1.87	7.035691	80.936459	43	137
LK-8127015	Wethalawa	37A	3.63	7.032618	80.953289	43	137
LK-8127020	Maspanna	37	0.78	7.024921	80.941611	43	137
LK-8127025	Kohilegama	37C	1.21	7.023872	80.934113	43	137
LK-8127030	Ellanda	37D	1.01	7.014888	80.932647	43	137
LK-8127035	Kindigoda	37B	1.26	7.018454	80.944375	43	137
LK-8127040	Hathkinda	38B	1.84	7.014342	80.961796	43	137
LK-8127045	Dimbulana	38A	1.72	7.008385	80.950522	43	137
LK-8127050	Ilukwela	38D	1.42	7.00759	80.936438	43	137
LK-8127055	Gampaha	38C	2.6	6.998083	80.931293	43	137
LK-8127060	Wewegama	38	0.92	7.003585	80.940043	43	137
LK-8127065	Kerklis	38E	4.28	6.993639	80.946052	43	137
LK-8127070	Malwattegama	39A	2.72	6.994275	80.960934	43	137
LK-8127075	Medipokuna	39B	3.16	6.998388	80.971691	43	137
LK-8127080	Thuppitiya	40	3.05	6.987042	80.979411	43	137
LK-8127085	Panagoda	40A	3.32	6.975751	80.97171	43	137
LK-8127090	Pitiyakumbura	39C	3.1	6.973938	80.958957	43	137
LK-8127095	Bambarapana	39	2.41	6.978697	80.945917	43	137
LK-8127100	Alagolla	42B	4.82	6.978862	80.92274	43	137
LK-8127105	Voldemar	43G	2.91	6.974972	80.897433	43	137
LK-8127110	Thawalampola	43A	1.52	6.964889	80.87983	43	137
LK-8127115	Kodakumbura	43F	1.67	6.964428	80.874033	43	137
LK-8127120	Koradekumbura	44C	1.72	6.964213	80.868667	43	137
LK-8127125	Malapolagama	44A	4.51	6.964263	80.85612	43	137
LK-8127130	Welamedagama	44B	0.75	6.951972	80.855367	43	137
LK-8127135	Uduhawara	44	1.45	6.948073	80.861905	43	137
LK-8127140	Hangunnawa	43B	1.49	6.949807	80.872154	43	137
LK-8127145	Ranhawadigama	43E	0.85	6.950173	80.88086	43	137
LK-8127150	Idamegama	43C	0.83	6.946949	80.885191	43	137
LK-8127155	Paranagama	43	1.83	6.954706	80.889344	43	137
LK-8127160	Mudanawa	43D	1.09	6.960818	80.890483	43	137
LK-8127165	Sapugolla	42	3.23	6.957186	80.903017	43	137
LK-8127170	Ethkandawaka	42A	1.99	6.964746	80.910265	43	137
LK-8127175	Kirawanagama	41	1.74	6.970021	80.918734	43	137
LK-8127180	Beraliyapola	41E	1.36	6.967029	80.925854	43	137
LK-8127185	Pannalawela	41A	1.05	6.966857	80.93603	43	137
LK-8127190	Rahupola	41D	1.81	6.963042	80.947374	43	137
LK-8127195	Udaperuwa	54	1.9	6.95282	80.955269	43	137
LK-8127200	Weliulla	54A	2.13	6.952866	80.941955	43	137
LK-8127205	Metiwalalanda	53	3.85	6.940861	80.945275	43	137
LK-8127210	Unapana	41C	2.63	6.943921	80.92251	43	137
LK-8127215	Lunuwatta	41B	2.14	6.954077	80.919871	43	137
LK-8127220	Pallewela	45D	1.42	6.946059	80.909318	43	137
LK-8127225	Busdulla	45A	1.21	6.945928	80.899107	43	137
LK-8127230	Kurundugolla	45C	1.07	6.93594	80.89681	43	137
LK-8127235	Ambagasdowa	47A	1.56	6.928949	80.892754	43	137
LK-8127240	Pannalagama	47F	1.06	6.929384	80.886151	43	137
LK-8127245	Uma Ela	47	1.58	6.937368	80.879686	43	137
LK-8127250	Karagahaulpatha	46C	1.48	6.935605	80.869768	43	137
LK-8127255	Medawela	46A	2.04	6.929456	80.868134	43	137
LK-8127260	Perawella	46	4.94	6.944433	80.844254	43	137
LK-8127265	Galahagama	46B	3.38	6.930261	80.836019	43	137
LK-8127270	Medagodagama	46D	1.41	6.930292	80.858204	43	137
LK-8127275	Thelhawadigama	46E	1.0	6.921698	80.858613	43	137
LK-8127280	Ketagoda	47E	1.34	6.92482	80.875791	43	137
LK-8127285	Dangamuwa	47B	1.23	6.918445	80.88617	43	137
LK-8127290	Rathamba	47C	1.03	6.920675	80.897691	43	137
LK-8127295	Kumarapattiya	45	1.31	6.935599	80.903172	43	137
LK-8127300	Balagala	45B	2.06	6.929856	80.914473	43	137
LK-8127305	Downside	53G	1.64	6.922523	80.918844	43	137
LK-8127310	Kendagolla	53D	1.3	6.933899	80.927696	43	137
LK-8127315	Yahala Arawa	53C	1.48	6.934335	80.938096	43	137
LK-8127320	Ulugala	53B	1.43	6.926353	80.944636	43	137
LK-8127325	Hangiliella	53A	2.28	6.920302	80.951464	43	137
LK-8127330	Kotawera Udagama	53E	2.43	6.921159	80.92715	43	137
LK-8127335	Kotawera Pahalagama	53F	0.96	6.912613	80.923119	43	137
LK-8127340	Daragala	47D	1.63	6.919197	80.907829	43	137
LK-8130005	Alakolagala	49D	13.07	6.906521	80.815267	44	138
LK-8130010	Hulankapolla	49C	1.59	6.922319	80.831664	44	138
LK-8130015	Silmiyapura	49B	1.46	6.914834	80.843293	44	138
LK-8130020	Boragas	49A	3.24	6.903205	80.841718	44	138
LK-8130025	Vidurupola	49	3.17	6.908667	80.857117	44	138
LK-8130030	Gavarammana	49E	2.33	6.905039	80.867191	44	138
LK-8130035	Palugama Town	50	1.23	6.897622	80.871271	44	138
LK-8130040	Puranwela	50I	1.88	6.895571	80.879601	44	138
LK-8130045	Girambe	48B	1.89	6.911775	80.88981	44	138
LK-8130050	Divurumgama	48A	0.74	6.905761	80.884219	44	138
LK-8130055	Palugama Ella	50C	1.14	6.896714	80.886729	44	138
LK-8130060	Welimada Watta	48C	1.52	6.910232	80.897186	44	138
LK-8130065	Ambagahakumbura	48	1.03	6.906798	80.905368	44	138
LK-8130070	Dimuthugama	50H	0.94	6.897708	80.896274	44	138
LK-8130075	Welimada Town	52A	1.27	6.906397	80.914893	44	138
LK-8130080	Landegama	52B	0.59	6.898735	80.90777	44	138
LK-8130085	Divithotawela	59D	1.14	6.902891	80.919214	44	138
LK-8130090	Puhulpola	58B	1.54	6.907507	80.933409	44	138
LK-8130095	Dikkapitiya	58	0.95	6.903703	80.93944	44	138
LK-8130100	Koskanuwegama	58C	3.41	6.901513	80.945499	44	138
LK-8130105	Dayaraba Watta	58D	4.35	6.894628	80.935007	44	138
LK-8130110	Ketakella	58A	0.71	6.89289	80.928916	44	138
LK-8130115	Yalpathwela	59B	0.97	6.888063	80.92611	44	138
LK-8130120	Dambavinna	59A	1.43	6.893274	80.915712	44	138
LK-8130125	Kabillegama	52D	1.65	6.889636	80.902346	44	138
LK-8130130	Idamegama	51B	2.43	6.885734	80.890278	44	138
LK-8130135	Erabadda	50E	1.04	6.885259	80.874827	44	138
LK-8130140	Keppetipola	50D	1.83	6.887233	80.863856	44	138
LK-8130145	Hewanakumbura	50F	2.77	6.887014	80.848495	44	138
LK-8130150	Ambewela	50A	11.98	6.877349	80.836051	44	138
LK-8130155	Himbiliyagolla	50G	2.16	6.872144	80.853917	44	138
LK-8130160	Thennakonwela	50B	2.72	6.873349	80.868106	44	138
LK-8130165	Kalubululanda	51A	3.68	6.86941	80.883486	44	138
LK-8130170	Mavithikumbura	52C	2.14	6.868663	80.899443	44	138
LK-8130175	Nedungamuwa	52	2.06	6.875743	80.906913	44	138
LK-8130180	Medagedaragama	59C	3.15	6.877934	80.916782	44	138
LK-8130185	Nawela	59	2.18	6.873457	80.928683	44	138
LK-8130190	Pahalayalkumbura	59E	0.87	6.879422	80.934876	44	138
LK-8130195	Welikadagama	60D	2.83	6.853995	80.944466	44	138
LK-8130200	Mirahawatta	60	2.71	6.880754	80.948513	44	138
LK-8130205	Udupeella	60B	0.97	6.87271	80.941709	44	138
LK-8130210	Kotakithula	60C	2.44	6.865285	80.933822	44	138
LK-8130215	Malpotha	60A	2.66	6.854692	80.929582	44	138
LK-8130220	Karagasthenna	61A	3.95	6.856325	80.908062	44	138
LK-8130225	Alugolla	61B	2.71	6.854008	80.885431	44	138
LK-8130230	Bogahakumbura	51	1.59	6.857534	80.873544	44	138
LK-8130235	Bibiligamuwa	50J	3.11	6.862434	80.848864	44	138
LK-8130240	Alawathugoda	51D	4.91	6.853576	80.849691	44	138
LK-8130245	Kandepuhulpola	51C	5.5	6.844584	80.863392	44	138
LK-8130250	Helayalkumbura	62H	1.71	6.841181	80.892723	44	138
LK-8130255	Guruthalawa	61	2.0	6.847447	80.908926	44	138
LK-8130260	Mahathenna	61C	1.33	6.838541	80.906717	44	138
LK-8130265	Hingurugamuwa	60E	6.02	6.841038	80.932087	44	138
LK-8130270	Galedanda	62C	4.62	6.825171	80.922079	44	138
LK-8130275	Boralanda	62B	3.01	6.828776	80.883705	44	138
LK-8130280	Wangiyakumbura	62D	6.12	6.83194	80.865035	44	138
LK-8130285	Ohiya	62A	18.1	6.81731	80.84895	44	138
LK-8130290	Rahangala	62F	2.38	6.822302	80.887114	44	138
LK-8130295	Hinnarangolla	62E	2.52	6.817663	80.894945	44	138
LK-8130300	Udakendagolla	62J	2.87	6.815488	80.915413	44	138
LK-8130305	Rathkarawwa	62	2.49	6.807395	80.908134	44	138
LK-8130310	Pitapola	62I	4.27	6.803567	80.88757	44	138
LK-8130315	Ohiya Estate	62K	3.83	6.791132	80.86557	44	138
LK-8130320	Maligathenna	62G	7.05	6.790594	80.889468	44	138
LK-8133005	Mathetilla	67J	2.93	6.865088	80.957324	32	139
LK-8133010	Konthahela	67A	1.43	6.86716	80.971658	32	139
LK-8133015	Icelab Watta	67N	1.53	6.868469	81.001148	32	139
LK-8133020	Kirioruwa	67E	1.45	6.866596	80.993571	32	139
LK-8133025	Ettalapitiya	67	1.62	6.853668	80.986625	12/32	139
LK-8133030	Diganathenna	67H	2.2	6.857265	80.973311	12/32	139
LK-8133035	Ambegoda	67C	6.17	6.843853	80.961653	12/32	139
LK-8133040	Wewathenna	67G	1.2	6.846068	80.978058	12	139
LK-8133045	Watagamuwa	67F	2.96	6.856809	81.000984	32	139
LK-8133050	Bindunuwewa	67B	1.24	6.844268	81.000683	12	139
LK-8133055	Kebillewela North	67D	0.87	6.838526	80.997904	12	139
LK-8133060	Gediyaroda	67K	0.67	6.839897	80.991531	12	139
LK-8133065	Bandarawela West	65B	1.23	6.834703	80.985422	12	139
LK-8133070	Bandarawela East	65G	0.99	6.829183	80.993235	12	139
LK-8133075	Thanthiriya	66G	0.64	6.832654	81.001571	12/32	139
LK-8133080	Udaperuwa	66B	0.96	6.835424	81.012583	32	139
LK-8133085	Egodagama	66E	1.48	6.833262	81.021831	32	139
LK-8133090	Weheragalathenna	66F	1.98	6.839164	81.033869	32	139
LK-8133095	Bambaragama	70	3.79	6.830218	81.051205	32	139
LK-8133100	Makulella	66A	2.02	6.829394	81.033652	32	139
LK-8133105	Kinigama	66	0.93	6.828967	81.009436	12/32	139
LK-8133110	Inikambedda	65E	0.85	6.823782	80.988734	12	139
LK-8133115	Karagahawela	65C	1.42	6.815162	80.977999	32	139
LK-8133120	Obadella	65F	1.37	6.80879	80.982869	32	139
LK-8133125	Beddekumbura	65D	0.61	6.813533	80.991697	32	139
LK-8133130	Kebillewela South	65A	1.4	6.817873	80.995429	12/32	139
LK-8133135	Mahaulpatha	66D	0.96	6.822441	81.003824	12/32	139
LK-8133140	Darahitawanagoda	66H	0.59	6.81766	81.008292	32	139
LK-8133145	Doolgolla	66C	0.43	6.819855	81.013818	32	139
LK-8133150	Creig Watta	66I	3.55	6.814822	81.016845	32	139
LK-8133155	Liyangahawela Watta	70D	7.33	6.805021	81.04609	32	139
LK-8133160	Ambadandegama	70B	5.86	6.816697	81.058338	32	139
LK-8133165	Beddearawa	70C	0.64	6.808702	81.037745	32	139
LK-8133170	Liyangahawela	70A	1.74	6.815595	81.034103	32	139
LK-8133175	Nayabedda Estate	65H	5.85	6.803095	80.993966	32	139
LK-8136005	Piyarapandowa	68H	4.88	6.889684	81.007063	33	139
LK-8136010	Halpe	68	4.09	6.894275	81.033182	33	139
LK-8136015	Kirinda	68D	3.26	6.903711	81.040578	33	139
LK-8136020	Demodara	68I	3.45	6.899417	81.052978	33	139
LK-8136025	Navulla	68A	2.3	6.89428	81.066392	33	139
LK-8136030	Gawarawela	72	2.44	6.903362	81.06976	33	139
LK-8136035	Beddewela	72H	2.38	6.904683	81.08337	33	139
LK-8136040	Pupula West	72D	2.02	6.898921	81.08682	33	139
LK-8136045	Pupula	72C	5.1	6.896441	81.101046	33	139
LK-8136050	Galtenhena	72E	1.93	6.884906	81.10163	33	139
LK-8136055	Nawela East	72A	2.42	6.876082	81.101472	33	139
LK-8136060	Nawela West	72F	1.41	6.873021	81.086904	33	139
LK-8136065	Medawela West	72G	2.61	6.882168	81.080077	33	139
LK-8136070	Yahalewela	68E	1.41	6.878759	81.06746	33	139
LK-8136075	Newberg	68J	4.33	6.863486	81.06527	33	139
LK-8136080	Ella	68B	2.04	6.874731	81.053146	33	139
LK-8136085	Madhuragama	68C	1.6	6.883781	81.053528	33	139
LK-8136090	Idamegama	68F	0.98	6.881161	81.04175	33	139
LK-8136095	Hettipola	69G	1.41	6.87441	81.037048	33	139
LK-8136100	Millagama	68G	3.29	6.882385	81.02478	33	139
LK-8136105	Udukumbalwela	69	3.84	6.869549	81.017122	33	139
LK-8136110	Dowa	69D	2.5	6.853399	81.012895	33	139
LK-8136115	Palleperuwa	69C	2.06	6.845015	81.016764	12/33	139
LK-8136120	Heeloya	69B	3.68	6.858521	81.029179	33	139
LK-8136125	Kithalella	69E	2.5	6.861843	81.038875	33	139
LK-8136130	Rawanaella	69F	5.69	6.853423	81.052997	33	139
LK-8136135	Karandagolla	69A	9.8	6.827263	81.076186	33	139
LK-8136140	Govussa	71A	4.19	6.857043	81.080603	33	139
LK-8136145	Ilukpelessa	71	7.36	6.842002	81.089317	33	139
LK-8136150	Ballaketuwa	72B	3.68	6.862716	81.099341	33	139
LK-8136155	Namunukula	72B1	1.05	6.874239	81.115335	33	139
LK-8136160	Dodamgolla	71B	9.93	6.846961	81.116126	33	139
LK-8139005	Ellagama	63K	2.84	6.830299	80.947345	36	140
LK-8139010	Kahattewela	64A	0.95	6.833711	80.97519	36	140
LK-8139015	Erenawela	64B	0.6	6.840426	80.980593	36	140
LK-8139020	Ranjallawa	64C	1.83	6.824979	80.971511	36	140
LK-8139025	Bingethenna	64G	0.45	6.817767	80.965232	36	140
LK-8139030	Kahagolla	64	1.14	6.812063	80.970782	36	140
LK-8139035	Dodamwatta	 63G	0.58	6.810361	80.963989	36	140
LK-8139040	Diyathalawa	63B	4.75	6.819384	80.956091	36	140
LK-8139045	Jayaminipura	64H	0.95	6.818965	80.941809	36	140
LK-8139050	Aluthwela	63D	2.42	6.816972	80.933929	36	140
LK-8139055	Welanhinna	63J	3.5	6.797085	80.926292	36	140
LK-8139060	Pahala Kadurugamuwa	63	2.79	6.798697	80.943599	36	140
LK-8139065	Viharakele	63F	0.69	6.799048	80.954212	36	140
LK-8139070	Umankandura	63H	1.13	6.802196	80.960996	36	140
LK-8139075	Panketiya	63M	5.59	6.791439	80.97173	22/36	140
LK-8139080	Hela Kadurugamuwa	63I	1.63	6.788947	80.951622	36	140
LK-8139085	Haputhalegama	63C	2.34	6.785184	80.940182	36	140
LK-8139090	Glenanore	64F	3.71	6.781018	80.922167	36	140
LK-8139095	Horadorowwa	63E	2.0	6.792075	80.91435	36	140
LK-8139100	Magiripura	63L	2.41	6.771194	80.928769	22/36	140
LK-8139105	Kolathenna	63P	0.72	6.774903	80.944933	36	140
LK-8139110	Haputhale Town	63A	4.4	6.773186	80.960152	22/36	140
LK-8139115	Pitarathmale	64D	6.19	6.782117	80.98607	36	140
LK-8139120	Dambethenna	63O	8.28	6.786977	81.014963	36	140
LK-8139125	Thotalagala	63N	2.79	6.768121	80.979674	36	140
LK-8139130	Galkanda	64E	4.38	6.757962	80.965517	36	140
LK-8142005	Weerakongama	158G	14.9	6.789725	80.831554	34	140
LK-8142010	Kalupahana	158	5.46	6.771414	80.85509	34	140
LK-8142015	Haldummulla	157A	4.03	6.77216	80.87797	34	140
LK-8142020	Beragala	157B	5.99	6.766333	80.904991	34	140
LK-8142025	Viharagala	157G	8.05	6.759165	80.934508	34	140
LK-8142030	Nikapotha West	155L	4.75	6.734666	80.955856	34	140
LK-8142035	Nikapotha East	155	1.58	6.744261	80.971257	34	140
LK-8142040	Lemasthota	155C	6.87	6.743991	80.984928	34	140
LK-8142045	Ranasinghegama	155H	8.76	6.751804	81.001495	34	140
LK-8142050	Kotabakma	155D	6.62	6.745664	81.01265	34	140
LK-8142055	Koslanda	155A	5.78	6.76441	81.029987	34	140
LK-8142060	Mahakanda	155N	3.73	6.761768	81.034638	34	140
LK-8142065	Poonagala	155P	14.05	6.774225	81.057859	34	140
LK-8142070	Divulgasmulla	154B	14.97	6.73312	81.061167	34	140
LK-8142075	Gampaha	154	7.34	6.718886	81.039394	34	140
LK-8142080	Ampitithenna	155K	4.1	6.733137	81.022436	34	140
LK-8142085	Kelipanawela	155M	5.58	6.718126	81.004176	34	140
LK-8142090	Moraketiya	155E	3.75	6.728271	80.965887	34	140
LK-8142095	Kirawanagama	156	6.04	6.732988	80.942894	34	140
LK-8142100	Manthenna	156B	4.28	6.744307	80.918233	34	140
LK-8142105	Amilagama	157E	3.49	6.748739	80.902594	34	140
LK-8142110	Soragune	157	1.35	6.745789	80.894554	34	140
LK-8142115	Kithulgahaarawa	158E	1.38	6.754305	80.885773	34	140
LK-8142120	Watagamuwa	157K	1.68	6.758035	80.87551	34	140
LK-8142125	Walhaputhenna	157H	3.53	6.764012	80.869877	34	140
LK-8142130	Uvathenna	158C	6.04	6.757996	80.844673	34	140
LK-8142135	Marangahawela	158F	3.51	6.756415	80.834189	34	140
LK-8142140	Seelathenna	158D	2.76	6.744744	80.863214	34	140
LK-8142145	Harankahawa	158B	3.13	6.743275	80.876145	34	140
LK-8142150	Medawela	157F	1.65	6.741367	80.887445	34	140
LK-8142155	Welibissa	157D	2.8	6.730229	80.904577	34	140
LK-8142160	We Eliya	157C	16.66	6.717876	80.881024	34	140
LK-8142165	Kosgama	158A	45.45	6.68983	80.870596	34	140
LK-8142170	Ranwanguhawa	156A	10.78	6.71641	80.922389	34	140
LK-8142175	Akkara Seeya	155F	20.38	6.687065	80.954505	34	140
LK-8142180	Welanvita	155B	30.38	6.683921	80.982167	34	140
LK-8142185	Kolongasthenna	154A	19.02	6.697764	81.027211	34	140
LK-8142190	Bambara Pokuna	154C	6.52	6.696662	81.065121	34	140
LK-8142195	Mahalanda	155G	98.09	6.613599	81.042517	34	140
LK-8203005	Uravula	103 E	16.89	7.31945	81.33733	32	141
LK-8203010	Karandugala	103 D	26.1	7.27939	81.344587	32	141
LK-8203015	Bulupitiya	103 B	146.21	7.179511	81.394514	32	141
LK-8203020	Nilgala	103	47.46	7.214438	81.313902	32	141
LK-8203025	Kanawegalla	102 F	23.03	7.251571	81.253883	32	141
LK-8203030	Ussagala	102 E	9.62	7.211295	81.224877	32	141
LK-8203035	Bokagonna	101	16.99	7.206938	81.251021	32	141
LK-8203040	Pitakumbura	101 A	11.07	7.192683	81.276536	32	141
LK-8203045	Hamapola	103 A	19.3	7.166211	81.310868	32	141
LK-8203050	Thotillaketiya	103 C	5.9	7.153966	81.283768	32	141
LK-8203055	Kokunnewa	101 D	7.89	7.166133	81.266843	32	141
LK-8203060	Morattamulla	101 E	5.78	7.144416	81.260055	32	141
LK-8203065	Nagala	101 B	4.78	7.167956	81.248818	32	141
LK-8203070	Radaliyadda	102 A	4.64	7.181065	81.235627	32	141
LK-8203075	Ambagolla	102 D	6.5	7.191056	81.213425	32	141
LK-8203080	Wegama	102	4.03	7.182488	81.196531	32	141
LK-8203085	Wegama South	102 C	5.4	7.170072	81.195643	32	141
LK-8203090	Mallehewa	102 B	4.01	7.155126	81.172444	32	141
LK-8203095	Karagahawela East	96 B	2.0	7.165262	81.16776	32	141
LK-8203100	Kehel Attawala	96	10.44	7.175374	81.143935	32	141
LK-8203105	Karagahawela West	96 A	8.19	7.157071	81.143366	32	141
LK-8203110	Udamallehewa	102 G	7.3	7.140447	81.173605	32	141
LK-8203115	Egoda Kotagama	97 A	12.69	7.113844	81.164671	32	141
LK-8203120	Kotagama	97	10.33	7.113713	81.180388	32	141
LK-8203125	Badullagammana	100 F	5.53	7.146849	81.199634	32	141
LK-8203130	Kavudella	100 D	3.81	7.153598	81.211192	32	141
LK-8203135	Rathupasketiya	100 B	2.51	7.164969	81.217639	32	141
LK-8203140	Lindakumbura	101 C	2.68	7.158973	81.233878	32	141
LK-8203145	Bibila	100	2.05	7.152001	81.223586	32	141
LK-8203150	Ambelanda	100 C	1.29	7.144153	81.232267	32	141
LK-8203155	Dodamgolla	99	2.41	7.139233	81.236554	32	141
LK-8203160	Dehiattawela	99 B	3.7	7.131566	81.242766	32	141
LK-8203165	Kanulwela	99 A	2.23	7.119136	81.236214	32	141
LK-8203170	Ethanawatta	98 A	2.2	7.117932	81.217137	32	141
LK-8203175	Kuruwamba	100 A	2.77	7.136875	81.21442	32	141
LK-8203180	Hewelwela	100 E	2.37	7.126644	81.214468	32	141
LK-8203185	Mudiyala	98 B	6.9	7.110502	81.198354	32	141
LK-8203190	Yalkumbura	98	1.86	7.107275	81.210036	32	141
LK-8203195	Thanayamgama	98 C	2.83	7.100675	81.216858	32	141
LK-8203200	Medipitiya	99 C	4.37	7.099519	81.228112	32	141
LK-8206005	Nelliyadda	104B	87.76	7.389973	81.410083	35	141
LK-8206010	Mullegama	104	145.15	7.314536	81.45846	35	141
LK-8206015	Galgamuwa	104C	123.48	7.247379	81.420201	35	141
LK-8206020	Inginiyagala	104A	36.44	7.195478	81.493487	35	141
LK-8206025	Baduluwela	118	52.23	7.109753	81.437434	35	141
LK-8206030	Bandarawadiya	118A	19.68	7.086993	81.405053	35	141
LK-8206035	Panguwa	116B	13.05	7.052294	81.370371	35	141
LK-8206040	Thalkotayaya	116E	18.01	7.05561	81.401154	35	141
LK-8206045	Deliwa	116	4.72	7.041715	81.388358	35	141
LK-8206050	Thampalawela	112A	19.5	7.018351	81.348935	35	141
LK-8206055	Ruwalwela	116D	13.26	7.017179	81.387253	35	141
LK-8206060	Watawanagama	116C	6.29	7.010306	81.406385	35	141
LK-8206065	Gangodagama	114C	10.95	7.016402	81.432539	35	141
LK-8206070	Ritigahawatta	114D	20.49	7.004113	81.471515	35	141
LK-8206075	Mariarawa	114B	6.98	6.975141	81.479138	35	141
LK-8206080	Kolladeniya	114A	11.29	6.98557	81.443121	35	141
LK-8206085	Ihawa	114	8.44	6.985309	81.416061	35	141
LK-8206090	Alpitiya	116A	5.57	6.983598	81.395901	35	141
LK-8206095	Makulla	112	2.44	6.985792	81.38028	35	141
LK-8206100	Namaloya Colony	112C	4.22	6.997965	81.373389	35	141
LK-8206105	Aratugaswela	112E	4.03	6.99692	81.353641	35	141
LK-8206110	Pagura	113B	13.86	6.974779	81.328912	35	141
LK-8206115	Galbokka	113	4.58	6.971979	81.349584	35	141
LK-8206120	Magandana	112B	2.6	6.980712	81.359457	35	141
LK-8206125	Udumulla	112D	6.52	6.96907	81.397064	35	141
LK-8206130	Kottagala	117A	9.87	6.948363	81.418658	35	141
LK-8206135	Gangoda Arawa	115A	8.05	6.962474	81.442716	35	141
LK-8206140	Polgahagama	115	7.06	6.952117	81.472264	35	141
LK-8206145	Alugalge	115B	20.3	6.945665	81.501106	35	141
LK-8206150	Neelawa Bedda	115D	6.52	6.929888	81.458812	35	141
LK-8206155	Kahagolla	115C	5.57	6.938747	81.447277	35	141
LK-8206160	Magandaoya Colony	117C	6.85	6.931377	81.427751	35	141
LK-8206165	Gonathalawa	117B	11.59	6.931585	81.393786	35	141
LK-8206170	Dambagalla	117	9.55	6.958429	81.377722	35	141
LK-8206175	Ellekona	113E	9.13	6.931856	81.365871	35	141
LK-8206180	Therela	113D	5.3	6.948465	81.343581	35	141
LK-8206185	Iluklanda	113C	3.44	6.934749	81.334688	35	141
LK-8206190	Obbegoda	113A	5.51	6.917347	81.355717	35	141
LK-8209005	Pothubandhana	106 F	2.63	7.114926	81.253691	36	141
LK-8209010	Yakunnawa	106 E	4.46	7.12144	81.260619	36	141
LK-8209015	Bendiyawa	106 B	13.83	7.134583	81.287744	36	141
LK-8209020	Kotabowa	106 A	21.51	7.122947	81.319811	36	141
LK-8209025	Godigamuwa	106G	3.28	7.112257	81.285729	36	141
LK-8209030	Senpathigama	106 D	1.29	7.098383	81.261196	36	141
LK-8209035	Aiwela	107 A	2.19	7.105107	81.247859	36	141
LK-8209040	Senapathiya	107	3.03	7.098355	81.240694	36	141
LK-8209045	Bibilamulla	107 B	3.14	7.089024	81.248131	36	141
LK-8209050	Nannapurawa	106	3.28	7.085612	81.26525	36	141
LK-8209055	Dahamgama	106 C	4.52	7.094725	81.278568	36	141
LK-8209060	Kalugahawadiya	111F	16.09	7.086622	81.311981	36	141
LK-8209065	Kongolla	108	2.27	7.077164	81.276973	36	141
LK-8209070	Diviyapola	108 B	1.21	7.071958	81.265702	36	141
LK-8209075	Kohukumbura	109	2.79	7.073831	81.238088	36	141
LK-8209080	Nugamura	109 B	3.23	7.067763	81.251042	36	141
LK-8209085	Ellekona	109 C	4.56	7.058078	81.253896	36	141
LK-8209090	Dahagoniya	108 C	2.56	7.060035	81.274681	36	141
LK-8209095	Monarawana	108A	4.83	7.055451	81.284144	36	141
LK-8209100	Mellagama	111B	19.16	7.059335	81.310302	36	141
LK-8209105	Thambana	111C	35.14	7.062318	81.344045	36	141
LK-8209110	Thimbiriya	110 E	7.6	7.023449	81.290851	36	141
LK-8209115	Medagama	110 D	2.53	7.032064	81.274758	36	141
LK-8209120	Elhena	109 A	3.42	7.048457	81.26108	36	141
LK-8209125	Pitadeniya	110 B	5.56	7.030763	81.2573	36	141
LK-8209130	Kinnarabowa	110 I	5.34	7.008309	81.252626	36	141
LK-8209135	Ilukkumbura	110 F	6.06	7.007037	81.270783	36	141
LK-8209140	Bakinigahawela	110 A	2.48	7.00572	81.289481	36	141
LK-8209145	Pubbara	111	7.49	6.993541	81.307542	36	141
LK-8209150	Polgahapitiya	110 H	10.03	6.984833	81.276542	36	141
LK-8209155	Kendavinna	110 C	4.46	6.975554	81.259553	36	141
LK-8209160	Alana	110 G	8.75	6.978874	81.24373	36	141
LK-8209165	Rattanadeniya	111 A	9.18	6.952947	81.276179	36	141
LK-8209170	Amunekandura	111 E	5.9	6.961462	81.290356	36	141
LK-8209175	Keenagoda	111 D	6.56	6.962211	81.305105	36	141
LK-8212005	Nape	120	57.06	7.100891	81.488911	38	142
LK-8212010	Buddama	121A	5.4	7.046126	81.493241	38	142
LK-8212015	Waragama	121	29.38	7.058881	81.5144	38	142
LK-8212020	Kotagoda	122C	24.25	7.058759	81.568774	38	142
LK-8212025	Weragoda	122B	18.34	7.041492	81.597938	38	142
LK-8212030	Newgala	122I	31.76	6.998872	81.593395	38	142
LK-8212035	Govindupura	122H	22.74	7.031978	81.548241	38	142
LK-8212040	Pallewela	122A	13.88	7.009091	81.51208	38	142
LK-8212045	Ambagahapitiya	121B	7.02	7.018364	81.496778	38	142
LK-8212050	Meeyagala	120A	16.16	7.043712	81.446714	38	142
LK-8212055	Barawaya	122	7.31	6.988812	81.531274	38	142
LK-8212060	Kooragammana	122J	4.25	6.992402	81.553771	38	142
LK-8212065	Kalugollayaya	122K	5.28	6.973927	81.553721	38	142
LK-8212070	Samanala Bedda	122F	5.06	6.971645	81.528241	38	142
LK-8212075	Muthukandiya	122D	4.2	6.952056	81.518571	38	142
LK-8212080	Yakkadurawa	122G	7.32	6.944946	81.536304	38	142
LK-8212085	Galamuna	122E	3.86	6.957311	81.548936	38	142
LK-8212090	Helamulla	123G	11.14	6.955933	81.569432	38	142
LK-8212095	Pallegama	123K	29.41	6.945309	81.613931	38	142
LK-8212100	Maha Kalugolla	123B	18.86	6.889512	81.612687	38	142
LK-8212105	Karambagoda	123J	20.78	6.903317	81.58543	38	142
LK-8212110	Ruhunu Danawwa	123E	4.41	6.93374	81.562788	38	142
LK-8212115	Sri Wijithapura	123D	5.53	6.903761	81.565028	38	142
LK-8212120	Siyambalanduwa	123	3.08	6.911035	81.554781	38	142
LK-8212125	Manabharana	123F	4.65	6.922869	81.546696	38	142
LK-8212130	Madugama	123C	33.21	6.895225	81.538204	38	142
LK-8212135	Kivulayaya	123H	6.41	6.906296	81.51087	38	142
LK-8212140	Kodayana	123A	10.76	6.904297	81.492015	38	142
LK-8212145	Nugagahakivula	123I	11.91	6.899202	81.473566	38	142
LK-8212150	Kotiyagoda	128D	4.91	6.915435	81.463715	38	142
LK-8212155	Indigasella	128E	4.48	6.899912	81.457325	38	142
LK-8212160	Dombagahawela	128A	6.83	6.898333	81.443673	38	142
LK-8212165	Liyangolla	128B	7.61	6.901637	81.42527	38	142
LK-8212170	Beraliyapola	128C	8.54	6.890893	81.405974	38	142
LK-8212175	Kimbulawela	128	8.73	6.908765	81.392389	38	142
LK-8212180	Pahatha Arawa	126B	57.09	6.824423	81.449421	38	142
LK-8212185	Ethimale	126	5.94	6.851702	81.507893	38	142
LK-8212190	Guruhela	126C	10.7	6.874217	81.500713	38	142
LK-8212195	Gemunupura	124E	6.4	6.8416	81.523195	38	142
LK-8212200	Perakumpura	124D	4.08	6.841848	81.536322	38	142
LK-8212205	Siripura	124G	46.68	6.8389	81.581698	38	142
LK-8212210	Thissapura	124B	6.59	6.815357	81.557081	38	142
LK-8212215	Ethimale Colony	124A	1.71	6.820974	81.536348	38	142
LK-8212220	Minipura	124F	3.01	6.813384	81.531477	38	142
LK-8212225	Vilaoya	126A	12.81	6.830882	81.498713	38	142
LK-8212230	Wattegama	124	125.77	6.728805	81.481767	38	142
LK-8212235	Wijayapura	124C	19.07	6.796868	81.586039	38	142
LK-8212240	Kotiyagala	124H	295.56	6.687235	81.537405	38	142
LK-8215005	Tenwatta	130E	6.4	6.918571	81.295505	37	142
LK-8215010	Guruhela	130F	7.65	6.914443	81.309212	37	142
LK-8215015	Batugammana	130	9.31	6.939578	81.316243	37	142
LK-8215020	Debeddekivula	130C	4.2	6.91664	81.331878	37	142
LK-8215025	Weliyaya	130B	10.75	6.898258	81.362901	37	142
LK-8215030	Rattanapitiya	130D	5.82	6.897998	81.329916	37	142
LK-8215035	Nakkala	130A	2.9	6.888223	81.303284	37	142
LK-8215040	Hidikivula	129D	9.4	6.868674	81.31547	37	142
LK-8215045	Hulandawa	129C	3.68	6.868849	81.335153	37	142
LK-8215050	Magandanamulla	129E	2.2	6.881736	81.33918	37	142
LK-8215055	Monaragala	129B	2.27	6.874882	81.352745	37	142
LK-8215060	Aliyawatta	129I	15.57	6.86866	81.375206	37	142
LK-8215065	Kolonvinna	127	16.13	6.860446	81.404437	37	142
LK-8215070	Bohitiya	127B	13.07	6.853816	81.424449	37	142
LK-8215075	Kawdawa	129A	5.82	6.838226	81.37478	37	142
LK-8215080	Hulandawa Left	129G	4.57	6.835871	81.359154	37	142
LK-8215085	Viharamulla	129F	2.47	6.862558	81.351636	37	142
LK-8215090	Muppane	129	2.58	6.852309	81.341142	37	142
LK-8215095	Maduruketiya	131B	15.81	6.841543	81.30574	37	142
LK-8215100	Kumbukkana	131A	27.55	6.811786	81.276542	37	142
LK-8215105	nan	131C	30.51	6.796933	81.328992	37	142
LK-8215110	Hulandawa South	129H	25.14	6.796583	81.35423	37	142
LK-8215115	Marawa	125A	7.41	6.812709	81.38461	37	142
LK-8215120	Veheragala	127A	12.47	6.802138	81.413719	37	142
LK-8215125	Thenagallanda	125B	16.56	6.784321	81.398978	37	142
LK-8215130	Kahambana	125	30.29	6.757846	81.399405	37	142
LK-8218005	Gedavila	134D	5.52	6.934776	81.217687	31	142
LK-8218010	Karandagama	133A	9.51	6.945068	81.23872	31	142
LK-8218015	Ella	134F	2.67	6.941179	81.252231	31	142
LK-8218020	Pallegama	134E	3.87	6.941924	81.261419	31	142
LK-8218025	Thalawagama	134B	6.54	6.914085	81.279949	31	142
LK-8218030	Mailagasthenna	134G	4.34	6.919721	81.270755	31	142
LK-8218035	Karavila	134A	4.55	6.918442	81.252859	31	142
LK-8218040	Madamagama	133D	2.76	6.921084	81.233084	31	142
LK-8218045	Wekumbura	134	2.15	6.911527	81.225124	31	142
LK-8218050	Maiyokka Watta	134C	3.05	6.914503	81.21411	31	142
LK-8218055	Waradola	135	4.1	6.913546	81.198739	31	142
LK-8218060	Ankada	135C	5.04	6.904847	81.188443	31	142
LK-8218065	Kotamuduna	135A	4.2	6.896939	81.175323	31	142
LK-8218070	Alupotha	132	4.6	6.896996	81.208486	31	142
LK-8218075	Wasipaha	133	2.21	6.894268	81.224055	31	142
LK-8218080	Badalkumbura	133B	1.79	6.893414	81.236805	31	142
LK-8218085	Maligathenna	133C	3.36	6.905085	81.239804	31	142
LK-8218090	nan	131C	2.97	6.900702	81.255964	31	142
LK-8218095	Madukotan Arawa	131B	4.98	6.879748	81.265398	31	142
LK-8218100	Yakurawa	131	9.02	6.869052	81.280984	31	142
LK-8218105	Therappahuwa	131D	7.48	6.875817	81.291403	31	142
LK-8218110	Punsisigama	139A	3.17	6.874265	81.247492	31	142
LK-8218115	Madugahapattiya	139E	3.02	6.8861	81.246911	31	142
LK-8218120	Kalagahakivula	139F	1.85	6.876923	81.233087	31	142
LK-8218125	Madugasmulla	132A	4.58	6.877028	81.21436	31	142
LK-8218130	Ranugalla	135B	15.28	6.862657	81.185998	31	142
LK-8218135	Ethpattiya	136A	4.06	6.888284	81.160415	31	142
LK-8218140	Miyanakadura	136	10.13	6.868653	81.155092	31	142
LK-8218145	Dewathura	136B	7.57	6.861285	81.129572	31	142
LK-8218150	Naranwatta	138C	2.8	6.865139	81.214483	31	142
LK-8218155	Athala	139	4.82	6.85524	81.243731	31	142
LK-8218160	Eththalamulla	139C	6.23	6.848969	81.25919	31	142
LK-8218165	Muthukeliyawa	139B	5.38	6.83007	81.254943	31	142
LK-8218170	Meegahayaya	139D	8.93	6.841872	81.230321	31	142
LK-8218175	Bogahapelessa	138	10.31	6.84039	81.21389	31	142
LK-8218180	Dambagahawela	137A	10.84	6.83874	81.154731	31	142
LK-8218185	Hingurukaduwa	137	7.18	6.817339	81.154407	31	142
LK-8218190	Keliwessa	137B	10.36	6.821981	81.175399	31	142
LK-8218195	Moratuwagama	138A	8.37	6.82496	81.200174	31	142
LK-8218200	Lunugala Colony	138B	10.61	6.80817	81.221066	31	142
LK-8218205	Katugahagalge	139G	6.9	6.807681	81.249067	31	142
LK-8221005	Kurugama	153	14.14	6.794482	81.081614	40	143
LK-8221010	Randeniya	153A	11.66	6.803906	81.109153	40	143
LK-8221015	Siyambalagunaya	153B	17.57	6.802692	81.133258	40	143
LK-8221020	Sudupanawela	152C	17.16	6.76046	81.129789	40	143
LK-8221025	Kotikambokka	152	11.37	6.771656	81.091323	40	143
LK-8221030	Galbokka	152A	6.28	6.761163	81.07556	40	143
LK-8221035	Dimbulamure	152B	9.11	6.742479	81.07921	40	143
LK-8221040	Wellawaya	151	7.19	6.721876	81.088611	40	143
LK-8221045	Yalabowa	151C	2.26	6.714723	81.098839	40	143
LK-8221050	Nugayaya	151D	6.25	6.70285	81.111991	40	143
LK-8221055	Warunagama	151B	22.27	6.712249	81.134389	40	143
LK-8221060	Anapallama	151A	11.77	6.74389	81.159046	40	143
LK-8221065	Pubuduwewa	150F	35.34	6.663599	81.167168	40	143
LK-8221070	Neluwagala	151G	9.16	6.672832	81.136046	40	143
LK-8221075	Buduruwagala	151E	12.55	6.692398	81.120787	40	143
LK-8221080	Andawelayaya	151F	17.5	6.674033	81.088393	40	143
LK-8221085	Siripuragama	150I	28.28	6.615566	81.093756	40	143
LK-8221090	Veherayaya Colony	150H	9.04	6.634253	81.110144	40	143
LK-8221095	Veherayaya	150C	3.12	6.640659	81.118778	40	143
LK-8221100	Randenigodayaya	150E	1.98	6.640348	81.123173	40	143
LK-8221105	Handapanagala	150B	6.82	6.641912	81.135475	40	143
LK-8221110	Mahaaragama	150G	40.01	6.5824	81.166224	40	143
LK-8221115	Thelulla Colony	150K	18.55	6.562962	81.122787	40	143
LK-8221120	Ethiliwewa	150J	20.72	6.592171	81.104883	40	143
LK-8221125	Thelulla	150	7.86	6.602065	81.132604	40	143
LK-8221130	Balaharuwa	150A	58.16	6.538304	81.061882	40	143
LK-8221135	Debaraara	150L	38.47	6.500982	81.099434	40	143
LK-8221140	Kithulkote	150M	94.59	6.494098	81.179592	40	143
LK-8221145	Uva Kudaoya	150D	35.77	6.541761	81.166796	40	143
LK-8224005	Uda Arawa	143/2	11.68	6.786879	81.170208	33	143
LK-8224010	Horabokka	143/1	9.21	6.782587	81.196896	33	143
LK-8224015	Unawatuna	140/A/1	6.63	6.768263	81.216044	33	143
LK-8224020	Yudaganawa	140A	9.19	6.778618	81.228839	33	143
LK-8224025	Dikyaya	140/3	9.57	6.780937	81.251638	33	143
LK-8224030	Udagama	140	2.04	6.760888	81.250032	33	143
LK-8224035	Mahagodayaya	140/2	13.78	6.767065	81.284508	33	143
LK-8224040	Gaminipura	145B	6.61	6.771691	81.306646	33	143
LK-8224045	Okkampitiya	145	4.64	6.751917	81.299994	33	143
LK-8224050	Galtemmandiya	145/B/1	5.04	6.758493	81.323652	33	143
LK-8224055	Ulugala	145/A/1	7.16	6.732391	81.333452	33	143
LK-8224060	Maligavila	145A	31.73	6.711045	81.388067	33	143
LK-8224065	Minipuragama	145/A/2	4.68	6.712997	81.35443	33	143
LK-8224070	Buruthagolla	145/B/2	12.01	6.72309	81.322674	33	143
LK-8224075	Pahalagama	145/1	4.9	6.728263	81.301332	33	143
LK-8224080	Konketiya	142A	73.02	6.69249	81.29075	33	143
LK-8224085	Medagama	142	9.01	6.741162	81.251701	33	143
LK-8224090	Pettagamwela	140/1	4.81	6.76348	81.265103	33	143
LK-8224095	Puhulkotuwa	142/3	5.04	6.740021	81.225973	33	143
LK-8224100	Veheragala	140/B/1	2.93	6.739516	81.211288	33	143
LK-8224105	Pelwatta	143	16.02	6.761478	81.179757	33	143
LK-8224110	Mahasenpura	143/A/1	9.96	6.731815	81.185612	33	143
LK-8224115	Kumaragama	143/A/2	15.48	6.687547	81.188436	33	143
LK-8224120	Kukurampola	143A	8.39	6.688755	81.203249	33	143
LK-8224125	Kumarapura	140B	24.01	6.672376	81.227849	33	143
LK-8224130	Yatiyallathota	142/2	20.72	6.68986	81.240107	33	143
LK-8224135	Waguruwela	142/1	10.92	6.714908	81.255787	33	143
LK-8224140	Gonagan Ara	142B	296.59	6.604903	81.360264	33	143
LK-8224145	Rahathangama	143/A/3	74.09	6.598512	81.214798	33	143
LK-8227005	Sella Katharagama	146A	48.93	6.486107	81.306379	34	143
LK-8227010	Katharagama	146	415.58	6.513051	81.415021	34	143
LK-8227015	Detagamuwa	146B	21.72	6.402307	81.359185	34	143
LK-8227020	Kandasurindugama	146C	19.85	6.391094	81.309617	34	143
LK-8227025	Karavile	146D	103.01	6.463049	81.254351	34	143
LK-8230005	Kandiyapitawewa	149C/1	45.41	6.650834	80.936997	39	143
LK-8230010	Kotavehera Mankada	149C	19.17	6.616966	80.899464	39	143
LK-8230015	Aluthwewa	149D	64.98	6.574408	80.910692	39	143
LK-8230020	Hambegamuwa	149	168.46	6.517734	80.886356	39	143
LK-8230025	Hambegamuwa Colony	149/1	76.49	6.487083	80.958307	39	143
LK-8230030	Kahakurullan Pelessa	149/2	36.39	6.535203	81.004409	39	143
LK-8230035	Mahawewa	148A	23.4	6.475383	81.013988	39	143
LK-8230040	Sooriyaara	148	21.82	6.423311	81.011157	39	143
LK-8230045	Usgala	148B	9.0	6.434901	81.035337	39	143
LK-8230050	Nikawewa	147B	25.29	6.438452	81.061367	39	143
LK-8230055	Bodagama	147D	20.67	6.443623	81.093043	39	143
LK-8230060	Kivul Ara	147C	5.42	6.453454	81.121072	39	143
LK-8230065	Sittarama	147	71.24	6.43849	81.17589	39	143
LK-8230070	Seenukkuwa	147A	47.8	6.379093	81.240085	39	143
LK-8233005	Katupilagama	149A	35.48	6.406287	80.870512	39	143
LK-8233010	Habaraluwewa	149E	14.19	6.399673	80.934318	39	143
LK-8233015	Samagipura	149G	9.82	6.39437	80.972333	39	143
LK-8233020	Weliara	149G/1	5.68	6.404596	80.989508	39	143
LK-8233025	Punchiwewa	149G/2	5.5	6.386898	80.994147	39	143
LK-8233030	Kiri Ibbanwewa	149E/2	9.59	6.38305	80.951371	39	143
LK-8233035	Sevanagala	149E/1	21.67	6.387664	80.912422	39	143
LK-8233040	Muthuminigama	149/A/1	13.87	6.376371	80.883464	39	143
LK-8233045	Bahirawa	149/B/1	3.3	6.346654	80.915324	39	143
LK-8233050	Indikolapelessa	149/B/2	6.16	6.357156	80.931928	39	143
LK-8233055	Habarugala	149F	20.97	6.345219	80.956226	39	143
LK-8233060	Nugegalayaya	149F/1	22.18	6.35948	80.994403	39	143
LK-8233065	Mahagama	149B	9.18	6.309853	80.930909	39	143
LK-8233070	Habarattawela	149/B/3	6.71	6.329616	80.917166	39	143
LK-9103005	Divurumpitiya	137B	2.4	6.918689	80.222354	34	153
LK-9103010	Hewainna	139B	3.84	6.902409	80.200868	34	153
LK-9103015	Kalatuwawa East	139A	4.99	6.894616	80.211171	34	153
LK-9103020	Getahetta	137C	2.72	6.911174	80.227967	34	153
LK-9103025	Walavita	137	1.46	6.898886	80.224943	34	153
LK-9103030	Meennana	137A	3.9	6.892903	80.236503	34	153
LK-9103035	Bopetta Didda	137E	4.18	6.885709	80.253783	34	153
LK-9103040	Thoranakada	136C	2.75	6.876035	80.245594	34	153
LK-9103045	Ganegoda	138B	2.84	6.871189	80.235087	34	153
LK-9103050	Iddamalgoda	138	2.48	6.868269	80.225371	34	153
LK-9103055	Huladduwa	138D	2.52	6.879012	80.209049	34	153
LK-9103060	Kalatuwawa West	139	11.56	6.870385	80.195184	34	153
LK-9103065	Uduwaka	138C	1.46	6.867422	80.215722	34	153
LK-9103070	Napawala	138A	2.52	6.854424	80.217243	34	153
LK-9103075	Pelpitiya	136E	1.21	6.862729	80.246228	34	153
LK-9103080	Udumatta	136F	0.82	6.865781	80.25677	34	153
LK-9103085	Vilegoda	136B	1.4	6.867687	80.264619	34	153
LK-9103090	Vilegoda East	137D	0.64	6.864998	80.268345	34	153
LK-9103095	Eheliyagoda Watta	126D	3.51	6.858489	80.277815	34	153
LK-9103100	Asgangula North	126B	0.51	6.855751	80.267936	34	153
LK-9103105	Kendangamuwa Ihalagama	136	0.65	6.856021	80.261284	34	153
LK-9103110	Moragala	136D	0.65	6.857133	80.254648	34	153
LK-9103115	Bulugahapitiya	141	3.26	6.8511	80.246868	34	153
LK-9103120	Yakudagoda	136G	0.99	6.843837	80.264337	34	153
LK-9103125	Kendangamuwa	136A	0.42	6.851016	80.264407	34	153
LK-9103130	Asgangula South	126C	0.45	6.849801	80.269962	34	153
LK-9103135	Mahara	126	0.45	6.846206	80.275762	34	153
LK-9103140	Mahingoda	126A	1.4	6.841952	80.270488	34	153
LK-9103145	Nakandala	140B	1.33	6.831497	80.257954	34	153
LK-9103150	Viyalagoda	140A	1.68	6.829339	80.267433	34	153
LK-9103155	Kendangamuwa Pahalagama	140	1.4	6.838091	80.256186	34	153
LK-9103160	Paleegala	141B	2.78	6.837925	80.241473	34	153
LK-9103165	Miyanakolathenna	141C	1.28	6.848318	80.234614	34	153
LK-9103170	Mitipola	142B	5.05	6.838028	80.224465	34	153
LK-9103175	Mapota	143C	5.5	6.839589	80.2083	34	153
LK-9103180	Karandana North	143	14.02	6.807385	80.199446	34	153
LK-9103185	Kiriporuwa	142	3.59	6.810666	80.231921	34	153
LK-9103190	Nedurana	141A	3.82	6.822881	80.247757	34	153
LK-9103195	Erepola	142C	3.53	6.805759	80.245319	34	153
LK-9103200	Sirisamanpura	143E	5.54	6.797073	80.228773	34	153
LK-9103205	Nugadanda	143B	6.55	6.774818	80.197134	34	153
LK-9103210	Karandana West	143D	5.06	6.774295	80.211094	34	153
LK-9103215	Karandana South	143A	5.08	6.777515	80.222005	34	153
LK-9103220	Hindurangala	142A	8.78	6.779904	80.25045	34	153
LK-9106005	Amuhenkanda	146A	4.65	6.842115	80.284306	39	153
LK-9106010	Pathberiya West	127B	3.98	6.840934	80.301963	39	153
LK-9106015	Pathberiya	127	6.28	6.841794	80.315898	39	153
LK-9106020	Meneripitiya	127C	5.41	6.823986	80.322957	39	153
LK-9106025	Parakaduwa	127A	1.1	6.82583	80.30217	39	153
LK-9106030	Bodhimaluwa	146B	1.72	6.821734	80.292569	39	153
LK-9106035	Thalavitiya	146	4.4	6.823004	80.277983	39	153
LK-9106040	Pohorabawa	148	5.44	6.80088	80.304926	39	153
LK-9106045	Pussella	158	6.45	6.810197	80.333066	39	153
LK-9106050	Devipahala	160A	9.41	6.8232	80.355692	39	154
LK-9106055	Endiriyanwala	160	9.22	6.829249	80.3741	39	154
LK-9106060	Erathna	161	6.78	6.846693	80.401934	39	154
LK-9106065	Adavikanda	161B	11.67	6.826108	80.43535	39	154
LK-9106070	Lassakanda	161C	6.69	6.819514	80.410688	39	154
LK-9106075	Sudagala	161A	12.12	6.813583	80.39031	39	154
LK-9106080	nan	159B	3.19	6.794229	80.373504	39	154
LK-9106085	Kiragala	159D	2.69	6.806153	80.358211	39	154
LK-9106090	Kandangoda	157	1.75	6.792895	80.349374	39	154
LK-9106095	Millavitiya	158A	5.27	6.794024	80.33364	39	153
LK-9106100	Miyanadeniya	148A	5.75	6.779197	80.303515	39	153
LK-9106105	Ovitigama	156C	2.16	6.782344	80.317144	39	154
LK-9106110	Theppanawa	156	3.09	6.76346	80.320954	39	154
LK-9106115	Theppanawa Ihalagama	156A	3.44	6.766887	80.328157	39	154
LK-9106120	Pahala Kuruvita	155C	3.35	6.76676	80.349749	39	154
LK-9106125	Kandangoda South	157A	2.21	6.782394	80.346452	39	154
LK-9106130	Wathuyaya	159	1.53	6.788635	80.360061	39	154
LK-9106135	Udakada	159A	0.39	6.789013	80.368274	39	154
LK-9106140	Ekneligoda	159C	1.08	6.77987	80.372601	39	154
LK-9106145	Delgamuwa	155B	1.13	6.780594	80.363438	39	154
LK-9106150	Kuruvita	155	4.31	6.767601	80.361975	39	154
LK-9106155	Walandura	154	7.59	6.768441	80.38978	39	154
LK-9106160	Nadukaradeniya	154B	2.31	6.761533	80.377486	39	154
LK-9106165	Kahengama	154A	4.04	6.748261	80.368958	39	154
LK-9106170	Pathagama	155D	3.95	6.759497	80.3429	39	154
LK-9106175	Theppanawa Pahalagama	156B	2.02	6.754913	80.314586	39	154
LK-9106180	Kithulpe	155A	6.29	6.736073	80.343455	39	154
LK-9106185	Kahengama West	154D	3.89	6.738469	80.355236	39	154
LK-9106190	Kosgoda	154E	1.21	6.737488	80.378517	39	154
LK-9106195	Galukagama	154C	3.03	6.724442	80.360768	39	154
LK-9109005	Ellawala	147	5.33	6.809289	80.262842	39	153
LK-9109010	Deheragoda	147B	5.29	6.806132	80.286246	39	153
LK-9109015	Kanuggalla	147C	2.44	6.786407	80.288152	39	153
LK-9109020	Ellawala Pahalagama	147A	5.75	6.788013	80.269393	39	153
LK-9109025	Mudunkotuwa	149	5.04	6.765019	80.29495	39	153
LK-9109030	Akurana	149B	3.91	6.769167	80.276694	39	153
LK-9109035	Kiriella	145	3.01	6.7556	80.268089	39	153
LK-9109040	Handukanda	145D	1.21	6.755804	80.259631	39	153
LK-9109045	Epitawala	145A	3.88	6.745651	80.251298	39	153
LK-9109050	Munasinhapura	145C	5.5	6.75246	80.237762	39	153
LK-9109055	Yatipawwa	144	6.43	6.74417	80.223294	39	153
LK-9109060	Ellagawa	144A	3.47	6.743067	80.20786	39	153
LK-9109065	Idangoda	145B	3.92	6.7414	80.267932	39	153
LK-9109070	Matuwagala	149A	5.99	6.74373	80.284585	39	153
LK-9109075	Dodampe West	150A	8.83	6.737025	80.303523	39	154
LK-9109080	Dodampe	150	6.9	6.729668	80.328333	39	154
LK-9109085	Holeepitiya	150B	2.52	6.711874	80.347475	39	154
LK-9112005	Gileemale North	162	6.85	6.771952	80.404224	42	154
LK-9112010	Ketawala	162E	6.72	6.781516	80.418356	42	154
LK-9112015	Guruluwana	162G	10.33	6.785585	80.430906	42	154
LK-9112020	Siripagama	162C	9.94	6.807186	80.456831	42	154
LK-9112025	Sri Palabaddala	162B	16.6	6.794698	80.46703	42	154
LK-9112030	Mapalana	162H	13.28	6.776817	80.469835	42	154
LK-9112035	Kudawa	162A	33.82	6.755996	80.498458	42	154
LK-9112040	Dehenakanda	164F	16.44	6.738104	80.546275	42	154
LK-9112045	Bambarabotuwa	164A	13.55	6.733091	80.568428	42	155
LK-9112050	Alupola	165B	18.41	6.694457	80.559655	42	155
LK-9112055	Balakotunna	164E	6.31	6.704518	80.586984	42	155
LK-9112060	Hapugasthenna	164G	7.93	6.725636	80.520129	42	155
LK-9112065	Rathgama	162F	9.5	6.723929	80.485592	42	154
LK-9112070	Gileemale South	163	14.43	6.744249	80.444374	42	154
LK-9112075	Pagoda	163D	4.21	6.740731	80.432441	42	154
LK-9112080	Embuldeniya	162D	4.48	6.742446	80.417447	42	154
LK-9112085	Malangama	153B	5.04	6.747799	80.395741	42	154
LK-9112090	Amuthagoda	153C	2.61	6.721672	80.377206	42	154
LK-9112095	Kahangama	151B	3.54	6.709054	80.361136	42	154
LK-9112100	Ketaliyampalla	151A	2.13	6.70668	80.376175	42	154
LK-9112105	New Town	153A	6.43	6.714741	80.392463	11/42	154
LK-9112110	Ellegedara	153	4.79	6.734997	80.400398	42	154
LK-9112115	Malwala	163A	6.41	6.716414	80.424931	42	154
LK-9112120	Durekkanda	163E	6.43	6.711814	80.448913	42	154
LK-9112125	Galabada	164D	3.3	6.703941	80.470648	42	155
LK-9112130	Gallella	164	4.38	6.707418	80.49163	42	155
LK-9112135	Amunuthenna	164C	3.57	6.712906	80.524616	42	155
LK-9112140	Kempanawatta	165D	5.59	6.694339	80.531193	42	155
LK-9112145	Gurubevilagama	164B	14.94	6.680298	80.595734	42	155
LK-9112150	Batewela	165	6.26	6.678981	80.562644	42	155
LK-9112155	Hettikanda	165C	9.73	6.672326	80.544192	42	155
LK-9112160	Banagoda	165A	7.0	6.69056	80.50593	42	155
LK-9112165	Heenberenduwa	165E	4.45	6.688579	80.48695	42	155
LK-9112170	Egoda Malwala	163C	5.7	6.692634	80.439221	42	154
LK-9112175	Meehitiya	163B	3.26	6.702035	80.41944	42	154
LK-9112180	Kospelavinna	153D	2.35	6.707649	80.40162	11	154
LK-9112185	Weralupe	152B	2.83	6.693299	80.393218	11	154
LK-9112190	Dewalegawa	151	1.52	6.692727	80.380062	11/42	154
LK-9112195	Muwagama	182	1.64	6.683188	80.386392	11/42	154
LK-9112200	Ratnapura Town West	152F	0.49	6.681295	80.398908	11	154
LK-9112205	Ratnapura Town North	152E	0.83	6.685171	80.404511	11	154
LK-9112210	Mihindugama	152D	1.45	6.694428	80.404809	11	154
LK-9112215	Mahawala	152C	1.65	6.698251	80.409832	11	154
LK-9112220	Godigamuwa	152	0.95	6.685483	80.415016	11	154
LK-9112225	Ratnapura Town	152A	0.23	6.679002	80.405843	11	154
LK-9112230	Mudduwa East	182D	1.23	6.672184	80.397104	11	154
LK-9112235	Samagipura	182C	0.67	6.673051	80.389372	11	154
LK-9112240	Ethoya	182E	3.41	6.659541	80.402911	42	154
LK-9112245	Mudduwa	182A	0.85	6.670567	80.403791	11/42	154
LK-9112250	Batugedara	181	1.28	6.674773	80.412335	11	154
LK-9112255	Angammana	181C	0.93	6.680194	80.419528	11	154
LK-9112260	Thiriwanketiya	181 B	1.44	6.673711	80.423713	11	154
LK-9112265	Kolandagala	181A	5.58	6.678694	80.436777	11/42	155
LK-9115005	Rawanakanda	266B	7.48	6.741544	80.599828	36	156
LK-9115010	Gallenakanda	266C	10.35	6.734499	80.622924	36	156
LK-9115015	Kattadikanda	266D	3.93	6.732831	80.641194	36	156
LK-9115020	Waleboda North	266A	2.94	6.725986	80.644861	36	156
LK-9115025	Bellankanda	267B	3.65	6.728656	80.654062	36	156
LK-9115030	Bolthumbe	267	10.31	6.737817	80.665142	36	156
LK-9115035	Pinnawala	268A	3.33	6.731968	80.677839	36	156
LK-9115040	Udagama	268	3.34	6.734877	80.68506	36	156
LK-9115045	Maddegama	269	6.15	6.735482	80.693184	36	156
LK-9115050	Pidaligannawela	269B	7.67	6.739507	80.710265	36	156
LK-9115055	Ihalagalagama	278	5.81	6.748648	80.730588	36	156
LK-9115060	Viharawela	278A	11.56	6.747503	80.748257	36	156
LK-9115065	Kumburutheniwela	279A	8.8	6.750661	80.765389	36	156
LK-9115070	Belihuloya	279	2.98	6.735695	80.768782	36	156
LK-9115075	Yakdehiwela	279B	12.94	6.746462	80.780623	36	156
LK-9115080	Muttettuwegama	276	8.33	6.728675	80.784371	36	156
LK-9115085	Puwakgahawela	276A	10.64	6.728575	80.799913	36	156
LK-9115090	Budunwela	277A	7.25	6.728537	80.81414	36	156
LK-9115095	Halpe	277	5.09	6.739927	80.823876	36	156
LK-9115100	Nittamaluwa	277B	8.9	6.736894	80.845088	36	156
LK-9115105	Kumbalgama	275A	9.26	6.684794	80.804751	36	156
LK-9115110	Kinchigune	275	2.84	6.694503	80.789581	36	156
LK-9115115	Karagasthalawa	276B	1.89	6.708054	80.781697	36	156
LK-9115120	Seelogama	274	5.8	6.700873	80.76758	36	156
LK-9115125	Imbulpe	272	6.83	6.700981	80.748993	36	156
LK-9115130	Passaramulla	272A	9.66	6.715237	80.727449	36	156
LK-9115135	Alakolaella	271	3.27	6.711642	80.705945	36	156
LK-9115140	Atawakwela	271A	3.09	6.71083	80.696112	36	156
LK-9115145	Kanathiriyanwala	269A	2.53	6.703041	80.682609	36	156
LK-9115150	Pallewela	267C	1.84	6.701676	80.673011	36	156
LK-9115155	Gurubevila	267A	2.38	6.717042	80.654912	36	156
LK-9115160	Pandeniya	267D	2.16	6.703782	80.658038	36	156
LK-9115165	Pagalovita	264C	2.79	6.692073	80.681455	36	156
LK-9115170	Maddethalawa	264B	2.38	6.689851	80.709751	36	156
LK-9115175	Amuwathugoda	272B	2.32	6.699388	80.723718	36	156
LK-9115180	Medagedaragoda	272C	2.0	6.699793	80.73639	36	156
LK-9115185	Aluthnuwara	273	2.77	6.684695	80.75062	36	156
LK-9115190	Thotapalla	273A	3.85	6.676632	80.766487	36	156
LK-9115195	Ulupitiya	262C	2.22	6.668476	80.768906	36	156
LK-9115200	Mamalgaha	273B	2.36	6.671351	80.74881	36	156
LK-9115205	Welanhinna	263B	2.62	6.667069	80.740319	36	156
LK-9115210	Amupitiya	273C	2.71	6.684626	80.731799	36	156
LK-9115215	Naluwela	263A	2.03	6.678967	80.720447	36	156
LK-9115220	Wegapitiya	264A	4.27	6.678	80.709074	36	156
LK-9115225	Morahela	264	2.2	6.684571	80.687441	36	156
LK-9115230	Oluganthota	264D	2.37	6.667268	80.710193	21/36	156
LK-9115235	Rathmalavinna	263	1.77	6.669929	80.725395	36	156
LK-9115240	Karadiyamulla	262A	4.65	6.65798	80.730806	36	156
LK-9115245	Hatharabage	262	4.1	6.650701	80.753069	36	156
LK-9115250	Thunkinda	262B	14.61	6.657291	80.779599	36	156
LK-9118005	nan	266	6.33	6.721134	80.606566	33	156
LK-9118010	Welekumbura	265A	3.26	6.701373	80.644461	33	156
LK-9118015	Wijanathkumbura	265C	2.11	6.68635	80.670384	33	156
LK-9118020	Bulathgama	254F	2.01	6.673426	80.681749	21/33	156
LK-9118025	Thumbagoda	256C	3.66	6.661983	80.696052	21/33	156
LK-9118030	Kirindigala	256B	2.44	6.656827	80.707786	21/33	156
LK-9118035	Yahalewela	252B	2.85	6.643264	80.730739	33	156
LK-9118040	Batugammana	252A	4.39	6.633492	80.749191	33	156
LK-9118045	Aldora	261A	5.94	6.619544	80.75802	33	156
LK-9118050	Watawala	258D	8.74	6.625606	80.792637	33	156
LK-9118055	Mulgama	258A	29.08	6.647485	80.8167	33	156
LK-9118060	Damahana	260	2.98	6.608127	80.737939	33	156
LK-9118065	Godakumbura	261	2.7	6.596029	80.79107	33	156
LK-9118070	Imbulamura	252C	3.48	6.5968	80.773735	33	156
LK-9118075	Mahawalathenna	250A	2.71	6.591171	80.756354	33	156
LK-9118080	Theladiriya	250	4.1	6.59445	80.739144	21/33	156
LK-9118085	Mawela	250B	5.15	6.611153	80.718259	21/33	156
LK-9118090	Welage	256A	3.58	6.613233	80.695586	21	156
LK-9118095	Gawaranhena	256	4.43	6.60916	80.670483	21/33	156
LK-9118100	Horaketiya	254D	4.78	6.624553	80.672251	33	156
LK-9118105	Rajawaka	254A	6.53	6.607983	80.800484	33	156
LK-9118110	Bowatta	254E	3.59	6.613613	80.771674	33	156
LK-9118115	Vikiliya	265B	4.39	6.61545	80.747188	33	156
LK-9118120	Thotupalathenna	265D	1.0	6.635545	80.732702	33	156
LK-9118125	Kirimetithenna	265	2.98	6.629274	80.724185	33	156
LK-9118130	Dehigasthalawa	254B	1.54	6.642312	80.713023	33	156
LK-9118135	Balangoda Town	254	0.62	6.648537	80.699806	33	156
LK-9118140	Balangoda	254C	2.25	6.644749	80.692423	33	156
LK-9118145	Jahinkanda	255	1.39	6.66229	80.678515	33	156
LK-9118150	Meddekanda	255A	2.53	6.67278	80.66853	21/33	156
LK-9118155	Ellewatta	255C	4.4	6.677887	80.649964	21/33	156
LK-9118160	Polwathugoda	255B	4.56	6.686291	80.642849	21/33	156
LK-9118165	Durakanda	252	2.97	6.706813	80.6245	33	156
LK-9118170	Rassagala	260D	7.6	6.694574	80.620525	33	156
LK-9118175	Ampitiyawatta	253	6.64	6.668601	80.639472	33	156
LK-9118180	Massenna	253A	3.54	6.655915	80.677348	33	156
LK-9118185	Pettigala	252E	11.96	6.648748	80.670804	33	156
LK-9118190	Pallekanda	251A	1.64	6.635698	80.679374	33	156
LK-9118195	Ellepola	251	1.21	6.631936	80.689585	33	156
LK-9118200	Thalangama	251B	5.83	6.626591	80.701258	33	156
LK-9118205	Kumara Gama	266E	1.6	6.637144	80.708385	33	156
LK-9119005	Diyavinna	258C	32.24	6.550482	80.835497	33	156
LK-9119010	Kalthota	258	6.73	6.642885	80.881688	33	156
LK-9119015	Uggalkalthota Left Bank South	259A	2.91	6.641889	80.892948	33	156
LK-9119020	Medabedda	258B	2.52	6.66329	80.899823	33	156
LK-9119025	Neluyaya	258E	4.81	6.673818	80.90907	33	156
LK-9119030	Uggalkalthota Left Bank Left	259	2.43	6.637408	80.895305	33	156
LK-9119035	Welipathayaya	260B	3.02	6.620517	80.875065	33	156
LK-9119040	Kuragala	258F	5.93	6.622195	80.854614	33	156
LK-9119045	Molamura	260C	10.8	6.607388	80.837566	33	156
LK-9119050	Kongahamankada	260F	8.63	6.593759	80.864947	33	156
LK-9119055	Kalupedigama	260E	5.74	6.578232	80.849063	33	156
LK-9119060	Thanjanthenna	260A	11.87	6.64402	80.85761	33	156
LK-9121005	Polwattahena	244D	7.9	6.641403	80.587624	43	157
LK-9121010	Metihakwala	244C	5.93	6.639766	80.602091	43	157
LK-9121015	Malmeekanda	244B	5.71	6.636538	80.613195	43	157
LK-9121020	Meegahawela	245A	2.72	6.638243	80.629286	43	157
LK-9121025	Kendaketiya	245B	4.57	6.637425	80.647332	43	157
LK-9121030	Pelendakanda	246B	3.4	6.624495	80.643122	43	157
LK-9121035	Madola	246	1.86	6.620977	80.653128	43	157
LK-9121040	Udawela	246A	1.47	6.6096	80.645484	43	157
LK-9121045	Opanayaka	245	4.04	6.619708	80.62476	43	157
LK-9121050	Hunuwala North	244	2.67	6.615619	80.609019	43	157
LK-9121055	Hallinna	244A	3.06	6.61883	80.592578	43	157
LK-9121060	Hunuwala South	243	2.13	6.603156	80.603016	43	157
LK-9121065	Dandeniya	243A	5.71	6.599285	80.619917	43	157
LK-9121070	Wallaketiya	246C	5.42	6.585719	80.638561	43	157
LK-9121075	Akarella	241	4.52	6.590247	80.651683	43	157
LK-9121080	Hattella	242	3.09	6.580137	80.609195	43	157
LK-9121085	Hattella Egoda	242B	3.69	6.577244	80.622835	43	157
LK-9121090	Batadura	242A	4.88	6.566885	80.64438	43	157
LK-9121095	Liyanagoda	241A	3.65	6.578253	80.665558	43	157
LK-9121100	Galkanda	242C	2.86	6.563151	80.65681	43	157
LK-9124005	Gonakumbura	178A	4.92	6.687909	80.455475	41	155
LK-9124010	Bopetta	178	4.68	6.680821	80.476922	41	155
LK-9124015	Berenduwa	172B	8.41	6.66695	80.510155	41	155
LK-9124020	Narangoda	167A	5.1	6.650418	80.536092	41	155
LK-9124025	Kuttapitiya	166	11.16	6.648423	80.563574	41	155
LK-9124030	Ganegama	167	2.59	6.638611	80.527227	41	155
LK-9124035	Godagama	171B	3.66	6.648787	80.520619	41	155
LK-9124040	Dombagasvinna	171C	1.69	6.650531	80.505656	41	155
LK-9124045	Sannasgama	171A	1.73	6.645477	80.498966	41	155
LK-9124050	Dippitigala	172C	5.55	6.647609	80.47895	41	155
LK-9124055	Lellopitiya	172	1.28	6.665815	80.483662	41	155
LK-9124060	Welimaluwa	172A	6.54	6.65817	80.467564	41	155
LK-9124065	Gallinna	179C	4.28	6.655767	80.455521	11/41	155
LK-9124070	Maudella	179A	4.38	6.643443	80.454692	41	155
LK-9124075	Marapana	179	4.7	6.647787	80.432886	41	155
LK-9124080	Pahala Hakamuwa	180	0.98	6.66442	80.410381	41	155
LK-9124085	Ihala Hakamuwa	180B	1.68	6.661638	80.420206	41	155
LK-9124090	Pottakanda	179B	4.25	6.641059	80.42993	41	155
LK-9124095	Niralgama	180A	5.26	6.637974	80.414492	41	155
LK-9124100	Alupotha	180C	2.15	6.621709	80.411678	41	155
LK-9124105	Dewalegama	171D	9.27	6.629946	80.49739	41	155
LK-9124110	Denawaka Pathakada	171	2.28	6.634919	80.514608	41	155
LK-9124115	Rilhena	167C	2.31	6.623929	80.526659	41	155
LK-9124120	Pahala Bopitiya	167D	0.79	6.623204	80.536306	41	155
LK-9124125	Pelmadulla Town	168A	0.85	6.619275	80.544227	41	155
LK-9124130	Udathula	166A	5.03	6.632771	80.565763	41	155
LK-9124135	Warigama	168C	4.08	6.624029	80.572098	41	155
LK-9124140	Denawaka Udakada	168	2.82	6.607362	80.574977	41	155
LK-9124145	Pelmadullagama	168B	1.81	6.617772	80.551119	41	155
LK-9124150	Ihala Bopitiya	167B	3.68	6.610569	80.53093	41	155
LK-9124155	Halpawala	170A	5.83	6.595644	80.535507	41	155
LK-9124160	Kapuhenthota	170C	3.97	6.594248	80.553993	41	155
LK-9124165	Panawenna	170	2.94	6.596144	80.564856	41	155
LK-9124170	Borala	168D	2.54	6.60441	80.565465	41	155
LK-9124175	Morathota	169	2.7	6.604444	80.589414	41	155
LK-9124180	Kattange	169A	4.96	6.588857	80.588856	41	155
LK-9124185	Poronuwa	170B	5.83	6.582888	80.527182	41	155
LK-9127005	Kahawatta	189A	4.55	6.711063	80.306339	40	158
LK-9127010	Dambuluwana	189	6.08	6.709102	80.326439	40	158
LK-9127015	Raddella	187	5.34	6.699334	80.34546	40	158
LK-9127020	Haldola	187A	2.07	6.691473	80.368328	40	158
LK-9127025	Karangoda	186	4.16	6.67726	80.37115	40	158
LK-9127030	Samangama	188B	2.48	6.682961	80.349767	40	158
LK-9127035	Kehelovitigama	188A	7.06	6.687459	80.323194	40	158
LK-9127040	Weragama	184A	8.03	6.664341	80.333053	40	159
LK-9127045	Dellabada	188	3.36	6.665049	80.352676	40	158
LK-9127050	Elapatha	185	3.52	6.662671	80.368184	40	158
LK-9127055	Pallegedara	185A	1.78	6.669496	80.367451	40	158
LK-9127060	Kotamulla	183A	1.65	6.658871	80.388629	40	158
LK-9127065	Amuwala	185B	1.1	6.657965	80.382251	40	158
LK-9127070	Gangulvitiya	183C	3.83	6.645165	80.37599	40	158
LK-9127075	Niriella	184	6.19	6.632864	80.363772	40	159
LK-9127080	Palawela	184D	1.46	6.65162	80.35258	40	159
LK-9127085	Batakada	184C	6.46	6.640177	80.34635	40	159
LK-9127090	Digana	184B	5.85	6.615953	80.375775	40	159
LK-9127095	Magurugoda	183B	5.98	6.625459	80.390598	40	158
LK-9127100	Hangamuwa	183	4.65	6.64033	80.396559	40	158
LK-9130005	Dumbara	191	11.8	6.704449	80.222974	32	159
LK-9130010	Ketepola	191A	10.29	6.715046	80.240376	32	159
LK-9130015	Dethabadakanda	191D	6.2	6.707002	80.262121	32	159
LK-9130020	Madabaddara	190B	4.04	6.719393	80.26693	32	159
LK-9130025	Pahala Galathura	190C	3.16	6.725847	80.280588	32	159
LK-9130030	Galathura	190	5.31	6.707425	80.2882	32	159
LK-9130035	Sinhalagoda	190A	8.71	6.68585	80.296987	32	159
LK-9130040	Gangodakanda	193C	8.02	6.667743	80.278179	32	159
LK-9130045	Dumbara Manana	191B	13.89	6.678243	80.25028	32	159
LK-9130050	Gawaragiriya	192	6.4	6.646529	80.268206	32	159
LK-9130055	Pitakanda	193F	9.07	6.633816	80.291986	32	159
LK-9130060	Pallekada	192A	5.6	6.649159	80.29793	32	159
LK-9130065	Ellahena	193E	1.76	6.665191	80.299819	32	159
LK-9130070	Vithanagama	193B	5.8	6.659529	80.314648	32	159
LK-9130075	Ayagama	193	5.69	6.638906	80.321909	32	159
LK-9130080	Udugala North	193D	3.83	6.624882	80.321777	32	159
LK-9130085	Kolambewa	191C	7.89	6.631688	80.264406	32	159
LK-9130090	Udugala	193A	8.99	6.608042	80.311995	32	159
LK-9130095	Paragala	194	11.69	6.606089	80.34663	32	159
LK-9130100	Pimbura	194A	13.3	6.574091	80.364838	32	159
LK-9130105	Nikagoda	194B	11.93	6.575675	80.320749	32	159
LK-9133005	Kodippilikanda	195E	17.12	6.539252	80.321416	37	159
LK-9133010	Jathuwangoda	195F	6.49	6.543483	80.340276	37	159
LK-9133015	Meepagama	195C	8.67	6.556545	80.350774	37	159
LK-9133020	Kukulegama North	195	4.89	6.541328	80.369067	37	159
LK-9133025	Samanpura	196B	8.62	6.563359	80.392973	37	159
LK-9133030	Kalawana West	196	3.52	6.542611	80.399614	37	159
LK-9133035	Thapassarakanda	196C	6.98	6.539984	80.382995	37	159
LK-9133040	Koswatta	197B	3.73	6.518	80.384848	37	159
LK-9133045	Kukulegama South	195B	7.13	6.515738	80.362472	37	159
LK-9133050	Pitigalakanda	195D	9.13	6.501618	80.348181	37	159
LK-9133055	Wewagama	195A	23.64	6.471314	80.374892	37	159
LK-9133060	Davugalagama	196F	6.0	6.502195	80.390965	37	159
LK-9133065	Wembiyagoda	197C	4.01	6.512664	80.411473	37	159
LK-9133070	Kalawana East	196E	2.39	6.530889	80.407379	37	159
LK-9133075	Wewelkandura	196A	6.31	6.536257	80.427495	37	159
LK-9133080	Hangarangala	196D	8.2	6.519293	80.427776	37	159
LK-9133085	Wathurawa	197A	9.56	6.490026	80.438968	37	159
LK-9133090	Delgoda East	197D	3.97	6.493312	80.410939	37	159
LK-9133095	Delgoda West	197	4.03	6.480985	80.40067	37	159
LK-9133100	Weddagala West	198c	6.41	6.462811	80.416642	37	159
LK-9133105	Weddagala East	198	4.29	6.472196	80.424541	37	159
LK-9133110	Kudumeeriya	198D	18.7	6.465818	80.464049	37	159
LK-9133115	Thanabela	201A	8.69	6.473484	80.49184	37	159
LK-9133120	Rambuka	201	12.34	6.469073	80.520962	37	159
LK-9133125	Dolekanda	201C	23.99	6.453544	80.554119	37	159
LK-9133130	Kathlana	201B	11.51	6.444244	80.516202	37	159
LK-9133135	Gangalagamuwa	198A	10.14	6.448901	80.453852	37	159
LK-9133140	Panapola	199	10.07	6.421676	80.454623	37	159
LK-9133145	Kudawa	198B	34.15	6.42698	80.412873	37	159
LK-9133150	Hapugoda	199A	29.33	6.407381	80.47217	37	159
LK-9133155	Pothupitiya North	200	4.51	6.429961	80.514471	37	159
LK-9133160	Pothupitiya South	200B	20.08	6.398259	80.512496	37	159
LK-9133165	Ilumbakanda	200A	43.82	6.413163	80.570643	37	159
LK-9136005	Pathakada	174E	5.98	6.612122	80.424768	40	158
LK-9136010	Noragalla	175	8.63	6.616053	80.447087	40	159
LK-9136015	Dombagammana	175C	4.47	6.625796	80.465431	40	158
LK-9136020	Erabadda	175D	5.92	6.616328	80.482922	40	158
LK-9136025	Kiribathgala	175A	3.25	6.595447	80.501215	40	158
LK-9136030	Wanniyawatta	175B	5.31	6.603335	80.510868	40	158
LK-9136035	Watapotha	176A	2.14	6.577798	80.512034	40	158
LK-9136040	Thuttiripitiya	174C	4.02	6.58996	80.489279	40	158
LK-9136045	Nivithigala	174	4.76	6.596667	80.459735	40	158
LK-9136050	Yakdehiwatta	174A	2.53	6.592461	80.437897	40	158
LK-9136055	Wathupitiya	173A	3.54	6.59738	80.42304	40	158
LK-9136060	Horangala	173C	2.29	6.602808	80.409942	40	158
LK-9136065	Pahala Karavita	173	13.16	6.596034	80.389201	40	158
LK-9136070	Uda Karavita	173B	7.59	6.575707	80.416839	40	158
LK-9136075	Pinkanda	174D	2.61	6.578357	80.437957	40	158
LK-9136080	Halkandaliya	176D	3.4	6.58134	80.451215	40	158
LK-9136085	Sidurupitiya	174B	3.57	6.586622	80.467119	40	158
LK-9136090	Doloswala	176	2.96	6.573514	80.467945	40	158
LK-9136095	Kolombugama	176C	10.04	6.56388	80.488781	40	159
LK-9136100	Doloswalakanda	176B	7.51	6.555665	80.468917	40	158
LK-9136105	Pebotuwa	177A	6.55	6.535883	80.447182	40	158
LK-9136110	Horanekarakanda	177C	9.94	6.55557	80.438433	40	158
LK-9136115	Delwala	177	26.35	6.515952	80.47732	40	159
LK-9136120	Panahetagala	177B	6.93	6.491886	80.467442	40	159
LK-9139005	Yainna	229	7.85	6.567599	80.547864	45	158
LK-9139010	Nugawela West	230B	1.55	6.574776	80.568127	45	158
LK-9139015	Nugawela East	230	1.21	6.573674	80.578513	45	158
LK-9139020	Weladura	230A	2.97	6.55673	80.575335	45	158
LK-9139025	Bungiriya	230C	2.28	6.554727	80.564792	45	158
LK-9139030	Uda Hawpe	229A	6.65	6.552964	80.545972	45	158
LK-9139035	Yatagare	227A	5.54	6.563052	80.512151	45	158
LK-9139040	Madalagama Colony	227C	6.45	6.545306	80.517094	45	158
LK-9139045	Panapitiya North	226A	2.6	6.534968	80.543974	45	158
LK-9139050	Nambuluwa	228A	5.0	6.539758	80.567959	45	158
LK-9139055	Atakalanpanna	225	2.28	6.542653	80.591585	45	158
LK-9139060	Pahamunupanna	225A	0.24	6.532015	80.592752	45	158
LK-9139065	Kalalella	228	6.99	6.521772	80.580373	45	158
LK-9139070	Panapitiya South	226D	3.33	6.523755	80.558741	45	158
LK-9139075	Gabbela	226E	4.48	6.512564	80.550541	45	158
LK-9139080	Endana	227B	5.5	6.523576	80.527443	45	158
LK-9139085	Madalagama	227	7.63	6.534784	80.501719	45	158
LK-9139090	Miyanavita West	226F	9.63	6.50359	80.517534	45	158
LK-9139095	Miyanavita East	226B	3.1	6.507433	80.539432	45	158
LK-9139100	Kiranodagama	226C	6.53	6.4981	80.572916	45	158
LK-9139105	Pannila	226	12.44	6.481643	80.554315	45	158
LK-9142005	Kotakethana	232A	3.33	6.57053	80.590048	44	157
LK-9142010	Dimbulwala	232B	6.47	6.56784	80.611345	44	157
LK-9142015	Hapurudeniya	232	2.94	6.556787	80.589898	44	157
LK-9142020	Panawala	235A	1.9	6.539594	80.607304	44	157
LK-9142025	Buluwana	233C	3.18	6.546845	80.613052	44	157
LK-9142030	Makandura	233A	5.77	6.547672	80.636482	44	157
LK-9142035	Ematiyagoda	233B	2.48	6.529635	80.636343	44	157
LK-9142040	Ridivita	233	3.13	6.529086	80.622318	44	157
LK-9142045	Maragala	234C	1.22	6.523805	80.61334	44	157
LK-9142050	Hiramadagama	235	1.44	6.534378	80.601244	44	157
LK-9142055	Madampe North	238	5.1	6.512144	80.60118	44	157
LK-9142060	Kavuduwawa	238B	1.63	6.525669	80.600788	44	157
LK-9142065	Madampe South	238A	2.42	6.511992	80.58817	44	157
LK-9142070	Horamula	238C	3.67	6.49245	80.591025	44	157
LK-9142075	Weralugahamula	231A	1.57	6.49118	80.604246	44	157
LK-9142080	Alpitiya	234B	2.12	6.509692	80.611965	44	157
LK-9142085	Galahitiya	234	3.12	6.50725	80.624141	44	157
LK-9142090	Kompitiya	234A	1.92	6.516473	80.63665	44	157
LK-9142095	Malwatta	237C	1.74	6.504166	80.63947	44	157
LK-9142100	Werahera West	234E	1.7	6.518675	80.643408	44	157
LK-9142105	Werahera East	234D	1.69	6.517927	80.652351	44	157
LK-9142110	Godakawela	237A	0.39	6.505333	80.650716	44	157
LK-9142115	Warayaya	236A	3.81	6.50616	80.675496	44	157
LK-9142120	Niyangama	236	4.42	6.520051	80.666098	44	157
LK-9142125	Bambaragasthenna	236B	5.57	6.509447	80.69221	44	157
LK-9142130	Balavinna North	223E	2.35	6.491892	80.685884	44	157
LK-9142135	Balavinna West	223D	2.08	6.496948	80.670812	44	157
LK-9142140	Kapuhenthenna	223G	1.75	6.489007	80.670783	44	157
LK-9142145	Mawathalanda	223B	3.28	6.489594	80.656887	44	157
LK-9142150	Meddegama	237D	0.99	6.494414	80.649523	44	157
LK-9142155	Masimbula	237	6.58	6.487517	80.621158	44	157
LK-9142160	Rakwana Town	231B	0.84	6.474081	80.612382	44	157
LK-9142165	Kottala	231D	4.56	6.477086	80.595834	44	157
LK-9142170	Rakwana South	231C	10.46	6.459632	80.59465	44	157
LK-9142175	Rakwana North	231	3.64	6.462518	80.624707	44	157
LK-9142180	Yahalawela	237B	7.17	6.475899	80.636241	44	157
LK-9142185	Bibilegama West	223C	4.85	6.465694	80.654427	44	157
LK-9142190	Bibilegama East	223	3.18	6.466785	80.669028	44	157
LK-9142195	Thambagamuwa West	222B	7.73	6.459775	80.683996	44	157
LK-9142200	Dambavinna	223F	3.11	6.478507	80.675826	44	157
LK-9142205	Balavinna East	223A	2.9	6.48574	80.691995	44	157
LK-9142210	Thambagamuwa East	222	3.48	6.470129	80.70387	44	157
LK-9142215	Mahagama West	222C	5.27	6.465881	80.718823	44	157
LK-9142220	Mahagama East	222A	5.17	6.448506	80.732205	44	157
LK-9145005	Paragahamaditta	240C	3.18	6.596592	80.663405	43	157
LK-9145010	Ilukkumbura	240A	4.23	6.59706	80.680752	43	157
LK-9145015	Panana	240	3.53	6.587482	80.690898	43	157
LK-9145020	Galgodagama	240B	2.72	6.595626	80.706429	43	157
LK-9145025	Kongasthenna	239A	2.03	6.595962	80.719682	43	157
LK-9145030	Bopitigoda	239C	1.93	6.586296	80.715586	43	157
LK-9145035	Gangodagama	239B	4.16	6.578923	80.697638	43	157
LK-9145040	Medaganoya	221A	2.81	6.564464	80.686818	43	157
LK-9145045	Udaranwala	221C	5.45	6.558522	80.680705	43	157
LK-9145050	Weligepola	239	3.13	6.56784	80.707849	43	157
LK-9145055	Udagangoda	247A	3.33	6.579956	80.724828	43	157
LK-9145060	Belimaliyadda	247	6.79	6.575712	80.748927	43	157
LK-9145065	Handagiriya	249	11.37	6.563296	80.779675	43	157
LK-9145070	Handagirigoda	249A	34.01	6.544489	80.794017	43	157
LK-9145075	Palugahawela	248A	12.87	6.543658	80.763082	43	157
LK-9145080	Urawala	248	5.36	6.562658	80.724751	43	157
LK-9145085	Kottimbulwala	219E	7.14	6.539499	80.71944	43	157
LK-9145090	Thalagaskanda	220D	3.22	6.546818	80.705342	43	157
LK-9145095	Ranwala	221	3.62	6.550671	80.667132	43	157
LK-9145100	Ammaduwa	221B	4.41	6.540579	80.655183	43	157
LK-9145105	Elamalpe	220A	3.27	6.535475	80.671654	43	157
LK-9145110	Thennahena	220C	4.34	6.539092	80.690917	43	157
LK-9145115	Kalatuwakanda	220B	3.13	6.516845	80.703507	43	157
LK-9145120	Badullegama	220	4.29	6.525608	80.704246	43	157
LK-9145125	Hatangala	219A	8.63	6.533034	80.743229	43	157
LK-9145130	Bambaragala	219D	18.96	6.505647	80.775453	43	157
LK-9145135	Pussathota	219F	4.43	6.514955	80.732019	43	157
LK-9145140	Madawalalanda	219C	5.32	6.499314	80.716174	43	157
LK-9145145	Galpaya	219B	16.16	6.495596	80.761155	43	157
LK-9145150	Muttettupola	219	4.19	6.497616	80.73628	43	157
LK-9148005	Pallebedda	224	3.37	6.476675	80.71918	35	160
LK-9148010	Thittawelpotha	224D	9.72	6.469281	80.746906	35	160
LK-9148015	Panahaduwa	224G	20.22	6.462663	80.783795	35	160
LK-9148020	Udawalawa	224E	23.76	6.451206	80.820636	35	160
LK-9148025	Thimbolketiya	224A	5.65	6.423378	80.799609	35	160
LK-9148030	Kolambage Ara	224C	5.62	6.429246	80.778012	35	160
LK-9148035	Sankhapala	224F	8.13	6.450216	80.753532	35	160
LK-9148040	Miriswelpatha	208A	17.69	6.417548	80.762004	35	160
LK-9148045	Adaluwa	208F	8.35	6.4008	80.775593	35	160
LK-9148050	Maduwanwela	207	8.7	6.388959	80.803004	35	160
LK-9148055	Udawalawa Track 02	207D	6.71	6.392846	80.82651	35	160
LK-9148060	Rathkarawwa	224B	10.43	6.409807	80.82261	35	160
LK-9148065	Gangeyaya	207A	6.62	6.377501	80.835854	35	160
LK-9148070	Ketagal Ara	214E	6.96	6.364938	80.853225	35	160
LK-9148075	Nindagam Pelessa	207C	9.64	6.356037	80.804997	35	160
LK-9148080	Ranchamadama	207B	10.84	6.378647	80.772055	35	160
LK-9148085	Panamura	213B	17.71	6.350422	80.78265	35	160
LK-9148090	Konkatuwa	213D	9.89	6.328918	80.802499	35	160
LK-9148095	Embilipitiya Udagama	214	4.39	6.338816	80.832988	22	160
LK-9148100	Hingura Ara	214D	6.9	6.348126	80.844917	22	160
LK-9148105	Kalagedi Ara	214I	6.18	6.337616	80.871739	22	160
LK-9148110	Moraketiya	214C	7.88	6.337485	80.891375	22	160
LK-9148115	Embilipitiya Pallegama	214A	5.28	6.327546	80.864038	22	160
LK-9148120	Embilipitiya New Town	214G	4.06	6.31743	80.851745	22	160
LK-9148125	Yodhagama	214H	2.32	6.322837	80.841101	22	160
LK-9148130	Modarawana	214F	4.52	6.32238	80.824701	22	160
LK-9148135	Sudugala	212A	10.04	6.31362	80.77062	35	160
LK-9148140	Walalgoda	213	8.16	6.328173	80.75831	35	160
LK-9148145	Jadura	212B	12.34	6.352224	80.741481	35	160
LK-9148150	Diyapota	212	10.87	6.306914	80.72206	35	160
LK-9148155	Mulendiyawala	213A	11.9	6.293094	80.762439	35	160
LK-9148160	Thorakolayaya	213C	21.02	6.290103	80.801641	35	160
LK-9148165	Kumbugoda Ara	214B	13.87	6.30295	80.826612	35	160
LK-9148170	Hingura	215	11.23	6.26482	80.881285	35	160
LK-9148175	Halmillaketiya	216B	13.29	6.303933	80.866906	22	160
LK-9148180	Thunkama	216	10.92	6.294739	80.886837	35	160
LK-9148185	Hagala	216A	10.87	6.285539	80.912737	35	160
LK-9148190	Kuttigala	215B	8.55	6.269037	80.914605	35	160
LK-9148195	Julangete	215C	7.38	6.248712	80.93896	35	160
LK-9148200	Padalangala	215A	6.83	6.251176	80.914139	35	160
LK-9151005	Buluthota	202	7.19	6.445986	80.630343	38	160
LK-9151010	Ranhotikanda	202/A	7.19	6.448145	80.657531	38	160
LK-9151015	Yakmaditta	204A	2.3	6.44093	80.678023	38	160
LK-9151020	Helaudakanda	208D	1.8	6.438467	80.69152	38	160
LK-9151025	Heneggegoda	208C	3.58	6.44518	80.704853	38	160
LK-9151030	Kumburugamuwa	208	7.34	6.43594	80.726151	38	160
LK-9151035	Dambemada	208B	2.82	6.430447	80.707502	38	160
LK-9151040	Welewathugoda	208E	5.3	6.418549	80.705436	38	160
LK-9151045	Ereporuwa	204	11.44	6.41744	80.674132	38	160
LK-9151050	Wijeriya	203	3.19	6.427051	80.650486	38	160
LK-9151055	Poddana	203B	8.53	6.423761	80.624633	38	160
LK-9151060	Ittakanda	203A	8.69	6.406627	80.642737	38	160
LK-9151065	Buthkanda	205A	7.49	6.394171	80.662845	38	160
LK-9151070	Kolonna	205	5.17	6.401554	80.685014	38	160
LK-9151075	Maduwanwela Peranigama	205B	8.48	6.398163	80.703265	38	160
LK-9151080	Nandanagama	205C	10.43	6.387443	80.738507	38	160
LK-9151085	Ambagahayaya	206B	5.48	6.372922	80.71864	38	160
LK-9151090	Kella	206	3.83	6.370691	80.696521	38	160
LK-9151095	Boraluwageaina	206A	11.67	6.373339	80.664767	38	160
LK-9151100	Ullinduwawa	209	17.74	6.372297	80.63061	38	160
LK-9151105	Pupulaketiya	206C	3.66	6.356612	80.682014	38	160
LK-9151110	Habbeliara	206D	5.88	6.359911	80.719273	38	160
LK-9151115	Walakada	217B	5.03	6.343138	80.704557	38	160
LK-9151120	Koppakanda	210A	4.49	6.346237	80.674937	38	160
LK-9151125	Dapane	210	3.61	6.331307	80.673873	38	160
LK-9151130	Dorapane	211	3.32	6.313352	80.6811	38	160
LK-9151135	Morawadiya	211A	1.53	6.322231	80.687381	38	160
LK-9151140	Omalpe	217	3.33	6.331858	80.694482	38	160
LK-9151145	Kempane	217A	7.32	6.32963	80.723305	38	160
LK-9203005	Dombemada East	1B	1.03	7.378897	80.352109	37	147
LK-9203010	Dombemada West	1A	1.1	7.382802	80.358297	37	147
LK-9203015	Udanvita	1	2.35	7.38062	80.367656	37	147
LK-9203020	Maligathenna	3J	0.66	7.382318	80.376677	37	147
LK-9203025	Alugolla	3C	1.19	7.388285	80.381544	37	147
LK-9203030	Gabbala North	3H	1.73	7.389512	80.393073	37	147
LK-9203035	Gabbala South	3A	2.99	7.37691	80.397939	37	147
LK-9203040	Mahagama	3K	1.15	7.376875	80.384643	37	147
LK-9203045	Halwatta	3L	1.16	7.369196	80.387931	37	147
LK-9203050	Hewadiwela	3D	1.53	7.371661	80.376514	37	147
LK-9203055	Nattambura	3	1.68	7.363189	80.379593	37	147
LK-9203060	Kudagama North	2A	1.56	7.372067	80.358677	37	147
LK-9203065	Kudagama South	2D	0.65	7.362637	80.36342	37	147
LK-9203070	Medagaladeniya	2B	0.5	7.361344	80.357741	37	147
LK-9203075	Walgama	4	2.56	7.34751	80.351075	37	147
LK-9203080	Udagaladeniya	2	0.98	7.352473	80.361698	37	147
LK-9203085	Dambulla	2C	1.47	7.355657	80.371046	37	147
LK-9203090	Deliwala	5	2.05	7.35036	80.377628	37	147
LK-9203095	Hangawela	6C	1.21	7.348497	80.385969	37	147
LK-9203100	Ihala Walpola	6B	1.76	7.348357	80.401306	37	147
LK-9203105	Kotawella	3G	2.0	7.363546	80.396733	37	147
LK-9203110	Kanugolla	3I	0.78	7.365943	80.413424	37	147
LK-9203115	Parape North	3B	1.37	7.37502	80.410178	37	147
LK-9203120	Parape South	3F	1.52	7.359052	80.407489	37	147
LK-9203125	Kossinna	7C	1.79	7.349031	80.411246	37	147
LK-9203130	Kansalagamuwa	7B	2.44	7.340437	80.419387	37	147
LK-9203135	Heenabowa	7	0.49	7.338817	80.422386	37	147
LK-9203140	Walalgoda	7A	1.38	7.339431	80.4118	37	147
LK-9203145	Kiriwallapitiya	8F	0.38	7.331262	80.405903	37	147
LK-9203150	Eriyagolla	8G	0.54	7.338088	80.403922	37	147
LK-9203155	Werellapatha	8C	0.6	7.336575	80.397633	37	147
LK-9203160	Weligamuwa	6	0.91	7.343333	80.395759	37	147
LK-9203165	Thaldewa	6A	0.89	7.336739	80.390791	37	147
LK-9203170	Wahawa	6D	1.1	7.331228	80.385182	37	147
LK-9203175	Padavigampala	5A	2.55	7.340389	80.373357	37	147
LK-9203180	Puwakmote	4A	2.12	7.338635	80.362798	37	147
LK-9203185	Udugama	4C	0.73	7.336347	80.354043	37	147
LK-9203190	Thismalpola	4B	1.79	7.327545	80.347301	37	147
LK-9203195	Yatagama	4D	2.37	7.325024	80.357779	37	147
LK-9203200	Meeduma	4E	2.04	7.326025	80.371076	37	147
LK-9203205	Hurimaluwa	8B	1.1	7.321595	80.38117	37	147
LK-9203210	Eriyawa	8D	0.81	7.328808	80.392976	37	147
LK-9203215	Rambukkana Town	8H	0.21	7.323011	80.395594	37	147
LK-9203220	Diyasunnatha	8A	0.3	7.327804	80.398387	37	147
LK-9203225	Madawala	8I	0.76	7.320428	80.40032	37	147
LK-9203230	Godagandeniya	8	1.05	7.322351	80.410826	37	147
LK-9203235	Kempitiya	21D	1.46	7.302122	80.428888	37	147
LK-9203240	Kadigamuwa	21	2.76	7.320479	80.429699	37	147
LK-9203245	Halagiriya	21A	1.49	7.306419	80.421172	37	147
LK-9203250	Muwapitiya	9C	1.92	7.310062	80.409637	37	147
LK-9203255	Beligodapitiya	8E	0.54	7.320408	80.405209	37	147
LK-9203260	Pinnawala	10	1.2	7.310344	80.400559	37	147
LK-9203265	Daluggala	8J	0.31	7.317242	80.395724	37	147
LK-9203270	Mottappuliya	8K	0.78	7.320926	80.390023	37	147
LK-9203275	Koorempola	10B	1.03	7.314751	80.383464	37	147
LK-9203280	Halpitiya	11A	1.57	7.310934	80.373611	37	147
LK-9203285	Naranbedda East	11D	1.87	7.308536	80.363236	37	147
LK-9203290	Naranbedda West	11C	1.72	7.307471	80.352994	37	147
LK-9203295	Marukwathura	75D	4.0	7.316955	80.339885	37	147
LK-9203300	Imbulgasdeniya	75C	1.67	7.315961	80.316373	37	147
LK-9203305	Ambuwangala	75B	1.83	7.313289	80.32796	37	147
LK-9203310	Kehelwathugoda	75A	5.01	7.298334	80.335982	37	147
LK-9203315	Dunukewala	11B	1.91	7.297264	80.359311	37	147
LK-9203320	Waduwadeniya	11G	1.47	7.298221	80.371513	37	147
LK-9203325	Hiriwadunna	11E	2.03	7.293769	80.381532	37	147
LK-9203330	Bathambure	10A	1.23	7.307312	80.387034	37	147
LK-9203335	Kottana Watta	9D	0.69	7.304636	80.396207	37	147
LK-9203340	Kotagama	9A	1.94	7.296396	80.401731	37	147
LK-9203345	Kiriwandeniya	9	2.09	7.294449	80.412645	37	147
LK-9203350	Netiyapana	21C	1.41	7.294826	80.422085	37	147
LK-9203355	Udugama Gondewala	21B	1.3	7.319031	80.41889	37	147
LK-9203360	Pattampitiya	22C	0.46	7.316004	80.435472	37	147
LK-9203365	Yatiwaldeniya	22B	0.83	7.314589	80.441245	37	147
LK-9203370	Henepola	22E	2.63	7.308394	80.448072	37	147
LK-9203375	Deegana Kanda	22D	1.75	7.300249	80.437361	37	147
LK-9203380	Gangoda	22A	1.3	7.301097	80.457775	37	147
LK-9203385	Beddawala	22	1.17	7.291507	80.445773	37	147
LK-9203390	Yodhagama	9B	1.77	7.295309	80.39176	37	147
LK-9203395	Pitiyegama	11	2.02	7.287535	80.362888	37	147
LK-9203400	Deldeniya	11F	1.02	7.283847	80.362724	37	147
LK-9203405	Kivulpana	12A	1.31	7.280432	80.4048	37	147
LK-9203410	Minwana	12C	1.11	7.279655	80.411418	37	147
LK-9203415	Kumbaldiwela	13E	2.28	7.264726	80.404506	37	147
LK-9203420	Galpala	13	1.24	7.269637	80.388083	37	147
LK-9203425	Kumbaloluwa	13C	0.81	7.262762	80.384881	37	147
LK-9203430	Kavudaulla	13D	0.59	7.260655	80.393012	37	147
LK-9203435	Molagoda	13B	0.96	7.254062	80.389105	37	147
LK-9203440	Waragoda	13F	0.88	7.2537	80.40234	37	147
LK-9203445	Mangalagama	13A	1.1	7.254658	80.411563	37	147
LK-9206005	Weganthale	20	4.72	7.273952	80.421559	36	148
LK-9206010	Yatimahana	23C	3.48	7.282177	80.441368	36	148
LK-9206015	Keppetipola	23B	2.63	7.287172	80.453497	36	148
LK-9206020	Ihala Kotte	23A	2.71	7.291239	80.465916	36	148
LK-9206025	Makehelwala	23	2.45	7.280996	80.470186	36	148
LK-9206030	Dunugama Maliyadda	24B	2.48	7.270892	80.471866	36	148
LK-9206035	Karapane	24A	1.69	7.270392	80.455302	36	148
LK-9206040	Kondeniya	20B	1.47	7.271549	80.434415	36	148
LK-9206045	Gondiwala	20A	2.55	7.262743	80.439416	36	148
LK-9206050	Uthuwankanda	19C	2.27	7.25477	80.422926	36	148
LK-9206055	Ambulugala	15	3.08	7.240895	80.409696	36	148
LK-9206060	Attanagoda	15B	4.32	7.238323	80.396127	36	148
LK-9206065	Panagamuwa	15G	0.37	7.228667	80.401866	36	148
LK-9206070	Dehimaduwa	15E	2.63	7.239775	80.424158	36	148
LK-9206075	Habbunkaduwa	19D	0.81	7.249816	80.433712	36	148
LK-9206080	Mahawatta	29A	0.9	7.256188	80.441766	36	148
LK-9206085	Muruthawala	29D	1.09	7.260409	80.45077	36	148
LK-9206090	Randiwala	24	1.11	7.26141	80.460033	36	148
LK-9206095	Uda Makadawara	25B	2.43	7.258008	80.473808	36	148
LK-9206100	Ganethenna	25A	1.8	7.256208	80.498457	36	148
LK-9206105	Makadawara	25	1.04	7.247393	80.478618	36	148
LK-9206110	Batawala	27A	1.99	7.239504	80.478224	36	148
LK-9206115	Hingula	29	1.57	7.247285	80.468257	36	148
LK-9206120	Owatta	29B	0.62	7.253694	80.461055	36	148
LK-9206125	Hinguloya	29C	0.54	7.25291	80.45309	36	148
LK-9206130	Rankothdiwala	19	0.31	7.253404	80.446593	36	148
LK-9206135	Mawanella	19B	0.68	7.246325	80.441342	36	148
LK-9206140	Mawana	30A	0.16	7.250619	80.449432	36	148
LK-9206145	Kiringadeniya	30	0.38	7.245997	80.446878	36	148
LK-9206150	Weligalla	19A	0.82	7.242267	80.435471	36	148
LK-9206155	Dodanthale	18C	1.07	7.233421	80.432411	36	148
LK-9206160	Kappagoda	18A	1.76	7.23379	80.443969	36	148
LK-9206165	Nankurugama	31B	1.35	7.23244	80.455977	36	148
LK-9206170	Kongamuwa	31A	0.99	7.242592	80.452128	36	148
LK-9206175	Beligammana	29E	0.81	7.245554	80.457847	36	148
LK-9206180	Edanduwawa	31	0.52	7.236064	80.460814	36	148
LK-9206185	Idampitiya	28	0.8	7.236477	80.4686	36	148
LK-9206190	Kekirigoda	28A	1.42	7.227409	80.470133	36	148
LK-9206195	Uyanwatta	30B	0.5	7.22648	80.477615	36	148
LK-9206200	Aluthnuwara	27	2.75	7.228125	80.487334	36	148
LK-9206205	Molligoda	25C	1.64	7.241785	80.488582	36	148
LK-9206210	Mawela	25D	2.38	7.248388	80.496229	36	148
LK-9206215	Warakapana	26A	1.58	7.244143	80.508972	36	148
LK-9206220	Kahawandala	26	1.39	7.236799	80.514135	36	148
LK-9206225	Mahanthegama	26C	2.61	7.224884	80.514911	36	148
LK-9206230	Heenatipana	26B	2.8	7.225467	80.502668	36	148
LK-9206235	Rukulagama	27B	1.59	7.218684	80.48467	36	148
LK-9206240	Daswatta	18B	1.65	7.226365	80.437667	36	148
LK-9206245	Lewke	18	1.85	7.216675	80.434481	36	148
LK-9206250	Kumbalgama	35	0.91	7.209985	80.484528	36	148
LK-9206255	Balawathgama	35A	0.51	7.202278	80.48604	36	148
LK-9206260	Werake	34	3.75	7.210477	80.498335	36	148
LK-9206265	Embilmeewala	34A	2.87	7.201352	80.517269	36	148
LK-9206270	Thambavita	36A	4.3	7.192512	80.509972	36	148
LK-9206275	Eraminigammana	36	1.9	7.19032	80.498691	36	148
LK-9206280	Ambadeniya	37B	0.91	7.195624	80.480605	36	148
LK-9206285	Weragoda	37C	1.87	7.194478	80.472007	36	148
LK-9206290	Kooragala	37	1.03	7.18927	80.483279	36	148
LK-9206295	Waduwawala	37A	1.34	7.187879	80.489761	36	148
LK-9206300	Ginihappitiya West	36C	0.56	7.179055	80.499427	36	148
LK-9206305	Ginihappitiya East	36B	1.06	7.179596	80.504713	36	148
LK-9206310	Ambaruppa	39C	0.21	7.17478	80.511768	36	148
LK-9206315	Madulbowa	39B	0.56	7.173504	80.516337	36	148
LK-9206320	Ambalawa	40C	6.05	7.177825	80.533663	36	148
LK-9206325	Balathgamuwa	40B	0.87	7.169866	80.523131	36	148
LK-9206330	Kehelpannala East	40	1.72	7.162077	80.520973	36	148
LK-9206335	Wadiyathenna	39A	0.62	7.172275	80.507895	36	148
LK-9206340	Hemmathagama	38A	2.28	7.160325	80.505393	36	148
LK-9206345	Palliporuwa	38	1.73	7.173127	80.493107	36	148
LK-9206350	Dumbuluwawa	39	0.76	7.164894	80.508686	36	148
LK-9206355	Kehelpannala West	40A	1.7	7.155337	80.516924	36	148
LK-9209005	Deewela Udagama	16A	1.2	7.218188	80.393077	31	149
LK-9209010	Wakirigala	16	2.27	7.216038	80.402542	31	149
LK-9209015	Epalawa Watta	15F	1.32	7.217697	80.410376	31	149
LK-9209020	Uduwewela	15A	1.41	7.222255	80.413233	31	149
LK-9209025	Kande Watta	15D	1.4	7.225677	80.421344	31	149
LK-9209030	Gal Athara	15C	1.36	7.21405	80.422841	31	149
LK-9209035	Gammannagoda	17D	1.23	7.20813	80.435598	31	149
LK-9209040	Katugaha	17B	1.45	7.20601	80.443653	31	149
LK-9209045	Ussapitiya	17	0.95	7.217076	80.446452	31	149
LK-9209050	Waharakgoda	17C	0.74	7.220118	80.450305	31	149
LK-9209055	Ruwandeniya	33C	1.25	7.224373	80.459735	31	149
LK-9209060	Attapitiya	33A	1.23	7.214956	80.460269	31	149
LK-9209065	Devanagala	33B	1.1	7.21756	80.473192	31	149
LK-9209070	Kariyagama	17A	0.75	7.209908	80.455359	31	149
LK-9209075	Godigamuwa	46A	1.25	7.201513	80.451773	31	149
LK-9209080	Narangammana	45D	3.06	7.191129	80.448476	31	149
LK-9209085	Lambutuwa	16F	2.77	7.198522	80.429631	31	149
LK-9209090	Wattegedara	16G	2.45	7.194474	80.41798	31	149
LK-9209095	Asmadala	16D	2.5	7.202379	80.410847	31	149
LK-9209100	Kandamulla	16E	1.25	7.20425	80.397777	31	149
LK-9209105	Kumarapura	47E	4.21	7.187615	80.40349	31	149
LK-9209110	Debathgama Udabage	47B	2.89	7.175746	80.419501	31	149
LK-9209115	Debathgama Pallebage	47A	2.0	7.173869	80.42987	31	149
LK-9209120	Hathgampala	47	1.83	7.182429	80.434761	31	149
LK-9209125	Moragammana	47C	1.75	7.178162	80.44437	31	149
LK-9209130	Gevilipitiya Town	45B	0.67	7.182621	80.452966	31	149
LK-9209135	Gevilipitiya Gama	45A	1.02	7.186461	80.461107	31	149
LK-9209140	Pehinipeddara	45C	0.57	7.190086	80.465387	31	149
LK-9209145	Nikapitiya	46	1.5	7.202043	80.462589	31	149
LK-9209150	Thalgamuwa	33	2.08	7.208911	80.473943	31	149
LK-9209155	Dippitiya	45	1.29	7.181019	80.46452	31	149
LK-9209160	Habalakkawa	44A	1.69	7.179066	80.474845	31	149
LK-9209165	Keerapana	42C	1.17	7.169437	80.462388	31	149
LK-9209170	Vilpola	45E	1.26	7.170541	80.456031	31	149
LK-9209175	Galbokka	43C	1.65	7.164685	80.449156	31	149
LK-9209180	Elangipitiya	47F	3.54	7.160563	80.43486	31	149
LK-9209185	Kalugala	47D	5.73	7.159737	80.413001	31	149
LK-9209190	Kehelwatta	48	1.58	7.168941	80.387215	31	149
LK-9209195	Dampelgoda	48B	2.77	7.147061	80.412918	31	149
LK-9209200	Narangala	58F	5.59	7.131676	80.441411	31	149
LK-9209205	Getaberi Kanda	43B	2.44	7.155391	80.452065	31	149
LK-9209210	Pannala	42D	1.13	7.154056	80.467619	31	149
LK-9209215	Duldeniya	42A	1.46	7.166877	80.472087	31	149
LK-9209220	Thalgaspitiya Muslimgama	44C	1.14	7.175249	80.482447	31	149
LK-9209225	Thalgaspitiya	44	1.16	7.164948	80.484947	31	149
LK-9209230	Thelleka	42B	1.35	7.158396	80.47778	31	149
LK-9209235	Hakurugammana	42	1.91	7.151771	80.475511	31	149
LK-9209240	Aranayaka	43	0.69	7.145379	80.463203	31	149
LK-9209245	Udagama	43E	1.84	7.14905	80.458395	31	149
LK-9209250	Ambalakanda	43A	1.33	7.132844	80.450638	31	149
LK-9209255	Ganthuna Udagama	58B	3.63	7.13808	80.421358	31	149
LK-9209260	Ganthuna Medagama	58G	4.83	7.117993	80.419011	31	149
LK-9209265	Jambugasmada	58C	6.33	7.109049	80.42813	31	149
LK-9209270	Podape	43D	1.19	7.13727	80.459167	31	149
LK-9209275	Deiyanwala	41E	2.24	7.132406	80.468393	31	149
LK-9209280	Arama	41	1.96	7.135297	80.476513	31	149
LK-9209285	Rahala	41B	2.48	7.138908	80.487243	31	149
LK-9209290	Randiligama	41D	1.71	7.151982	80.48828	31	149
LK-9209295	Yodhagama	44B	1.15	7.160214	80.493139	31	149
LK-9209300	Selawa East	41A	1.3	7.14876	80.501509	31	149
LK-9209305	Selawa West	41C	3.12	7.137937	80.503401	31	149
LK-9212005	Siyambalapitiya	51	2.54	7.268208	80.337703	35	146
LK-9212010	Pussella	51F	2.51	7.275988	80.358459	35	146
LK-9212015	Dimbulgamuwa	14B	1.87	7.273241	80.36875	35	146
LK-9212020	Kolongalla	14D	1.62	7.274847	80.378774	35	146
LK-9212025	Diyagama	12A	2.14	7.283101	80.394616	35	146
LK-9212030	Kalugalla	12	1.93	7.273499	80.396661	35	146
LK-9212035	Puwakdeniya	14A	2.88	7.262219	80.372692	35	146
LK-9212040	Meepitiya	51G	2.52	7.256742	80.359261	11	146
LK-9212045	Olagankanda	51C	1.06	7.265841	80.345714	35	146
LK-9212050	Wewaladeniya	51D	0.47	7.260963	80.336181	35	146
LK-9212055	Ranwala	51A	1.78	7.246376	80.341566	11	146
LK-9212060	Paranagampola	52C	1.63	7.251904	80.318249	35	146
LK-9212065	Uraulla	52B	1.78	7.231852	80.323923	35	146
LK-9212070	Ambanpitiya	52	1.2	7.241642	80.327	35	146
LK-9212075	Beragala	52A	1.72	7.23895	80.339413	35	146
LK-9212080	Kegalle Town	51B	0.86	7.25758	80.346397	11	146
LK-9212085	Golahela	51E	2.26	7.246077	80.350984	11	146
LK-9212090	Pallewela	14E	1.15	7.246696	80.369726	35	146
LK-9212095	Karandupotha	14	1.3	7.249508	80.378616	35	146
LK-9212100	Uda Karadupana	14C	1.99	7.243167	80.383692	35	146
LK-9212105	Nilmalgoda	50A	1.34	7.242511	80.363013	35	146
LK-9212110	Paragammana	53E	1.04	7.235082	80.352687	35	146
LK-9212115	Waldeniya	53C	0.65	7.235799	80.345027	35	146
LK-9212120	Dikella	53D	1.81	7.228315	80.341473	35	146
LK-9212125	Buluruppa	53B	1.25	7.22323	80.349551	35	146
LK-9212130	Ekiriyagala	50	1.91	7.232504	80.362482	35	146
LK-9212135	Deewela Medagama	16C	1.91	7.226418	80.38401	35	146
LK-9212140	Deewela Pallegama	16B	0.76	7.220061	80.386842	35	146
LK-9212145	Ewunugalla	49A	2.43	7.22827	80.375066	35	146
LK-9212150	Dikkohupitiya	50B	1.4	7.225276	80.366356	35	146
LK-9212155	Kavudugama	53A	0.83	7.221873	80.359958	35	146
LK-9212160	Makoora	53	1.52	7.214282	80.352987	35	146
LK-9212165	Bulugahadeniya	55A	2.95	7.20726	80.342278	35	146
LK-9212170	Thalewala	55	1.16	7.203705	80.355494	35	146
LK-9212175	Hettimulla	49	1.21	7.210832	80.360579	35	146
LK-9212180	Minuwangamuwa	49B	1.7	7.212254	80.371573	35	146
LK-9212185	Udumagama	48D	3.81	7.204961	80.380443	35	146
LK-9212190	Wadupola	48E	2.28	7.186732	80.383567	35	146
LK-9212195	Wathura	54A	2.19	7.187045	80.377457	35	146
LK-9212200	Meedeniya South	55D	0.81	7.193927	80.364226	35	146
LK-9212205	Meedeniya North	55C	1.06	7.201017	80.365702	35	146
LK-9212210	Malavita	55B	3.28	7.187294	80.349232	35	146
LK-9212215	Godigamuwa	54	3.15	7.185011	80.363821	35	146
LK-9212220	Hapuvita Pallegama	54B	1.04	7.178245	80.36859	35	146
LK-9212225	Alapalawala	48A	1.92	7.169899	80.395129	35	146
LK-9212230	Nilapalagammana	48C	2.36	7.177201	80.399262	35	146
LK-9212235	Eregama	57A	1.88	7.156036	80.391803	35	146
LK-9212240	Athurupana	57	1.6	7.161966	80.38306	35	146
LK-9212245	Rotuwa	56	1.8	7.164603	80.372055	35	146
LK-9212250	Hungampola	56C	0.68	7.169787	80.363491	35	146
LK-9212255	Gurullawala	56A	1.77	7.169169	80.354999	35	146
LK-9212260	Moradana	56D	0.85	7.155786	80.365635	35	146
LK-9212265	Mabopitiya	59	1.27	7.153877	80.375301	35	146
LK-9212270	Higgoda	59A	1.21	7.145806	80.386764	35	146
LK-9212275	Bossella	57B	2.31	7.151163	80.401892	35	146
LK-9212280	Ganthuna Pallegama North	58B	1.89	7.130208	80.398114	35	146
LK-9212285	Bogala	58	2.01	7.135684	80.381569	35	146
LK-9212290	Thiyambarahena	59B	1.61	7.147662	80.374818	35	146
LK-9212295	Undugoda	56B	1.98	7.142846	80.367823	35	146
LK-9212300	Belihulwana	58C	2.42	7.126667	80.388933	35	146
LK-9212305	Ganthuna Pallegama South	58A	2.03	7.122374	80.40611	35	149
LK-9215005	Helamada	76B	4.08	7.306667	80.298388	34	145
LK-9215010	Godapola	76	1.8	7.310075	80.311812	34	145
LK-9215015	Batuwatta	76 A	2.64	7.29548	80.310596	34	145
LK-9215020	Makuddala	73	3.88	7.28893	80.28963	34	145
LK-9215025	Weragoda	73A	2.59	7.280458	80.294419	34	145
LK-9215030	Jeewana	74A	2.23	7.284107	80.310038	34	145
LK-9215035	Dewalegama	74	1.82	7.276749	80.320663	34	145
LK-9215040	Walagama	75A	1.93	7.287019	80.32703	34	145
LK-9215045	Kandegedara	75	3.14	7.28453	80.343776	34	145
LK-9215050	Edurapotha West	74C	1.04	7.271172	80.320439	34	145
LK-9215055	Panakawa	74D	2.04	7.262489	80.319977	34	145
LK-9215060	Edurapotha East	74B	1.59	7.27196	80.327382	34	145
LK-9215065	Nawagamuwa	72A	3.64	7.265393	80.306983	34	145
LK-9215070	Hathnagoda	72	3.47	7.264563	80.292583	34	145
LK-9215075	Peherambe	70	2.42	7.252209	80.28479	34	145
LK-9215080	Palapoluwa	70A	2.47	7.245879	80.274229	34	145
LK-9215085	Yattogoda	70B	2.42	7.238663	80.277859	34	145
LK-9215090	Ballapana Pathabage	70C	1.07	7.242994	80.295013	34	145
LK-9215095	Kobbewala	71	1.14	7.24645	80.299783	34	145
LK-9215100	Galigamuwa	69B	2.74	7.244585	80.309248	34	145
LK-9215105	Ballapana Udabage	70D	0.79	7.232394	80.299282	34	145
LK-9215110	Mayfield	70E	0.88	7.232872	80.290966	34	145
LK-9215115	Asideniya	69	1.9	7.224491	80.298209	34	145
LK-9215120	Dematanpitiya	69A	1.64	7.214914	80.29555	34	145
LK-9215125	Bisowela	69C	3.86	7.22656	80.31628	34	145
LK-9215130	Imbulgala	68	2.12	7.218844	80.3345	34	145
LK-9215135	Atugoda	68C	3.04	7.194858	80.327298	34	145
LK-9215140	Renapana	68B	3.41	7.202977	80.319365	34	145
LK-9215145	Bambaragama	66A	3.41	7.197226	80.311085	34	145
LK-9215150	Naberiyawa	66	3.63	7.211872	80.30888	34	145
LK-9215155	Narangoda	67	1.83	7.197707	80.296932	34	145
LK-9215160	Alawala	67A	1.62	7.198413	80.286353	34	145
LK-9215165	Holombuwa	67B	2.19	7.195783	80.273349	34	145
LK-9215170	Boyagoda	65B	3.08	7.182148	80.275975	34	145
LK-9215175	Arandara	64A	4.1	7.183653	80.2948	34	145
LK-9215180	Kiridana	64B	1.63	7.181245	80.310971	34	145
LK-9215185	Kinigama	64	3.05	7.175003	80.32464	34	145
LK-9215190	Damunupola	68A	2.39	7.188073	80.33716	34	145
LK-9215195	Lahupana	60B	5.57	7.166423	80.334386	34	145
LK-9215200	Pothukoladeniya	61B	3.53	7.163079	80.309982	34	145
LK-9215205	Pindeniya	65	1.9	7.164963	80.30082	34	145
LK-9215210	Udugama	65A	2.22	7.165314	80.289301	34	145
LK-9215215	Nadeniya	65C	2.33	7.173645	80.29581	34	145
LK-9215220	Atala	63C	5.06	7.150271	80.290589	34	145
LK-9215225	Hapudeniya	61C	2.4	7.147745	80.310605	34	145
LK-9215230	Kurunegoda	63B	1.86	7.14042	80.29421	34	145
LK-9215235	Ruggahathenna	63A	0.79	7.131895	80.301727	34	145
LK-9215240	Ampe	63	2.16	7.12977	80.289649	34	145
LK-9215245	Hathnapitiya	62B	1.35	7.118629	80.292581	34	145
LK-9215250	Karagala	62A	1.4	7.117779	80.301385	34	145
LK-9215255	Aruggammana	62	1.28	7.118403	80.308385	34	145
LK-9218005	Waddeniya	77	4.6	7.307008	80.278535	39	144
LK-9218010	Kalugala	79A	1.75	7.286538	80.274876	39	144
LK-9218015	Weniwellakaduwa	77A	3.92	7.298498	80.26329	39	144
LK-9218020	Kodapaluwa	77B	3.28	7.286481	80.251365	39	144
LK-9218025	Opatha	78B	2.39	7.281437	80.239123	39	144
LK-9218030	Paspolakanda	78C	0.88	7.275332	80.240952	39	144
LK-9218035	Thulhiriya	82A	3.57	7.276608	80.227581	39	144
LK-9218040	Parakramagama	82D	0.91	7.267604	80.212635	39	144
LK-9218045	Nangalla	82C	2.24	7.263883	80.225674	39	144
LK-9218050	Ragalkanda	78	1.68	7.2652	80.245375	39	144
LK-9218055	Heliyagoda	78A	1.4	7.279251	80.259715	39	144
LK-9218060	Metiyagane	79C	0.84	7.278306	80.266332	39	144
LK-9218065	Thalgama	79B	1.98	7.274707	80.275605	39	144
LK-9218070	Egalla	79	3.86	7.26518	80.268611	39	144
LK-9218075	Kumbalgama	81A	1.73	7.257715	80.264138	39	144
LK-9218080	Akwatta	81	1.38	7.257	80.252402	39	144
LK-9218085	Pinnagoda Kanda	81B	2.87	7.246758	80.250736	39	144
LK-9218090	Gasnawa	82B	2.69	7.247639	80.233788	39	144
LK-9218095	Mangedara	82	3.72	7.252339	80.221165	39	144
LK-9218100	Ambepussa	83A	4.09	7.24825	80.206128	39	144
LK-9218105	Warakapola	92A	2.79	7.229411	80.199583	39	144
LK-9218110	Mahena Colony	83C	1.08	7.233722	80.2108	39	144
LK-9218115	Mahena	83B	2.76	7.23445	80.218276	39	144
LK-9218120	Tholangamuwa	83	2.81	7.234498	80.231784	39	144
LK-9218125	Nape	84B	1.33	7.226543	80.242105	39	144
LK-9218130	Morawaka	80	2.78	7.234845	80.255427	39	144
LK-9218135	Mampita	80A	4.82	7.235135	80.268199	39	144
LK-9218140	Nelumdeniya	85B	1.72	7.226174	80.258933	39	144
LK-9218145	Othnapitiya	84A	3.09	7.214419	80.248215	39	144
LK-9218150	Boorunnawa	84	2.55	7.218066	80.235216	39	144
LK-9218155	Iipangamuwa	83E	2.26	7.207392	80.231789	39	144
LK-9218160	Delgamuwa	83D	1.29	7.218561	80.222294	39	144
LK-9218165	Thumbaliyadda	92C	1.67	7.209951	80.214518	39	144
LK-9218170	Ganithapura	92B	2.36	7.218433	80.207249	39	144
LK-9218175	Ethnawala	94A	5.52	7.203386	80.195783	39	144
LK-9218180	Dummaladeniya	94C	1.94	7.222917	80.189855	39	144
LK-9218185	Puhulegama	96B	1.02	7.189271	80.18051	39	144
LK-9218190	Godawela	96	1.82	7.187973	80.168842	39	144
LK-9218195	Penihela	96C	2.09	7.178348	80.158565	39	144
LK-9218200	Thambugala	96A	2.69	7.179792	80.170899	39	144
LK-9218205	Thalgahadeniya	95B	1.72	7.174378	80.1844	39	144
LK-9218210	Niwatuwa	94B	3.63	7.18489	80.194141	39	144
LK-9218215	Kukulpane	92	2.21	7.201881	80.219082	39	144
LK-9218220	Thalliyadda	91C	1.0	7.195295	80.219074	39	144
LK-9218225	Dorawaka Pallebage	91B	1.34	7.185586	80.219836	39	144
LK-9218230	Yaddehimulla	91D	1.32	7.191342	80.228351	39	144
LK-9218235	Kohombadeniya	91A	3.13	7.182865	80.239382	39	144
LK-9218240	Ihala Lenagala	86A	2.57	7.198801	80.250193	39	144
LK-9218245	Dedigama	85	1.77	7.211107	80.263429	39	144
LK-9218250	Pitadeniya	85C	4.49	7.211498	80.280366	39	144
LK-9218255	Thunthota	85A	1.75	7.200584	80.265049	39	144
LK-9218260	Imbulovita	85D	1.46	7.183567	80.265676	39	144
LK-9218265	Menikkadawara	86	2.61	7.185875	80.251877	39	144
LK-9218270	Maha Pallegama	87	2.78	7.176427	80.260117	39	144
LK-9218275	Kinivita	87C	1.43	7.164807	80.251008	39	144
LK-9218280	Hapugoda	93D	2.68	7.167093	80.23692	39	144
LK-9218285	Dorawaka Udabage	91	1.8	7.178014	80.22441	39	144
LK-9218290	Weragoda	93	2.86	7.180999	80.212021	39	144
LK-9218295	Palamure	93B	3.38	7.162961	80.210622	39	144
LK-9218300	Bopitiya	94	3.23	7.17146	80.195949	39	144
LK-9218305	Algama Ihalagama	95D	3.1	7.16206	80.182662	39	144
LK-9218310	Algama	95	4.66	7.160366	80.164583	39	144
LK-9218315	Madurupitiya	95A	1.69	7.148906	80.158468	39	144
LK-9218320	Kandegama	95C	2.07	7.135072	80.166386	39	144
LK-9218325	Uduwaka	97	7.14	7.147771	80.186608	39	144
LK-9218330	Hallawa	93A	2.15	7.153219	80.225501	39	144
LK-9218335	Ebidigala	93C	3.04	7.160736	80.231198	39	144
LK-9218340	Alpitiya	89	2.12	7.147327	80.243306	39	144
LK-9218345	Kivuldeniya	89B	2.2	7.15032	80.253151	39	144
LK-9218350	Kudapallegama	87B	2.18	7.163657	80.265281	39	144
LK-9218355	Thambadiya	87A	2.22	7.150304	80.264201	39	144
LK-9218360	Elamaldeniya	88B	1.25	7.151765	80.274136	39	144
LK-9218365	Malmaduwa	88	1.55	7.140589	80.274319	39	144
LK-9218370	Polgampala	88A	2.05	7.12357	80.279076	39	144
LK-9218375	Weragala	90	3.71	7.131307	80.267043	39	144
LK-9218380	Pallepelpita	88C	2.64	7.107633	80.274302	39	144
LK-9218385	Pahala Lenagala	90A	4.48	7.1216	80.259189	39	144
LK-9218390	Welhella	89A	3.42	7.130534	80.244686	39	144
LK-9221005	Dunumala	99C	4.38	7.14734	80.214251	38	151
LK-9221010	Galapitamada	99B	2.37	7.132148	80.234916	38	151
LK-9221015	Walgampatha	98	4.07	7.127877	80.215585	38	151
LK-9221020	Kadigamuwa	99D	4.95	7.116579	80.229491	38	151
LK-9221025	Mahakanda	98B	2.76	7.111816	80.203551	38	151
LK-9221030	Lenagala	98A	3.31	7.10257	80.211408	38	151
LK-9221035	Lewangama North	99	2.79	7.11276	80.243828	38	151
LK-9221040	Lewangama South	99A	5.46	7.098282	80.243015	38	151
LK-9221045	Morathota	101B	7.23	7.086932	80.219435	38	151
LK-9221050	Waharaka	101	3.94	7.088494	80.199054	38	151
LK-9221055	Daluwalana	101A	6.12	7.079841	80.182252	38	151
LK-9221060	Wahakula	101C	4.64	7.058218	80.208579	38	151
LK-9221065	Dannoruwa	104C	5.49	7.066182	80.229736	38	151
LK-9221070	Nivunhella	100A	2.26	7.085464	80.246895	38	151
LK-9221075	Imbulana	100	3.58	7.072458	80.250242	38	151
LK-9221080	Siyambalawala	100B	1.3	7.084196	80.255427	38	151
LK-9221085	Pethangoda	100C	5.17	7.087774	80.266594	38	151
LK-9221090	Kannattota	109	1.51	7.081668	80.279185	38	151
LK-9221095	Gonaramba	109A	1.64	7.072875	80.27549	38	151
LK-9221100	Doranuwa	105B	2.92	7.056502	80.265736	38	151
LK-9221105	Bopetta	104A	1.49	7.059162	80.251602	38	151
LK-9221110	Morawatta	104	2.48	7.053616	80.244031	38	151
LK-9221115	Mahalla	104B	6.65	7.046787	80.22891	38	151
LK-9221120	Gonagala North	103C	3.19	7.038048	80.208562	38	151
LK-9221125	Indurana	101D	4.79	7.056031	80.198657	38	151
LK-9221130	Puranpotta	102D	3.06	7.061211	80.180546	38	151
LK-9221135	Batuvita	102E	2.69	7.052829	80.174083	38	151
LK-9221140	Amithirigala North	102	4.16	7.041105	80.179214	38	151
LK-9221145	Amithirigala South	102A	4.72	7.028502	80.184225	38	151
LK-9221150	Gonagala West	103 D	3.13	7.021674	80.204846	38	151
LK-9221155	Mapitigama	103B    	3.03	7.014992	80.216773	38	151
LK-9221160	Moraliya	103A	4.89	7.026337	80.228315	38	151
LK-9221165	Ruwanwella	105A	2.77	7.046503	80.258519	38	151
LK-9221170	Wendala	105	1.82	7.030335	80.260453	38	151
LK-9221175	Mahadeniya	102F	2.24	7.013908	80.197751	38	151
LK-9221180	Udakanugala	102C	2.41	7.012718	80.182834	38	151
LK-9221185	Palle Kanugala	102B	6.11	6.992572	80.191057	38	151
LK-9221190	Medagoda	103	5.09	6.99078	80.205707	38	151
LK-9224005	Kanangamuwa	60C	2.26	7.158149	80.346423	41	145
LK-9224010	Getiyamulla	61	3.32	7.143947	80.325967	41	145
LK-9224015	Higgoda	60A	2.03	7.14678	80.341045	41	145
LK-9224020	Puspane	60D	4.19	7.14987	80.356357	41	145
LK-9224025	Kabagamuwa	60	2.83	7.135726	80.341428	41	145
LK-9224030	Alawathura	61A	5.99	7.121605	80.33027	41	145
LK-9224035	Ambuwakka	62C	3.99	7.1287	80.311075	41	145
LK-9224040	Haloluwa	108A	2.88	7.104888	80.295471	41	150
LK-9224045	Wegalla	128B	4.35	7.100924	80.308187	41	150
LK-9224050	Lewala	129A	6.71	7.095043	80.329449	41	150
LK-9224055	Bulathkohupitiya	129B	1.85	7.107977	80.344908	41	150
LK-9224060	Rangalla	129	3.9	7.122753	80.351599	41	150
LK-9224065	Nevismiyar Ihala	129D	6.95	7.119303	80.370019	41	150
LK-9224070	Uduwa	130	6.74	7.110761	80.389106	41	150
LK-9224075	Dedugala	131C	5.89	7.094848	80.41943	41	150
LK-9224080	Pelempitiya	131B	15.01	7.066493	80.422355	41	150
LK-9224085	Neluwakkana	131	7.95	7.086824	80.399584	41	150
LK-9224090	Udapotha	128E	3.65	7.095479	80.375266	41	150
LK-9224095	Kendawa	128A	3.04	7.099591	80.350263	41	150
LK-9224100	Narangala	128C	6.64	7.079038	80.36412	41	150
LK-9224105	Urumeewala	129C	3.82	7.083892	80.348621	41	150
LK-9224110	Punehela	128	3.93	7.083731	80.318844	41	150
LK-9224115	Panapitiya	107D	4.95	7.074928	80.306126	41	150
LK-9224120	Ampagala	107A	2.96	7.080561	80.291292	41	150
LK-9224125	Thelkumuduwala	107	2.29	7.06468	80.287327	41	150
LK-9224130	Kiriporuwa	107C	3.52	7.063014	80.297789	41	150
LK-9224135	Ambamalla	128D	3.63	7.068125	80.326511	41	150
LK-9227005	Mattamagoda	108	4.48	7.102159	80.281788	40	150
LK-9227010	Galpatha	107B	3.13	7.05576	80.278177	40	150
LK-9227015	Kabulumulla	106B	6.89	7.039189	80.283718	40	150
LK-9227020	Garagoda Pahala	115C	1.18	7.027339	80.286197	40	150
LK-9227025	Garagoda Ihala	115D	0.83	7.02095	80.294186	40	150
LK-9227030	Yatiyanthota	106	2.83	7.024074	80.302122	40	150
LK-9227035	Mahavila	106C	1.61	7.040741	80.300031	40	150
LK-9227040	Parussella	106A	6.81	7.03862	80.3131	40	150
LK-9227045	Jayavinda Gama	132B	8.11	7.051382	80.328604	40	150
LK-9227050	Welihelathenna	135A	3.54	7.035564	80.342179	40	150
LK-9227055	Malalpola	132A	6.69	7.053174	80.353017	40	150
LK-9227060	Dombepola	132	5.87	7.063331	80.368237	40	150
LK-9227065	Amanawala	131A	9.03	7.060318	80.388052	40	150
LK-9227070	Berannawa	131D	4.66	7.065867	80.407912	40	150
LK-9227075	Seepoth	131E	9.31	7.060956	80.445724	40	150
LK-9227080	Mahabage	134A	17.14	7.019526	80.452061	40	150
LK-9227085	Dunukedeniya	134E	9.49	7.033782	80.431841	40	150
LK-9227090	Malwatta	134C	5.85	7.028011	80.412908	40	150
LK-9227095	Kirikohuthenna	134F	6.05	7.023949	80.396729	40	150
LK-9227100	Neluwathukanda	133B	7.89	7.031348	80.383031	40	150
LK-9227105	Polpitiya	135B	3.57	7.03105	80.359302	40	150
LK-9227110	Weeragalla	135C	5.13	7.021625	80.333988	40	150
LK-9227115	Nawata	135D	1.36	7.017418	80.315553	40	150
LK-9227120	Meegasthenna	115E	5.39	7.010258	80.289655	40	150
LK-9227125	Pelellegama	115F	7.54	6.997379	80.309561	40	150
LK-9227130	Hakbellawaka	135E	4.18	7.003567	80.331157	40	150
LK-9227135	Ganepalla	135	6.27	7.012532	80.350051	40	150
LK-9227140	Theligama	133A	4.03	7.004266	80.370429	40	150
LK-9227145	Gonagamuwa	133	3.64	7.011128	80.380386	40	150
LK-9227150	Kithulgala North	134	2.86	7.006024	80.407913	40	150
LK-9227155	Kalukohuthenna	134D	1.86	6.996139	80.412083	40	150
LK-9227160	Kithulgala South	134B	12.71	6.974859	80.42394	40	150
LK-9230005	Kurupetta	116A	3.76	7.030467	80.247948	32	151
LK-9230010	Daigala	117	4.27	7.016735	80.237999	32	151
LK-9230015	Eluwana	116E	2.47	7.011267	80.256426	32	151
LK-9230020	Magammana	116	0.58	7.012304	80.265495	32	151
LK-9230025	Kanangama	116C	10.24	6.995189	80.276367	32	151
LK-9230030	Walpola	115	11.9	6.978979	80.299931	32	152
LK-9230035	Boralankada	115B	11.03	6.980197	80.333544	32	152
LK-9230040	Dikella	119A	11.81	6.950681	80.300955	32	152
LK-9230045	Kahanavita	115A	2.08	6.965927	80.281668	32	152
LK-9230050	Dehiovita	119B	3.48	6.969343	80.263792	32	151
LK-9230055	Atulugamwela	116F	0.86	6.983579	80.257898	32	151
LK-9230060	Atulugama	116B	3.13	6.996297	80.255716	32	151
LK-9230065	Kelegama	117A	3.5	7.001162	80.240691	32	151
LK-9230070	Napawala	117B	3.05	6.995797	80.223192	32	151
LK-9230075	Uduvila	118C	2.92	6.980409	80.225659	32	151
LK-9230080	Epalapitiya	118	1.89	6.983941	80.215593	32	151
LK-9230085	Pahala Thaldoowa	118B	2.22	6.964141	80.223021	32	151
LK-9230090	Ihala Thaldoowa	118A	1.97	6.966592	80.234387	32	151
LK-9230095	Debegama	116D	5.64	6.981026	80.243675	32	151
LK-9230100	Thimbiripola	118D	5.97	6.954755	80.252165	32	151
LK-9230105	Algoda	119	5.66	6.94359	80.280852	32	152
LK-9230110	Hinguralakanda East	120	6.54	6.917449	80.30833	32	152
LK-9230115	Batangala	123	10.83	6.931747	80.27136	32	152
LK-9230120	Viharakanda	124B	2.22	6.940416	80.247182	32	152
LK-9230125	Galabalana Kanda	124C	1.97	6.952661	80.235155	32	152
LK-9230130	Maniyangama	124	2.71	6.943035	80.228919	32	152
LK-9230135	Madola	125	2.81	6.928781	80.216466	32	152
LK-9230140	Welangalla	125A	4.36	6.920081	80.23814	32	152
LK-9230145	Bomaluwa	124A	3.15	6.929432	80.247882	32	152
LK-9230150	Rangegama	122A	6.65	6.903176	80.259109	32	152
LK-9230155	Panawala	122	4.62	6.891	80.270685	32	152
LK-9230160	Hinguralakanda West	120A	5.19	6.913744	80.288911	32	152
LK-9230165	Pukunuwala	122C	5.76	6.891117	80.285162	32	152
LK-9230170	Godagampala	121C	9.36	6.889651	80.311688	32	152
LK-9230175	Ambalampitiya	121D	4.45	6.872743	80.299447	32	152
LK-9230180	Madagammana	122B	3.41	6.868237	80.288065	32	152
LK-9230185	Pannila	121A	7.77	6.865827	80.322811	32	152
LK-9230190	Imbulpitiya	121	6.87	6.867309	80.346352	32	152
LK-9230195	Elavulla	121B	6.83	6.843788	80.339125	32	152
LK-9233005	Ballahela	110	5.58	6.989408	80.385403	33	152
LK-9233010	Behenella	110C	6.82	6.98291	80.3624	33	152
LK-9233015	Nilwala	110A	7.87	6.968401	80.387893	33	152
LK-9233020	Dodawatta	110D	10.13	6.949143	80.416714	33	152
LK-9233025	Basnagala	111C	5.66	6.942989	80.399143	33	152
LK-9233030	Keerihena	111B	6.23	6.952408	80.386321	33	152
LK-9233035	Udabage	111	11.83	6.951603	80.364531	33	152
LK-9233040	Wattegedara	114D	8.39	6.949793	80.331607	33	152
LK-9233045	Deraniyagala	114	1.63	6.933075	80.335764	33	152
LK-9233050	Lassegama	114C	5.17	6.930621	80.355822	33	152
LK-9233055	Anhettigama	111A	4.34	6.922455	80.3744	33	152
LK-9233060	Panakoora	112D	3.59	6.920875	80.388266	33	152
LK-9233065	Pandaha	112B	10.72	6.910609	80.411447	33	152
LK-9233070	Polgaswatta	110B	6.5	6.932373	80.431469	33	152
LK-9233075	Maliboda	112	20.88	6.888368	80.466408	33	152
LK-9233080	Poddenikanda	112C	8.74	6.894567	80.394419	33	152
LK-9233085	Nakkavita	112A	4.84	6.902275	80.369676	33	152
LK-9233090	Miyanavita	114G	5.3	6.894632	80.358007	33	152
LK-9233095	Deraniyagala South	114E	6.73	6.920848	80.338351	33	152
LK-9233100	Rasnakkanda	114B	4.79	6.910837	80.324052	33	152
LK-9233105	Udapola	114A	5.26	6.894215	80.339642	33	152
LK-9233110	Demeda	114F	3.18	6.872802	80.355926	33	152
LK-9233115	Kosgahakanda	113A	9.35	6.872053	80.370716	33	152
LK-9233120	Yatiwala	113B	7.13	6.866411	80.391364	33	152
LK-9233125	Magala	113	21.47	6.855406	80.429582	33	152
LK-9233130	Dikellakanda	112E	30.04	6.861512	80.472624	33	152
