{
  "type": "FeatureCollection",
  "features": [
    {
      "id": "feature_0",
      "type": "Feature",
      "properties": {
        "id": "LK",
        "name": "Sri Lanka",
        "area_sqkm": "65983.58",
        "center_lat": "7.621863",
        "center_lng": "80.698448",
        "other_names": "\u0b87\u0bb2\u0b99\u0bcd\u0b95\u0bc8,\u0dc1\u0dca\u200d\u0dbb\u0dd3 \u0dbd\u0d82\u0d9a\u0dcf"
      },
      "geometry": {
        "type": "MultiPolygon",
        "coordinates": [
          [
            [
              [
                79.914575,
                8.924603
              ],
              [
                79.911557,
                8.927776
              ],
              [
                79.911251,
                8.930048
              ],
              [
                79.913255,
                8.929147
              ],
              [
                79.911086,
                8.933926
              ],
              [
                79.913302,
                8.936512
              ],
              [
                79.912382,
                8.936433
              ],
              [
                79.91151,
                8.938549
              ],
              [
                79.912547,
                8.937139
              ],
              [
                79.914905,
                8.937883
              ],
              [
                79.915447,
                8.934788
              ],
              [
                79.915589,
                8.936042
              ],
              [
                79.918771,
                8.934632
              ],
              [
                79.917875,
                8.934592
              ],
              [
                79.917333,
                8.93471
              ],
              [
                79.91672,
                8.935337
              ],
              [
                79.916555,
                8.933966
              ],
              [
                79.920657,
                8.9295
              ],
              [
                79.92028,
                8.927502
              ],
              [
                79.917616,
                8.926915
              ],
              [
                79.922638,
                8.922449
              ],
              [
                79.92186,
                8.917631
              ],
              [
                79.925797,
                8.914458
              ],
              [
                79.924359,
                8.913204
              ],
              [
                79.92773,
                8.91011
              ],
              [
                79.930111,
                8.911833
              ],
              [
                79.932327,
                8.901962
              ],
              [
                79.930064,
                8.903842
              ],
              [
                79.927848,
                8.902706
              ],
              [
                79.929474,
                8.90443
              ],
              [
                79.926339,
                8.903529
              ],
              [
                79.926975,
                8.900904
              ],
              [
                79.928225,
                8.900552
              ],
              [
                79.928083,
                8.898907
              ],
              [
                79.933152,
                8.898358
              ],
              [
                79.928484,
                8.897105
              ],
              [
                79.927918,
                8.899063
              ],
              [
                79.928178,
                8.900552
              ],
              [
                79.927494,
                8.900434
              ],
              [
                79.926952,
                8.900709
              ],
              [
                79.925962,
                8.902315
              ],
              [
                79.929969,
                8.887586
              ],
              [
                79.929545,
                8.873719
              ],
              [
                79.928909,
                8.873249
              ],
              [
                79.927635,
                8.870977
              ],
              [
                79.929168,
                8.873327
              ],
              [
                79.917144,
                8.829455
              ],
              [
                79.919596,
                8.837406
              ],
              [
                79.921011,
                8.836231
              ],
              [
                79.920374,
                8.839287
              ],
              [
                79.923015,
                8.832628
              ],
              [
                79.922614,
                8.832157
              ],
              [
                79.920751,
                8.835605
              ],
              [
                79.919997,
                8.826634
              ],
              [
                79.918535,
                8.824401
              ],
              [
                79.919691,
                8.82401
              ],
              [
                79.918017,
                8.821699
              ],
              [
                79.920775,
                8.82021
              ],
              [
                79.919148,
                8.819427
              ],
              [
                79.920304,
                8.818016
              ],
              [
                79.917286,
                8.816959
              ],
              [
                79.916909,
                8.81453
              ],
              [
                79.916461,
                8.817546
              ],
              [
                79.915777,
                8.816998
              ],
              [
                79.915659,
                8.815823
              ],
              [
                79.914811,
                8.817664
              ],
              [
                79.915141,
                8.82209
              ],
              [
                79.913137,
                8.820406
              ],
              [
                79.916414,
                8.813159
              ],
              [
                79.92186,
                8.811592
              ],
              [
                79.919667,
                8.810809
              ],
              [
                79.921317,
                8.807048
              ],
              [
                79.917805,
                8.807479
              ],
              [
                79.917616,
                8.806108
              ],
              [
                79.916249,
                8.808889
              ],
              [
                79.917734,
                8.80411
              ],
              [
                79.933741,
                8.782135
              ],
              [
                79.937914,
                8.773164
              ],
              [
                79.937914,
                8.769012
              ],
              [
                79.941168,
                8.760159
              ],
              [
                79.954417,
                8.737009
              ],
              [
                79.959486,
                8.723768
              ],
              [
                79.952366,
                8.715777
              ],
              [
                79.949419,
                8.708844
              ],
              [
                79.951164,
                8.692901
              ],
              [
                79.948735,
                8.689963
              ],
              [
                79.952201,
                8.680327
              ],
              [
                79.949985,
                8.675156
              ],
              [
                79.948735,
                8.665089
              ],
              [
                79.943808,
                8.660701
              ],
              [
                79.9427,
                8.653024
              ],
              [
                79.942724,
                8.646874
              ],
              [
                79.946496,
                8.637629
              ],
              [
                79.946401,
                8.62999
              ],
              [
                79.941073,
                8.616829
              ],
              [
                79.9336,
                8.612676
              ],
              [
                79.922072,
                8.597556
              ],
              [
                79.918441,
                8.589291
              ],
              [
                79.920139,
                8.578205
              ],
              [
                79.919243,
                8.57135
              ],
              [
                79.920775,
                8.56994
              ],
              [
                79.920704,
                8.568216
              ],
              [
                79.920539,
                8.566963
              ],
              [
                79.919761,
                8.566845
              ],
              [
                79.919643,
                8.558227
              ],
              [
                79.918205,
                8.552861
              ],
              [
                79.914976,
                8.548826
              ],
              [
                79.906748,
                8.548356
              ],
              [
                79.901184,
                8.546123
              ],
              [
                79.897153,
                8.541657
              ],
              [
                79.88817,
                8.537858
              ],
              [
                79.879,
                8.536369
              ],
              [
                79.875605,
                8.537466
              ],
              [
                79.874332,
                8.540286
              ],
              [
                79.869852,
                8.533666
              ],
              [
                79.865185,
                8.496375
              ],
              [
                79.865373,
                8.480902
              ],
              [
                79.86153,
                8.473968
              ],
              [
                79.864524,
                8.452619
              ],
              [
                79.85533,
                8.443336
              ],
              [
                79.848069,
                8.441024
              ],
              [
                79.842929,
                8.422144
              ],
              [
                79.846018,
                8.392216
              ],
              [
                79.844698,
                8.372473
              ],
              [
                79.846206,
                8.351125
              ],
              [
                79.838874,
                8.345405
              ],
              [
                79.83713,
                8.338864
              ],
              [
                79.839535,
                8.334202
              ],
              [
                79.832415,
                8.324527
              ],
              [
                79.83746,
                8.312697
              ],
              [
                79.832556,
                8.302238
              ],
              [
                79.833499,
                8.291152
              ],
              [
                79.827582,
                8.28747
              ],
              [
                79.823716,
                8.282848
              ],
              [
                79.81794,
                8.268707
              ],
              [
                79.816549,
                8.268628
              ],
              [
                79.816572,
                8.262909
              ],
              [
                79.810183,
                8.238231
              ],
              [
                79.80627,
                8.235998
              ],
              [
                79.789531,
                8.233099
              ],
              [
                79.792832,
                8.229535
              ],
              [
                79.791582,
                8.231141
              ],
              [
                79.79262,
                8.232042
              ],
              [
                79.797193,
                8.230984
              ],
              [
                79.796038,
                8.234118
              ],
              [
                79.800117,
                8.23306
              ],
              [
                79.805162,
                8.227811
              ],
              [
                79.808085,
                8.226988
              ],
              [
                79.806458,
                8.224912
              ],
              [
                79.807944,
                8.226518
              ],
              [
                79.810702,
                8.22409
              ],
              [
                79.810113,
                8.222405
              ],
              [
                79.804572,
                8.224442
              ],
              [
                79.802804,
                8.222601
              ],
              [
                79.798726,
                8.222014
              ],
              [
                79.79295,
                8.228085
              ],
              [
                79.792808,
                8.226753
              ],
              [
                79.794459,
                8.223776
              ],
              [
                79.809075,
                8.215981
              ],
              [
                79.819048,
                8.205835
              ],
              [
                79.821122,
                8.199842
              ],
              [
                79.820297,
                8.194985
              ],
              [
                79.824046,
                8.182411
              ],
              [
                79.823197,
                8.178572
              ],
              [
                79.821995,
                8.18104
              ],
              [
                79.815983,
                8.182176
              ],
              [
                79.82124,
                8.17391
              ],
              [
                79.819331,
                8.171403
              ],
              [
                79.818718,
                8.173244
              ],
              [
                79.820132,
                8.174419
              ],
              [
                79.819613,
                8.174302
              ],
              [
                79.819118,
                8.174028
              ],
              [
                79.818576,
                8.173401
              ],
              [
                79.818576,
                8.17203
              ],
              [
                79.818812,
                8.17109
              ],
              [
                79.821146,
                8.167212
              ],
              [
                79.819189,
                8.163177
              ],
              [
                79.824446,
                8.161336
              ],
              [
                79.833664,
                8.150525
              ],
              [
                79.830104,
                8.146137
              ],
              [
                79.83489,
                8.138616
              ],
              [
                79.834655,
                8.129842
              ],
              [
                79.831637,
                8.130077
              ],
              [
                79.829114,
                8.126277
              ],
              [
                79.82282,
                8.122634
              ],
              [
                79.820816,
                8.122242
              ],
              [
                79.82157,
                8.123848
              ],
              [
                79.820014,
                8.12471
              ],
              [
                79.820297,
                8.11382
              ],
              [
                79.817727,
                8.110216
              ],
              [
                79.814545,
                8.099013
              ],
              [
                79.810419,
                8.096702
              ],
              [
                79.803936,
                8.086478
              ],
              [
                79.800235,
                8.083344
              ],
              [
                79.795449,
                8.086008
              ],
              [
                79.793751,
                8.083815
              ],
              [
                79.790828,
                8.085695
              ],
              [
                79.791677,
                8.086948
              ],
              [
                79.790121,
                8.086557
              ],
              [
                79.790969,
                8.081425
              ],
              [
                79.792832,
                8.0826
              ],
              [
                79.797901,
                8.08025
              ],
              [
                79.800352,
                8.076333
              ],
              [
                79.799669,
                8.073238
              ],
              [
                79.794954,
                8.073473
              ],
              [
                79.793964,
                8.071319
              ],
              [
                79.789979,
                8.076254
              ],
              [
                79.791417,
                8.079153
              ],
              [
                79.79005,
                8.078095
              ],
              [
                79.789673,
                8.07598
              ],
              [
                79.792903,
                8.070809
              ],
              [
                79.792431,
                8.068146
              ],
              [
                79.797783,
                8.061056
              ],
              [
                79.821382,
                8.039198
              ],
              [
                79.829845,
                8.027603
              ],
              [
                79.834324,
                8.018162
              ],
              [
                79.835102,
                8.010093
              ],
              [
                79.833924,
                8.007429
              ],
              [
                79.832108,
                8.007782
              ],
              [
                79.832651,
                8.004178
              ],
              [
                79.828148,
                8.002572
              ],
              [
                79.825083,
                7.997871
              ],
              [
                79.818859,
                7.997048
              ],
              [
                79.817822,
                7.993484
              ],
              [
                79.81867,
                7.987255
              ],
              [
                79.824423,
                7.980557
              ],
              [
                79.822867,
                7.979578
              ],
              [
                79.824847,
                7.978716
              ],
              [
                79.824046,
                7.976052
              ],
              [
                79.821712,
                7.980204
              ],
              [
                79.817892,
                7.980165
              ],
              [
                79.814804,
                7.976287
              ],
              [
                79.810207,
                7.97852
              ],
              [
                79.792125,
                7.978285
              ],
              [
                79.781657,
                7.979813
              ],
              [
                79.759426,
                7.986864
              ],
              [
                79.750184,
                7.990663
              ],
              [
                79.745988,
                7.994189
              ],
              [
                79.737524,
                8.011895
              ],
              [
                79.736393,
                8.017927
              ],
              [
                79.745116,
                8.034614
              ],
              [
                79.741768,
                8.046013
              ],
              [
                79.741886,
                8.054553
              ],
              [
                79.750844,
                8.062662
              ],
              [
                79.755064,
                8.063367
              ],
              [
                79.73934,
                8.070849
              ],
              [
                79.736652,
                8.073982
              ],
              [
                79.737524,
                8.076293
              ],
              [
                79.731371,
                8.084637
              ],
              [
                79.731135,
                8.090787
              ],
              [
                79.732456,
                8.097525
              ],
              [
                79.734318,
                8.099327
              ],
              [
                79.732668,
                8.09678
              ],
              [
                79.734129,
                8.097133
              ],
              [
                79.73453,
                8.097681
              ],
              [
                79.734955,
                8.099209
              ],
              [
                79.735803,
                8.10959
              ],
              [
                79.732833,
                8.117777
              ],
              [
                79.727057,
                8.122869
              ],
              [
                79.729485,
                8.129411
              ],
              [
                79.727764,
                8.133916
              ],
              [
                79.728165,
                8.138342
              ],
              [
                79.732503,
                8.144022
              ],
              [
                79.738986,
                8.144179
              ],
              [
                79.738043,
                8.146803
              ],
              [
                79.741391,
                8.151465
              ],
              [
                79.739552,
                8.15405
              ],
              [
                79.739835,
                8.158085
              ],
              [
                79.746389,
                8.165802
              ],
              [
                79.743088,
                8.175242
              ],
              [
                79.745116,
                8.181196
              ],
              [
                79.749359,
                8.182019
              ],
              [
                79.748015,
                8.18813
              ],
              [
                79.739599,
                8.19475
              ],
              [
                79.74,
                8.197374
              ],
              [
                79.737642,
                8.201644
              ],
              [
                79.740235,
                8.205209
              ],
              [
                79.744078,
                8.20466
              ],
              [
                79.741862,
                8.208029
              ],
              [
                79.745068,
                8.210497
              ],
              [
                79.74943,
                8.218606
              ],
              [
                79.757021,
                8.222679
              ],
              [
                79.755347,
                8.222601
              ],
              [
                79.756054,
                8.224834
              ],
              [
                79.761642,
                8.221348
              ],
              [
                79.762514,
                8.216647
              ],
              [
                79.76895,
                8.217195
              ],
              [
                79.770412,
                8.228203
              ],
              [
                79.767229,
                8.233726
              ],
              [
                79.76565,
                8.241756
              ],
              [
                79.772369,
                8.249199
              ],
              [
                79.777744,
                8.259109
              ],
              [
                79.776754,
                8.261381
              ],
              [
                79.7673,
                8.263144
              ],
              [
                79.766805,
                8.26048
              ],
              [
                79.763811,
                8.259305
              ],
              [
                79.764282,
                8.25578
              ],
              [
                79.757964,
                8.251353
              ],
              [
                79.752424,
                8.24348
              ],
              [
                79.747332,
                8.239719
              ],
              [
                79.749666,
                8.24254
              ],
              [
                79.747756,
                8.241795
              ],
              [
                79.740188,
                8.230906
              ],
              [
                79.734294,
                8.227889
              ],
              [
                79.73123,
                8.228438
              ],
              [
                79.735921,
                8.233413
              ],
              [
                79.737689,
                8.241129
              ],
              [
                79.739528,
                8.242305
              ],
              [
                79.738845,
                8.245125
              ],
              [
                79.740754,
                8.245203
              ],
              [
                79.739127,
                8.246653
              ],
              [
                79.740188,
                8.248494
              ],
              [
                79.738868,
                8.250139
              ],
              [
                79.747143,
                8.251667
              ],
              [
                79.751198,
                8.24822
              ],
              [
                79.753273,
                8.248533
              ],
              [
                79.756667,
                8.253665
              ],
              [
                79.753225,
                8.249003
              ],
              [
                79.752565,
                8.25151
              ],
              [
                79.750868,
                8.249081
              ],
              [
                79.749288,
                8.251079
              ],
              [
                79.750585,
                8.250139
              ],
              [
                79.753343,
                8.252959
              ],
              [
                79.753768,
                8.252137
              ],
              [
                79.754333,
                8.255466
              ],
              [
                79.757752,
                8.256132
              ],
              [
                79.757304,
                8.257778
              ],
              [
                79.760581,
                8.262243
              ],
              [
                79.759779,
                8.265925
              ],
              [
                79.763716,
                8.268354
              ],
              [
                79.761736,
                8.272898
              ],
              [
                79.75754,
                8.271409
              ],
              [
                79.756361,
                8.273251
              ],
              [
                79.758836,
                8.267688
              ],
              [
                79.755088,
                8.263497
              ],
              [
                79.750467,
                8.264084
              ],
              [
                79.750962,
                8.266709
              ],
              [
                79.753768,
                8.268432
              ],
              [
                79.754593,
                8.273368
              ],
              [
                79.757964,
                8.274034
              ],
              [
                79.758648,
                8.276815
              ],
              [
                79.753886,
                8.28038
              ],
              [
                79.753343,
                8.282691
              ],
              [
                79.755394,
                8.284258
              ],
              [
                79.752589,
                8.285237
              ],
              [
                79.754711,
                8.288449
              ],
              [
                79.753838,
                8.290525
              ],
              [
                79.757893,
                8.293072
              ],
              [
                79.758035,
                8.295461
              ],
              [
                79.761995,
                8.297106
              ],
              [
                79.76216,
                8.29977
              ],
              [
                79.767654,
                8.30118
              ],
              [
                79.765815,
                8.302825
              ],
              [
                79.761925,
                8.301768
              ],
              [
                79.7582,
                8.303178
              ],
              [
                79.761123,
                8.311718
              ],
              [
                79.765485,
                8.316261
              ],
              [
                79.764494,
                8.31916
              ],
              [
                79.767866,
                8.326407
              ],
              [
                79.765131,
                8.325193
              ],
              [
                79.769799,
                8.33244
              ],
              [
                79.77119,
                8.332518
              ],
              [
                79.768431,
                8.326133
              ],
              [
                79.769587,
                8.325898
              ],
              [
                79.771921,
                8.32958
              ],
              [
                79.772958,
                8.339726
              ],
              [
                79.77739,
                8.345053
              ],
              [
                79.775952,
                8.345092
              ],
              [
                79.77574,
                8.347364
              ],
              [
                79.777885,
                8.34756
              ],
              [
                79.777296,
                8.35038
              ],
              [
                79.779276,
                8.355551
              ],
              [
                79.781917,
                8.357275
              ],
              [
                79.783991,
                8.364482
              ],
              [
                79.785146,
                8.370632
              ],
              [
                79.779253,
                8.377801
              ],
              [
                79.785264,
                8.383089
              ],
              [
                79.789154,
                8.383833
              ],
              [
                79.784298,
                8.383402
              ],
              [
                79.77475,
                8.376626
              ],
              [
                79.772227,
                8.36127
              ],
              [
                79.772817,
                8.348226
              ],
              [
                79.764023,
                8.3277
              ],
              [
                79.760534,
                8.310738
              ],
              [
                79.744668,
                8.28179
              ],
              [
                79.74066,
                8.265886
              ],
              [
                79.737901,
                8.244655
              ],
              [
                79.734106,
                8.233961
              ],
              [
                79.730192,
                8.228516
              ],
              [
                79.727104,
                8.226949
              ],
              [
                79.725147,
                8.227772
              ],
              [
                79.714986,
                8.218527
              ],
              [
                79.708102,
                8.217744
              ],
              [
                79.701336,
                8.220172
              ],
              [
                79.692425,
                8.208734
              ],
              [
                79.697258,
                8.184565
              ],
              [
                79.70301,
                8.170776
              ],
              [
                79.70499,
                8.156165
              ],
              [
                79.704849,
                8.121968
              ],
              [
                79.701265,
                8.112606
              ],
              [
                79.705438,
                8.102147
              ],
              [
                79.707254,
                8.091688
              ],
              [
                79.706075,
                8.057178
              ],
              [
                79.717509,
                8.02349
              ],
              [
                79.713454,
                8.022001
              ],
              [
                79.71758,
                8.023255
              ],
              [
                79.730687,
                7.97566
              ],
              [
                79.744951,
                7.93406
              ],
              [
                79.767654,
                7.837344
              ],
              [
                79.781398,
                7.787165
              ],
              [
                79.79585,
                7.712111
              ],
              [
                79.799457,
                7.684573
              ],
              [
                79.800376,
                7.635334
              ],
              [
                79.799574,
                7.622877
              ],
              [
                79.79691,
                7.612771
              ],
              [
                79.792125,
                7.607952
              ],
              [
                79.786113,
                7.606581
              ],
              [
                79.788636,
                7.545747
              ],
              [
                79.80271,
                7.464622
              ],
              [
                79.819802,
                7.396502
              ],
              [
                79.841043,
                7.274598
              ],
              [
                79.841774,
                7.250351
              ],
              [
                79.839511,
                7.225947
              ],
              [
                79.835998,
                7.215213
              ],
              [
                79.828572,
                7.209847
              ],
              [
                79.828619,
                7.206125
              ],
              [
                79.832273,
                7.208828
              ],
              [
                79.834867,
                7.208162
              ],
              [
                79.830104,
                7.205577
              ],
              [
                79.833664,
                7.19931
              ],
              [
                79.829987,
                7.198604
              ],
              [
                79.830576,
                7.201621
              ],
              [
                79.826993,
                7.204794
              ],
              [
                79.825861,
                7.208319
              ],
              [
                79.819637,
                7.207301
              ],
              [
                79.816879,
                7.203305
              ],
              [
                79.828431,
                7.153008
              ],
              [
                79.842199,
                7.112426
              ],
              [
                79.862756,
                7.019314
              ],
              [
                79.868155,
                7.000981
              ],
              [
                79.867236,
                6.995106
              ],
              [
                79.869239,
                6.974893
              ],
              [
                79.868249,
                6.969409
              ],
              [
                79.864501,
                6.965139
              ],
              [
                79.860399,
                6.963063
              ],
              [
                79.859196,
                6.964904
              ],
              [
                79.858725,
                6.962789
              ],
              [
                79.8579,
                6.964121
              ],
              [
                79.857263,
                6.96369
              ],
              [
                79.857735,
                6.962201
              ],
              [
                79.853303,
                6.961104
              ],
              [
                79.85658,
                6.960791
              ],
              [
                79.85658,
                6.959342
              ],
              [
                79.853185,
                6.958832
              ],
              [
                79.853232,
                6.957696
              ],
              [
                79.856556,
                6.958401
              ],
              [
                79.854081,
                6.95656
              ],
              [
                79.857475,
                6.956482
              ],
              [
                79.855495,
                6.95562
              ],
              [
                79.856179,
                6.954367
              ],
              [
                79.853845,
                6.954641
              ],
              [
                79.856037,
                6.953231
              ],
              [
                79.853703,
                6.953466
              ],
              [
                79.849884,
                6.942498
              ],
              [
                79.852289,
                6.941714
              ],
              [
                79.850379,
                6.940186
              ],
              [
                79.849224,
                6.941087
              ],
              [
                79.849766,
                6.93952
              ],
              [
                79.848705,
                6.940461
              ],
              [
                79.849436,
                6.939364
              ],
              [
                79.847267,
                6.937993
              ],
              [
                79.847385,
                6.941949
              ],
              [
                79.846254,
                6.942263
              ],
              [
                79.845263,
                6.938698
              ],
              [
                79.842882,
                6.939951
              ],
              [
                79.84498,
                6.942184
              ],
              [
                79.84623,
                6.951781
              ],
              [
                79.844839,
                6.952095
              ],
              [
                79.844863,
                6.955816
              ],
              [
                79.840053,
                6.960713
              ],
              [
                79.838945,
                6.959772
              ],
              [
                79.83977,
                6.958793
              ],
              [
                79.839935,
                6.960243
              ],
              [
                79.844533,
                6.954758
              ],
              [
                79.842246,
                6.945866
              ],
              [
                79.840053,
                6.946141
              ],
              [
                79.839817,
                6.951821
              ],
              [
                79.839087,
                6.945318
              ],
              [
                79.827535,
                6.945788
              ],
              [
                79.825531,
                6.943594
              ],
              [
                79.82381,
                6.944652
              ],
              [
                79.823173,
                6.956874
              ],
              [
                79.830694,
                6.965844
              ],
              [
                79.82256,
                6.957187
              ],
              [
                79.823173,
                6.943203
              ],
              [
                79.819967,
                6.940617
              ],
              [
                79.820297,
                6.93055
              ],
              [
                79.823574,
                6.924909
              ],
              [
                79.829845,
                6.922206
              ],
              [
                79.836116,
                6.922598
              ],
              [
                79.841067,
                6.92534
              ],
              [
                79.84201,
                6.928591
              ],
              [
                79.843094,
                6.927926
              ],
              [
                79.853468,
                6.8913
              ],
              [
                79.862426,
                6.848994
              ],
              [
                79.862921,
                6.83638
              ],
              [
                79.861012,
                6.833678
              ],
              [
                79.862733,
                6.825216
              ],
              [
                79.876336,
                6.781696
              ],
              [
                79.900288,
                6.719413
              ],
              [
                79.899487,
                6.716514
              ],
              [
                79.900689,
                6.71671
              ],
              [
                79.903989,
                6.70629
              ],
              [
                79.917286,
                6.682591
              ],
              [
                79.932115,
                6.649177
              ],
              [
                79.950362,
                6.602014
              ],
              [
                79.958095,
                6.573889
              ],
              [
                79.959886,
                6.57193
              ],
              [
                79.959674,
                6.56813
              ],
              [
                79.980114,
                6.516423
              ],
              [
                79.981293,
                6.508667
              ],
              [
                79.978087,
                6.505416
              ],
              [
                79.975988,
                6.50569
              ],
              [
                79.981906,
                6.491471
              ],
              [
                79.982707,
                6.478975
              ],
              [
                79.973348,
                6.470513
              ],
              [
                79.975045,
                6.467301
              ],
              [
                79.974338,
                6.459898
              ],
              [
                79.977474,
                6.455941
              ],
              [
                79.977167,
                6.452338
              ],
              [
                79.979713,
                6.448499
              ],
              [
                79.985277,
                6.444699
              ],
              [
                79.986149,
                6.440194
              ],
              [
                79.990275,
                6.436003
              ],
              [
                79.99367,
                6.429265
              ],
              [
                79.995532,
                6.41912
              ],
              [
                79.994283,
                6.4172
              ],
              [
                80.00508,
                6.397105
              ],
              [
                80.003737,
                6.395107
              ],
              [
                80.0089,
                6.382533
              ],
              [
                80.008074,
                6.37654
              ],
              [
                80.010951,
                6.371957
              ],
              [
                80.011516,
                6.368588
              ],
              [
                80.010338,
                6.367608
              ],
              [
                80.016019,
                6.358834
              ],
              [
                80.015736,
                6.356719
              ],
              [
                80.028255,
                6.330513
              ],
              [
                80.030424,
                6.321699
              ],
              [
                80.028868,
                6.319701
              ],
              [
                80.028278,
                6.313003
              ],
              [
                80.030353,
                6.312063
              ],
              [
                80.033936,
                6.305521
              ],
              [
                80.037803,
                6.29326
              ],
              [
                80.037402,
                6.290831
              ],
              [
                80.035893,
                6.290518
              ],
              [
                80.03587,
                6.285661
              ],
              [
                80.033276,
                6.284407
              ],
              [
                80.035375,
                6.276142
              ],
              [
                80.035162,
                6.274183
              ],
              [
                80.032734,
                6.273596
              ],
              [
                80.032946,
                6.268699
              ],
              [
                80.036318,
                6.263842
              ],
              [
                80.037897,
                6.255576
              ],
              [
                80.044663,
                6.245
              ],
              [
                80.047068,
                6.24359
              ],
              [
                80.04959,
                6.235912
              ],
              [
                80.050392,
                6.237283
              ],
              [
                80.051877,
                6.235795
              ],
              [
                80.051689,
                6.233483
              ],
              [
                80.049732,
                6.235324
              ],
              [
                80.050392,
                6.233993
              ],
              [
                80.051335,
                6.233327
              ],
              [
                80.052207,
                6.233248
              ],
              [
                80.052915,
                6.227138
              ],
              [
                80.063689,
                6.202537
              ],
              [
                80.063641,
                6.198659
              ],
              [
                80.061567,
                6.195761
              ],
              [
                80.062368,
                6.192274
              ],
              [
                80.08849,
                6.167165
              ],
              [
                80.091154,
                6.160663
              ],
              [
                80.091201,
                6.156079
              ],
              [
                80.094902,
                6.154473
              ],
              [
                80.09858,
                6.149107
              ],
              [
                80.099169,
                6.145229
              ],
              [
                80.097496,
                6.143505
              ],
              [
                80.099099,
                6.144994
              ],
              [
                80.098934,
                6.141194
              ],
              [
                80.096411,
                6.142839
              ],
              [
                80.099523,
                6.140019
              ],
              [
                80.099641,
                6.131244
              ],
              [
                80.113315,
                6.121295
              ],
              [
                80.123051,
                6.111267
              ],
              [
                80.125149,
                6.105939
              ],
              [
                80.123287,
                6.104216
              ],
              [
                80.124584,
                6.103197
              ],
              [
                80.12357,
                6.101003
              ],
              [
                80.125244,
                6.101513
              ],
              [
                80.141911,
                6.088821
              ],
              [
                80.150634,
                6.078519
              ],
              [
                80.168882,
                6.066728
              ],
              [
                80.177251,
                6.058737
              ],
              [
                80.17685,
                6.056896
              ],
              [
                80.180033,
                6.051921
              ],
              [
                80.190194,
                6.044126
              ],
              [
                80.198539,
                6.038681
              ],
              [
                80.201368,
                6.039738
              ],
              [
                80.20896,
                6.036017
              ],
              [
                80.211624,
                6.033275
              ],
              [
                80.211906,
                6.030611
              ],
              [
                80.213934,
                6.031238
              ],
              [
                80.213769,
                6.026381
              ],
              [
                80.21747,
                6.023639
              ],
              [
                80.219828,
                6.024618
              ],
              [
                80.219969,
                6.027399
              ],
              [
                80.21747,
                6.031121
              ],
              [
                80.222845,
                6.036174
              ],
              [
                80.227112,
                6.03637
              ],
              [
                80.227985,
                6.033745
              ],
              [
                80.227655,
                6.036056
              ],
              [
                80.23178,
                6.034568
              ],
              [
                80.230319,
                6.03398
              ],
              [
                80.23178,
                6.034137
              ],
              [
                80.232558,
                6.032139
              ],
              [
                80.226853,
                6.032022
              ],
              [
                80.229329,
                6.030455
              ],
              [
                80.234704,
                6.030102
              ],
              [
                80.236283,
                6.03304
              ],
              [
                80.239042,
                6.032139
              ],
              [
                80.241965,
                6.028065
              ],
              [
                80.240362,
                6.025676
              ],
              [
                80.240173,
                6.0198
              ],
              [
                80.237651,
                6.017567
              ],
              [
                80.234751,
                6.017606
              ],
              [
                80.236425,
                6.016901
              ],
              [
                80.237273,
                6.011652
              ],
              [
                80.243191,
                6.00558
              ],
              [
                80.245077,
                6.008949
              ],
              [
                80.249627,
                6.009654
              ],
              [
                80.256652,
                6.002838
              ],
              [
                80.264574,
                5.999274
              ],
              [
                80.287347,
                5.995435
              ],
              [
                80.290294,
                5.99375
              ],
              [
                80.292251,
                5.994573
              ],
              [
                80.316675,
                5.990695
              ],
              [
                80.334239,
                5.982116
              ],
              [
                80.343174,
                5.980471
              ],
              [
                80.346828,
                5.977729
              ],
              [
                80.358403,
                5.974086
              ],
              [
                80.370215,
                5.968837
              ],
              [
                80.370662,
                5.966996
              ],
              [
                80.374152,
                5.967544
              ],
              [
                80.379904,
                5.964685
              ],
              [
                80.389994,
                5.965076
              ],
              [
                80.390984,
                5.963196
              ],
              [
                80.398057,
                5.960219
              ],
              [
                80.409845,
                5.957125
              ],
              [
                80.412792,
                5.958966
              ],
              [
                80.414112,
                5.957125
              ],
              [
                80.416917,
                5.956968
              ],
              [
                80.417459,
                5.954696
              ],
              [
                80.420312,
                5.956733
              ],
              [
                80.420123,
                5.958613
              ],
              [
                80.422127,
                5.960297
              ],
              [
                80.421538,
                5.964176
              ],
              [
                80.426442,
                5.970756
              ],
              [
                80.438253,
                5.972598
              ],
              [
                80.449239,
                5.967858
              ],
              [
                80.453459,
                5.963705
              ],
              [
                80.454685,
                5.959357
              ],
              [
                80.451455,
                5.956106
              ],
              [
                80.453129,
                5.952032
              ],
              [
                80.451974,
                5.947997
              ],
              [
                80.450866,
                5.946901
              ],
              [
                80.448225,
                5.947802
              ],
              [
                80.450701,
                5.950269
              ],
              [
                80.448602,
                5.948507
              ],
              [
                80.447777,
                5.947214
              ],
              [
                80.444265,
                5.94647
              ],
              [
                80.447259,
                5.946235
              ],
              [
                80.453765,
                5.941221
              ],
              [
                80.455321,
                5.944394
              ],
              [
                80.458433,
                5.944942
              ],
              [
                80.461592,
                5.943532
              ],
              [
                80.462229,
                5.94126
              ],
              [
                80.46395,
                5.942631
              ],
              [
                80.46817,
                5.939066
              ],
              [
                80.474276,
                5.937303
              ],
              [
                80.485568,
                5.93652
              ],
              [
                80.493867,
                5.94032
              ],
              [
                80.520837,
                5.935384
              ],
              [
                80.526472,
                5.935972
              ],
              [
                80.530668,
                5.938949
              ],
              [
                80.532507,
                5.937382
              ],
              [
                80.543092,
                5.943101
              ],
              [
                80.548727,
                5.942866
              ],
              [
                80.549222,
                5.941182
              ],
              [
                80.549693,
                5.942631
              ],
              [
                80.554715,
                5.942122
              ],
              [
                80.571548,
                5.938244
              ],
              [
                80.573669,
                5.935737
              ],
              [
                80.579587,
                5.93366
              ],
              [
                80.584703,
                5.927197
              ],
              [
                80.581921,
                5.923162
              ],
              [
                80.583901,
                5.919794
              ],
              [
                80.587249,
                5.920381
              ],
              [
                80.591233,
                5.918697
              ],
              [
                80.593897,
                5.919715
              ],
              [
                80.594416,
                5.921791
              ],
              [
                80.592883,
                5.922457
              ],
              [
                80.594958,
                5.926218
              ],
              [
                80.597386,
                5.924573
              ],
              [
                80.601512,
                5.925669
              ],
              [
                80.601795,
                5.927667
              ],
              [
                80.603987,
                5.926296
              ],
              [
                80.613182,
                5.93037
              ],
              [
                80.61337,
                5.932877
              ],
              [
                80.615728,
                5.930292
              ],
              [
                80.620089,
                5.932603
              ],
              [
                80.617237,
                5.937225
              ],
              [
                80.619264,
                5.939458
              ],
              [
                80.621362,
                5.939105
              ],
              [
                80.62214,
                5.942318
              ],
              [
                80.620985,
                5.943414
              ],
              [
                80.623225,
                5.945765
              ],
              [
                80.628859,
                5.947253
              ],
              [
                80.630509,
                5.945373
              ],
              [
                80.632891,
                5.946979
              ],
              [
                80.633103,
                5.945216
              ],
              [
                80.636262,
                5.948076
              ],
              [
                80.637158,
                5.944981
              ],
              [
                80.639562,
                5.945843
              ],
              [
                80.639327,
                5.943845
              ],
              [
                80.642156,
                5.945138
              ],
              [
                80.640953,
                5.946626
              ],
              [
                80.643382,
                5.952228
              ],
              [
                80.649393,
                5.955088
              ],
              [
                80.673817,
                5.959749
              ],
              [
                80.678061,
                5.9583
              ],
              [
                80.68478,
                5.960062
              ],
              [
                80.686194,
                5.958221
              ],
              [
                80.687892,
                5.962256
              ],
              [
                80.696497,
                5.963588
              ],
              [
                80.699444,
                5.962452
              ],
              [
                80.699797,
                5.959357
              ],
              [
                80.706681,
                5.959318
              ],
              [
                80.708096,
                5.962765
              ],
              [
                80.709982,
                5.95971
              ],
              [
                80.718587,
                5.961238
              ],
              [
                80.722005,
                5.959984
              ],
              [
                80.718799,
                5.961747
              ],
              [
                80.717479,
                5.964724
              ],
              [
                80.719105,
                5.966604
              ],
              [
                80.718728,
                5.969385
              ],
              [
                80.72309,
                5.973655
              ],
              [
                80.722029,
                5.976946
              ],
              [
                80.723302,
                5.978512
              ],
              [
                80.729761,
                5.979727
              ],
              [
                80.73582,
                5.976241
              ],
              [
                80.734877,
                5.972715
              ],
              [
                80.737423,
                5.971892
              ],
              [
                80.739097,
                5.978082
              ],
              [
                80.73648,
                5.978708
              ],
              [
                80.736009,
                5.980549
              ],
              [
                80.738531,
                5.982704
              ],
              [
                80.738579,
                5.985798
              ],
              [
                80.742704,
                5.98807
              ],
              [
                80.750272,
                5.989167
              ],
              [
                80.74881,
                5.989363
              ],
              [
                80.745722,
                5.989167
              ],
              [
                80.745015,
                5.990852
              ],
              [
                80.748669,
                5.998686
              ],
              [
                80.756401,
                6.001546
              ],
              [
                80.760881,
                6.000135
              ],
              [
                80.763168,
                6.002016
              ],
              [
                80.764629,
                6.000723
              ],
              [
                80.764818,
                6.002486
              ],
              [
                80.767175,
                6.002838
              ],
              [
                80.767199,
                6.004914
              ],
              [
                80.770217,
                6.002603
              ],
              [
                80.773729,
                6.006168
              ],
              [
                80.776299,
                6.006364
              ],
              [
                80.777336,
                6.004914
              ],
              [
                80.781321,
                6.006442
              ],
              [
                80.78066,
                6.009028
              ],
              [
                80.78712,
                6.012514
              ],
              [
                80.786342,
                6.015099
              ],
              [
                80.789973,
                6.016039
              ],
              [
                80.790208,
                6.018585
              ],
              [
                80.792212,
                6.017606
              ],
              [
                80.791977,
                6.018899
              ],
              [
                80.799827,
                6.020466
              ],
              [
                80.801147,
                6.022699
              ],
              [
                80.799568,
                6.025558
              ],
              [
                80.80011,
                6.023717
              ],
              [
                80.798389,
                6.024618
              ],
              [
                80.798931,
                6.029867
              ],
              [
                80.804094,
                6.0359
              ],
              [
                80.808526,
                6.037936
              ],
              [
                80.819041,
                6.041501
              ],
              [
                80.847638,
                6.045497
              ],
              [
                80.856549,
                6.044909
              ],
              [
                80.860911,
                6.042324
              ],
              [
                80.865201,
                6.047103
              ],
              [
                80.866757,
                6.047064
              ],
              [
                80.86572,
                6.050589
              ],
              [
                80.868219,
                6.055877
              ],
              [
                80.873594,
                6.059364
              ],
              [
                80.886184,
                6.062772
              ],
              [
                80.902733,
                6.063477
              ],
              [
                80.920273,
                6.071977
              ],
              [
                80.932297,
                6.075581
              ],
              [
                80.936305,
                6.07515
              ],
              [
                80.936635,
                6.079968
              ],
              [
                80.942859,
                6.083689
              ],
              [
                80.97709,
                6.087058
              ],
              [
                80.983361,
                6.089722
              ],
              [
                80.985931,
                6.09266
              ],
              [
                80.989538,
                6.092621
              ],
              [
                80.989467,
                6.094501
              ],
              [
                80.992885,
                6.097791
              ],
              [
                81.000877,
                6.10116
              ],
              [
                81.025443,
                6.105234
              ],
              [
                81.050857,
                6.106488
              ],
              [
                81.055666,
                6.111032
              ],
              [
                81.070259,
                6.109661
              ],
              [
                81.096051,
                6.114675
              ],
              [
                81.103996,
                6.112755
              ],
              [
                81.096829,
                6.114792
              ],
              [
                81.101709,
                6.119375
              ],
              [
                81.104797,
                6.119454
              ],
              [
                81.102275,
                6.118318
              ],
              [
                81.106023,
                6.119297
              ],
              [
                81.106306,
                6.116751
              ],
              [
                81.107933,
                6.119689
              ],
              [
                81.127406,
                6.119963
              ],
              [
                81.130754,
                6.121412
              ],
              [
                81.127099,
                6.127797
              ],
              [
                81.132852,
                6.133791
              ],
              [
                81.144333,
                6.13571
              ],
              [
                81.150981,
                6.142408
              ],
              [
                81.168474,
                6.145425
              ],
              [
                81.172317,
                6.148598
              ],
              [
                81.173024,
                6.1513
              ],
              [
                81.183162,
                6.157646
              ],
              [
                81.210415,
                6.164541
              ],
              [
                81.226186,
                6.164149
              ],
              [
                81.225951,
                6.170064
              ],
              [
                81.232387,
                6.173002
              ],
              [
                81.232292,
                6.17641
              ],
              [
                81.236088,
                6.179426
              ],
              [
                81.246579,
                6.182168
              ],
              [
                81.271545,
                6.185145
              ],
              [
                81.279773,
                6.190903
              ],
              [
                81.291325,
                6.193019
              ],
              [
                81.295521,
                6.196074
              ],
              [
                81.324236,
                6.198816
              ],
              [
                81.324236,
                6.20336
              ],
              [
                81.326664,
                6.206298
              ],
              [
                81.339701,
                6.214367
              ],
              [
                81.337981,
                6.215503
              ],
              [
                81.340338,
                6.219577
              ],
              [
                81.336472,
                6.217697
              ],
              [
                81.341305,
                6.223612
              ],
              [
                81.349438,
                6.227686
              ],
              [
                81.366012,
                6.231446
              ],
              [
                81.373273,
                6.235089
              ],
              [
                81.37233,
                6.236852
              ],
              [
                81.373791,
                6.240534
              ],
              [
                81.381595,
                6.245392
              ],
              [
                81.394608,
                6.246763
              ],
              [
                81.395881,
                6.248839
              ],
              [
                81.401422,
                6.250367
              ],
              [
                81.404133,
                6.256086
              ],
              [
                81.411818,
                6.262784
              ],
              [
                81.416486,
                6.264743
              ],
              [
                81.419999,
                6.273674
              ],
              [
                81.427354,
                6.277591
              ],
              [
                81.426647,
                6.281117
              ],
              [
                81.428297,
                6.284603
              ],
              [
                81.435417,
                6.288716
              ],
              [
                81.439236,
                6.294239
              ],
              [
                81.449492,
                6.297961
              ],
              [
                81.454301,
                6.302191
              ],
              [
                81.481295,
                6.310692
              ],
              [
                81.484171,
                6.314961
              ],
              [
                81.483794,
                6.322756
              ],
              [
                81.494921,
                6.328593
              ],
              [
                81.494945,
                6.33157
              ],
              [
                81.500792,
                6.337407
              ],
              [
                81.497868,
                6.339796
              ],
              [
                81.497515,
                6.342773
              ],
              [
                81.502206,
                6.349002
              ],
              [
                81.520689,
                6.359696
              ],
              [
                81.541341,
                6.365493
              ],
              [
                81.556547,
                6.366943
              ],
              [
                81.560366,
                6.37039
              ],
              [
                81.566496,
                6.372583
              ],
              [
                81.563502,
                6.374738
              ],
              [
                81.565081,
                6.37415
              ],
              [
                81.563738,
                6.376775
              ],
              [
                81.566873,
                6.381436
              ],
              [
                81.588704,
                6.394637
              ],
              [
                81.599878,
                6.399651
              ],
              [
                81.607258,
                6.408857
              ],
              [
                81.617348,
                6.41532
              ],
              [
                81.619564,
                6.418885
              ],
              [
                81.615933,
                6.420295
              ],
              [
                81.614448,
                6.423899
              ],
              [
                81.618362,
                6.431067
              ],
              [
                81.625552,
                6.43569
              ],
              [
                81.649198,
                6.445796
              ],
              [
                81.654125,
                6.452063
              ],
              [
                81.658392,
                6.454531
              ],
              [
                81.661033,
                6.463737
              ],
              [
                81.693072,
                6.486496
              ],
              [
                81.699366,
                6.49625
              ],
              [
                81.704624,
                6.501264
              ],
              [
                81.707877,
                6.512976
              ],
              [
                81.716411,
                6.527509
              ],
              [
                81.724615,
                6.53597
              ],
              [
                81.723861,
                6.539065
              ],
              [
                81.729024,
                6.547996
              ],
              [
                81.728246,
                6.552109
              ],
              [
                81.740835,
                6.570167
              ],
              [
                81.738996,
                6.570911
              ],
              [
                81.740317,
                6.574202
              ],
              [
                81.763185,
                6.595668
              ],
              [
                81.763232,
                6.60174
              ],
              [
                81.759884,
                6.604678
              ],
              [
                81.760214,
                6.608047
              ],
              [
                81.77153,
                6.625556
              ],
              [
                81.773676,
                6.637151
              ],
              [
                81.777801,
                6.646749
              ],
              [
                81.776057,
                6.648276
              ],
              [
                81.77674,
                6.651606
              ],
              [
                81.772733,
                6.654035
              ],
              [
                81.771294,
                6.659519
              ],
              [
                81.77278,
                6.670722
              ],
              [
                81.78676,
                6.693716
              ],
              [
                81.800976,
                6.70911
              ],
              [
                81.80206,
                6.711813
              ],
              [
                81.800787,
                6.715809
              ],
              [
                81.803734,
                6.72427
              ],
              [
                81.801377,
                6.725994
              ],
              [
                81.800999,
                6.728932
              ],
              [
                81.810241,
                6.74652
              ],
              [
                81.826626,
                6.764069
              ],
              [
                81.826107,
                6.767281
              ],
              [
                81.823514,
                6.768064
              ],
              [
                81.822924,
                6.769866
              ],
              [
                81.824197,
                6.779385
              ],
              [
                81.8225,
                6.78248
              ],
              [
                81.8196,
                6.783772
              ],
              [
                81.818893,
                6.786828
              ],
              [
                81.824551,
                6.804103
              ],
              [
                81.823679,
                6.806179
              ],
              [
                81.824952,
                6.810018
              ],
              [
                81.822641,
                6.813622
              ],
              [
                81.82804,
                6.825451
              ],
              [
                81.840394,
                6.836733
              ],
              [
                81.839191,
                6.840102
              ],
              [
                81.833227,
                6.841238
              ],
              [
                81.832119,
                6.843353
              ],
              [
                81.833345,
                6.856828
              ],
              [
                81.846311,
                6.871753
              ],
              [
                81.845722,
                6.88135
              ],
              [
                81.843341,
                6.88468
              ],
              [
                81.848456,
                6.897097
              ],
              [
                81.845179,
                6.899173
              ],
              [
                81.844024,
                6.907243
              ],
              [
                81.852323,
                6.928121
              ],
              [
                81.853902,
                6.936857
              ],
              [
                81.865407,
                6.964512
              ],
              [
                81.868024,
                6.973639
              ],
              [
                81.865478,
                6.978888
              ],
              [
                81.866044,
                6.985626
              ],
              [
                81.872786,
                7.000629
              ],
              [
                81.87288,
                7.006426
              ],
              [
                81.879034,
                7.022644
              ],
              [
                81.874837,
                7.03608
              ],
              [
                81.872338,
                7.03796
              ],
              [
                81.870075,
                7.043796
              ],
              [
                81.866963,
                7.066125
              ],
              [
                81.857957,
                7.103965
              ],
              [
                81.858995,
                7.116617
              ],
              [
                81.85725,
                7.121318
              ],
              [
                81.857556,
                7.132443
              ],
              [
                81.861305,
                7.159667
              ],
              [
                81.862413,
                7.228845
              ],
              [
                81.86569,
                7.269584
              ],
              [
                81.869886,
                7.275186
              ],
              [
                81.868425,
                7.279495
              ],
              [
                81.866704,
                7.280357
              ],
              [
                81.868519,
                7.292617
              ],
              [
                81.867387,
                7.293127
              ],
              [
                81.868142,
                7.297984
              ],
              [
                81.865831,
                7.306367
              ],
              [
                81.865077,
                7.328381
              ],
              [
                81.860763,
                7.346714
              ],
              [
                81.838696,
                7.414952
              ],
              [
                81.826814,
                7.42925
              ],
              [
                81.823207,
                7.436653
              ],
              [
                81.816182,
                7.474454
              ],
              [
                81.810925,
                7.491925
              ],
              [
                81.806115,
                7.528433
              ],
              [
                81.800434,
                7.55366
              ],
              [
                81.786005,
                7.601763
              ],
              [
                81.777306,
                7.622211
              ],
              [
                81.758658,
                7.657348
              ],
              [
                81.718297,
                7.720063
              ],
              [
                81.708466,
                7.739727
              ],
              [
                81.700545,
                7.751048
              ],
              [
                81.694628,
                7.756806
              ],
              [
                81.686494,
                7.76088
              ],
              [
                81.6955,
                7.751792
              ],
              [
                81.708419,
                7.73013
              ],
              [
                81.711578,
                7.729934
              ],
              [
                81.709716,
                7.72684
              ],
              [
                81.707547,
                7.712385
              ],
              [
                81.711814,
                7.698283
              ],
              [
                81.725558,
                7.672312
              ],
              [
                81.726855,
                7.66675
              ],
              [
                81.72511,
                7.661226
              ],
              [
                81.722824,
                7.659385
              ],
              [
                81.721032,
                7.660404
              ],
              [
                81.720655,
                7.657466
              ],
              [
                81.725346,
                7.653
              ],
              [
                81.732749,
                7.641288
              ],
              [
                81.732513,
                7.638115
              ],
              [
                81.738713,
                7.640073
              ],
              [
                81.743499,
                7.638467
              ],
              [
                81.747554,
                7.641405
              ],
              [
                81.748827,
                7.636235
              ],
              [
                81.752104,
                7.636274
              ],
              [
                81.750808,
                7.632317
              ],
              [
                81.752788,
                7.623739
              ],
              [
                81.756041,
                7.613476
              ],
              [
                81.764858,
                7.597572
              ],
              [
                81.765589,
                7.593224
              ],
              [
                81.771342,
                7.586251
              ],
              [
                81.774359,
                7.584841
              ],
              [
                81.778674,
                7.585703
              ],
              [
                81.780654,
                7.583431
              ],
              [
                81.774336,
                7.578495
              ],
              [
                81.777141,
                7.570856
              ],
              [
                81.773534,
                7.564158
              ],
              [
                81.772167,
                7.55652
              ],
              [
                81.777283,
                7.547157
              ],
              [
                81.776505,
                7.537247
              ],
              [
                81.781526,
                7.530431
              ],
              [
                81.780937,
                7.524477
              ],
              [
                81.783011,
                7.519698
              ],
              [
                81.780725,
                7.515232
              ],
              [
                81.777919,
                7.513039
              ],
              [
                81.774029,
                7.512686
              ],
              [
                81.770351,
                7.508808
              ],
              [
                81.76988,
                7.497448
              ],
              [
                81.773133,
                7.496351
              ],
              [
                81.773369,
                7.489849
              ],
              [
                81.775774,
                7.489692
              ],
              [
                81.776434,
                7.487224
              ],
              [
                81.779593,
                7.486284
              ],
              [
                81.78129,
                7.482053
              ],
              [
                81.786123,
                7.480173
              ],
              [
                81.785369,
                7.478332
              ],
              [
                81.795436,
                7.474689
              ],
              [
                81.799208,
                7.477627
              ],
              [
                81.797817,
                7.480957
              ],
              [
                81.799278,
                7.495098
              ],
              [
                81.805007,
                7.498937
              ],
              [
                81.805408,
                7.495568
              ],
              [
                81.802626,
                7.491729
              ],
              [
                81.80298,
                7.484795
              ],
              [
                81.803805,
                7.480604
              ],
              [
                81.808072,
                7.481152
              ],
              [
                81.809062,
                7.477627
              ],
              [
                81.806492,
                7.469597
              ],
              [
                81.80793,
                7.458237
              ],
              [
                81.804606,
                7.45146
              ],
              [
                81.803027,
                7.454398
              ],
              [
                81.804206,
                7.455221
              ],
              [
                81.798948,
                7.459294
              ],
              [
                81.796874,
                7.458629
              ],
              [
                81.794775,
                7.448953
              ],
              [
                81.795553,
                7.439787
              ],
              [
                81.788269,
                7.439591
              ],
              [
                81.786312,
                7.451813
              ],
              [
                81.794988,
                7.466306
              ],
              [
                81.774194,
                7.484247
              ],
              [
                81.753943,
                7.458511
              ],
              [
                81.751373,
                7.458668
              ],
              [
                81.756914,
                7.463094
              ],
              [
                81.759766,
                7.471399
              ],
              [
                81.75946,
                7.478802
              ],
              [
                81.761322,
                7.480134
              ],
              [
                81.764245,
                7.477588
              ],
              [
                81.767145,
                7.477784
              ],
              [
                81.769055,
                7.482954
              ],
              [
                81.767947,
                7.486206
              ],
              [
                81.758682,
                7.488125
              ],
              [
                81.759318,
                7.49263
              ],
              [
                81.754792,
                7.493413
              ],
              [
                81.752741,
                7.50305
              ],
              [
                81.749039,
                7.505282
              ],
              [
                81.751586,
                7.506889
              ],
              [
                81.747248,
                7.506458
              ],
              [
                81.747648,
                7.508534
              ],
              [
                81.74614,
                7.509709
              ],
              [
                81.747483,
                7.509474
              ],
              [
                81.749063,
                7.507594
              ],
              [
                81.748827,
                7.509435
              ],
              [
                81.750996,
                7.509004
              ],
              [
                81.75531,
                7.504773
              ],
              [
                81.767122,
                7.501835
              ],
              [
                81.766414,
                7.506458
              ],
              [
                81.768725,
                7.511668
              ],
              [
                81.780277,
                7.517112
              ],
              [
                81.781573,
                7.521225
              ],
              [
                81.780277,
                7.522479
              ],
              [
                81.7803,
                7.520325
              ],
              [
                81.777919,
                7.519424
              ],
              [
                81.77153,
                7.52244
              ],
              [
                81.772072,
                7.526044
              ],
              [
                81.765778,
                7.534152
              ],
              [
                81.761322,
                7.532468
              ],
              [
                81.754061,
                7.535171
              ],
              [
                81.748426,
                7.531763
              ],
              [
                81.747248,
                7.528041
              ],
              [
                81.74291,
                7.530744
              ],
              [
                81.739491,
                7.541791
              ],
              [
                81.739892,
                7.545904
              ],
              [
                81.741802,
                7.547314
              ],
              [
                81.746092,
                7.547197
              ],
              [
                81.755688,
                7.537129
              ],
              [
                81.762689,
                7.535171
              ],
              [
                81.76731,
                7.537678
              ],
              [
                81.769597,
                7.537208
              ],
              [
                81.768748,
                7.539519
              ],
              [
                81.770446,
                7.541047
              ],
              [
                81.770823,
                7.550017
              ],
              [
                81.768183,
                7.554796
              ],
              [
                81.765448,
                7.55554
              ],
              [
                81.765,
                7.56028
              ],
              [
                81.760945,
                7.560907
              ],
              [
                81.759295,
                7.558243
              ],
              [
                81.757857,
                7.558361
              ],
              [
                81.757597,
                7.553268
              ],
              [
                81.756041,
                7.552367
              ],
              [
                81.751067,
                7.554835
              ],
              [
                81.748992,
                7.560868
              ],
              [
                81.745244,
                7.56314
              ],
              [
                81.747012,
                7.565412
              ],
              [
                81.75142,
                7.561847
              ],
              [
                81.75847,
                7.566391
              ],
              [
                81.75986,
                7.565529
              ],
              [
                81.760827,
                7.570935
              ],
              [
                81.764151,
                7.574774
              ],
              [
                81.76955,
                7.576615
              ],
              [
                81.770516,
                7.579709
              ],
              [
                81.763798,
                7.582569
              ],
              [
                81.756395,
                7.589463
              ],
              [
                81.751491,
                7.591383
              ],
              [
                81.752387,
                7.587113
              ],
              [
                81.749487,
                7.590207
              ],
              [
                81.74845,
                7.592244
              ],
              [
                81.750124,
                7.59483
              ],
              [
                81.745597,
                7.598551
              ],
              [
                81.746729,
                7.599374
              ],
              [
                81.752859,
                7.594007
              ],
              [
                81.754815,
                7.598629
              ],
              [
                81.746965,
                7.610616
              ],
              [
                81.744089,
                7.61798
              ],
              [
                81.737558,
                7.62605
              ],
              [
                81.734611,
                7.627343
              ],
              [
                81.735059,
                7.623269
              ],
              [
                81.731523,
                7.625815
              ],
              [
                81.730721,
                7.623935
              ],
              [
                81.72827,
                7.623856
              ],
              [
                81.727657,
                7.621271
              ],
              [
                81.727609,
                7.624796
              ],
              [
                81.729401,
                7.625266
              ],
              [
                81.730415,
                7.628479
              ],
              [
                81.724592,
                7.635295
              ],
              [
                81.722376,
                7.647516
              ],
              [
                81.720608,
                7.648025
              ],
              [
                81.71891,
                7.643873
              ],
              [
                81.716859,
                7.644657
              ],
              [
                81.712215,
                7.637253
              ],
              [
                81.711437,
                7.628518
              ],
              [
                81.710918,
                7.633884
              ],
              [
                81.704671,
                7.641445
              ],
              [
                81.700545,
                7.632827
              ],
              [
                81.689017,
                7.632866
              ],
              [
                81.692954,
                7.635177
              ],
              [
                81.692388,
                7.639525
              ],
              [
                81.686258,
                7.638663
              ],
              [
                81.688852,
                7.644774
              ],
              [
                81.688121,
                7.652609
              ],
              [
                81.691398,
                7.650611
              ],
              [
                81.692812,
                7.651668
              ],
              [
                81.692718,
                7.654998
              ],
              [
                81.696655,
                7.654136
              ],
              [
                81.697103,
                7.655821
              ],
              [
                81.685127,
                7.679167
              ],
              [
                81.671783,
                7.681047
              ],
              [
                81.670722,
                7.679951
              ],
              [
                81.673693,
                7.670784
              ],
              [
                81.670251,
                7.668317
              ],
              [
                81.668671,
                7.669688
              ],
              [
                81.664263,
                7.686297
              ],
              [
                81.667422,
                7.687315
              ],
              [
                81.664876,
                7.689509
              ],
              [
                81.666691,
                7.690135
              ],
              [
                81.660278,
                7.695541
              ],
              [
                81.652381,
                7.699419
              ],
              [
                81.650495,
                7.707763
              ],
              [
                81.643658,
                7.706588
              ],
              [
                81.642526,
                7.70459
              ],
              [
                81.643469,
                7.701809
              ],
              [
                81.640334,
                7.69985
              ],
              [
                81.635241,
                7.704355
              ],
              [
                81.637717,
                7.708272
              ],
              [
                81.641795,
                7.707645
              ],
              [
                81.647618,
                7.709878
              ],
              [
                81.652616,
                7.714931
              ],
              [
                81.652593,
                7.716772
              ],
              [
                81.653135,
                7.714618
              ],
              [
                81.655422,
                7.714579
              ],
              [
                81.657944,
                7.719593
              ],
              [
                81.65686,
                7.721395
              ],
              [
                81.653724,
                7.720729
              ],
              [
                81.652711,
                7.718613
              ],
              [
                81.647053,
                7.721669
              ],
              [
                81.634652,
                7.722491
              ],
              [
                81.623242,
                7.729425
              ],
              [
                81.619611,
                7.734792
              ],
              [
                81.617136,
                7.734086
              ],
              [
                81.615532,
                7.730874
              ],
              [
                81.616711,
                7.722883
              ],
              [
                81.61565,
                7.719201
              ],
              [
                81.613175,
                7.715441
              ],
              [
                81.60978,
                7.715401
              ],
              [
                81.611147,
                7.713443
              ],
              [
                81.609733,
                7.711562
              ],
              [
                81.599289,
                7.715245
              ],
              [
                81.596979,
                7.719005
              ],
              [
                81.591486,
                7.719397
              ],
              [
                81.589623,
                7.72304
              ],
              [
                81.579415,
                7.724098
              ],
              [
                81.578024,
                7.725704
              ],
              [
                81.579085,
                7.727545
              ],
              [
                81.577058,
                7.728994
              ],
              [
                81.572979,
                7.724489
              ],
              [
                81.572178,
                7.71971
              ],
              [
                81.567533,
                7.720611
              ],
              [
                81.568005,
                7.722844
              ],
              [
                81.572932,
                7.725586
              ],
              [
                81.575219,
                7.729307
              ],
              [
                81.579627,
                7.728798
              ],
              [
                81.580122,
                7.743684
              ],
              [
                81.582975,
                7.744506
              ],
              [
                81.588397,
                7.750539
              ],
              [
                81.585144,
                7.755083
              ],
              [
                81.59,
                7.755396
              ],
              [
                81.588421,
                7.757825
              ],
              [
                81.589364,
                7.759352
              ],
              [
                81.595635,
                7.759157
              ],
              [
                81.596389,
                7.760763
              ],
              [
                81.594456,
                7.761585
              ],
              [
                81.594315,
                7.765855
              ],
              [
                81.595376,
                7.763113
              ],
              [
                81.596578,
                7.765307
              ],
              [
                81.59547,
                7.767774
              ],
              [
                81.600138,
                7.767814
              ],
              [
                81.600704,
                7.771182
              ],
              [
                81.616853,
                7.765816
              ],
              [
                81.628805,
                7.753907
              ],
              [
                81.634935,
                7.7514
              ],
              [
                81.640004,
                7.746896
              ],
              [
                81.643304,
                7.749912
              ],
              [
                81.650613,
                7.748345
              ],
              [
                81.659595,
                7.737142
              ],
              [
                81.666738,
                7.733421
              ],
              [
                81.664475,
                7.72351
              ],
              [
                81.667563,
                7.710113
              ],
              [
                81.670463,
                7.704668
              ],
              [
                81.670086,
                7.695463
              ],
              [
                81.672113,
                7.69229
              ],
              [
                81.678974,
                7.690253
              ],
              [
                81.684042,
                7.692486
              ],
              [
                81.685858,
                7.694327
              ],
              [
                81.687484,
                7.701456
              ],
              [
                81.687343,
                7.704355
              ],
              [
                81.684396,
                7.707058
              ],
              [
                81.683689,
                7.709996
              ],
              [
                81.682109,
                7.708781
              ],
              [
                81.679563,
                7.709565
              ],
              [
                81.682911,
                7.718418
              ],
              [
                81.676427,
                7.726487
              ],
              [
                81.677465,
                7.729425
              ],
              [
                81.684561,
                7.728171
              ],
              [
                81.688569,
                7.720729
              ],
              [
                81.696608,
                7.717556
              ],
              [
                81.700215,
                7.714226
              ],
              [
                81.703256,
                7.715911
              ],
              [
                81.706109,
                7.72492
              ],
              [
                81.704671,
                7.729778
              ],
              [
                81.703162,
                7.730561
              ],
              [
                81.704506,
                7.727897
              ],
              [
                81.692034,
                7.746504
              ],
              [
                81.686093,
                7.75046
              ],
              [
                81.686565,
                7.754965
              ],
              [
                81.682439,
                7.757041
              ],
              [
                81.686211,
                7.755592
              ],
              [
                81.682675,
                7.760684
              ],
              [
                81.686447,
                7.758138
              ],
              [
                81.685645,
                7.760214
              ],
              [
                81.672891,
                7.764406
              ],
              [
                81.659265,
                7.773258
              ],
              [
                81.641324,
                7.790181
              ],
              [
                81.626448,
                7.813841
              ],
              [
                81.620295,
                7.828609
              ],
              [
                81.612751,
                7.822889
              ],
              [
                81.606055,
                7.823751
              ],
              [
                81.591769,
                7.833192
              ],
              [
                81.581678,
                7.844826
              ],
              [
                81.572979,
                7.859946
              ],
              [
                81.568382,
                7.871972
              ],
              [
                81.564798,
                7.885291
              ],
              [
                81.563761,
                7.896298
              ],
              [
                81.565034,
                7.909616
              ],
              [
                81.568618,
                7.917607
              ],
              [
                81.570574,
                7.919057
              ],
              [
                81.582951,
                7.919997
              ],
              [
                81.575619,
                7.92697
              ],
              [
                81.569985,
                7.927283
              ],
              [
                81.567651,
                7.925089
              ],
              [
                81.563502,
                7.927048
              ],
              [
                81.560484,
                7.932767
              ],
              [
                81.561639,
                7.938565
              ],
              [
                81.55716,
                7.943109
              ],
              [
                81.554095,
                7.942873
              ],
              [
                81.552516,
                7.934726
              ],
              [
                81.550795,
                7.932767
              ],
              [
                81.544076,
                7.931905
              ],
              [
                81.539007,
                7.928027
              ],
              [
                81.526324,
                7.926343
              ],
              [
                81.519864,
                7.917803
              ],
              [
                81.520218,
                7.921838
              ],
              [
                81.526206,
                7.927322
              ],
              [
                81.522316,
                7.92697
              ],
              [
                81.519298,
                7.923092
              ],
              [
                81.515691,
                7.921564
              ],
              [
                81.519746,
                7.906718
              ],
              [
                81.517129,
                7.901038
              ],
              [
                81.515502,
                7.903976
              ],
              [
                81.51463,
                7.899902
              ],
              [
                81.514159,
                7.900528
              ],
              [
                81.513758,
                7.902174
              ],
              [
                81.513357,
                7.901194
              ],
              [
                81.513711,
                7.903741
              ],
              [
                81.512721,
                7.9028
              ],
              [
                81.513263,
                7.90092
              ],
              [
                81.51397,
                7.899823
              ],
              [
                81.516115,
                7.898883
              ],
              [
                81.515833,
                7.901704
              ],
              [
                81.519086,
                7.89524
              ],
              [
                81.519086,
                7.892106
              ],
              [
                81.522693,
                7.886936
              ],
              [
                81.519793,
                7.880159
              ],
              [
                81.519204,
                7.881217
              ],
              [
                81.519581,
                7.87918
              ],
              [
                81.521726,
                7.875772
              ],
              [
                81.525781,
                7.873774
              ],
              [
                81.523306,
                7.874087
              ],
              [
                81.52564,
                7.86402
              ],
              [
                81.533726,
                7.858183
              ],
              [
                81.541058,
                7.845923
              ],
              [
                81.544005,
                7.847999
              ],
              [
                81.544099,
                7.844121
              ],
              [
                81.541105,
                7.842475
              ],
              [
                81.551101,
                7.832291
              ],
              [
                81.551195,
                7.82712
              ],
              [
                81.543981,
                7.819011
              ],
              [
                81.540492,
                7.817249
              ],
              [
                81.536909,
                7.819756
              ],
              [
                81.535447,
                7.817523
              ],
              [
                81.534009,
                7.821127
              ],
              [
                81.53019,
                7.820461
              ],
              [
                81.52828,
                7.822067
              ],
              [
                81.527997,
                7.818855
              ],
              [
                81.524673,
                7.816583
              ],
              [
                81.516823,
                7.8167
              ],
              [
                81.518544,
                7.814467
              ],
              [
                81.518025,
                7.811765
              ],
              [
                81.514159,
                7.816113
              ],
              [
                81.514937,
                7.820539
              ],
              [
                81.511707,
                7.825122
              ],
              [
                81.513829,
                7.831116
              ],
              [
                81.531887,
                7.826454
              ],
              [
                81.53184,
                7.831429
              ],
              [
                81.535659,
                7.833035
              ],
              [
                81.538583,
                7.831272
              ],
              [
                81.540374,
                7.826415
              ],
              [
                81.547518,
                7.827433
              ],
              [
                81.545962,
                7.831977
              ],
              [
                81.540398,
                7.835346
              ],
              [
                81.536673,
                7.847372
              ],
              [
                81.530803,
                7.856773
              ],
              [
                81.527314,
                7.860181
              ],
              [
                81.523754,
                7.857753
              ],
              [
                81.52439,
                7.863198
              ],
              [
                81.52043,
                7.865078
              ],
              [
                81.524202,
                7.866057
              ],
              [
                81.524273,
                7.867154
              ],
              [
                81.522009,
                7.866527
              ],
              [
                81.521066,
                7.867977
              ],
              [
                81.522198,
                7.866762
              ],
              [
                81.524202,
                7.867741
              ],
              [
                81.521986,
                7.870914
              ],
              [
                81.521797,
                7.874675
              ],
              [
                81.519157,
                7.873265
              ],
              [
                81.519298,
                7.874009
              ],
              [
                81.520689,
                7.874636
              ],
              [
                81.517836,
                7.877926
              ],
              [
                81.519157,
                7.883724
              ],
              [
                81.517106,
                7.891284
              ],
              [
                81.516563,
                7.888659
              ],
              [
                81.512202,
                7.89524
              ],
              [
                81.509868,
                7.892342
              ],
              [
                81.511353,
                7.89101
              ],
              [
                81.509302,
                7.891989
              ],
              [
                81.509868,
                7.894026
              ],
              [
                81.512697,
                7.89669
              ],
              [
                81.511212,
                7.900685
              ],
              [
                81.507345,
                7.901234
              ],
              [
                81.506756,
                7.90425
              ],
              [
                81.504351,
                7.905347
              ],
              [
                81.506945,
                7.904485
              ],
              [
                81.50744,
                7.901469
              ],
              [
                81.509444,
                7.903035
              ],
              [
                81.511165,
                7.901351
              ],
              [
                81.514725,
                7.905582
              ],
              [
                81.512721,
                7.912084
              ],
              [
                81.513145,
                7.92082
              ],
              [
                81.521608,
                7.933394
              ],
              [
                81.525333,
                7.933942
              ],
              [
                81.527361,
                7.931435
              ],
              [
                81.537192,
                7.932258
              ],
              [
                81.545231,
                7.936606
              ],
              [
                81.547494,
                7.940562
              ],
              [
                81.549852,
                7.940601
              ],
              [
                81.549828,
                7.941346
              ],
              [
                81.544335,
                7.94871
              ],
              [
                81.541058,
                7.955996
              ],
              [
                81.539526,
                7.968727
              ],
              [
                81.542897,
                7.978598
              ],
              [
                81.553364,
                7.985649
              ],
              [
                81.553671,
                7.987882
              ],
              [
                81.552044,
                7.992387
              ],
              [
                81.546245,
                7.994816
              ],
              [
                81.543015,
                7.988901
              ],
              [
                81.537805,
                7.985336
              ],
              [
                81.528917,
                7.984318
              ],
              [
                81.522457,
                7.988391
              ],
              [
                81.515337,
                7.997048
              ],
              [
                81.50777,
                7.998067
              ],
              [
                81.495699,
                8.007938
              ],
              [
                81.485279,
                8.020317
              ],
              [
                81.470898,
                8.047463
              ],
              [
                81.464179,
                8.066736
              ],
              [
                81.458262,
                8.090865
              ],
              [
                81.457248,
                8.101716
              ],
              [
                81.459582,
                8.110569
              ],
              [
                81.453688,
                8.113585
              ],
              [
                81.448454,
                8.119344
              ],
              [
                81.439401,
                8.13795
              ],
              [
                81.432423,
                8.167212
              ],
              [
                81.433366,
                8.174733
              ],
              [
                81.436808,
                8.179003
              ],
              [
                81.433814,
                8.178102
              ],
              [
                81.431268,
                8.179551
              ],
              [
                81.426977,
                8.185623
              ],
              [
                81.422474,
                8.202153
              ],
              [
                81.424125,
                8.207128
              ],
              [
                81.421909,
                8.207089
              ],
              [
                81.41625,
                8.214923
              ],
              [
                81.412431,
                8.226166
              ],
              [
                81.399913,
                8.286569
              ],
              [
                81.396259,
                8.298164
              ],
              [
                81.395292,
                8.313284
              ],
              [
                81.39383,
                8.313049
              ],
              [
                81.390836,
                8.320061
              ],
              [
                81.388738,
                8.330168
              ],
              [
                81.38895,
                8.355943
              ],
              [
                81.392911,
                8.359507
              ],
              [
                81.385485,
                8.366872
              ],
              [
                81.380416,
                8.379564
              ],
              [
                81.365446,
                8.438517
              ],
              [
                81.361485,
                8.461551
              ],
              [
                81.355851,
                8.475339
              ],
              [
                81.355638,
                8.480353
              ],
              [
                81.353045,
                8.484427
              ],
              [
                81.353422,
                8.495983
              ],
              [
                81.348589,
                8.49896
              ],
              [
                81.346515,
                8.503151
              ],
              [
                81.339489,
                8.505854
              ],
              [
                81.337981,
                8.508635
              ],
              [
                81.329658,
                8.514668
              ],
              [
                81.322279,
                8.524304
              ],
              [
                81.318814,
                8.525479
              ],
              [
                81.312755,
                8.519369
              ],
              [
                81.312755,
                8.51506
              ],
              [
                81.305612,
                8.512513
              ],
              [
                81.30191,
                8.509301
              ],
              [
                81.28041,
                8.507264
              ],
              [
                81.283899,
                8.500409
              ],
              [
                81.283875,
                8.492222
              ],
              [
                81.286233,
                8.491321
              ],
              [
                81.288142,
                8.485485
              ],
              [
                81.28529,
                8.475222
              ],
              [
                81.278712,
                8.46535
              ],
              [
                81.25061,
                8.461707
              ],
              [
                81.233754,
                8.463
              ],
              [
                81.230713,
                8.460532
              ],
              [
                81.227577,
                8.461864
              ],
              [
                81.221825,
                8.460846
              ],
              [
                81.205204,
                8.46915
              ],
              [
                81.197684,
                8.477768
              ],
              [
                81.193676,
                8.486503
              ],
              [
                81.190753,
                8.505541
              ],
              [
                81.181959,
                8.507734
              ],
              [
                81.178329,
                8.511534
              ],
              [
                81.175735,
                8.510947
              ],
              [
                81.170714,
                8.514002
              ],
              [
                81.164183,
                8.511064
              ],
              [
                81.161661,
                8.511377
              ],
              [
                81.160529,
                8.509536
              ],
              [
                81.157582,
                8.509654
              ],
              [
                81.152608,
                8.506011
              ],
              [
                81.14959,
                8.507382
              ],
              [
                81.148506,
                8.499704
              ],
              [
                81.146148,
                8.498372
              ],
              [
                81.144333,
                8.492927
              ],
              [
                81.139241,
                8.491752
              ],
              [
                81.138604,
                8.488736
              ],
              [
                81.134479,
                8.489206
              ],
              [
                81.130989,
                8.493398
              ],
              [
                81.127948,
                8.493084
              ],
              [
                81.120546,
                8.504875
              ],
              [
                81.120003,
                8.508831
              ],
              [
                81.123728,
                8.510907
              ],
              [
                81.126746,
                8.510594
              ],
              [
                81.128938,
                8.512944
              ],
              [
                81.129929,
                8.511769
              ],
              [
                81.133323,
                8.512396
              ],
              [
                81.132993,
                8.515295
              ],
              [
                81.135775,
                8.518899
              ],
              [
                81.141221,
                8.52356
              ],
              [
                81.142588,
                8.522972
              ],
              [
                81.145795,
                8.529083
              ],
              [
                81.149378,
                8.531943
              ],
              [
                81.147964,
                8.532922
              ],
              [
                81.14794,
                8.536761
              ],
              [
                81.15216,
                8.539738
              ],
              [
                81.152419,
                8.546358
              ],
              [
                81.158643,
                8.5444
              ],
              [
                81.16614,
                8.539542
              ],
              [
                81.172647,
                8.531708
              ],
              [
                81.174486,
                8.531473
              ],
              [
                81.177551,
                8.525832
              ],
              [
                81.181441,
                8.53206
              ],
              [
                81.179555,
                8.536056
              ],
              [
                81.182124,
                8.537544
              ],
              [
                81.184765,
                8.536056
              ],
              [
                81.188796,
                8.53065
              ],
              [
                81.187688,
                8.525362
              ],
              [
                81.185613,
                8.523403
              ],
              [
                81.186839,
                8.517763
              ],
              [
                81.185755,
                8.512004
              ],
              [
                81.190376,
                8.513258
              ],
              [
                81.192097,
                8.508753
              ],
              [
                81.195633,
                8.508244
              ],
              [
                81.197519,
                8.505893
              ],
              [
                81.2057,
                8.510046
              ],
              [
                81.211075,
                8.508126
              ],
              [
                81.213055,
                8.50938
              ],
              [
                81.209872,
                8.514159
              ],
              [
                81.21065,
                8.517253
              ],
              [
                81.207468,
                8.519682
              ],
              [
                81.208717,
                8.526459
              ],
              [
                81.206454,
                8.525519
              ],
              [
                81.205016,
                8.527321
              ],
              [
                81.207703,
                8.530023
              ],
              [
                81.202281,
                8.529397
              ],
              [
                81.200395,
                8.530611
              ],
              [
                81.20122,
                8.534998
              ],
              [
                81.203979,
                8.533901
              ],
              [
                81.205322,
                8.535743
              ],
              [
                81.201739,
                8.539464
              ],
              [
                81.201055,
                8.536918
              ],
              [
                81.19832,
                8.536996
              ],
              [
                81.199146,
                8.541305
              ],
              [
                81.201833,
                8.540639
              ],
              [
                81.202729,
                8.542637
              ],
              [
                81.198674,
                8.545731
              ],
              [
                81.197684,
                8.544243
              ],
              [
                81.191649,
                8.544282
              ],
              [
                81.191837,
                8.545692
              ],
              [
                81.193912,
                8.545927
              ],
              [
                81.193865,
                8.549257
              ],
              [
                81.20636,
                8.553958
              ],
              [
                81.205417,
                8.555877
              ],
              [
                81.20181,
                8.554858
              ],
              [
                81.200489,
                8.555877
              ],
              [
                81.19825,
                8.554075
              ],
              [
                81.196364,
                8.555524
              ],
              [
                81.193181,
                8.553527
              ],
              [
                81.191861,
                8.555368
              ],
              [
                81.193653,
                8.559167
              ],
              [
                81.191271,
                8.559951
              ],
              [
                81.192875,
                8.561557
              ],
              [
                81.190352,
                8.561557
              ],
              [
                81.191696,
                8.563163
              ],
              [
                81.194313,
                8.56328
              ],
              [
                81.196364,
                8.566179
              ],
              [
                81.198509,
                8.561831
              ],
              [
                81.200371,
                8.563202
              ],
              [
                81.196859,
                8.566218
              ],
              [
                81.199051,
                8.569626
              ],
              [
                81.192521,
                8.568059
              ],
              [
                81.192262,
                8.571546
              ],
              [
                81.195138,
                8.574484
              ],
              [
                81.200537,
                8.572447
              ],
              [
                81.19832,
                8.573779
              ],
              [
                81.198533,
                8.577774
              ],
              [
                81.200206,
                8.578871
              ],
              [
                81.201432,
                8.575267
              ],
              [
                81.203059,
                8.576599
              ],
              [
                81.204756,
                8.575463
              ],
              [
                81.2028,
                8.573465
              ],
              [
                81.202941,
                8.572995
              ],
              [
                81.204474,
                8.573622
              ],
              [
                81.205181,
                8.572878
              ],
              [
                81.203483,
                8.568334
              ],
              [
                81.219939,
                8.584394
              ],
              [
                81.221896,
                8.581535
              ],
              [
                81.214823,
                8.573426
              ],
              [
                81.21091,
                8.571859
              ],
              [
                81.211098,
                8.56947
              ],
              [
                81.207515,
                8.565357
              ],
              [
                81.211475,
                8.566336
              ],
              [
                81.212914,
                8.568843
              ],
              [
                81.217581,
                8.569666
              ],
              [
                81.22423,
                8.575933
              ],
              [
                81.22753,
                8.573739
              ],
              [
                81.228379,
                8.570371
              ],
              [
                81.23307,
                8.565592
              ],
              [
                81.234343,
                8.560813
              ],
              [
                81.232198,
                8.560186
              ],
              [
                81.231302,
                8.555094
              ],
              [
                81.227648,
                8.552547
              ],
              [
                81.227483,
                8.549609
              ],
              [
                81.221731,
                8.544282
              ],
              [
                81.221754,
                8.542754
              ],
              [
                81.232269,
                8.547416
              ],
              [
                81.232717,
                8.545771
              ],
              [
                81.2301,
                8.54487
              ],
              [
                81.226658,
                8.53915
              ],
              [
                81.227342,
                8.535586
              ],
              [
                81.232457,
                8.536134
              ],
              [
                81.233023,
                8.538641
              ],
              [
                81.24606,
                8.54628
              ],
              [
                81.244811,
                8.550667
              ],
              [
                81.245895,
                8.552704
              ],
              [
                81.244174,
                8.555289
              ],
              [
                81.246485,
                8.55952
              ],
              [
                81.243255,
                8.561087
              ],
              [
                81.243396,
                8.564651
              ],
              [
                81.239978,
                8.565552
              ],
              [
                81.23887,
                8.570371
              ],
              [
                81.240308,
                8.574405
              ],
              [
                81.245212,
                8.576481
              ],
              [
                81.246037,
                8.582631
              ],
              [
                81.24507,
                8.583219
              ],
              [
                81.240591,
                8.576325
              ],
              [
                81.233023,
                8.580124
              ],
              [
                81.225762,
                8.591563
              ],
              [
                81.22008,
                8.608093
              ],
              [
                81.219279,
                8.620472
              ],
              [
                81.227012,
                8.628854
              ],
              [
                81.223145,
                8.639039
              ],
              [
                81.225951,
                8.648911
              ],
              [
                81.225055,
                8.65416
              ],
              [
                81.22008,
                8.66027
              ],
              [
                81.217251,
                8.660976
              ],
              [
                81.214729,
                8.666225
              ],
              [
                81.21065,
                8.668771
              ],
              [
                81.203648,
                8.67778
              ],
              [
                81.188796,
                8.708609
              ],
              [
                81.179248,
                8.723102
              ],
              [
                81.174722,
                8.733405
              ],
              [
                81.166753,
                8.738497
              ],
              [
                81.159327,
                8.746645
              ],
              [
                81.147186,
                8.766074
              ],
              [
                81.147893,
                8.768385
              ],
              [
                81.144168,
                8.766701
              ],
              [
                81.137803,
                8.771519
              ],
              [
                81.122432,
                8.791654
              ],
              [
                81.119603,
                8.792006
              ],
              [
                81.111563,
                8.803366
              ],
              [
                81.101803,
                8.821738
              ],
              [
                81.099186,
                8.821855
              ],
              [
                81.093811,
                8.831531
              ],
              [
                81.089968,
                8.841402
              ],
              [
                81.089685,
                8.849236
              ],
              [
                81.08424,
                8.855582
              ],
              [
                81.085324,
                8.860283
              ],
              [
                81.082023,
                8.859069
              ],
              [
                81.077497,
                8.862398
              ],
              [
                81.079713,
                8.868666
              ],
              [
                81.074267,
                8.861654
              ],
              [
                81.069293,
                8.860048
              ],
              [
                81.070047,
                8.858442
              ],
              [
                81.067383,
                8.857267
              ],
              [
                81.058071,
                8.862516
              ],
              [
                81.048594,
                8.870899
              ],
              [
                81.037395,
                8.882376
              ],
              [
                81.027541,
                8.89636
              ],
              [
                81.007643,
                8.93847
              ],
              [
                81.003565,
                8.935415
              ],
              [
                80.99793,
                8.940351
              ],
              [
                80.98586,
                8.959232
              ],
              [
                80.9732,
                8.975214
              ],
              [
                80.967801,
                8.983753
              ],
              [
                80.967094,
                8.987396
              ],
              [
                80.952218,
                9.007962
              ],
              [
                80.935267,
                9.035617
              ],
              [
                80.899008,
                9.104207
              ],
              [
                80.897311,
                9.104325
              ],
              [
                80.892455,
                9.111023
              ],
              [
                80.877696,
                9.13578
              ],
              [
                80.858082,
                9.180671
              ],
              [
                80.843889,
                9.231203
              ],
              [
                80.820173,
                9.270375
              ],
              [
                80.811497,
                9.291136
              ],
              [
                80.791647,
                9.313817
              ],
              [
                80.76173,
                9.333873
              ],
              [
                80.738083,
                9.353381
              ],
              [
                80.695554,
                9.393375
              ],
              [
                80.67153,
                9.419347
              ],
              [
                80.62115,
                9.460203
              ],
              [
                80.555257,
                9.508071
              ],
              [
                80.476351,
                9.573684
              ],
              [
                80.387259,
                9.642941
              ],
              [
                80.35904,
                9.667384
              ],
              [
                80.339967,
                9.687597
              ],
              [
                80.319221,
                9.714351
              ],
              [
                80.307127,
                9.734407
              ],
              [
                80.28374,
                9.766019
              ],
              [
                80.271293,
                9.785801
              ],
              [
                80.260637,
                9.804643
              ],
              [
                80.253729,
                9.823485
              ],
              [
                80.24701,
                9.828499
              ],
              [
                80.235246,
                9.828224
              ],
              [
                80.21582,
                9.835393
              ],
              [
                80.209714,
                9.835863
              ],
              [
                80.188567,
                9.827754
              ],
              [
                80.168976,
                9.824856
              ],
              [
                80.159994,
                9.826266
              ],
              [
                80.139625,
                9.825326
              ],
              [
                80.134132,
                9.820077
              ],
              [
                80.12944,
                9.820938
              ],
              [
                80.112254,
                9.810989
              ],
              [
                80.100725,
                9.808873
              ],
              [
                80.085449,
                9.809304
              ],
              [
                80.070384,
                9.812947
              ],
              [
                80.073001,
                9.812164
              ],
              [
                80.070785,
                9.811185
              ],
              [
                80.056946,
                9.814514
              ],
              [
                80.05539,
                9.816238
              ],
              [
                80.053221,
                9.815219
              ],
              [
                80.03653,
                9.818079
              ],
              [
                80.030942,
                9.823093
              ],
              [
                80.026746,
                9.823015
              ],
              [
                80.030848,
                9.822975
              ],
              [
                80.036247,
                9.817805
              ],
              [
                80.032593,
                9.816394
              ],
              [
                80.032168,
                9.81757
              ],
              [
                80.030754,
                9.815494
              ],
              [
                80.019131,
                9.816904
              ],
              [
                79.998031,
                9.811106
              ],
              [
                79.994236,
                9.812164
              ],
              [
                79.983344,
                9.809814
              ],
              [
                79.947109,
                9.79485
              ],
              [
                79.944185,
                9.791442
              ],
              [
                79.94303,
                9.78635
              ],
              [
                79.930465,
                9.778202
              ],
              [
                79.923038,
                9.77546
              ],
              [
                79.913797,
                9.776517
              ],
              [
                79.910402,
                9.774794
              ],
              [
                79.906276,
                9.769466
              ],
              [
                79.907243,
                9.766489
              ],
              [
                79.908327,
                9.766959
              ],
              [
                79.905734,
                9.763003
              ],
              [
                79.908469,
                9.765588
              ],
              [
                79.907644,
                9.763591
              ],
              [
                79.906158,
                9.762455
              ],
              [
                79.905616,
                9.76265
              ],
              [
                79.905498,
                9.762298
              ],
              [
                79.906253,
                9.758146
              ],
              [
                79.909883,
                9.75321
              ],
              [
                79.914198,
                9.752191
              ],
              [
                79.919785,
                9.746982
              ],
              [
                79.920044,
                9.744318
              ],
              [
                79.894064,
                9.741262
              ],
              [
                79.895125,
                9.749606
              ],
              [
                79.897624,
                9.750938
              ],
              [
                79.897011,
                9.757088
              ],
              [
                79.894135,
                9.763003
              ],
              [
                79.895078,
                9.764296
              ],
              [
                79.896728,
                9.762455
              ],
              [
                79.899298,
                9.76316
              ],
              [
                79.898072,
                9.766019
              ],
              [
                79.901938,
                9.766215
              ],
              [
                79.901184,
                9.767194
              ],
              [
                79.895667,
                9.766763
              ],
              [
                79.879613,
                9.761123
              ],
              [
                79.863416,
                9.762141
              ],
              [
                79.854788,
                9.749645
              ],
              [
                79.85632,
                9.743104
              ],
              [
                79.858112,
                9.742163
              ],
              [
                79.861153,
                9.735465
              ],
              [
                79.861318,
                9.726455
              ],
              [
                79.851086,
                9.715957
              ],
              [
                79.850049,
                9.712667
              ],
              [
                79.853303,
                9.712863
              ],
              [
                79.859432,
                9.709024
              ],
              [
                79.860941,
                9.709846
              ],
              [
                79.860682,
                9.708515
              ],
              [
                79.861082,
                9.709807
              ],
              [
                79.862756,
                9.709455
              ],
              [
                79.865774,
                9.706321
              ],
              [
                79.880131,
                9.704088
              ],
              [
                79.884092,
                9.708985
              ],
              [
                79.89265,
                9.713607
              ],
              [
                79.888878,
                9.723243
              ],
              [
                79.888736,
                9.728492
              ],
              [
                79.893805,
                9.740792
              ],
              [
                79.919974,
                9.744083
              ],
              [
                79.924806,
                9.739774
              ],
              [
                79.923133,
                9.736601
              ],
              [
                79.925231,
                9.732566
              ],
              [
                79.927942,
                9.73143
              ],
              [
                79.927848,
                9.729981
              ],
              [
                79.926905,
                9.731509
              ],
              [
                79.929522,
                9.725515
              ],
              [
                79.932068,
                9.725633
              ],
              [
                79.933246,
                9.722068
              ],
              [
                79.93103,
                9.718856
              ],
              [
                79.932445,
                9.716623
              ],
              [
                79.931738,
                9.713176
              ],
              [
                79.931172,
                9.716702
              ],
              [
                79.930936,
                9.715487
              ],
              [
                79.931054,
                9.713764
              ],
              [
                79.937631,
                9.705342
              ],
              [
                79.937207,
                9.699388
              ],
              [
                79.941356,
                9.695314
              ],
              [
                79.93973,
                9.692963
              ],
              [
                79.941851,
                9.694844
              ],
              [
                79.944798,
                9.694178
              ],
              [
                79.945246,
                9.693081
              ],
              [
                79.942488,
                9.693903
              ],
              [
                79.942158,
                9.692297
              ],
              [
                79.945364,
                9.689281
              ],
              [
                79.949325,
                9.690495
              ],
              [
                79.949631,
                9.693668
              ],
              [
                79.953875,
                9.689164
              ],
              [
                79.959674,
                9.699192
              ],
              [
                79.965262,
                9.702443
              ],
              [
                79.966323,
                9.706243
              ],
              [
                79.966818,
                9.701346
              ],
              [
                79.96802,
                9.701895
              ],
              [
                79.966818,
                9.699309
              ],
              [
                79.965733,
                9.700288
              ],
              [
                79.966841,
                9.69833
              ],
              [
                79.972499,
                9.692023
              ],
              [
                79.977073,
                9.689124
              ],
              [
                79.979643,
                9.689438
              ],
              [
                79.97936,
                9.687988
              ],
              [
                79.977992,
                9.687988
              ],
              [
                79.979265,
                9.687518
              ],
              [
                79.980939,
                9.688028
              ],
              [
                79.980633,
                9.684659
              ],
              [
                79.984947,
                9.685168
              ],
              [
                79.986479,
                9.690535
              ],
              [
                79.988318,
                9.691906
              ],
              [
                79.997748,
                9.688224
              ],
              [
                80.00046,
                9.67753
              ],
              [
                79.998715,
                9.671419
              ],
              [
                80.00534,
                9.663232
              ],
              [
                79.986008,
                9.637221
              ],
              [
                79.988295,
                9.62876
              ],
              [
                79.984381,
                9.621513
              ],
              [
                79.983367,
                9.621592
              ],
              [
                79.984381,
                9.623355
              ],
              [
                79.983344,
                9.622297
              ],
              [
                79.983132,
                9.6212
              ],
              [
                79.983721,
                9.620887
              ],
              [
                79.98391,
                9.61979
              ],
              [
                79.983415,
                9.621043
              ],
              [
                79.980869,
                9.622258
              ],
              [
                79.983391,
                9.623002
              ],
              [
                79.984145,
                9.625117
              ],
              [
                79.984334,
                9.629387
              ],
              [
                79.982236,
                9.629779
              ],
              [
                79.984523,
                9.635224
              ],
              [
                79.98068,
                9.631032
              ],
              [
                79.980421,
                9.631894
              ],
              [
                79.984098,
                9.63542
              ],
              [
                79.983627,
                9.635811
              ],
              [
                79.980138,
                9.635459
              ],
              [
                79.981906,
                9.6335
              ],
              [
                79.980491,
                9.632168
              ],
              [
                79.977851,
                9.633383
              ],
              [
                79.97613,
                9.631659
              ],
              [
                79.972358,
                9.63162
              ],
              [
                79.96637,
                9.633148
              ],
              [
                79.94923,
                9.642941
              ],
              [
                79.944845,
                9.646153
              ],
              [
                79.944162,
                9.648346
              ],
              [
                79.943007,
                9.647132
              ],
              [
                79.943643,
                9.648777
              ],
              [
                79.926339,
                9.660764
              ],
              [
                79.924099,
                9.659824
              ],
              [
                79.924877,
                9.661351
              ],
              [
                79.922402,
                9.662096
              ],
              [
                79.922708,
                9.662331
              ],
              [
                79.925207,
                9.66284
              ],
              [
                79.925985,
                9.663858
              ],
              [
                79.933977,
                9.663702
              ],
              [
                79.931761,
                9.664994
              ],
              [
                79.933482,
                9.670949
              ],
              [
                79.932091,
                9.672751
              ],
              [
                79.935274,
                9.675649
              ],
              [
                79.929498,
                9.679566
              ],
              [
                79.930417,
                9.681486
              ],
              [
                79.928673,
                9.679488
              ],
              [
                79.918512,
                9.680037
              ],
              [
                79.917616,
                9.678979
              ],
              [
                79.924359,
                9.677334
              ],
              [
                79.920987,
                9.676159
              ],
              [
                79.920233,
                9.677334
              ],
              [
                79.913585,
                9.67373
              ],
              [
                79.907219,
                9.674983
              ],
              [
                79.909765,
                9.672398
              ],
              [
                79.904932,
                9.67373
              ],
              [
                79.899463,
                9.670048
              ],
              [
                79.900123,
                9.67181
              ],
              [
                79.896658,
                9.675571
              ],
              [
                79.898402,
                9.678744
              ],
              [
                79.90043,
                9.678587
              ],
              [
                79.899958,
                9.683836
              ],
              [
                79.893758,
                9.68791
              ],
              [
                79.890622,
                9.696724
              ],
              [
                79.886779,
                9.699074
              ],
              [
                79.883361,
                9.700171
              ],
              [
                79.879,
                9.694726
              ],
              [
                79.872469,
                9.693042
              ],
              [
                79.868226,
                9.695314
              ],
              [
                79.863794,
                9.703226
              ],
              [
                79.858819,
                9.703383
              ],
              [
                79.858631,
                9.70495
              ],
              [
                79.858678,
                9.703344
              ],
              [
                79.853326,
                9.700954
              ],
              [
                79.847951,
                9.70068
              ],
              [
                79.841138,
                9.703187
              ],
              [
                79.84135,
                9.69786
              ],
              [
                79.846324,
                9.695274
              ],
              [
                79.845004,
                9.693903
              ],
              [
                79.84821,
                9.691475
              ],
              [
                79.850356,
                9.691749
              ],
              [
                79.850167,
                9.688889
              ],
              [
                79.845688,
                9.688615
              ],
              [
                79.844368,
                9.685834
              ],
              [
                79.843118,
                9.686265
              ],
              [
                79.843071,
                9.686069
              ],
              [
                79.844297,
                9.685677
              ],
              [
                79.844061,
                9.683327
              ],
              [
                79.855967,
                9.663584
              ],
              [
                79.861059,
                9.658453
              ],
              [
                79.864407,
                9.658139
              ],
              [
                79.864548,
                9.650932
              ],
              [
                79.868862,
                9.644468
              ],
              [
                79.868909,
                9.639023
              ],
              [
                79.872469,
                9.634832
              ],
              [
                79.874167,
                9.636203
              ],
              [
                79.87874,
                9.634479
              ],
              [
                79.892508,
                9.623668
              ],
              [
                79.862379,
                9.607177
              ],
              [
                79.844438,
                9.619437
              ],
              [
                79.841043,
                9.614619
              ],
              [
                79.834254,
                9.61078
              ],
              [
                79.829869,
                9.612347
              ],
              [
                79.829138,
                9.610859
              ],
              [
                79.826262,
                9.614032
              ],
              [
                79.822183,
                9.610075
              ],
              [
                79.82157,
                9.616304
              ],
              [
                79.819543,
                9.618419
              ],
              [
                79.821217,
                9.621513
              ],
              [
                79.820604,
                9.625587
              ],
              [
                79.817751,
                9.624295
              ],
              [
                79.818411,
                9.620456
              ],
              [
                79.815346,
                9.621866
              ],
              [
                79.814191,
                9.626488
              ],
              [
                79.812588,
                9.626958
              ],
              [
                79.807354,
                9.618419
              ],
              [
                79.809311,
                9.616578
              ],
              [
                79.80759,
                9.616264
              ],
              [
                79.80924,
                9.615834
              ],
              [
                79.806883,
                9.611055
              ],
              [
                79.809052,
                9.605806
              ],
              [
                79.805209,
                9.602633
              ],
              [
                79.806128,
                9.600204
              ],
              [
                79.810372,
                9.599225
              ],
              [
                79.807779,
                9.593741
              ],
              [
                79.808769,
                9.590098
              ],
              [
                79.799975,
                9.589079
              ],
              [
                79.796085,
                9.59284
              ],
              [
                79.797217,
                9.594877
              ],
              [
                79.794812,
                9.600165
              ],
              [
                79.792337,
                9.597775
              ],
              [
                79.789626,
                9.600987
              ],
              [
                79.792243,
                9.597814
              ],
              [
                79.791158,
                9.593584
              ],
              [
                79.792384,
                9.58951
              ],
              [
                79.795189,
                9.589706
              ],
              [
                79.796557,
                9.592213
              ],
              [
                79.795637,
                9.589275
              ],
              [
                79.792101,
                9.588844
              ],
              [
                79.791795,
                9.584026
              ],
              [
                79.794765,
                9.583477
              ],
              [
                79.795048,
                9.581205
              ],
              [
                79.798136,
                9.579286
              ],
              [
                79.8004,
                9.579913
              ],
              [
                79.801767,
                9.588413
              ],
              [
                79.80304,
                9.58904
              ],
              [
                79.803158,
                9.582851
              ],
              [
                79.801838,
                9.580735
              ],
              [
                79.8037,
                9.576779
              ],
              [
                79.842717,
                9.567652
              ],
              [
                79.856249,
                9.567965
              ],
              [
                79.86153,
                9.571177
              ],
              [
                79.859008,
                9.577602
              ],
              [
                79.86212,
                9.585632
              ],
              [
                79.858654,
                9.584418
              ],
              [
                79.859526,
                9.588413
              ],
              [
                79.861106,
                9.586611
              ],
              [
                79.858418,
                9.595112
              ],
              [
                79.859055,
                9.596443
              ],
              [
                79.858748,
                9.594093
              ],
              [
                79.864076,
                9.603377
              ],
              [
                79.862238,
                9.606981
              ],
              [
                79.891966,
                9.623276
              ],
              [
                79.900076,
                9.61646
              ],
              [
                79.905828,
                9.616225
              ],
              [
                79.911581,
                9.622532
              ],
              [
                79.914363,
                9.630954
              ],
              [
                79.92219,
                9.633226
              ],
              [
                79.935604,
                9.630641
              ],
              [
                79.948806,
                9.625901
              ],
              [
                79.962103,
                9.614384
              ],
              [
                79.969788,
                9.612621
              ],
              [
                79.976201,
                9.613483
              ],
              [
                79.975069,
                9.61364
              ],
              [
                79.975281,
                9.616069
              ],
              [
                79.980986,
                9.621631
              ],
              [
                79.983037,
                9.621043
              ],
              [
                79.982566,
                9.615403
              ],
              [
                79.983745,
                9.61411
              ],
              [
                79.9849,
                9.615324
              ],
              [
                79.98523,
                9.61364
              ],
              [
                79.982142,
                9.612739
              ],
              [
                79.981199,
                9.61458
              ],
              [
                79.977639,
                9.605218
              ],
              [
                79.967266,
                9.606041
              ],
              [
                79.965427,
                9.6089
              ],
              [
                79.967831,
                9.610545
              ],
              [
                79.96604,
                9.611485
              ],
              [
                79.964743,
                9.61129
              ],
              [
                79.964837,
                9.608313
              ],
              [
                79.967148,
                9.605061
              ],
              [
                79.975446,
                9.600086
              ],
              [
                79.987847,
                9.597266
              ],
              [
                80.000931,
                9.603612
              ],
              [
                80.000247,
                9.604591
              ],
              [
                80.006236,
                9.615168
              ],
              [
                80.005599,
                9.615677
              ],
              [
                80.004043,
                9.612504
              ],
              [
                80.004161,
                9.616421
              ],
              [
                80.002911,
                9.616774
              ],
              [
                80.002982,
                9.613836
              ],
              [
                80.002416,
                9.614032
              ],
              [
                80.002157,
                9.61646
              ],
              [
                80.007579,
                9.630523
              ],
              [
                80.002746,
                9.628016
              ],
              [
                79.997937,
                9.633461
              ],
              [
                79.997748,
                9.636281
              ],
              [
                80.000342,
                9.636595
              ],
              [
                79.997583,
                9.639768
              ],
              [
                80.003902,
                9.637887
              ],
              [
                80.005929,
                9.638984
              ],
              [
                80.002346,
                9.640747
              ],
              [
                80.002911,
                9.641844
              ],
              [
                79.997466,
                9.641609
              ],
              [
                80.002723,
                9.642314
              ],
              [
                80.000554,
                9.644272
              ],
              [
                79.997371,
                9.643019
              ],
              [
                79.998927,
                9.645056
              ],
              [
                79.997348,
                9.6458
              ],
              [
                79.999564,
                9.645683
              ],
              [
                79.995226,
                9.64815
              ],
              [
                80.005175,
                9.662683
              ],
              [
                80.014063,
                9.656964
              ],
              [
                80.014133,
                9.656651
              ],
              [
                80.01352,
                9.654144
              ],
              [
                80.019296,
                9.650227
              ],
              [
                80.018754,
                9.648738
              ],
              [
                80.019532,
                9.65007
              ],
              [
                80.030424,
                9.646505
              ],
              [
                80.029976,
                9.647445
              ],
              [
                80.033371,
                9.646309
              ],
              [
                80.035657,
                9.647602
              ],
              [
                80.03554,
                9.646153
              ],
              [
                80.039665,
                9.646114
              ],
              [
                80.041952,
                9.647602
              ],
              [
                80.042376,
                9.650187
              ],
              [
                80.046172,
                9.650109
              ],
              [
                80.045771,
                9.648581
              ],
              [
                80.046738,
                9.650148
              ],
              [
                80.070738,
                9.638671
              ],
              [
                80.082077,
                9.628682
              ],
              [
                80.098509,
                9.618106
              ],
              [
                80.130242,
                9.606628
              ],
              [
                80.134603,
                9.608822
              ],
              [
                80.134462,
                9.610584
              ],
              [
                80.132552,
                9.609018
              ],
              [
                80.117299,
                9.614227
              ],
              [
                80.11256,
                9.619359
              ],
              [
                80.112018,
                9.623276
              ],
              [
                80.100136,
                9.629544
              ],
              [
                80.097778,
                9.63491
              ],
              [
                80.084812,
                9.63965
              ],
              [
                80.083822,
                9.642392
              ],
              [
                80.081276,
                9.64106
              ],
              [
                80.077433,
                9.644233
              ],
              [
                80.077409,
                9.646779
              ],
              [
                80.080663,
                9.646662
              ],
              [
                80.081511,
                9.64815
              ],
              [
                80.077339,
                9.650501
              ],
              [
                80.076938,
                9.648777
              ],
              [
                80.075217,
                9.648621
              ],
              [
                80.076608,
                9.647406
              ],
              [
                80.075594,
                9.64627
              ],
              [
                80.076254,
                9.64725
              ],
              [
                80.075264,
                9.647641
              ],
              [
                80.075099,
                9.648111
              ],
              [
                80.075123,
                9.648738
              ],
              [
                80.07649,
                9.650618
              ],
              [
                80.075075,
                9.650618
              ],
              [
                80.077504,
                9.653595
              ],
              [
                80.076749,
                9.659863
              ],
              [
                80.078494,
                9.658727
              ],
              [
                80.079272,
                9.65289
              ],
              [
                80.079767,
                9.654966
              ],
              [
                80.082714,
                9.654261
              ],
              [
                80.089173,
                9.648895
              ],
              [
                80.142831,
                9.623707
              ],
              [
                80.152685,
                9.616225
              ],
              [
                80.157212,
                9.609213
              ],
              [
                80.179915,
                9.59233
              ],
              [
                80.200307,
                9.580579
              ],
              [
                80.200755,
                9.583321
              ],
              [
                80.202948,
                9.581989
              ],
              [
                80.203184,
                9.583399
              ],
              [
                80.204575,
                9.582263
              ],
              [
                80.208582,
                9.583595
              ],
              [
                80.207404,
                9.586494
              ],
              [
                80.205187,
                9.585984
              ],
              [
                80.200166,
                9.588531
              ],
              [
                80.195592,
                9.587355
              ],
              [
                80.191773,
                9.588452
              ],
              [
                80.192858,
                9.590607
              ],
              [
                80.195545,
                9.589236
              ],
              [
                80.197573,
                9.58998
              ],
              [
                80.188614,
                9.593976
              ],
              [
                80.185455,
                9.594837
              ],
              [
                80.18371,
                9.592957
              ],
              [
                80.180386,
                9.59284
              ],
              [
                80.184653,
                9.595033
              ],
              [
                80.181801,
                9.595229
              ],
              [
                80.184064,
                9.595777
              ],
              [
                80.186115,
                9.602515
              ],
              [
                80.176874,
                9.604983
              ],
              [
                80.172394,
                9.604121
              ],
              [
                80.169966,
                9.608548
              ],
              [
                80.170343,
                9.608783
              ],
              [
                80.173455,
                9.607764
              ],
              [
                80.172418,
                9.608391
              ],
              [
                80.178618,
                9.609919
              ],
              [
                80.181801,
                9.623159
              ],
              [
                80.177581,
                9.624177
              ],
              [
                80.176213,
                9.621709
              ],
              [
                80.172724,
                9.6212
              ],
              [
                80.172323,
                9.619986
              ],
              [
                80.17494,
                9.61787
              ],
              [
                80.159263,
                9.624177
              ],
              [
                80.161149,
                9.625509
              ],
              [
                80.167043,
                9.622493
              ],
              [
                80.171923,
                9.622845
              ],
              [
                80.170909,
                9.624961
              ],
              [
                80.165274,
                9.625979
              ],
              [
                80.171946,
                9.628878
              ],
              [
                80.172701,
                9.630406
              ],
              [
                80.170838,
                9.632717
              ],
              [
                80.172913,
                9.634597
              ],
              [
                80.172819,
                9.637143
              ],
              [
                80.169306,
                9.638828
              ],
              [
                80.16808,
                9.637261
              ],
              [
                80.163106,
                9.636634
              ],
              [
                80.163459,
                9.632247
              ],
              [
                80.160064,
                9.640747
              ],
              [
                80.16195,
                9.640943
              ],
              [
                80.162351,
                9.642706
              ],
              [
                80.16122,
                9.641765
              ],
              [
                80.157565,
                9.645996
              ],
              [
                80.157047,
                9.644586
              ],
              [
                80.155066,
                9.645996
              ],
              [
                80.156198,
                9.648307
              ],
              [
                80.160159,
                9.649913
              ],
              [
                80.161738,
                9.653948
              ],
              [
                80.165463,
                9.652577
              ],
              [
                80.16452,
                9.654536
              ],
              [
                80.162186,
                9.654653
              ],
              [
                80.162823,
                9.655476
              ],
              [
                80.165628,
                9.656416
              ],
              [
                80.167208,
                9.654849
              ],
              [
                80.169683,
                9.656416
              ],
              [
                80.183003,
                9.651088
              ],
              [
                80.193683,
                9.644312
              ],
              [
                80.207215,
                9.640786
              ],
              [
                80.23105,
                9.629348
              ],
              [
                80.257454,
                9.613327
              ],
              [
                80.256393,
                9.611603
              ],
              [
                80.256865,
                9.611446
              ],
              [
                80.257831,
                9.613248
              ],
              [
                80.264102,
                9.610467
              ],
              [
                80.2964,
                9.591978
              ],
              [
                80.300644,
                9.588021
              ],
              [
                80.308023,
                9.58524
              ],
              [
                80.336195,
                9.566633
              ],
              [
                80.351425,
                9.55402
              ],
              [
                80.358026,
                9.546264
              ],
              [
                80.355056,
                9.550142
              ],
              [
                80.357177,
                9.548928
              ],
              [
                80.360313,
                9.543091
              ],
              [
                80.374505,
                9.527226
              ],
              [
                80.382521,
                9.515357
              ],
              [
                80.38568,
                9.513712
              ],
              [
                80.387401,
                9.515161
              ],
              [
                80.386458,
                9.517903
              ],
              [
                80.391314,
                9.513869
              ],
              [
                80.392163,
                9.514495
              ],
              [
                80.388132,
                9.517237
              ],
              [
                80.393059,
                9.514065
              ],
              [
                80.39155,
                9.513594
              ],
              [
                80.391739,
                9.510539
              ],
              [
                80.396666,
                9.504311
              ],
              [
                80.393012,
                9.499923
              ],
              [
                80.391479,
                9.494909
              ],
              [
                80.391456,
                9.489229
              ],
              [
                80.394969,
                9.490091
              ],
              [
                80.393342,
                9.487819
              ],
              [
                80.391621,
                9.48872
              ],
              [
                80.390442,
                9.485547
              ],
              [
                80.390701,
                9.48496
              ],
              [
                80.391385,
                9.485547
              ],
              [
                80.392257,
                9.487741
              ],
              [
                80.391786,
                9.485665
              ],
              [
                80.393601,
                9.486487
              ],
              [
                80.392328,
                9.482923
              ],
              [
                80.390419,
                9.483628
              ],
              [
                80.388179,
                9.480729
              ],
              [
                80.383322,
                9.478771
              ],
              [
                80.379244,
                9.479319
              ],
              [
                80.379267,
                9.4783
              ],
              [
                80.379975,
                9.47787
              ],
              [
                80.374906,
                9.476812
              ],
              [
                80.360879,
                9.467881
              ],
              [
                80.357955,
                9.467646
              ],
              [
                80.358757,
                9.469252
              ],
              [
                80.352675,
                9.468194
              ],
              [
                80.353075,
                9.465256
              ],
              [
                80.349916,
                9.465139
              ],
              [
                80.349091,
                9.462397
              ],
              [
                80.346073,
                9.462945
              ],
              [
                80.347983,
                9.463924
              ],
              [
                80.347559,
                9.465805
              ],
              [
                80.350458,
                9.466471
              ],
              [
                80.34671,
                9.468194
              ],
              [
                80.343551,
                9.472542
              ],
              [
                80.33992,
                9.473874
              ],
              [
                80.33728,
                9.469056
              ],
              [
                80.340109,
                9.473678
              ],
              [
                80.34348,
                9.472268
              ],
              [
                80.346309,
                9.467998
              ],
              [
                80.342938,
                9.469173
              ],
              [
                80.341358,
                9.470427
              ],
              [
                80.338459,
                9.468233
              ],
              [
                80.337657,
                9.469056
              ],
              [
                80.336502,
                9.463337
              ],
              [
                80.337822,
                9.46318
              ],
              [
                80.33893,
                9.467176
              ],
              [
                80.339967,
                9.464747
              ],
              [
                80.337374,
                9.459615
              ],
              [
                80.334498,
                9.456795
              ],
              [
                80.336525,
                9.455346
              ],
              [
                80.334333,
                9.456364
              ],
              [
                80.334522,
                9.457108
              ],
              [
                80.335417,
                9.457735
              ],
              [
                80.335559,
                9.458793
              ],
              [
                80.33273,
                9.455933
              ],
              [
                80.328981,
                9.455228
              ],
              [
                80.321532,
                9.458166
              ],
              [
                80.317736,
                9.461574
              ],
              [
                80.31229,
                9.462632
              ],
              [
                80.306938,
                9.458793
              ],
              [
                80.30576,
                9.460673
              ],
              [
                80.305123,
                9.459067
              ],
              [
                80.305524,
                9.46083
              ],
              [
                80.305147,
                9.460281
              ],
              [
                80.305005,
                9.459028
              ],
              [
                80.303897,
                9.46032
              ],
              [
                80.302695,
                9.45844
              ],
              [
                80.299889,
                9.458479
              ],
              [
                80.299913,
                9.457539
              ],
              [
                80.300337,
                9.457108
              ],
              [
                80.302106,
                9.458323
              ],
              [
                80.303756,
                9.456756
              ],
              [
                80.299984,
                9.457108
              ],
              [
                80.29831,
                9.455385
              ],
              [
                80.295811,
                9.459028
              ],
              [
                80.295504,
                9.458989
              ],
              [
                80.295387,
                9.458754
              ],
              [
                80.295033,
                9.457383
              ],
              [
                80.294184,
                9.456873
              ],
              [
                80.291992,
                9.458949
              ],
              [
                80.292534,
                9.457618
              ],
              [
                80.286711,
                9.456638
              ],
              [
                80.286428,
                9.454406
              ],
              [
                80.279615,
                9.455424
              ],
              [
                80.266177,
                9.460085
              ],
              [
                80.261745,
                9.463846
              ],
              [
                80.256841,
                9.464473
              ],
              [
                80.257383,
                9.465648
              ],
              [
                80.249721,
                9.469213
              ],
              [
                80.252409,
                9.473247
              ],
              [
                80.250287,
                9.473717
              ],
              [
                80.251159,
                9.474422
              ],
              [
                80.257666,
                9.471759
              ],
              [
                80.260872,
                9.474148
              ],
              [
                80.264974,
                9.474422
              ],
              [
                80.262028,
                9.475049
              ],
              [
                80.265517,
                9.477164
              ],
              [
                80.274428,
                9.476264
              ],
              [
                80.276644,
                9.474462
              ],
              [
                80.277941,
                9.475715
              ],
              [
                80.272471,
                9.481513
              ],
              [
                80.268346,
                9.480807
              ],
              [
                80.268346,
                9.482374
              ],
              [
                80.264974,
                9.482649
              ],
              [
                80.258444,
                9.486722
              ],
              [
                80.258609,
                9.488093
              ],
              [
                80.254813,
                9.489386
              ],
              [
                80.253611,
                9.492951
              ],
              [
                80.2509,
                9.493343
              ],
              [
                80.248872,
                9.496124
              ],
              [
                80.248307,
                9.506348
              ],
              [
                80.258986,
                9.498004
              ],
              [
                80.260542,
                9.499297
              ],
              [
                80.268393,
                9.498435
              ],
              [
                80.271033,
                9.496241
              ],
              [
                80.277988,
                9.495693
              ],
              [
                80.276479,
                9.495066
              ],
              [
                80.278129,
                9.493421
              ],
              [
                80.279591,
                9.494126
              ],
              [
                80.278365,
                9.493068
              ],
              [
                80.282727,
                9.495654
              ],
              [
                80.282208,
                9.496868
              ],
              [
                80.284471,
                9.49585
              ],
              [
                80.264503,
                9.513555
              ],
              [
                80.259293,
                9.515083
              ],
              [
                80.262334,
                9.51383
              ],
              [
                80.262782,
                9.512811
              ],
              [
                80.26099,
                9.513164
              ],
              [
                80.263984,
                9.511988
              ],
              [
                80.263112,
                9.51144
              ],
              [
                80.257666,
                9.514456
              ],
              [
                80.255238,
                9.513594
              ],
              [
                80.260071,
                9.511636
              ],
              [
                80.260071,
                9.509168
              ],
              [
                80.24543,
                9.517551
              ],
              [
                80.230932,
                9.528362
              ],
              [
                80.232205,
                9.533729
              ],
              [
                80.229446,
                9.529381
              ],
              [
                80.220276,
                9.53651
              ],
              [
                80.219309,
                9.534512
              ],
              [
                80.222115,
                9.532123
              ],
              [
                80.219781,
                9.528127
              ],
              [
                80.219498,
                9.530517
              ],
              [
                80.213062,
                9.530008
              ],
              [
                80.207333,
                9.533063
              ],
              [
                80.206178,
                9.531888
              ],
              [
                80.205022,
                9.53275
              ],
              [
                80.206437,
                9.533846
              ],
              [
                80.201651,
                9.538234
              ],
              [
                80.196323,
                9.537489
              ],
              [
                80.199742,
                9.539174
              ],
              [
                80.198044,
                9.540623
              ],
              [
                80.19538,
                9.540075
              ],
              [
                80.194861,
                9.542386
              ],
              [
                80.193612,
                9.542151
              ],
              [
                80.195616,
                9.545089
              ],
              [
                80.196535,
                9.552649
              ],
              [
                80.195451,
                9.545716
              ],
              [
                80.193659,
                9.542543
              ],
              [
                80.194626,
                9.544736
              ],
              [
                80.193447,
                9.545128
              ],
              [
                80.194861,
                9.545872
              ],
              [
                80.186917,
                9.544893
              ],
              [
                80.17916,
                9.540545
              ],
              [
                80.176001,
                9.542856
              ],
              [
                80.17006,
                9.543522
              ],
              [
                80.160253,
                9.55022
              ],
              [
                80.148277,
                9.555783
              ],
              [
                80.144811,
                9.559582
              ],
              [
                80.142925,
                9.558721
              ],
              [
                80.141063,
                9.56158
              ],
              [
                80.141181,
                9.559974
              ],
              [
                80.1392,
                9.56064
              ],
              [
                80.138069,
                9.561972
              ],
              [
                80.139813,
                9.561854
              ],
              [
                80.136465,
                9.563891
              ],
              [
                80.127177,
                9.577367
              ],
              [
                80.120411,
                9.577797
              ],
              [
                80.120316,
                9.573919
              ],
              [
                80.114187,
                9.574468
              ],
              [
                80.113645,
                9.578033
              ],
              [
                80.112159,
                9.576466
              ],
              [
                80.112277,
                9.579012
              ],
              [
                80.109755,
                9.581205
              ],
              [
                80.107821,
                9.579834
              ],
              [
                80.10768,
                9.585984
              ],
              [
                80.110603,
                9.585044
              ],
              [
                80.102965,
                9.589862
              ],
              [
                80.099452,
                9.591429
              ],
              [
                80.09957,
                9.591077
              ],
              [
                80.100442,
                9.590098
              ],
              [
                80.105535,
                9.587747
              ],
              [
                80.101998,
                9.585593
              ],
              [
                80.102069,
                9.58618
              ],
              [
                80.103201,
                9.58763
              ],
              [
                80.101975,
                9.588805
              ],
              [
                80.100136,
                9.585123
              ],
              [
                80.099547,
                9.587355
              ],
              [
                80.096859,
                9.588021
              ],
              [
                80.092073,
                9.593466
              ],
              [
                80.086792,
                9.593427
              ],
              [
                80.081747,
                9.596404
              ],
              [
                80.074816,
                9.596835
              ],
              [
                80.075665,
                9.601027
              ],
              [
                80.071751,
                9.597775
              ],
              [
                80.071869,
                9.599812
              ],
              [
                80.070738,
                9.598559
              ],
              [
                80.072482,
                9.602084
              ],
              [
                80.069724,
                9.598833
              ],
              [
                80.07029,
                9.600791
              ],
              [
                80.06805,
                9.59899
              ],
              [
                80.063995,
                9.600791
              ],
              [
                80.061331,
                9.604278
              ],
              [
                80.064679,
                9.608273
              ],
              [
                80.060364,
                9.611133
              ],
              [
                80.058808,
                9.604944
              ],
              [
                80.051854,
                9.598794
              ],
              [
                80.073402,
                9.588531
              ],
              [
                80.093252,
                9.576779
              ],
              [
                80.115106,
                9.561424
              ],
              [
                80.143656,
                9.53843
              ],
              [
                80.160182,
                9.522526
              ],
              [
                80.175341,
                9.504115
              ],
              [
                80.185172,
                9.488485
              ],
              [
                80.185361,
                9.4821
              ],
              [
                80.182343,
                9.473012
              ],
              [
                80.169542,
                9.465844
              ],
              [
                80.165086,
                9.458636
              ],
              [
                80.165746,
                9.458401
              ],
              [
                80.165581,
                9.457853
              ],
              [
                80.166217,
                9.457696
              ],
              [
                80.167915,
                9.460046
              ],
              [
                80.167915,
                9.46083
              ],
              [
                80.168316,
                9.461456
              ],
              [
                80.16841,
                9.461456
              ],
              [
                80.168457,
                9.4613
              ],
              [
                80.168127,
                9.460986
              ],
              [
                80.168033,
                9.460986
              ],
              [
                80.167986,
                9.460908
              ],
              [
                80.168033,
                9.460281
              ],
              [
                80.167962,
                9.460007
              ],
              [
                80.166406,
                9.457853
              ],
              [
                80.166217,
                9.457657
              ],
              [
                80.165699,
                9.457696
              ],
              [
                80.165628,
                9.457735
              ],
              [
                80.165463,
                9.458088
              ],
              [
                80.165722,
                9.458362
              ],
              [
                80.165157,
                9.458479
              ],
              [
                80.15865,
                9.452173
              ],
              [
                80.158508,
                9.453348
              ],
              [
                80.15806,
                9.452055
              ],
              [
                80.158532,
                9.450371
              ],
              [
                80.158037,
                9.448765
              ],
              [
                80.146768,
                9.437248
              ],
              [
                80.123711,
                9.427063
              ],
              [
                80.122155,
                9.424831
              ],
              [
                80.122863,
                9.42342
              ],
              [
                80.122061,
                9.4244
              ],
              [
                80.119138,
                9.42201
              ],
              [
                80.118878,
                9.423499
              ],
              [
                80.117464,
                9.420404
              ],
              [
                80.111971,
                9.416918
              ],
              [
                80.094973,
                9.411825
              ],
              [
                80.082077,
                9.404226
              ],
              [
                80.081111,
                9.406381
              ],
              [
                80.073048,
                9.403639
              ],
              [
                80.053928,
                9.391299
              ],
              [
                80.053575,
                9.381467
              ],
              [
                80.056404,
                9.374808
              ],
              [
                80.054141,
                9.370891
              ],
              [
                80.054518,
                9.36572
              ],
              [
                80.062816,
                9.356985
              ],
              [
                80.05895,
                9.349816
              ],
              [
                80.063689,
                9.341355
              ],
              [
                80.061661,
                9.336067
              ],
              [
                80.063264,
                9.331014
              ],
              [
                80.07062,
                9.325608
              ],
              [
                80.074345,
                9.327566
              ],
              [
                80.07451,
                9.32549
              ],
              [
                80.081464,
                9.325334
              ],
              [
                80.082572,
                9.326626
              ],
              [
                80.080309,
                9.328076
              ],
              [
                80.086109,
                9.328742
              ],
              [
                80.112631,
                9.310487
              ],
              [
                80.112537,
                9.308725
              ],
              [
                80.113998,
                9.309391
              ],
              [
                80.122155,
                9.299519
              ],
              [
                80.121495,
                9.290784
              ],
              [
                80.114258,
                9.285535
              ],
              [
                80.10999,
                9.275233
              ],
              [
                80.11157,
                9.269435
              ],
              [
                80.12067,
                9.26023
              ],
              [
                80.121165,
                9.25404
              ],
              [
                80.116568,
                9.240409
              ],
              [
                80.120387,
                9.224975
              ],
              [
                80.118195,
                9.21765
              ],
              [
                80.118737,
                9.211774
              ],
              [
                80.110674,
                9.197868
              ],
              [
                80.109307,
                9.19869
              ],
              [
                80.107609,
                9.196967
              ],
              [
                80.107987,
                9.199787
              ],
              [
                80.106973,
                9.199082
              ],
              [
                80.106242,
                9.19775
              ],
              [
                80.107303,
                9.200257
              ],
              [
                80.108835,
                9.201119
              ],
              [
                80.108764,
                9.201197
              ],
              [
                80.108529,
                9.201197
              ],
              [
                80.10801,
                9.201041
              ],
              [
                80.10702,
                9.200453
              ],
              [
                80.107633,
                9.202255
              ],
              [
                80.106572,
                9.200061
              ],
              [
                80.105488,
                9.19681
              ],
              [
                80.105393,
                9.190151
              ],
              [
                80.105228,
                9.195635
              ],
              [
                80.104827,
                9.194264
              ],
              [
                80.104827,
                9.191992
              ],
              [
                80.106431,
                9.182943
              ],
              [
                80.103554,
                9.178203
              ],
              [
                80.103342,
                9.179418
              ],
              [
                80.099476,
                9.159087
              ],
              [
                80.098368,
                9.159557
              ],
              [
                80.096718,
                9.154113
              ],
              [
                80.093134,
                9.152271
              ],
              [
                80.087405,
                9.152702
              ],
              [
                80.085731,
                9.151175
              ],
              [
                80.085331,
                9.147101
              ],
              [
                80.079673,
                9.139266
              ],
              [
                80.079955,
                9.136916
              ],
              [
                80.08269,
                9.135623
              ],
              [
                80.081606,
                9.133665
              ],
              [
                80.079625,
                9.133782
              ],
              [
                80.078447,
                9.13057
              ],
              [
                80.080168,
                9.1301
              ],
              [
                80.079838,
                9.128455
              ],
              [
                80.077362,
                9.128768
              ],
              [
                80.075948,
                9.126183
              ],
              [
                80.078282,
                9.121169
              ],
              [
                80.076136,
                9.11733
              ],
              [
                80.077409,
                9.11353
              ],
              [
                80.074109,
                9.106479
              ],
              [
                80.076278,
                9.105108
              ],
              [
                80.07425,
                9.103659
              ],
              [
                80.078352,
                9.098018
              ],
              [
                80.074109,
                9.097391
              ],
              [
                80.074274,
                9.098684
              ],
              [
                80.073779,
                9.097979
              ],
              [
                80.073095,
                9.095002
              ],
              [
                80.073425,
                9.092495
              ],
              [
                80.071327,
                9.091672
              ],
              [
                80.06996,
                9.087089
              ],
              [
                80.072529,
                9.08137
              ],
              [
                80.068852,
                9.066524
              ],
              [
                80.065692,
                9.06057
              ],
              [
                80.057559,
                9.05344
              ],
              [
                80.050816,
                9.040788
              ],
              [
                80.050604,
                9.035539
              ],
              [
                80.048836,
                9.034168
              ],
              [
                80.048105,
                9.029937
              ],
              [
                80.038345,
                9.019478
              ],
              [
                80.041151,
                9.015874
              ],
              [
                80.035634,
                9.014464
              ],
              [
                80.027665,
                9.016971
              ],
              [
                80.0184,
                9.012349
              ],
              [
                80.015053,
                9.012427
              ],
              [
                80.004137,
                9.001028
              ],
              [
                79.998503,
                8.999461
              ],
              [
                79.993434,
                8.995113
              ],
              [
                79.990912,
                8.995466
              ],
              [
                79.991784,
                8.990843
              ],
              [
                79.987658,
                8.977447
              ],
              [
                79.982778,
                8.973412
              ],
              [
                79.972476,
                8.972433
              ],
              [
                79.963446,
                8.966596
              ],
              [
                79.961961,
                8.963149
              ],
              [
                79.954723,
                8.957586
              ],
              [
                79.956916,
                8.954178
              ],
              [
                79.955054,
                8.954413
              ],
              [
                79.955737,
                8.952964
              ],
              [
                79.951847,
                8.946579
              ],
              [
                79.954016,
                8.945639
              ],
              [
                79.954158,
                8.943367
              ],
              [
                79.953026,
                8.943014
              ],
              [
                79.951329,
                8.946187
              ],
              [
                79.945034,
                8.94462
              ],
              [
                79.943879,
                8.945952
              ],
              [
                79.945223,
                8.946383
              ],
              [
                79.933576,
                8.94509
              ],
              [
                79.931266,
                8.942388
              ],
              [
                79.93037,
                8.946266
              ],
              [
                79.925891,
                8.94701
              ],
              [
                79.92384,
                8.945639
              ],
              [
                79.925207,
                8.947127
              ],
              [
                79.923062,
                8.947362
              ],
              [
                79.9216,
                8.941878
              ],
              [
                79.925184,
                8.932203
              ],
              [
                79.909789,
                8.945247
              ],
              [
                79.904555,
                8.948146
              ],
              [
                79.902834,
                8.942858
              ],
              [
                79.905781,
                8.939058
              ],
              [
                79.914033,
                8.941291
              ],
              [
                79.910944,
                8.939136
              ],
              [
                79.911722,
                8.936198
              ],
              [
                79.910402,
                8.932125
              ],
              [
                79.911251,
                8.927659
              ],
              [
                79.912807,
                8.924682
              ],
              [
                79.915848,
                8.921901
              ],
              [
                79.916744,
                8.923037
              ],
              [
                79.914645,
                8.924603
              ],
              [
                79.914575,
                8.924603
              ]
            ],
            [
              [
                81.815192,
                7.469009
              ],
              [
                81.816347,
                7.464544
              ],
              [
                81.81538,
                7.465092
              ],
              [
                81.813447,
                7.468187
              ],
              [
                81.811467,
                7.476138
              ],
              [
                81.809534,
                7.477274
              ],
              [
                81.808543,
                7.481779
              ],
              [
                81.810099,
                7.482798
              ],
              [
                81.805714,
                7.499524
              ],
              [
                81.808213,
                7.496665
              ],
              [
                81.815192,
                7.469009
              ]
            ],
            [
              [
                81.377988,
                8.18006
              ],
              [
                81.377469,
                8.181901
              ],
              [
                81.379308,
                8.182881
              ],
              [
                81.381854,
                8.190872
              ],
              [
                81.38051,
                8.196473
              ],
              [
                81.383717,
                8.199999
              ],
              [
                81.39284,
                8.195768
              ],
              [
                81.391756,
                8.190206
              ],
              [
                81.396872,
                8.195455
              ],
              [
                81.399418,
                8.19283
              ],
              [
                81.401186,
                8.187855
              ],
              [
                81.404321,
                8.150015
              ],
              [
                81.419221,
                8.116876
              ],
              [
                81.424431,
                8.109864
              ],
              [
                81.426647,
                8.100933
              ],
              [
                81.434191,
                8.097133
              ],
              [
                81.440203,
                8.101912
              ],
              [
                81.440132,
                8.106809
              ],
              [
                81.439024,
                8.102578
              ],
              [
                81.437869,
                8.104889
              ],
              [
                81.439708,
                8.119774
              ],
              [
                81.441429,
                8.120088
              ],
              [
                81.442183,
                8.122438
              ],
              [
                81.436384,
                8.134973
              ],
              [
                81.43695,
                8.140105
              ],
              [
                81.435889,
                8.139596
              ],
              [
                81.436242,
                8.141828
              ],
              [
                81.435181,
                8.140653
              ],
              [
                81.4357,
                8.144531
              ],
              [
                81.434451,
                8.14363
              ],
              [
                81.433343,
                8.150054
              ],
              [
                81.432753,
                8.148605
              ],
              [
                81.432824,
                8.153306
              ],
              [
                81.433932,
                8.153619
              ],
              [
                81.440109,
                8.131957
              ],
              [
                81.447346,
                8.116092
              ],
              [
                81.442537,
                8.105163
              ],
              [
                81.442089,
                8.099405
              ],
              [
                81.436973,
                8.092276
              ],
              [
                81.438529,
                8.085812
              ],
              [
                81.436124,
                8.079271
              ],
              [
                81.438199,
                8.075588
              ],
              [
                81.435606,
                8.073081
              ],
              [
                81.445908,
                8.070692
              ],
              [
                81.446639,
                8.065482
              ],
              [
                81.444352,
                8.067715
              ],
              [
                81.444777,
                8.070653
              ],
              [
                81.430985,
                8.070574
              ],
              [
                81.430702,
                8.075353
              ],
              [
                81.435394,
                8.08025
              ],
              [
                81.436785,
                8.085421
              ],
              [
                81.435299,
                8.093137
              ],
              [
                81.429853,
                8.095684
              ],
              [
                81.419999,
                8.095644
              ],
              [
                81.418066,
                8.097407
              ],
              [
                81.418349,
                8.099718
              ],
              [
                81.415543,
                8.101207
              ],
              [
                81.41427,
                8.09964
              ],
              [
                81.414058,
                8.10152
              ],
              [
                81.412148,
                8.101794
              ],
              [
                81.413021,
                8.105673
              ],
              [
                81.407575,
                8.105712
              ],
              [
                81.405147,
                8.120636
              ],
              [
                81.407363,
                8.120754
              ],
              [
                81.408164,
                8.124005
              ],
              [
                81.404109,
                8.12945
              ],
              [
                81.404816,
                8.13278
              ],
              [
                81.40154,
                8.134503
              ],
              [
                81.399771,
                8.132505
              ],
              [
                81.397131,
                8.132545
              ],
              [
                81.396777,
                8.135091
              ],
              [
                81.391119,
                8.137324
              ],
              [
                81.38961,
                8.139596
              ],
              [
                81.386145,
                8.139909
              ],
              [
                81.384919,
                8.14269
              ],
              [
                81.386498,
                8.146411
              ],
              [
                81.381147,
                8.15358
              ],
              [
                81.382774,
                8.159025
              ],
              [
                81.381548,
                8.162002
              ],
              [
                81.382278,
                8.166233
              ],
              [
                81.378766,
                8.165253
              ],
              [
                81.380062,
                8.169014
              ],
              [
                81.377988,
                8.18006
              ]
            ]
          ],
          [
            [
              [
                81.771082,
                7.53709
              ],
              [
                81.770823,
                7.536855
              ],
              [
                81.771082,
                7.536346
              ],
              [
                81.771554,
                7.536855
              ],
              [
                81.771082,
                7.53709
              ]
            ]
          ],
          [
            [
              [
                81.731004,
                7.634315
              ],
              [
                81.732631,
                7.634629
              ],
              [
                81.731759,
                7.636313
              ],
              [
                81.731169,
                7.635882
              ],
              [
                81.731004,
                7.634315
              ]
            ]
          ],
          [
            [
              [
                81.726666,
                7.637527
              ],
              [
                81.728411,
                7.636901
              ],
              [
                81.727774,
                7.642463
              ],
              [
                81.72603,
                7.641288
              ],
              [
                81.726666,
                7.637527
              ]
            ]
          ],
          [
            [
              [
                81.698612,
                7.703924
              ],
              [
                81.693708,
                7.702553
              ],
              [
                81.690691,
                7.69511
              ],
              [
                81.69036,
                7.686492
              ],
              [
                81.692223,
                7.676033
              ],
              [
                81.695948,
                7.670471
              ],
              [
                81.699013,
                7.672743
              ],
              [
                81.702785,
                7.680617
              ],
              [
                81.707877,
                7.68379
              ],
              [
                81.709433,
                7.687511
              ],
              [
                81.70658,
                7.699223
              ],
              [
                81.704411,
                7.701769
              ],
              [
                81.701158,
                7.699693
              ],
              [
                81.698612,
                7.703924
              ]
            ]
          ],
          [
            [
              [
                81.702855,
                7.6483
              ],
              [
                81.704906,
                7.649318
              ],
              [
                81.704529,
                7.652491
              ],
              [
                81.703374,
                7.655429
              ],
              [
                81.701205,
                7.656134
              ],
              [
                81.697975,
                7.652256
              ],
              [
                81.700427,
                7.64877
              ],
              [
                81.702855,
                7.6483
              ]
            ]
          ],
          [
            [
              [
                81.698117,
                7.714226
              ],
              [
                81.691751,
                7.713913
              ],
              [
                81.687956,
                7.709251
              ],
              [
                81.685197,
                7.712542
              ],
              [
                81.68515,
                7.709447
              ],
              [
                81.689889,
                7.703101
              ],
              [
                81.69194,
                7.705138
              ],
              [
                81.698918,
                7.706118
              ],
              [
                81.700686,
                7.70835
              ],
              [
                81.702926,
                7.712033
              ],
              [
                81.698117,
                7.714226
              ]
            ]
          ],
          [
            [
              [
                81.694745,
                7.649161
              ],
              [
                81.694156,
                7.647634
              ],
              [
                81.695594,
                7.647007
              ],
              [
                81.695806,
                7.64783
              ],
              [
                81.694745,
                7.649161
              ]
            ]
          ],
          [
            [
              [
                81.66629,
                7.702435
              ],
              [
                81.660231,
                7.70267
              ],
              [
                81.658887,
                7.699419
              ],
              [
                81.662707,
                7.696638
              ],
              [
                81.66629,
                7.702435
              ]
            ]
          ],
          [
            [
              [
                81.525758,
                7.930769
              ],
              [
                81.522622,
                7.92885
              ],
              [
                81.530025,
                7.928497
              ],
              [
                81.52366,
                7.929046
              ],
              [
                81.525758,
                7.930769
              ]
            ]
          ],
          [
            [
              [
                81.524909,
                7.931592
              ],
              [
                81.523282,
                7.931866
              ],
              [
                81.52175,
                7.929007
              ],
              [
                81.523518,
                7.931749
              ],
              [
                81.524909,
                7.931592
              ]
            ]
          ],
          [
            [
              [
                81.518473,
                7.893086
              ],
              [
                81.518944,
                7.888777
              ],
              [
                81.520925,
                7.883959
              ],
              [
                81.522386,
                7.886936
              ],
              [
                81.520972,
                7.888463
              ],
              [
                81.520194,
                7.886857
              ],
              [
                81.52043,
                7.891088
              ],
              [
                81.519157,
                7.890383
              ],
              [
                81.518473,
                7.893086
              ]
            ]
          ],
          [
            [
              [
                81.518379,
                7.906718
              ],
              [
                81.519015,
                7.906287
              ],
              [
                81.518992,
                7.90754
              ],
              [
                81.518874,
                7.907031
              ],
              [
                81.518379,
                7.906718
              ]
            ]
          ],
          [
            [
              [
                81.517058,
                7.904054
              ],
              [
                81.516681,
                7.903153
              ],
              [
                81.518261,
                7.905151
              ],
              [
                81.517176,
                7.904602
              ],
              [
                81.517058,
                7.904054
              ]
            ]
          ],
          [
            [
              [
                81.516115,
                7.914121
              ],
              [
                81.514819,
                7.915531
              ],
              [
                81.513263,
                7.913338
              ],
              [
                81.516045,
                7.907188
              ],
              [
                81.518214,
                7.909969
              ],
              [
                81.516115,
                7.914121
              ]
            ]
          ],
          [
            [
              [
                81.517459,
                7.895005
              ],
              [
                81.515031,
                7.897826
              ],
              [
                81.517035,
                7.894888
              ],
              [
                81.513876,
                7.89571
              ],
              [
                81.513758,
                7.894104
              ],
              [
                81.515833,
                7.891049
              ],
              [
                81.517223,
                7.892459
              ],
              [
                81.517459,
                7.895005
              ]
            ]
          ],
          [
            [
              [
                81.513051,
                7.911732
              ],
              [
                81.513121,
                7.911536
              ],
              [
                81.513451,
                7.911105
              ],
              [
                81.513004,
                7.912398
              ],
              [
                81.513051,
                7.911732
              ]
            ]
          ],
          [
            [
              [
                81.509184,
                7.902174
              ],
              [
                81.510057,
                7.901821
              ],
              [
                81.510505,
                7.902095
              ],
              [
                81.509868,
                7.902761
              ],
              [
                81.509184,
                7.902174
              ]
            ]
          ],
          [
            [
              [
                81.464391,
                8.110922
              ],
              [
                81.463212,
                8.112488
              ],
              [
                81.462222,
                8.110452
              ],
              [
                81.463566,
                8.110177
              ],
              [
                81.464391,
                8.110922
              ]
            ]
          ],
          [
            [
              [
                81.440745,
                8.111235
              ],
              [
                81.441759,
                8.109668
              ],
              [
                81.444942,
                8.1148
              ],
              [
                81.444399,
                8.118286
              ],
              [
                81.440439,
                8.113624
              ],
              [
                81.440745,
                8.111235
              ]
            ]
          ],
          [
            [
              [
                80.61172,
                5.928098
              ],
              [
                80.612569,
                5.928333
              ],
              [
                80.611508,
                5.928255
              ],
              [
                80.610989,
                5.927824
              ],
              [
                80.611743,
                5.927393
              ],
              [
                80.61172,
                5.928098
              ]
            ]
          ],
          [
            [
              [
                80.425569,
                5.968132
              ],
              [
                80.42564,
                5.967662
              ],
              [
                80.426064,
                5.96774
              ],
              [
                80.426088,
                5.968054
              ],
              [
                80.425569,
                5.968132
              ]
            ]
          ],
          [
            [
              [
                80.388415,
                9.48351
              ],
              [
                80.387307,
                9.48355
              ],
              [
                80.387566,
                9.483197
              ],
              [
                80.389004,
                9.48355
              ],
              [
                80.388415,
                9.48351
              ]
            ]
          ],
          [
            [
              [
                80.387118,
                9.483236
              ],
              [
                80.386599,
                9.483471
              ],
              [
                80.383252,
                9.483119
              ],
              [
                80.385656,
                9.482884
              ],
              [
                80.387118,
                9.483236
              ]
            ]
          ],
          [
            [
              [
                80.385491,
                9.481943
              ],
              [
                80.383935,
                9.482061
              ],
              [
                80.385232,
                9.481473
              ],
              [
                80.386953,
                9.482061
              ],
              [
                80.385491,
                9.481943
              ]
            ]
          ],
          [
            [
              [
                80.383676,
                9.482022
              ],
              [
                80.382757,
                9.4821
              ],
              [
                80.382403,
                9.481317
              ],
              [
                80.382969,
                9.480964
              ],
              [
                80.383676,
                9.482022
              ]
            ]
          ],
          [
            [
              [
                80.381931,
                9.484215
              ],
              [
                80.381248,
                9.484098
              ],
              [
                80.38113,
                9.48163
              ],
              [
                80.383605,
                9.482453
              ],
              [
                80.381931,
                9.484215
              ]
            ]
          ],
          [
            [
              [
                80.380045,
                9.479476
              ],
              [
                80.379645,
                9.480181
              ],
              [
                80.37889,
                9.479985
              ],
              [
                80.37955,
                9.47928
              ],
              [
                80.380045,
                9.479476
              ]
            ]
          ],
          [
            [
              [
                80.37955,
                9.483785
              ],
              [
                80.379904,
                9.483863
              ],
              [
                80.378843,
                9.483824
              ],
              [
                80.378159,
                9.483236
              ],
              [
                80.378725,
                9.483667
              ],
              [
                80.37955,
                9.483785
              ]
            ]
          ],
          [
            [
              [
                80.378749,
                9.482844
              ],
              [
                80.378537,
                9.482609
              ],
              [
                80.3779,
                9.482766
              ],
              [
                80.379079,
                9.482374
              ],
              [
                80.378749,
                9.482844
              ]
            ]
          ],
          [
            [
              [
                80.378654,
                9.479671
              ],
              [
                80.378254,
                9.480847
              ],
              [
                80.37724,
                9.479084
              ],
              [
                80.377853,
                9.478575
              ],
              [
                80.378654,
                9.479671
              ]
            ]
          ],
          [
            [
              [
                80.377499,
                9.48069
              ],
              [
                80.377334,
                9.481473
              ],
              [
                80.375802,
                9.480612
              ],
              [
                80.374765,
                9.478222
              ],
              [
                80.377311,
                9.479632
              ],
              [
                80.376486,
                9.480807
              ],
              [
                80.377499,
                9.48069
              ]
            ]
          ],
          [
            [
              [
                80.377381,
                9.478653
              ],
              [
                80.376438,
                9.478575
              ],
              [
                80.375519,
                9.477713
              ],
              [
                80.375307,
                9.476969
              ],
              [
                80.375896,
                9.477948
              ],
              [
                80.377381,
                9.478653
              ]
            ]
          ],
          [
            [
              [
                80.377193,
                9.477752
              ],
              [
                80.37757,
                9.47783
              ],
              [
                80.377264,
                9.478614
              ],
              [
                80.376651,
                9.477791
              ],
              [
                80.377193,
                9.477752
              ]
            ]
          ],
          [
            [
              [
                80.376085,
                9.477008
              ],
              [
                80.376438,
                9.476929
              ],
              [
                80.376745,
                9.477635
              ],
              [
                80.376085,
                9.47736
              ],
              [
                80.376085,
                9.477008
              ]
            ]
          ],
          [
            [
              [
                80.37533,
                9.481317
              ],
              [
                80.373185,
                9.480612
              ],
              [
                80.372218,
                9.476773
              ],
              [
                80.373892,
                9.478614
              ],
              [
                80.373468,
                9.480494
              ],
              [
                80.37533,
                9.481317
              ]
            ]
          ],
          [
            [
              [
                80.374128,
                9.476851
              ],
              [
                80.37335,
                9.477204
              ],
              [
                80.370167,
                9.474697
              ],
              [
                80.373091,
                9.476773
              ],
              [
                80.374128,
                9.476851
              ]
            ]
          ],
          [
            [
              [
                80.369342,
                9.474109
              ],
              [
                80.369507,
                9.474501
              ],
              [
                80.369083,
                9.4736
              ],
              [
                80.369177,
                9.473639
              ],
              [
                80.369342,
                9.474109
              ]
            ]
          ],
          [
            [
              [
                80.367786,
                9.473286
              ],
              [
                80.368022,
                9.47313
              ],
              [
                80.369107,
                9.474227
              ],
              [
                80.368682,
                9.47407
              ],
              [
                80.367786,
                9.473286
              ]
            ]
          ],
          [
            [
              [
                80.368659,
                9.473247
              ],
              [
                80.36847,
                9.473482
              ],
              [
                80.368234,
                9.473208
              ],
              [
                80.368305,
                9.473169
              ],
              [
                80.368659,
                9.473247
              ]
            ]
          ],
          [
            [
              [
                80.367527,
                9.472385
              ],
              [
                80.367055,
                9.472581
              ],
              [
                80.361303,
                9.470035
              ],
              [
                80.364674,
                9.470623
              ],
              [
                80.367527,
                9.472385
              ]
            ]
          ],
          [
            [
              [
                80.360855,
                9.469448
              ],
              [
                80.361232,
                9.469291
              ],
              [
                80.360478,
                9.469918
              ],
              [
                80.359841,
                9.469643
              ],
              [
                80.359959,
                9.46933
              ],
              [
                80.360855,
                9.469448
              ]
            ]
          ],
          [
            [
              [
                80.359983,
                9.469213
              ],
              [
                80.359158,
                9.469173
              ],
              [
                80.359865,
                9.468233
              ],
              [
                80.36036,
                9.468782
              ],
              [
                80.359983,
                9.469213
              ]
            ]
          ],
          [
            [
              [
                80.358946,
                9.543365
              ],
              [
                80.357885,
                9.542895
              ],
              [
                80.359865,
                9.542464
              ],
              [
                80.359818,
                9.542856
              ],
              [
                80.358946,
                9.543365
              ]
            ]
          ],
          [
            [
              [
                80.353146,
                9.549006
              ],
              [
                80.350435,
                9.549672
              ],
              [
                80.358757,
                9.544266
              ],
              [
                80.358498,
                9.544932
              ],
              [
                80.353146,
                9.549006
              ]
            ]
          ],
          [
            [
              [
                80.352085,
                9.466
              ],
              [
                80.351519,
                9.466784
              ],
              [
                80.351401,
                9.466431
              ],
              [
                80.351519,
                9.465883
              ],
              [
                80.352085,
                9.466
              ]
            ]
          ],
          [
            [
              [
                80.351732,
                9.467332
              ],
              [
                80.351755,
                9.467215
              ],
              [
                80.351873,
                9.467215
              ],
              [
                80.351849,
                9.467371
              ],
              [
                80.351732,
                9.467332
              ]
            ]
          ],
          [
            [
              [
                80.351378,
                9.467136
              ],
              [
                80.351331,
                9.467489
              ],
              [
                80.350859,
                9.467371
              ],
              [
                80.351119,
                9.467097
              ],
              [
                80.351378,
                9.467136
              ]
            ]
          ],
          [
            [
              [
                80.350741,
                9.466588
              ],
              [
                80.350859,
                9.46651
              ],
              [
                80.351119,
                9.466784
              ],
              [
                80.350906,
                9.466862
              ],
              [
                80.350741,
                9.466588
              ]
            ]
          ],
          [
            [
              [
                80.350576,
                9.467176
              ],
              [
                80.350694,
                9.467097
              ],
              [
                80.350671,
                9.467293
              ],
              [
                80.3506,
                9.467293
              ],
              [
                80.350576,
                9.467176
              ]
            ]
          ],
          [
            [
              [
                80.350411,
                9.466666
              ],
              [
                80.3506,
                9.466588
              ],
              [
                80.350647,
                9.466862
              ],
              [
                80.350506,
                9.466862
              ],
              [
                80.350411,
                9.466666
              ]
            ]
          ],
          [
            [
              [
                80.350034,
                9.466901
              ],
              [
                80.350246,
                9.466862
              ],
              [
                80.349775,
                9.467176
              ],
              [
                80.349775,
                9.467058
              ],
              [
                80.350034,
                9.466901
              ]
            ]
          ],
          [
            [
              [
                80.349256,
                9.46506
              ],
              [
                80.349515,
                9.465021
              ],
              [
                80.349869,
                9.465413
              ],
              [
                80.349563,
                9.465374
              ],
              [
                80.349256,
                9.46506
              ]
            ]
          ],
          [
            [
              [
                80.34968,
                9.549829
              ],
              [
                80.349845,
                9.549907
              ],
              [
                80.349657,
                9.550103
              ],
              [
                80.349539,
                9.549985
              ],
              [
                80.34968,
                9.549829
              ]
            ]
          ],
          [
            [
              [
                80.348219,
                9.551474
              ],
              [
                80.347747,
                9.551552
              ],
              [
                80.347771,
                9.551435
              ],
              [
                80.348997,
                9.550495
              ],
              [
                80.348219,
                9.551278
              ],
              [
                80.348219,
                9.551474
              ]
            ]
          ],
          [
            [
              [
                80.337681,
                9.469134
              ],
              [
                80.338034,
                9.468899
              ],
              [
                80.338529,
                9.468664
              ],
              [
                80.337751,
                9.469369
              ],
              [
                80.337681,
                9.469134
              ]
            ]
          ],
          [
            [
              [
                80.336172,
                9.463102
              ],
              [
                80.336502,
                9.462906
              ],
              [
                80.336384,
                9.463493
              ],
              [
                80.336148,
                9.463415
              ],
              [
                80.336172,
                9.463102
              ]
            ]
          ],
          [
            [
              [
                80.336054,
                9.458793
              ],
              [
                80.335936,
                9.458636
              ],
              [
                80.335936,
                9.458597
              ],
              [
                80.33603,
                9.458636
              ],
              [
                80.336054,
                9.458793
              ]
            ]
          ],
          [
            [
              [
                80.335865,
                9.458989
              ],
              [
                80.335818,
                9.458832
              ],
              [
                80.33603,
                9.459067
              ],
              [
                80.335865,
                9.459106
              ],
              [
                80.335865,
                9.458989
              ]
            ]
          ],
          [
            [
              [
                80.335677,
                9.463258
              ],
              [
                80.335842,
                9.463063
              ],
              [
                80.335912,
                9.463376
              ],
              [
                80.335724,
                9.463415
              ],
              [
                80.335677,
                9.463258
              ]
            ]
          ],
          [
            [
              [
                80.335747,
                9.463807
              ],
              [
                80.335677,
                9.463689
              ],
              [
                80.3357,
                9.463533
              ],
              [
                80.335818,
                9.463689
              ],
              [
                80.335747,
                9.463807
              ]
            ]
          ],
          [
            [
              [
                80.33563,
                9.462945
              ],
              [
                80.335582,
                9.462749
              ],
              [
                80.335653,
                9.462671
              ],
              [
                80.335747,
                9.462828
              ],
              [
                80.33563,
                9.462945
              ]
            ]
          ],
          [
            [
              [
                80.335347,
                9.463493
              ],
              [
                80.335323,
                9.463337
              ],
              [
                80.335441,
                9.463298
              ],
              [
                80.335441,
                9.463533
              ],
              [
                80.335347,
                9.463493
              ]
            ]
          ],
          [
            [
              [
                80.335229,
                9.462906
              ],
              [
                80.335111,
                9.462788
              ],
              [
                80.335111,
                9.462749
              ],
              [
                80.335182,
                9.462749
              ],
              [
                80.335229,
                9.462906
              ]
            ]
          ],
          [
            [
              [
                80.334969,
                9.463258
              ],
              [
                80.334922,
                9.463102
              ],
              [
                80.335064,
                9.463102
              ],
              [
                80.335087,
                9.46318
              ],
              [
                80.334969,
                9.463258
              ]
            ]
          ],
          [
            [
              [
                80.334663,
                9.46318
              ],
              [
                80.334569,
                9.463141
              ],
              [
                80.334616,
                9.463023
              ],
              [
                80.334663,
                9.463141
              ],
              [
                80.334663,
                9.46318
              ]
            ]
          ],
          [
            [
              [
                80.329264,
                9.464551
              ],
              [
                80.327355,
                9.463924
              ],
              [
                80.332093,
                9.463102
              ],
              [
                80.333673,
                9.464159
              ],
              [
                80.33181,
                9.463807
              ],
              [
                80.329264,
                9.464551
              ]
            ]
          ],
          [
            [
              [
                80.33049,
                9.455267
              ],
              [
                80.330584,
                9.455189
              ],
              [
                80.330749,
                9.455228
              ],
              [
                80.330584,
                9.455502
              ],
              [
                80.33049,
                9.455267
              ]
            ]
          ],
          [
            [
              [
                80.327708,
                9.464904
              ],
              [
                80.326765,
                9.465335
              ],
              [
                80.326765,
                9.464238
              ],
              [
                80.327284,
                9.463963
              ],
              [
                80.327708,
                9.464904
              ]
            ]
          ],
          [
            [
              [
                80.32594,
                9.465413
              ],
              [
                80.325091,
                9.465374
              ],
              [
                80.326624,
                9.464708
              ],
              [
                80.326647,
                9.465256
              ],
              [
                80.32594,
                9.465413
              ]
            ]
          ],
          [
            [
              [
                80.303921,
                9.483667
              ],
              [
                80.31196,
                9.468233
              ],
              [
                80.312243,
                9.470035
              ],
              [
                80.308188,
                9.477125
              ],
              [
                80.31361,
                9.471798
              ],
              [
                80.31585,
                9.471406
              ],
              [
                80.313257,
                9.471289
              ],
              [
                80.312691,
                9.469095
              ],
              [
                80.316086,
                9.468116
              ],
              [
                80.316604,
                9.469918
              ],
              [
                80.315331,
                9.469683
              ],
              [
                80.315944,
                9.470544
              ],
              [
                80.317429,
                9.470466
              ],
              [
                80.321225,
                9.466471
              ],
              [
                80.321555,
                9.46745
              ],
              [
                80.325021,
                9.465335
              ],
              [
                80.32495,
                9.465844
              ],
              [
                80.322475,
                9.467724
              ],
              [
                80.307386,
                9.478614
              ],
              [
                80.303921,
                9.483667
              ]
            ],
            [
              [
                80.308094,
                9.477243
              ],
              [
                80.307764,
                9.476929
              ],
              [
                80.306443,
                9.478966
              ],
              [
                80.307599,
                9.477948
              ],
              [
                80.308094,
                9.477243
              ]
            ]
          ],
          [
            [
              [
                80.318844,
                9.464042
              ],
              [
                80.317076,
                9.466157
              ],
              [
                80.311842,
                9.464786
              ],
              [
                80.311394,
                9.463376
              ],
              [
                80.317335,
                9.46412
              ],
              [
                80.316864,
                9.462945
              ],
              [
                80.319292,
                9.460908
              ],
              [
                80.318844,
                9.464042
              ]
            ]
          ],
          [
            [
              [
                80.313681,
                9.467881
              ],
              [
                80.312384,
                9.467842
              ],
              [
                80.31842,
                9.467215
              ],
              [
                80.317736,
                9.46792
              ],
              [
                80.313681,
                9.467881
              ]
            ]
          ],
          [
            [
              [
                80.318278,
                9.4698
              ],
              [
                80.318042,
                9.470035
              ],
              [
                80.317359,
                9.469918
              ],
              [
                80.318184,
                9.469565
              ],
              [
                80.318278,
                9.4698
              ]
            ]
          ],
          [
            [
              [
                80.31071,
                9.467489
              ],
              [
                80.311371,
                9.468116
              ],
              [
                80.31071,
                9.467842
              ],
              [
                80.310522,
                9.467528
              ],
              [
                80.310569,
                9.467371
              ],
              [
                80.310687,
                9.467293
              ],
              [
                80.3113,
                9.467489
              ],
              [
                80.31071,
                9.467489
              ]
            ]
          ],
          [
            [
              [
                80.310734,
                9.473992
              ],
              [
                80.310805,
                9.473443
              ],
              [
                80.311229,
                9.473482
              ],
              [
                80.310899,
                9.47407
              ],
              [
                80.310734,
                9.473992
              ]
            ]
          ],
          [
            [
              [
                80.309673,
                9.464159
              ],
              [
                80.30616,
                9.463846
              ],
              [
                80.309343,
                9.463846
              ],
              [
                80.310593,
                9.464199
              ],
              [
                80.309673,
                9.464159
              ]
            ]
          ],
          [
            [
              [
                80.30807,
                9.465726
              ],
              [
                80.309084,
                9.46651
              ],
              [
                80.305736,
                9.464825
              ],
              [
                80.307292,
                9.465139
              ],
              [
                80.30807,
                9.465726
              ]
            ]
          ],
          [
            [
              [
                80.305995,
                9.584692
              ],
              [
                80.304557,
                9.584888
              ],
              [
                80.304369,
                9.584613
              ],
              [
                80.30609,
                9.583908
              ],
              [
                80.305995,
                9.584692
              ]
            ]
          ],
          [
            [
              [
                80.305123,
                9.465099
              ],
              [
                80.305689,
                9.465452
              ],
              [
                80.304581,
                9.466353
              ],
              [
                80.304204,
                9.46557
              ],
              [
                80.305123,
                9.465099
              ]
            ]
          ],
          [
            [
              [
                80.304463,
                9.463063
              ],
              [
                80.304887,
                9.463219
              ],
              [
                80.305335,
                9.463611
              ],
              [
                80.304322,
                9.463376
              ],
              [
                80.304463,
                9.463063
              ]
            ]
          ],
          [
            [
              [
                80.300738,
                9.469095
              ],
              [
                80.297273,
                9.467998
              ],
              [
                80.302813,
                9.467959
              ],
              [
                80.303449,
                9.465217
              ],
              [
                80.303992,
                9.467097
              ],
              [
                80.303119,
                9.468077
              ],
              [
                80.300738,
                9.469095
              ]
            ]
          ],
          [
            [
              [
                80.303355,
                9.482531
              ],
              [
                80.303166,
                9.481278
              ],
              [
                80.304109,
                9.480925
              ],
              [
                80.30385,
                9.482218
              ],
              [
                80.303355,
                9.482531
              ]
            ]
          ],
          [
            [
              [
                80.303638,
                9.585005
              ],
              [
                80.303944,
                9.585044
              ],
              [
                80.303473,
                9.585319
              ],
              [
                80.303402,
                9.584927
              ],
              [
                80.303638,
                9.585005
              ]
            ]
          ],
          [
            [
              [
                80.302601,
                9.46177
              ],
              [
                80.302718,
                9.46177
              ],
              [
                80.302978,
                9.461966
              ],
              [
                80.302412,
                9.461927
              ],
              [
                80.302601,
                9.46177
              ]
            ]
          ],
          [
            [
              [
                80.300314,
                9.462436
              ],
              [
                80.299772,
                9.462397
              ],
              [
                80.301021,
                9.461848
              ],
              [
                80.302271,
                9.462279
              ],
              [
                80.300927,
                9.462005
              ],
              [
                80.300314,
                9.462436
              ]
            ]
          ],
          [
            [
              [
                80.301021,
                9.586063
              ],
              [
                80.301493,
                9.585514
              ],
              [
                80.301823,
                9.585671
              ],
              [
                80.301705,
                9.585906
              ],
              [
                80.301021,
                9.586063
              ]
            ]
          ],
          [
            [
              [
                80.300597,
                9.585554
              ],
              [
                80.300455,
                9.585749
              ],
              [
                80.299371,
                9.585671
              ],
              [
                80.300856,
                9.584692
              ],
              [
                80.300597,
                9.585554
              ]
            ]
          ],
          [
            [
              [
                80.300644,
                9.586102
              ],
              [
                80.300856,
                9.58712
              ],
              [
                80.297343,
                9.587003
              ],
              [
                80.298475,
                9.585984
              ],
              [
                80.300644,
                9.586102
              ]
            ]
          ],
          [
            [
              [
                80.30062,
                9.463415
              ],
              [
                80.300314,
                9.464238
              ],
              [
                80.29996,
                9.463415
              ],
              [
                80.300573,
                9.463298
              ],
              [
                80.300715,
                9.463493
              ],
              [
                80.30062,
                9.463415
              ]
            ]
          ],
          [
            [
              [
                80.300479,
                9.464708
              ],
              [
                80.299701,
                9.46459
              ],
              [
                80.29996,
                9.464434
              ],
              [
                80.300408,
                9.464551
              ],
              [
                80.300597,
                9.464747
              ],
              [
                80.300479,
                9.464708
              ]
            ]
          ],
          [
            [
              [
                80.299724,
                9.465178
              ],
              [
                80.300267,
                9.465256
              ],
              [
                80.300102,
                9.46604
              ],
              [
                80.299748,
                9.465609
              ],
              [
                80.299724,
                9.465178
              ]
            ]
          ],
          [
            [
              [
                80.299489,
                9.46271
              ],
              [
                80.298381,
                9.462867
              ],
              [
                80.298664,
                9.462592
              ],
              [
                80.299276,
                9.462592
              ],
              [
                80.29996,
                9.462867
              ],
              [
                80.299889,
                9.462906
              ],
              [
                80.299489,
                9.46271
              ]
            ]
          ],
          [
            [
              [
                80.299347,
                9.466784
              ],
              [
                80.297108,
                9.466627
              ],
              [
                80.296943,
                9.464943
              ],
              [
                80.299347,
                9.464943
              ],
              [
                80.299347,
                9.466784
              ]
            ]
          ],
          [
            [
              [
                80.297886,
                9.462318
              ],
              [
                80.297508,
                9.462357
              ],
              [
                80.297249,
                9.462592
              ],
              [
                80.297438,
                9.462279
              ],
              [
                80.297886,
                9.462318
              ]
            ]
          ],
          [
            [
              [
                80.295151,
                9.4613
              ],
              [
                80.294703,
                9.46032
              ],
              [
                80.297555,
                9.459537
              ],
              [
                80.295858,
                9.461496
              ],
              [
                80.294891,
                9.460516
              ],
              [
                80.295151,
                9.4613
              ]
            ]
          ],
          [
            [
              [
                80.29574,
                9.462632
              ],
              [
                80.296471,
                9.46318
              ],
              [
                80.297273,
                9.46459
              ],
              [
                80.296943,
                9.464512
              ],
              [
                80.29574,
                9.462632
              ]
            ]
          ],
          [
            [
              [
                80.296589,
                9.46792
              ],
              [
                80.296754,
                9.467646
              ],
              [
                80.297225,
                9.467606
              ],
              [
                80.296825,
                9.468116
              ],
              [
                80.296589,
                9.46792
              ]
            ]
          ],
          [
            [
              [
                80.296212,
                9.467136
              ],
              [
                80.296612,
                9.467058
              ],
              [
                80.29706,
                9.46745
              ],
              [
                80.296282,
                9.467371
              ],
              [
                80.296212,
                9.467136
              ]
            ]
          ],
          [
            [
              [
                80.296235,
                9.467763
              ],
              [
                80.296542,
                9.467646
              ],
              [
                80.296282,
                9.468233
              ],
              [
                80.296047,
                9.467959
              ],
              [
                80.296235,
                9.467763
              ]
            ]
          ],
          [
            [
              [
                80.295056,
                9.467254
              ],
              [
                80.295269,
                9.468272
              ],
              [
                80.295174,
                9.468938
              ],
              [
                80.293783,
                9.467802
              ],
              [
                80.295056,
                9.467254
              ]
            ]
          ],
          [
            [
              [
                80.293453,
                9.47168
              ],
              [
                80.2902,
                9.474227
              ],
              [
                80.290082,
                9.471955
              ],
              [
                80.291143,
                9.47168
              ],
              [
                80.289398,
                9.470153
              ],
              [
                80.293713,
                9.468272
              ],
              [
                80.293453,
                9.47168
              ]
            ]
          ],
          [
            [
              [
                80.288974,
                9.46792
              ],
              [
                80.286923,
                9.46698
              ],
              [
                80.288408,
                9.466823
              ],
              [
                80.290506,
                9.459655
              ],
              [
                80.293878,
                9.463728
              ],
              [
                80.291732,
                9.462671
              ],
              [
                80.290247,
                9.46506
              ],
              [
                80.29317,
                9.466196
              ],
              [
                80.291803,
                9.462984
              ],
              [
                80.293595,
                9.465295
              ],
              [
                80.293335,
                9.466549
              ],
              [
                80.291591,
                9.467802
              ],
              [
                80.290719,
                9.466784
              ],
              [
                80.288974,
                9.46792
              ]
            ]
          ],
          [
            [
              [
                80.292935,
                9.460203
              ],
              [
                80.293312,
                9.460281
              ],
              [
                80.293053,
                9.46036
              ],
              [
                80.292817,
                9.460281
              ],
              [
                80.292935,
                9.460203
              ]
            ]
          ],
          [
            [
              [
                80.29086,
                9.460007
              ],
              [
                80.290719,
                9.459694
              ],
              [
                80.292628,
                9.46032
              ],
              [
                80.29152,
                9.460908
              ],
              [
                80.29086,
                9.460007
              ]
            ]
          ],
          [
            [
              [
                80.291992,
                9.465139
              ],
              [
                80.29211,
                9.464864
              ],
              [
                80.292275,
                9.465413
              ],
              [
                80.292204,
                9.465413
              ],
              [
                80.291992,
                9.465139
              ]
            ]
          ],
          [
            [
              [
                80.290059,
                9.467411
              ],
              [
                80.290365,
                9.46745
              ],
              [
                80.289941,
                9.467763
              ],
              [
                80.289846,
                9.467567
              ],
              [
                80.290059,
                9.467411
              ]
            ]
          ],
          [
            [
              [
                80.288833,
                9.45844
              ],
              [
                80.289611,
                9.459145
              ],
              [
                80.289587,
                9.459224
              ],
              [
                80.288903,
                9.459224
              ],
              [
                80.288833,
                9.45844
              ]
            ]
          ],
          [
            [
              [
                80.28822,
                9.460634
              ],
              [
                80.28895,
                9.459968
              ],
              [
                80.28855,
                9.462906
              ],
              [
                80.287772,
                9.462475
              ],
              [
                80.28822,
                9.460634
              ]
            ]
          ],
          [
            [
              [
                80.287253,
                9.460438
              ],
              [
                80.288102,
                9.45985
              ],
              [
                80.285202,
                9.462436
              ],
              [
                80.285226,
                9.461848
              ],
              [
                80.287253,
                9.460438
              ]
            ]
          ],
          [
            [
              [
                80.287347,
                9.46318
              ],
              [
                80.287512,
                9.462867
              ],
              [
                80.287677,
                9.462788
              ],
              [
                80.28756,
                9.463572
              ],
              [
                80.287347,
                9.46318
              ]
            ]
          ],
          [
            [
              [
                80.287324,
                9.463885
              ],
              [
                80.287536,
                9.463728
              ],
              [
                80.287418,
                9.464238
              ],
              [
                80.287229,
                9.46412
              ],
              [
                80.287324,
                9.463885
              ]
            ]
          ],
          [
            [
              [
                80.283528,
                9.494008
              ],
              [
                80.287489,
                9.496711
              ],
              [
                80.28301,
                9.494126
              ],
              [
                80.2811,
                9.491815
              ],
              [
                80.281548,
                9.493343
              ],
              [
                80.283599,
                9.495536
              ],
              [
                80.279685,
                9.491815
              ],
              [
                80.265352,
                9.495458
              ],
              [
                80.278766,
                9.489582
              ],
              [
                80.283528,
                9.494008
              ]
            ]
          ],
          [
            [
              [
                80.286923,
                9.468037
              ],
              [
                80.286452,
                9.467998
              ],
              [
                80.286216,
                9.466862
              ],
              [
                80.286475,
                9.467058
              ],
              [
                80.286923,
                9.468037
              ]
            ]
          ],
          [
            [
              [
                80.284707,
                9.476264
              ],
              [
                80.28532,
                9.475167
              ],
              [
                80.283976,
                9.474657
              ],
              [
                80.280063,
                9.474579
              ],
              [
                80.281666,
                9.474148
              ],
              [
                80.282868,
                9.474227
              ],
              [
                80.286782,
                9.475402
              ],
              [
                80.284707,
                9.476264
              ]
            ]
          ],
          [
            [
              [
                80.286357,
                9.464277
              ],
              [
                80.286687,
                9.464042
              ],
              [
                80.286711,
                9.464551
              ],
              [
                80.286381,
                9.464629
              ],
              [
                80.286357,
                9.464277
              ]
            ]
          ],
          [
            [
              [
                80.285909,
                9.465883
              ],
              [
                80.283905,
                9.465099
              ],
              [
                80.283953,
                9.463219
              ],
              [
                80.284778,
                9.462592
              ],
              [
                80.284471,
                9.463023
              ],
              [
                80.285909,
                9.465883
              ]
            ]
          ],
          [
            [
              [
                80.282279,
                9.477674
              ],
              [
                80.280958,
                9.47783
              ],
              [
                80.28301,
                9.476538
              ],
              [
                80.283057,
                9.476734
              ],
              [
                80.282279,
                9.477674
              ]
            ]
          ],
          [
            [
              [
                80.282679,
                9.459498
              ],
              [
                80.280864,
                9.459576
              ],
              [
                80.281383,
                9.459185
              ],
              [
                80.28209,
                9.459145
              ],
              [
                80.282679,
                9.459498
              ]
            ]
          ],
          [
            [
              [
                80.280558,
                9.460634
              ],
              [
                80.280133,
                9.460791
              ],
              [
                80.280015,
                9.460556
              ],
              [
                80.280393,
                9.460399
              ],
              [
                80.280558,
                9.460634
              ]
            ]
          ],
          [
            [
              [
                80.279662,
                9.463807
              ],
              [
                80.279355,
                9.46604
              ],
              [
                80.278955,
                9.465648
              ],
              [
                80.278224,
                9.464159
              ],
              [
                80.278153,
                9.461966
              ],
              [
                80.280039,
                9.462788
              ],
              [
                80.279662,
                9.463807
              ]
            ],
            [
              [
                80.278271,
                9.46318
              ],
              [
                80.279143,
                9.463102
              ],
              [
                80.279544,
                9.462592
              ],
              [
                80.278365,
                9.462044
              ],
              [
                80.278271,
                9.46318
              ]
            ]
          ],
          [
            [
              [
                80.277917,
                9.477752
              ],
              [
                80.278389,
                9.477439
              ],
              [
                80.278412,
                9.477439
              ],
              [
                80.278247,
                9.477987
              ],
              [
                80.277917,
                9.477752
              ]
            ]
          ],
          [
            [
              [
                80.277681,
                9.473443
              ],
              [
                80.276102,
                9.473952
              ],
              [
                80.275913,
                9.473874
              ],
              [
                80.276432,
                9.472895
              ],
              [
                80.277681,
                9.473443
              ]
            ]
          ],
          [
            [
              [
                80.277304,
                9.493225
              ],
              [
                80.27721,
                9.493029
              ],
              [
                80.27721,
                9.492951
              ],
              [
                80.277351,
                9.49299
              ],
              [
                80.277304,
                9.493225
              ]
            ]
          ],
          [
            [
              [
                80.275748,
                9.465648
              ],
              [
                80.276408,
                9.465413
              ],
              [
                80.275253,
                9.466079
              ],
              [
                80.274428,
                9.466314
              ],
              [
                80.275017,
                9.466079
              ],
              [
                80.275748,
                9.465648
              ]
            ]
          ],
          [
            [
              [
                80.275961,
                9.466431
              ],
              [
                80.27622,
                9.465961
              ],
              [
                80.276385,
                9.466314
              ],
              [
                80.27563,
                9.467371
              ],
              [
                80.275489,
                9.466941
              ],
              [
                80.275961,
                9.466431
              ]
            ]
          ],
          [
            [
              [
                80.274782,
                9.469173
              ],
              [
                80.275654,
                9.469683
              ],
              [
                80.275748,
                9.469957
              ],
              [
                80.273862,
                9.468703
              ],
              [
                80.274782,
                9.469173
              ]
            ]
          ],
          [
            [
              [
                80.275206,
                9.467724
              ],
              [
                80.274947,
                9.468547
              ],
              [
                80.274169,
                9.46745
              ],
              [
                80.27497,
                9.467371
              ],
              [
                80.275206,
                9.467724
              ]
            ]
          ],
          [
            [
              [
                80.274287,
                9.470858
              ],
              [
                80.272165,
                9.470897
              ],
              [
                80.273296,
                9.469839
              ],
              [
                80.274782,
                9.470662
              ],
              [
                80.274287,
                9.470858
              ]
            ]
          ],
          [
            [
              [
                80.272872,
                9.467998
              ],
              [
                80.27365,
                9.468037
              ],
              [
                80.273462,
                9.469526
              ],
              [
                80.273155,
                9.469565
              ],
              [
                80.272872,
                9.467998
              ]
            ]
          ],
          [
            [
              [
                80.272943,
                9.468507
              ],
              [
                80.272825,
                9.46839
              ],
              [
                80.272778,
                9.468116
              ],
              [
                80.272943,
                9.468194
              ],
              [
                80.272943,
                9.468507
              ]
            ]
          ],
          [
            [
              [
                80.271882,
                9.46886
              ],
              [
                80.270656,
                9.470897
              ],
              [
                80.269336,
                9.469134
              ],
              [
                80.2658,
                9.469448
              ],
              [
                80.266059,
                9.469017
              ],
              [
                80.269171,
                9.467176
              ],
              [
                80.269171,
                9.466901
              ],
              [
                80.271882,
                9.46886
              ]
            ]
          ],
          [
            [
              [
                80.269265,
                9.466666
              ],
              [
                80.268487,
                9.466784
              ],
              [
                80.26943,
                9.466235
              ],
              [
                80.271528,
                9.466275
              ],
              [
                80.271458,
                9.466549
              ],
              [
                80.27042,
                9.466353
              ],
              [
                80.26976,
                9.466745
              ],
              [
                80.269265,
                9.466666
              ]
            ]
          ],
          [
            [
              [
                80.269548,
                9.476146
              ],
              [
                80.269477,
                9.475715
              ],
              [
                80.269807,
                9.475598
              ],
              [
                80.270114,
                9.476303
              ],
              [
                80.269548,
                9.476146
              ]
            ]
          ],
          [
            [
              [
                80.267073,
                9.485978
              ],
              [
                80.267921,
                9.486135
              ],
              [
                80.266978,
                9.48684
              ],
              [
                80.26679,
                9.486566
              ],
              [
                80.267073,
                9.485978
              ]
            ]
          ],
          [
            [
              [
                80.267214,
                9.48445
              ],
              [
                80.266719,
                9.484921
              ],
              [
                80.26613,
                9.483354
              ],
              [
                80.267803,
                9.483902
              ],
              [
                80.267214,
                9.48445
              ]
            ]
          ],
          [
            [
              [
                80.265517,
                9.484059
              ],
              [
                80.265635,
                9.483471
              ],
              [
                80.2662,
                9.48402
              ],
              [
                80.266059,
                9.48445
              ],
              [
                80.265517,
                9.484059
              ]
            ]
          ],
          [
            [
              [
                80.264055,
                9.467293
              ],
              [
                80.264927,
                9.468037
              ],
              [
                80.261721,
                9.470388
              ],
              [
                80.262758,
                9.465295
              ],
              [
                80.26099,
                9.466549
              ],
              [
                80.261061,
                9.469252
              ],
              [
                80.259151,
                9.466706
              ],
              [
                80.263607,
                9.464669
              ],
              [
                80.263796,
                9.46318
              ],
              [
                80.264456,
                9.463846
              ],
              [
                80.264314,
                9.465021
              ],
              [
                80.263088,
                9.466627
              ],
              [
                80.264055,
                9.467293
              ]
            ]
          ],
          [
            [
              [
                80.264173,
                9.495732
              ],
              [
                80.26323,
                9.496124
              ],
              [
                80.262075,
                9.494753
              ],
              [
                80.264998,
                9.494909
              ],
              [
                80.264173,
                9.495732
              ]
            ]
          ],
          [
            [
              [
                80.264267,
                9.4982
              ],
              [
                80.264126,
                9.498004
              ],
              [
                80.26455,
                9.498161
              ],
              [
                80.264503,
                9.498317
              ],
              [
                80.264267,
                9.4982
              ]
            ]
          ],
          [
            [
              [
                80.263395,
                9.487114
              ],
              [
                80.262971,
                9.486644
              ],
              [
                80.263631,
                9.487153
              ],
              [
                80.263371,
                9.487663
              ],
              [
                80.263395,
                9.487114
              ]
            ]
          ],
          [
            [
              [
                80.262452,
                9.498082
              ],
              [
                80.262499,
                9.498043
              ],
              [
                80.262735,
                9.498043
              ],
              [
                80.26264,
                9.498161
              ],
              [
                80.262452,
                9.498082
              ]
            ]
          ],
          [
            [
              [
                80.262075,
                9.498513
              ],
              [
                80.262216,
                9.498709
              ],
              [
                80.26158,
                9.498552
              ],
              [
                80.261768,
                9.498317
              ],
              [
                80.262075,
                9.498513
              ]
            ]
          ],
          [
            [
              [
                80.261792,
                9.495693
              ],
              [
                80.262051,
                9.495693
              ],
              [
                80.262169,
                9.49585
              ],
              [
                80.262004,
                9.49585
              ],
              [
                80.261792,
                9.495693
              ]
            ]
          ],
          [
            [
              [
                80.261532,
                9.495105
              ],
              [
                80.261297,
                9.494988
              ],
              [
                80.261391,
                9.494792
              ],
              [
                80.261862,
                9.495184
              ],
              [
                80.261532,
                9.495105
              ]
            ]
          ],
          [
            [
              [
                80.261014,
                9.48778
              ],
              [
                80.260943,
                9.487388
              ],
              [
                80.261768,
                9.488015
              ],
              [
                80.261367,
                9.488015
              ],
              [
                80.261014,
                9.48778
              ]
            ]
          ],
          [
            [
              [
                80.26099,
                9.497534
              ],
              [
                80.261367,
                9.498513
              ],
              [
                80.259741,
                9.497495
              ],
              [
                80.260424,
                9.497299
              ],
              [
                80.26099,
                9.497534
              ]
            ]
          ],
          [
            [
              [
                80.260589,
                9.496829
              ],
              [
                80.260919,
                9.496868
              ],
              [
                80.261108,
                9.497221
              ],
              [
                80.260519,
                9.49726
              ],
              [
                80.260589,
                9.496829
              ]
            ]
          ],
          [
            [
              [
                80.260519,
                9.494557
              ],
              [
                80.260825,
                9.494518
              ],
              [
                80.26099,
                9.494753
              ],
              [
                80.260637,
                9.494714
              ],
              [
                80.260519,
                9.494557
              ]
            ]
          ],
          [
            [
              [
                80.259387,
                9.471837
              ],
              [
                80.259906,
                9.471994
              ],
              [
                80.259953,
                9.472307
              ],
              [
                80.259387,
                9.472268
              ],
              [
                80.259387,
                9.471837
              ]
            ]
          ],
          [
            [
              [
                80.259411,
                9.470701
              ],
              [
                80.259882,
                9.471132
              ],
              [
                80.258279,
                9.47074
              ],
              [
                80.258491,
                9.470623
              ],
              [
                80.259411,
                9.470701
              ]
            ]
          ],
          [
            [
              [
                80.25644,
                9.494243
              ],
              [
                80.254625,
                9.495536
              ],
              [
                80.253305,
                9.494714
              ],
              [
                80.255568,
                9.491227
              ],
              [
                80.257077,
                9.492167
              ],
              [
                80.255969,
                9.493264
              ],
              [
                80.259694,
                9.493656
              ],
              [
                80.258609,
                9.494557
              ],
              [
                80.25644,
                9.494243
              ]
            ]
          ],
          [
            [
              [
                80.25901,
                9.471485
              ],
              [
                80.259081,
                9.471798
              ],
              [
                80.258656,
                9.471054
              ],
              [
                80.258821,
                9.471289
              ],
              [
                80.25901,
                9.471485
              ]
            ]
          ],
          [
            [
              [
                80.257737,
                9.491031
              ],
              [
                80.258821,
                9.491149
              ],
              [
                80.258821,
                9.492167
              ],
              [
                80.258538,
                9.492207
              ],
              [
                80.257737,
                9.491031
              ]
            ]
          ],
          [
            [
              [
                80.257808,
                9.471445
              ],
              [
                80.258185,
                9.471445
              ],
              [
                80.258373,
                9.471759
              ],
              [
                80.258138,
                9.471524
              ],
              [
                80.257808,
                9.471445
              ]
            ]
          ],
          [
            [
              [
                80.257525,
                9.498827
              ],
              [
                80.257572,
                9.498552
              ],
              [
                80.257855,
                9.499336
              ],
              [
                80.257642,
                9.499258
              ],
              [
                80.257525,
                9.498827
              ]
            ]
          ],
          [
            [
              [
                80.257477,
                9.490992
              ],
              [
                80.257477,
                9.491776
              ],
              [
                80.256699,
                9.491384
              ],
              [
                80.256888,
                9.490953
              ],
              [
                80.257477,
                9.490992
              ]
            ]
          ],
          [
            [
              [
                80.256912,
                9.498631
              ],
              [
                80.257171,
                9.498357
              ],
              [
                80.257336,
                9.498983
              ],
              [
                80.25703,
                9.498787
              ],
              [
                80.256912,
                9.498631
              ]
            ]
          ],
          [
            [
              [
                80.256747,
                9.489974
              ],
              [
                80.257124,
                9.490013
              ],
              [
                80.257195,
                9.49064
              ],
              [
                80.256558,
                9.490326
              ],
              [
                80.256747,
                9.489974
              ]
            ]
          ],
          [
            [
              [
                80.257077,
                9.471406
              ],
              [
                80.257195,
                9.471524
              ],
              [
                80.253823,
                9.473091
              ],
              [
                80.255167,
                9.472229
              ],
              [
                80.257077,
                9.471406
              ]
            ]
          ],
          [
            [
              [
                80.256865,
                9.490796
              ],
              [
                80.255144,
                9.490914
              ],
              [
                80.255144,
                9.490561
              ],
              [
                80.255686,
                9.490365
              ],
              [
                80.256865,
                9.490796
              ]
            ]
          ],
          [
            [
              [
                80.254483,
                9.491188
              ],
              [
                80.254483,
                9.490914
              ],
              [
                80.255049,
                9.491071
              ],
              [
                80.254931,
                9.491345
              ],
              [
                80.254483,
                9.491188
              ]
            ]
          ],
          [
            [
              [
                80.253281,
                9.471014
              ],
              [
                80.253446,
                9.470544
              ],
              [
                80.253611,
                9.470466
              ],
              [
                80.253658,
                9.470779
              ],
              [
                80.253281,
                9.471014
              ]
            ]
          ],
          [
            [
              [
                80.252338,
                9.497926
              ],
              [
                80.252126,
                9.496946
              ],
              [
                80.253352,
                9.496202
              ],
              [
                80.252951,
                9.497534
              ],
              [
                80.252338,
                9.497926
              ]
            ]
          ],
          [
            [
              [
                80.226452,
                9.534747
              ],
              [
                80.225226,
                9.535061
              ],
              [
                80.224802,
                9.534669
              ],
              [
                80.2265,
                9.533416
              ],
              [
                80.226452,
                9.534747
              ]
            ]
          ],
          [
            [
              [
                80.224566,
                9.536158
              ],
              [
                80.224779,
                9.536667
              ],
              [
                80.223788,
                9.537254
              ],
              [
                80.223906,
                9.536353
              ],
              [
                80.224566,
                9.536158
              ]
            ]
          ],
          [
            [
              [
                80.22228,
                9.538273
              ],
              [
                80.218932,
                9.538273
              ],
              [
                80.222963,
                9.53651
              ],
              [
                80.223317,
                9.537607
              ],
              [
                80.22228,
                9.538273
              ]
            ]
          ],
          [
            [
              [
                80.218107,
                9.538547
              ],
              [
                80.218508,
                9.538312
              ],
              [
                80.218814,
                9.539448
              ],
              [
                80.218225,
                9.539291
              ],
              [
                80.218107,
                9.538547
              ]
            ]
          ],
          [
            [
              [
                80.206932,
                9.536275
              ],
              [
                80.203466,
                9.536706
              ],
              [
                80.212048,
                9.5313
              ],
              [
                80.209714,
                9.536275
              ],
              [
                80.206932,
                9.536275
              ]
            ]
          ],
          [
            [
              [
                80.197243,
                9.594367
              ],
              [
                80.196087,
                9.594563
              ],
              [
                80.199836,
                9.592761
              ],
              [
                80.203372,
                9.592644
              ],
              [
                80.201745,
                9.59327
              ],
              [
                80.199765,
                9.593192
              ],
              [
                80.197243,
                9.594367
              ]
            ]
          ],
          [
            [
              [
                80.202948,
                9.537803
              ],
              [
                80.20217,
                9.537842
              ],
              [
                80.202688,
                9.53698
              ],
              [
                80.203113,
                9.537098
              ],
              [
                80.202948,
                9.537803
              ]
            ]
          ],
          [
            [
              [
                80.202594,
                9.627468
              ],
              [
                80.200496,
                9.626684
              ],
              [
                80.198799,
                9.627037
              ],
              [
                80.200755,
                9.62547
              ],
              [
                80.202594,
                9.627468
              ]
            ]
          ],
          [
            [
              [
                80.201298,
                9.638906
              ],
              [
                80.202924,
                9.640434
              ],
              [
                80.199034,
                9.639337
              ],
              [
                80.199317,
                9.63918
              ],
              [
                80.199553,
                9.639102
              ],
              [
                80.201298,
                9.638906
              ]
            ]
          ],
          [
            [
              [
                80.201628,
                9.617792
              ],
              [
                80.201557,
                9.6174
              ],
              [
                80.201745,
                9.617283
              ],
              [
                80.202052,
                9.617714
              ],
              [
                80.201628,
                9.617792
              ]
            ]
          ],
          [
            [
              [
                80.201203,
                9.542621
              ],
              [
                80.198846,
                9.542073
              ],
              [
                80.20092,
                9.539056
              ],
              [
                80.201863,
                9.541524
              ],
              [
                80.201203,
                9.542621
              ]
            ]
          ],
          [
            [
              [
                80.197691,
                9.596992
              ],
              [
                80.196064,
                9.596404
              ],
              [
                80.196512,
                9.595229
              ],
              [
                80.198115,
                9.596208
              ],
              [
                80.200661,
                9.594211
              ],
              [
                80.200991,
                9.595072
              ],
              [
                80.197691,
                9.596992
              ]
            ]
          ],
          [
            [
              [
                80.199388,
                9.589823
              ],
              [
                80.196795,
                9.591939
              ],
              [
                80.193612,
                9.592213
              ],
              [
                80.197667,
                9.589784
              ],
              [
                80.199388,
                9.589823
              ]
            ]
          ],
          [
            [
              [
                80.198327,
                9.601301
              ],
              [
                80.198186,
                9.602672
              ],
              [
                80.194649,
                9.602202
              ],
              [
                80.194249,
                9.59946
              ],
              [
                80.197266,
                9.601222
              ],
              [
                80.198327,
                9.601301
              ]
            ]
          ],
          [
            [
              [
                80.195852,
                9.642118
              ],
              [
                80.196842,
                9.641178
              ],
              [
                80.198846,
                9.639493
              ],
              [
                80.195639,
                9.642471
              ],
              [
                80.195852,
                9.642118
              ]
            ]
          ],
          [
            [
              [
                80.196087,
                9.598833
              ],
              [
                80.197431,
                9.599381
              ],
              [
                80.196865,
                9.599381
              ],
              [
                80.19571,
                9.598715
              ],
              [
                80.196087,
                9.598833
              ]
            ]
          ],
          [
            [
              [
                80.195074,
                9.598794
              ],
              [
                80.195875,
                9.599107
              ],
              [
                80.195144,
                9.599068
              ],
              [
                80.194484,
                9.598441
              ],
              [
                80.195074,
                9.598794
              ]
            ]
          ],
          [
            [
              [
                80.194767,
                9.644351
              ],
              [
                80.194979,
                9.643293
              ],
              [
                80.195569,
                9.642588
              ],
              [
                80.194932,
                9.643685
              ],
              [
                80.194767,
                9.644351
              ]
            ]
          ],
          [
            [
              [
                80.191938,
                9.61885
              ],
              [
                80.1905,
                9.620534
              ],
              [
                80.190736,
                9.619712
              ],
              [
                80.191585,
                9.618615
              ],
              [
                80.193423,
                9.617949
              ],
              [
                80.194484,
                9.618106
              ],
              [
                80.195286,
                9.619006
              ],
              [
                80.194225,
                9.618106
              ],
              [
                80.193541,
                9.618145
              ],
              [
                80.192693,
                9.618732
              ],
              [
                80.191938,
                9.61885
              ]
            ]
          ],
          [
            [
              [
                80.194673,
                9.544932
              ],
              [
                80.19472,
                9.545128
              ],
              [
                80.194508,
                9.545206
              ],
              [
                80.194437,
                9.54505
              ],
              [
                80.194673,
                9.544932
              ]
            ]
          ],
          [
            [
              [
                80.192268,
                9.62406
              ],
              [
                80.191396,
                9.624491
              ],
              [
                80.191679,
                9.623707
              ],
              [
                80.194249,
                9.622963
              ],
              [
                80.193777,
                9.624177
              ],
              [
                80.192268,
                9.62406
              ]
            ]
          ],
          [
            [
              [
                80.19281,
                9.600439
              ],
              [
                80.192245,
                9.602554
              ],
              [
                80.189887,
                9.602084
              ],
              [
                80.185809,
                9.599381
              ],
              [
                80.18463,
                9.596091
              ],
              [
                80.187034,
                9.595033
              ],
              [
                80.192504,
                9.595973
              ],
              [
                80.193541,
                9.597109
              ],
              [
                80.192221,
                9.597148
              ],
              [
                80.191443,
                9.600635
              ],
              [
                80.19281,
                9.600439
              ]
            ]
          ],
          [
            [
              [
                80.193188,
                9.600204
              ],
              [
                80.19281,
                9.600243
              ],
              [
                80.192928,
                9.599577
              ],
              [
                80.193164,
                9.599851
              ],
              [
                80.193188,
                9.600204
              ]
            ]
          ],
          [
            [
              [
                80.191137,
                9.613797
              ],
              [
                80.188143,
                9.613914
              ],
              [
                80.185196,
                9.611642
              ],
              [
                80.181966,
                9.606667
              ],
              [
                80.184111,
                9.610624
              ],
              [
                80.181895,
                9.610154
              ],
              [
                80.180103,
                9.60749
              ],
              [
                80.179066,
                9.608234
              ],
              [
                80.178995,
                9.606981
              ],
              [
                80.187105,
                9.605218
              ],
              [
                80.193164,
                9.609409
              ],
              [
                80.190618,
                9.609449
              ],
              [
                80.189156,
                9.607882
              ],
              [
                80.192433,
                9.613131
              ],
              [
                80.191137,
                9.613797
              ]
            ]
          ],
          [
            [
              [
                80.193093,
                9.618066
              ],
              [
                80.192952,
                9.618106
              ],
              [
                80.192881,
                9.617949
              ],
              [
                80.19307,
                9.61787
              ],
              [
                80.193093,
                9.618066
              ]
            ]
          ],
          [
            [
              [
                80.192551,
                9.618145
              ],
              [
                80.192339,
                9.618223
              ],
              [
                80.192268,
                9.618184
              ],
              [
                80.192693,
                9.618027
              ],
              [
                80.192551,
                9.618145
              ]
            ]
          ],
          [
            [
              [
                80.190359,
                9.614541
              ],
              [
                80.191891,
                9.615089
              ],
              [
                80.189581,
                9.617831
              ],
              [
                80.187034,
                9.617792
              ],
              [
                80.183097,
                9.612661
              ],
              [
                80.179349,
                9.612426
              ],
              [
                80.1785,
                9.608665
              ],
              [
                80.182225,
                9.611877
              ],
              [
                80.182272,
                9.611133
              ],
              [
                80.181895,
                9.610349
              ],
              [
                80.187907,
                9.614502
              ],
              [
                80.190359,
                9.614541
              ]
            ]
          ],
          [
            [
              [
                80.189816,
                9.594641
              ],
              [
                80.18786,
                9.594955
              ],
              [
                80.190099,
                9.594328
              ],
              [
                80.191514,
                9.594524
              ],
              [
                80.189816,
                9.594641
              ]
            ]
          ],
          [
            [
              [
                80.189604,
                9.62308
              ],
              [
                80.187907,
                9.62359
              ],
              [
                80.191137,
                9.621827
              ],
              [
                80.191113,
                9.622885
              ],
              [
                80.189604,
                9.62308
              ]
            ]
          ],
          [
            [
              [
                80.187082,
                9.622924
              ],
              [
                80.186115,
                9.623472
              ],
              [
                80.185667,
                9.622806
              ],
              [
                80.186587,
                9.622101
              ],
              [
                80.187082,
                9.622924
              ]
            ]
          ],
          [
            [
              [
                80.181541,
                9.615638
              ],
              [
                80.18041,
                9.615912
              ],
              [
                80.18008,
                9.61411
              ],
              [
                80.182909,
                9.613992
              ],
              [
                80.183475,
                9.615481
              ],
              [
                80.181541,
                9.615638
              ]
            ]
          ],
          [
            [
              [
                80.181541,
                9.627938
              ],
              [
                80.181801,
                9.627938
              ],
              [
                80.181848,
                9.628016
              ],
              [
                80.181518,
                9.628212
              ],
              [
                80.181541,
                9.627938
              ]
            ]
          ],
          [
            [
              [
                80.181306,
                9.604278
              ],
              [
                80.181376,
                9.604121
              ],
              [
                80.18173,
                9.60416
              ],
              [
                80.181612,
                9.604356
              ],
              [
                80.181306,
                9.604278
              ]
            ]
          ],
          [
            [
              [
                80.181211,
                9.617244
              ],
              [
                80.180905,
                9.617988
              ],
              [
                80.181117,
                9.616186
              ],
              [
                80.181424,
                9.61693
              ],
              [
                80.181211,
                9.617244
              ]
            ]
          ],
          [
            [
              [
                80.181117,
                9.628682
              ],
              [
                80.181188,
                9.6288
              ],
              [
                80.179962,
                9.630171
              ],
              [
                80.18015,
                9.629583
              ],
              [
                80.181117,
                9.628682
              ]
            ]
          ],
          [
            [
              [
                80.180858,
                9.605884
              ],
              [
                80.180999,
                9.605492
              ],
              [
                80.181235,
                9.605492
              ],
              [
                80.181235,
                9.60557
              ],
              [
                80.180858,
                9.605884
              ]
            ]
          ],
          [
            [
              [
                80.181023,
                9.604748
              ],
              [
                80.180952,
                9.604787
              ],
              [
                80.180811,
                9.60463
              ],
              [
                80.180928,
                9.60463
              ],
              [
                80.181023,
                9.604748
              ]
            ]
          ],
          [
            [
              [
                80.180834,
                9.604944
              ],
              [
                80.180646,
                9.604905
              ],
              [
                80.180551,
                9.604865
              ],
              [
                80.180787,
                9.604826
              ],
              [
                80.180834,
                9.604944
              ]
            ]
          ],
          [
            [
              [
                80.180787,
                9.605179
              ],
              [
                80.180551,
                9.6051
              ],
              [
                80.180504,
                9.605022
              ],
              [
                80.180763,
                9.605061
              ],
              [
                80.180787,
                9.605179
              ]
            ]
          ],
          [
            [
              [
                80.180245,
                9.605649
              ],
              [
                80.179538,
                9.605375
              ],
              [
                80.180292,
                9.604944
              ],
              [
                80.18074,
                9.605375
              ],
              [
                80.180245,
                9.605649
              ]
            ]
          ],
          [
            [
              [
                80.180481,
                9.606001
              ],
              [
                80.180386,
                9.606041
              ],
              [
                80.180316,
                9.605845
              ],
              [
                80.180433,
                9.605884
              ],
              [
                80.180481,
                9.606001
              ]
            ]
          ],
          [
            [
              [
                80.178642,
                9.605257
              ],
              [
                80.178877,
                9.604826
              ],
              [
                80.179113,
                9.604748
              ],
              [
                80.178783,
                9.605218
              ],
              [
                80.178642,
                9.605257
              ]
            ]
          ],
          [
            [
              [
                80.178972,
                9.60655
              ],
              [
                80.179042,
                9.606628
              ],
              [
                80.178547,
                9.606628
              ],
              [
                80.178736,
                9.606511
              ],
              [
                80.178972,
                9.60655
              ]
            ]
          ],
          [
            [
              [
                80.178547,
                9.605766
              ],
              [
                80.178524,
                9.605688
              ],
              [
                80.178665,
                9.605727
              ],
              [
                80.178595,
                9.605766
              ],
              [
                80.178547,
                9.605766
              ]
            ]
          ],
          [
            [
              [
                80.1785,
                9.626057
              ],
              [
                80.177887,
                9.626214
              ],
              [
                80.17817,
                9.625548
              ],
              [
                80.178477,
                9.625705
              ],
              [
                80.1785,
                9.626057
              ]
            ]
          ],
          [
            [
              [
                80.178453,
                9.62927
              ],
              [
                80.177321,
                9.629661
              ],
              [
                80.176708,
                9.630288
              ],
              [
                80.176756,
                9.629309
              ],
              [
                80.178453,
                9.62927
              ]
            ]
          ],
          [
            [
              [
                80.178359,
                9.60467
              ],
              [
                80.177934,
                9.60463
              ],
              [
                80.177699,
                9.604983
              ],
              [
                80.177769,
                9.604278
              ],
              [
                80.178359,
                9.60467
              ]
            ]
          ],
          [
            [
              [
                80.177722,
                9.606511
              ],
              [
                80.177699,
                9.606432
              ],
              [
                80.177958,
                9.606197
              ],
              [
                80.177982,
                9.606393
              ],
              [
                80.177722,
                9.606511
              ]
            ]
          ],
          [
            [
              [
                80.177628,
                9.606785
              ],
              [
                80.177628,
                9.606667
              ],
              [
                80.177769,
                9.606667
              ],
              [
                80.177652,
                9.606824
              ],
              [
                80.177628,
                9.606785
              ]
            ]
          ],
          [
            [
              [
                80.177062,
                9.60557
              ],
              [
                80.177439,
                9.605884
              ],
              [
                80.177298,
                9.606236
              ],
              [
                80.176968,
                9.60561
              ],
              [
                80.177062,
                9.60557
              ]
            ]
          ],
          [
            [
              [
                80.175129,
                9.628212
              ],
              [
                80.175105,
                9.627977
              ],
              [
                80.175648,
                9.628839
              ],
              [
                80.175388,
                9.628682
              ],
              [
                80.175129,
                9.628212
              ]
            ]
          ],
          [
            [
              [
                80.173903,
                9.631228
              ],
              [
                80.174846,
                9.631698
              ],
              [
                80.174681,
                9.63256
              ],
              [
                80.174398,
                9.631737
              ],
              [
                80.173903,
                9.631228
              ]
            ]
          ],
          [
            [
              [
                80.168764,
                9.645643
              ],
              [
                80.168622,
                9.64721
              ],
              [
                80.166453,
                9.645643
              ],
              [
                80.167019,
                9.643372
              ],
              [
                80.164261,
                9.642745
              ],
              [
                80.164921,
                9.639572
              ],
              [
                80.168033,
                9.63918
              ],
              [
                80.168646,
                9.64106
              ],
              [
                80.170037,
                9.640003
              ],
              [
                80.17065,
                9.642471
              ],
              [
                80.173267,
                9.64298
              ],
              [
                80.170555,
                9.642627
              ],
              [
                80.168764,
                9.645643
              ]
            ]
          ],
          [
            [
              [
                80.163907,
                9.639023
              ],
              [
                80.161172,
                9.640003
              ],
              [
                80.162941,
                9.636634
              ],
              [
                80.166005,
                9.638201
              ],
              [
                80.163907,
                9.639023
              ]
            ]
          ],
          [
            [
              [
                80.164662,
                9.648464
              ],
              [
                80.165487,
                9.648503
              ],
              [
                80.165628,
                9.64866
              ],
              [
                80.164827,
                9.64866
              ],
              [
                80.164662,
                9.648464
              ]
            ]
          ],
          [
            [
              [
                80.165157,
                9.645213
              ],
              [
                80.165109,
                9.646427
              ],
              [
                80.163719,
                9.646153
              ],
              [
                80.164261,
                9.645252
              ],
              [
                80.165157,
                9.645213
              ]
            ]
          ],
          [
            [
              [
                80.165086,
                9.655358
              ],
              [
                80.165133,
                9.656181
              ],
              [
                80.164119,
                9.655241
              ],
              [
                80.164968,
                9.655123
              ],
              [
                80.165086,
                9.655358
              ]
            ]
          ],
          [
            [
              [
                80.164072,
                9.649326
              ],
              [
                80.163011,
                9.649717
              ],
              [
                80.162469,
                9.64866
              ],
              [
                80.164214,
                9.64815
              ],
              [
                80.164072,
                9.649326
              ]
            ]
          ],
          [
            [
              [
                80.162988,
                9.644782
              ],
              [
                80.1632,
                9.644938
              ],
              [
                80.16254,
                9.644743
              ],
              [
                80.162775,
                9.644703
              ],
              [
                80.162988,
                9.644782
              ]
            ]
          ],
          [
            [
              [
                80.162516,
                9.645017
              ],
              [
                80.161809,
                9.646074
              ],
              [
                80.160159,
                9.645565
              ],
              [
                80.160465,
                9.644821
              ],
              [
                80.162516,
                9.645017
              ]
            ]
          ],
          [
            [
              [
                80.16188,
                9.65195
              ],
              [
                80.161337,
                9.652185
              ],
              [
                80.161243,
                9.651911
              ],
              [
                80.161597,
                9.651715
              ],
              [
                80.16188,
                9.65195
              ]
            ]
          ],
          [
            [
              [
                80.161432,
                9.647367
              ],
              [
                80.160701,
                9.648033
              ],
              [
                80.159711,
                9.647641
              ],
              [
                80.160088,
                9.646427
              ],
              [
                80.161432,
                9.647367
              ]
            ]
          ],
          [
            [
              [
                80.156952,
                9.448961
              ],
              [
                80.157778,
                9.448765
              ],
              [
                80.156457,
                9.450332
              ],
              [
                80.156174,
                9.44947
              ],
              [
                80.156952,
                9.448961
              ]
            ]
          ],
          [
            [
              [
                80.156858,
                9.454601
              ],
              [
                80.156976,
                9.454406
              ],
              [
                80.157377,
                9.454993
              ],
              [
                80.156929,
                9.454954
              ],
              [
                80.156858,
                9.454601
              ]
            ]
          ],
          [
            [
              [
                80.156905,
                9.45374
              ],
              [
                80.156787,
                9.453661
              ],
              [
                80.156811,
                9.453583
              ],
              [
                80.157047,
                9.453779
              ],
              [
                80.156905,
                9.45374
              ]
            ]
          ],
          [
            [
              [
                80.156835,
                9.448451
              ],
              [
                80.156787,
                9.448804
              ],
              [
                80.156104,
                9.448491
              ],
              [
                80.156363,
                9.44802
              ],
              [
                80.156835,
                9.448451
              ]
            ]
          ],
          [
            [
              [
                80.125173,
                9.4291
              ],
              [
                80.125456,
                9.428474
              ],
              [
                80.125786,
                9.430001
              ],
              [
                80.125338,
                9.429531
              ],
              [
                80.125173,
                9.4291
              ]
            ]
          ],
          [
            [
              [
                80.107798,
                9.197437
              ],
              [
                80.107939,
                9.197045
              ],
              [
                80.108317,
                9.198455
              ],
              [
                80.107892,
                9.197829
              ],
              [
                80.107798,
                9.197437
              ]
            ]
          ],
          [
            [
              [
                80.092403,
                9.59852
              ],
              [
                80.088749,
                9.599068
              ],
              [
                80.099051,
                9.594798
              ],
              [
                80.104474,
                9.594289
              ],
              [
                80.101503,
                9.594641
              ],
              [
                80.092403,
                9.59852
              ]
            ]
          ],
          [
            [
              [
                80.097991,
                6.133555
              ],
              [
                80.098863,
                6.133516
              ],
              [
                80.098792,
                6.139627
              ],
              [
                80.097661,
                6.136846
              ],
              [
                80.097991,
                6.133555
              ]
            ]
          ],
          [
            [
              [
                80.083657,
                9.647485
              ],
              [
                80.081323,
                9.646936
              ],
              [
                80.085849,
                9.642706
              ],
              [
                80.092285,
                9.641844
              ],
              [
                80.088914,
                9.642549
              ],
              [
                80.085826,
                9.645839
              ],
              [
                80.083138,
                9.6458
              ],
              [
                80.083657,
                9.647485
              ]
            ]
          ],
          [
            [
              [
                80.075005,
                9.322239
              ],
              [
                80.07326,
                9.322357
              ],
              [
                80.073024,
                9.319889
              ],
              [
                80.079107,
                9.313112
              ],
              [
                80.090894,
                9.311976
              ],
              [
                80.088867,
                9.313778
              ],
              [
                80.087122,
                9.312759
              ],
              [
                80.08816,
                9.314365
              ],
              [
                80.084836,
                9.316794
              ],
              [
                80.083256,
                9.320907
              ],
              [
                80.075005,
                9.322239
              ]
            ]
          ],
          [
            [
              [
                80.088443,
                9.313935
              ],
              [
                80.088395,
                9.313739
              ],
              [
                80.088725,
                9.313856
              ],
              [
                80.088419,
                9.31417
              ],
              [
                80.088443,
                9.313935
              ]
            ]
          ],
          [
            [
              [
                80.070596,
                9.608704
              ],
              [
                80.066022,
                9.609566
              ],
              [
                80.073897,
                9.603886
              ],
              [
                80.086981,
                9.598559
              ],
              [
                80.077551,
                9.602868
              ],
              [
                80.070596,
                9.608704
              ]
            ]
          ],
          [
            [
              [
                80.084411,
                9.318126
              ],
              [
                80.085189,
                9.317891
              ],
              [
                80.084718,
                9.319497
              ],
              [
                80.084317,
                9.318714
              ],
              [
                80.084411,
                9.318126
              ]
            ]
          ],
          [
            [
              [
                80.083987,
                9.319144
              ],
              [
                80.084576,
                9.319458
              ],
              [
                80.084105,
                9.320045
              ],
              [
                80.08394,
                9.319967
              ],
              [
                80.083987,
                9.319144
              ]
            ]
          ],
          [
            [
              [
                80.079578,
                9.610937
              ],
              [
                80.076018,
                9.611995
              ],
              [
                80.08434,
                9.608978
              ],
              [
                80.082313,
                9.609997
              ],
              [
                80.079578,
                9.610937
              ]
            ]
          ],
          [
            [
              [
                80.082619,
                9.643685
              ],
              [
                80.083185,
                9.643881
              ],
              [
                80.083115,
                9.644351
              ],
              [
                80.082242,
                9.644116
              ],
              [
                80.082619,
                9.643685
              ]
            ]
          ],
          [
            [
              [
                80.078989,
                9.652577
              ],
              [
                80.079225,
                9.652538
              ],
              [
                80.079366,
                9.652851
              ],
              [
                80.078989,
                9.652773
              ],
              [
                80.078989,
                9.652577
              ]
            ]
          ],
          [
            [
              [
                80.076773,
                9.651441
              ],
              [
                80.077056,
                9.650932
              ],
              [
                80.077056,
                9.652342
              ],
              [
                80.076938,
                9.652185
              ],
              [
                80.076773,
                9.651441
              ]
            ]
          ],
          [
            [
              [
                80.056875,
                9.345899
              ],
              [
                80.056545,
                9.34821
              ],
              [
                80.053669,
                9.344959
              ],
              [
                80.051995,
                9.337908
              ],
              [
                80.053292,
                9.332267
              ],
              [
                80.058879,
                9.329721
              ],
              [
                80.060694,
                9.331836
              ],
              [
                80.057724,
                9.332776
              ],
              [
                80.059421,
                9.340611
              ],
              [
                80.0573,
                9.341629
              ],
              [
                80.056875,
                9.345899
              ]
            ]
          ],
          [
            [
              [
                80.004114,
                9.64768
              ],
              [
                80.002959,
                9.648895
              ],
              [
                80.0031,
                9.647093
              ],
              [
                80.005953,
                9.644664
              ],
              [
                80.013827,
                9.641413
              ],
              [
                80.007815,
                9.647445
              ],
              [
                80.004114,
                9.64768
              ]
            ]
          ],
          [
            [
              [
                79.989332,
                9.305708
              ],
              [
                79.985678,
                9.306453
              ],
              [
                79.979855,
                9.29807
              ],
              [
                79.974409,
                9.296895
              ],
              [
                79.972311,
                9.293213
              ],
              [
                79.972664,
                9.287415
              ],
              [
                79.975823,
                9.281853
              ],
              [
                79.978912,
                9.280012
              ],
              [
                79.989379,
                9.285143
              ],
              [
                79.996546,
                9.281892
              ],
              [
                80.001308,
                9.270532
              ],
              [
                80.008381,
                9.276799
              ],
              [
                80.008004,
                9.279346
              ],
              [
                80.007037,
                9.276094
              ],
              [
                80.006094,
                9.278523
              ],
              [
                80.007839,
                9.282127
              ],
              [
                80.005057,
                9.28103
              ],
              [
                80.00442,
                9.276329
              ],
              [
                80.002298,
                9.280286
              ],
              [
                80.002652,
                9.281696
              ],
              [
                80.003807,
                9.278915
              ],
              [
                80.004727,
                9.281461
              ],
              [
                80.006754,
                9.282597
              ],
              [
                80.007037,
                9.286671
              ],
              [
                80.001992,
                9.286397
              ],
              [
                80.000719,
                9.287728
              ],
              [
                80.002346,
                9.286671
              ],
              [
                80.002888,
                9.287924
              ],
              [
                80.001332,
                9.289765
              ],
              [
                79.998739,
                9.290901
              ],
              [
                79.998691,
                9.290901
              ],
              [
                79.998739,
                9.290745
              ],
              [
                79.999304,
                9.29004
              ],
              [
                79.999187,
                9.289178
              ],
              [
                79.997748,
                9.289844
              ],
              [
                79.997819,
                9.284751
              ],
              [
                79.99631,
                9.285026
              ],
              [
                79.998361,
                9.283537
              ],
              [
                79.999116,
                9.280521
              ],
              [
                79.99888,
                9.277505
              ],
              [
                79.999304,
                9.277426
              ],
              [
                79.999682,
                9.276799
              ],
              [
                79.999917,
                9.275938
              ],
              [
                79.999799,
                9.274567
              ],
              [
                80.0002,
                9.273587
              ],
              [
                80.00013,
                9.273666
              ],
              [
                79.999776,
                9.274567
              ],
              [
                79.999752,
                9.275115
              ],
              [
                79.999469,
                9.275272
              ],
              [
                79.999847,
                9.276094
              ],
              [
                79.999281,
                9.277387
              ],
              [
                79.999045,
                9.277269
              ],
              [
                79.998951,
                9.277309
              ],
              [
                79.998856,
                9.277544
              ],
              [
                79.998621,
                9.27915
              ],
              [
                79.998998,
                9.280482
              ],
              [
                79.998409,
                9.280599
              ],
              [
                79.998314,
                9.281578
              ],
              [
                79.997112,
                9.282127
              ],
              [
                79.997607,
                9.282362
              ],
              [
                79.998338,
                9.281813
              ],
              [
                79.998243,
                9.28338
              ],
              [
                79.994519,
                9.285966
              ],
              [
                79.995391,
                9.286514
              ],
              [
                79.997041,
                9.285496
              ],
              [
                79.993222,
                9.288512
              ],
              [
                79.991525,
                9.29286
              ],
              [
                79.993128,
                9.294309
              ],
              [
                79.994283,
                9.291371
              ],
              [
                79.995532,
                9.292547
              ],
              [
                79.994448,
                9.291685
              ],
              [
                79.991949,
                9.29807
              ],
              [
                79.989261,
                9.302065
              ],
              [
                79.993764,
                9.303162
              ],
              [
                79.989945,
                9.303201
              ],
              [
                79.989332,
                9.305708
              ]
            ]
          ],
          [
            [
              [
                80.007414,
                9.619829
              ],
              [
                80.006636,
                9.620182
              ],
              [
                80.006589,
                9.619868
              ],
              [
                80.006943,
                9.619437
              ],
              [
                80.007344,
                9.619555
              ],
              [
                80.007414,
                9.619829
              ]
            ]
          ],
          [
            [
              [
                80.000365,
                9.634871
              ],
              [
                79.998409,
                9.634088
              ],
              [
                79.999564,
                9.632364
              ],
              [
                80.004043,
                9.629191
              ],
              [
                80.006141,
                9.630131
              ],
              [
                80.006094,
                9.633069
              ],
              [
                80.000365,
                9.634871
              ]
            ]
          ],
          [
            [
              [
                80.00534,
                9.618066
              ],
              [
                80.006259,
                9.618536
              ],
              [
                80.004915,
                9.618576
              ],
              [
                80.004868,
                9.618341
              ],
              [
                80.00534,
                9.618066
              ]
            ]
          ],
          [
            [
              [
                80.005387,
                9.641413
              ],
              [
                80.004656,
                9.641726
              ],
              [
                80.00435,
                9.641687
              ],
              [
                80.005811,
                9.641021
              ],
              [
                80.005387,
                9.641413
              ]
            ]
          ],
          [
            [
              [
                80.004137,
                9.279306
              ],
              [
                80.004656,
                9.279071
              ],
              [
                80.004868,
                9.281187
              ],
              [
                80.004467,
                9.280677
              ],
              [
                80.004137,
                9.279306
              ]
            ]
          ],
          [
            [
              [
                80.004137,
                9.278327
              ],
              [
                80.004279,
                9.277935
              ],
              [
                80.004373,
                9.277935
              ],
              [
                80.00442,
                9.278053
              ],
              [
                80.004137,
                9.278327
              ]
            ]
          ],
          [
            [
              [
                80.004067,
                9.27821
              ],
              [
                80.004043,
                9.277857
              ],
              [
                80.004114,
                9.277818
              ],
              [
                80.004208,
                9.278053
              ],
              [
                80.004067,
                9.27821
              ]
            ]
          ],
          [
            [
              [
                80.004019,
                9.279032
              ],
              [
                80.003925,
                9.278876
              ],
              [
                80.003925,
                9.278836
              ],
              [
                80.004184,
                9.278954
              ],
              [
                80.004019,
                9.279032
              ]
            ]
          ],
          [
            [
              [
                80.000177,
                9.645252
              ],
              [
                79.998809,
                9.644233
              ],
              [
                80.003878,
                9.641961
              ],
              [
                80.002629,
                9.643528
              ],
              [
                80.000177,
                9.645252
              ]
            ]
          ],
          [
            [
              [
                80.003312,
                9.278836
              ],
              [
                80.003336,
                9.27868
              ],
              [
                80.003548,
                9.27868
              ],
              [
                80.00343,
                9.278915
              ],
              [
                80.003312,
                9.278836
              ]
            ]
          ],
          [
            [
              [
                80.002699,
                9.286984
              ],
              [
                80.002605,
                9.28671
              ],
              [
                80.002416,
                9.286436
              ],
              [
                80.003265,
                9.287141
              ],
              [
                80.002699,
                9.286984
              ]
            ]
          ],
          [
            [
              [
                79.998597,
                9.28056
              ],
              [
                79.998526,
                9.280599
              ],
              [
                79.998597,
                9.280521
              ],
              [
                79.998691,
                9.280521
              ],
              [
                79.998668,
                9.28056
              ],
              [
                79.998597,
                9.28056
              ]
            ]
          ],
          [
            [
              [
                79.998173,
                9.282323
              ],
              [
                79.998385,
                9.28197
              ],
              [
                79.998385,
                9.283263
              ],
              [
                79.998291,
                9.283224
              ],
              [
                79.998173,
                9.282323
              ]
            ]
          ],
          [
            [
              [
                79.998126,
                9.283576
              ],
              [
                79.998196,
                9.283537
              ],
              [
                79.998267,
                9.28342
              ],
              [
                79.998173,
                9.283694
              ],
              [
                79.998126,
                9.283576
              ]
            ]
          ],
          [
            [
              [
                79.998173,
                9.28291
              ],
              [
                79.998055,
                9.282558
              ],
              [
                79.998126,
                9.28244
              ],
              [
                79.998291,
                9.282793
              ],
              [
                79.998173,
                9.28291
              ]
            ]
          ],
          [
            [
              [
                79.990157,
                9.65289
              ],
              [
                79.992515,
                9.652694
              ],
              [
                79.993246,
                9.653125
              ],
              [
                79.990511,
                9.654261
              ],
              [
                79.990157,
                9.65289
              ]
            ]
          ],
          [
            [
              [
                79.990605,
                9.643567
              ],
              [
                79.989921,
                9.644155
              ],
              [
                79.989709,
                9.644233
              ],
              [
                79.989945,
                9.643567
              ],
              [
                79.990605,
                9.643567
              ]
            ]
          ],
          [
            [
              [
                79.985843,
                9.640355
              ],
              [
                79.98747,
                9.638906
              ],
              [
                79.988318,
                9.64153
              ],
              [
                79.984617,
                9.643254
              ],
              [
                79.984593,
                9.642079
              ],
              [
                79.985843,
                9.640355
              ]
            ]
          ],
          [
            [
              [
                79.985159,
                9.63162
              ],
              [
                79.984075,
                9.632286
              ],
              [
                79.982778,
                9.630366
              ],
              [
                79.984358,
                9.629544
              ],
              [
                79.985159,
                9.63162
              ]
            ]
          ],
          [
            [
              [
                79.98259,
                9.621905
              ],
              [
                79.98266,
                9.621905
              ],
              [
                79.982778,
                9.622454
              ],
              [
                79.982212,
                9.622258
              ],
              [
                79.98259,
                9.621905
              ]
            ]
          ],
          [
            [
              [
                79.981929,
                9.613757
              ],
              [
                79.982755,
                9.613757
              ],
              [
                79.982448,
                9.614737
              ],
              [
                79.982071,
                9.614658
              ],
              [
                79.981929,
                9.613757
              ]
            ]
          ],
          [
            [
              [
                79.982566,
                9.617322
              ],
              [
                79.982448,
                9.617244
              ],
              [
                79.982424,
                9.617048
              ],
              [
                79.982519,
                9.617126
              ],
              [
                79.982566,
                9.617322
              ]
            ]
          ],
          [
            [
              [
                79.982401,
                9.621788
              ],
              [
                79.98233,
                9.621709
              ],
              [
                79.98233,
                9.62167
              ],
              [
                79.982495,
                9.621788
              ],
              [
                79.982401,
                9.621788
              ]
            ]
          ],
          [
            [
              [
                79.982212,
                9.612974
              ],
              [
                79.982307,
                9.612974
              ],
              [
                79.982472,
                9.613405
              ],
              [
                79.981977,
                9.613366
              ],
              [
                79.982212,
                9.612974
              ]
            ]
          ],
          [
            [
              [
                79.982236,
                9.616617
              ],
              [
                79.982,
                9.616264
              ],
              [
                79.982024,
                9.616147
              ],
              [
                79.982354,
                9.616656
              ],
              [
                79.982236,
                9.616617
              ]
            ]
          ],
          [
            [
              [
                79.982236,
                9.617205
              ],
              [
                79.982,
                9.616852
              ],
              [
                79.982024,
                9.616813
              ],
              [
                79.982212,
                9.616891
              ],
              [
                79.982236,
                9.617205
              ]
            ]
          ],
          [
            [
              [
                79.98134,
                9.622179
              ],
              [
                79.981387,
                9.622062
              ],
              [
                79.98167,
                9.622023
              ],
              [
                79.981434,
                9.622219
              ],
              [
                79.98134,
                9.622179
              ]
            ]
          ],
          [
            [
              [
                79.977497,
                6.451868
              ],
              [
                79.976931,
                6.452612
              ],
              [
                79.979619,
                6.447911
              ],
              [
                79.979336,
                6.449517
              ],
              [
                79.977497,
                6.451868
              ]
            ]
          ],
          [
            [
              [
                79.978959,
                6.447089
              ],
              [
                79.978511,
                6.447089
              ],
              [
                79.978322,
                6.446697
              ],
              [
                79.979077,
                6.44654
              ],
              [
                79.978959,
                6.447089
              ]
            ]
          ],
          [
            [
              [
                79.979053,
                6.441448
              ],
              [
                79.979289,
                6.441487
              ],
              [
                79.979265,
                6.441644
              ],
              [
                79.97903,
                6.441605
              ],
              [
                79.979053,
                6.441448
              ]
            ]
          ],
          [
            [
              [
                79.971674,
                6.468829
              ],
              [
                79.972075,
                6.469456
              ],
              [
                79.971462,
                6.469769
              ],
              [
                79.971368,
                6.469142
              ],
              [
                79.971674,
                6.468829
              ]
            ]
          ],
          [
            [
              [
                79.970613,
                6.47208
              ],
              [
                79.970024,
                6.471924
              ],
              [
                79.970377,
                6.470553
              ],
              [
                79.970896,
                6.470827
              ],
              [
                79.970613,
                6.47208
              ]
            ]
          ],
          [
            [
              [
                79.968892,
                6.464363
              ],
              [
                79.967431,
                6.462992
              ],
              [
                79.969387,
                6.461426
              ],
              [
                79.970495,
                6.462522
              ],
              [
                79.968892,
                6.464363
              ]
            ]
          ],
          [
            [
              [
                79.970354,
                9.608038
              ],
              [
                79.969434,
                9.608273
              ],
              [
                79.969835,
                9.607921
              ],
              [
                79.970236,
                9.607882
              ],
              [
                79.970354,
                9.608038
              ]
            ]
          ],
          [
            [
              [
                79.968374,
                9.608195
              ],
              [
                79.96769,
                9.609018
              ],
              [
                79.966676,
                9.609096
              ],
              [
                79.966818,
                9.608117
              ],
              [
                79.968374,
                9.608195
              ]
            ]
          ],
          [
            [
              [
                79.953922,
                8.953003
              ],
              [
                79.954181,
                8.95316
              ],
              [
                79.953969,
                8.954413
              ],
              [
                79.953686,
                8.951946
              ],
              [
                79.953922,
                8.953003
              ]
            ]
          ],
          [
            [
              [
                79.953073,
                8.951436
              ],
              [
                79.950881,
                8.949634
              ],
              [
                79.950928,
                8.948224
              ],
              [
                79.951352,
                8.949987
              ],
              [
                79.953073,
                8.951436
              ]
            ]
          ],
          [
            [
              [
                79.952767,
                8.950104
              ],
              [
                79.952602,
                8.9503
              ],
              [
                79.952295,
                8.950261
              ],
              [
                79.952531,
                8.949869
              ],
              [
                79.952767,
                8.950104
              ]
            ]
          ],
          [
            [
              [
                79.950338,
                8.948224
              ],
              [
                79.949042,
                8.948694
              ],
              [
                79.947816,
                8.947167
              ],
              [
                79.948853,
                8.948342
              ],
              [
                79.9489,
                8.946932
              ],
              [
                79.950338,
                8.948224
              ]
            ]
          ],
          [
            [
              [
                79.947887,
                8.946461
              ],
              [
                79.947486,
                8.947127
              ],
              [
                79.946401,
                8.946697
              ],
              [
                79.947203,
                8.946932
              ],
              [
                79.947887,
                8.946461
              ]
            ]
          ],
          [
            [
              [
                79.946048,
                8.945991
              ],
              [
                79.946119,
                8.946187
              ],
              [
                79.945859,
                8.946305
              ],
              [
                79.945836,
                8.946187
              ],
              [
                79.946048,
                8.945991
              ]
            ]
          ],
          [
            [
              [
                79.938952,
                9.677059
              ],
              [
                79.939541,
                9.67655
              ],
              [
                79.939824,
                9.676824
              ],
              [
                79.93881,
                9.677686
              ],
              [
                79.938952,
                9.677059
              ]
            ]
          ],
          [
            [
              [
                79.93881,
                9.673847
              ],
              [
                79.939282,
                9.67373
              ],
              [
                79.939682,
                9.674278
              ],
              [
                79.939423,
                9.674513
              ],
              [
                79.93881,
                9.673847
              ]
            ]
          ],
          [
            [
              [
                79.937985,
                9.673416
              ],
              [
                79.939187,
                9.674552
              ],
              [
                79.938339,
                9.676237
              ],
              [
                79.937514,
                9.675062
              ],
              [
                79.937985,
                9.673416
              ]
            ]
          ],
          [
            [
              [
                79.938103,
                9.677099
              ],
              [
                79.93683,
                9.678901
              ],
              [
                79.935132,
                9.679371
              ],
              [
                79.936783,
                9.677138
              ],
              [
                79.938103,
                9.677099
              ]
            ]
          ],
          [
            [
              [
                79.936193,
                9.668794
              ],
              [
                79.937867,
                9.676354
              ],
              [
                79.935321,
                9.678274
              ],
              [
                79.936028,
                9.676315
              ],
              [
                79.934237,
                9.672751
              ],
              [
                79.935769,
                9.665073
              ],
              [
                79.937254,
                9.667501
              ],
              [
                79.937042,
                9.669343
              ],
              [
                79.936193,
                9.668794
              ]
            ]
          ],
          [
            [
              [
                79.934567,
                9.669147
              ],
              [
                79.934637,
                9.668794
              ],
              [
                79.935015,
                9.669617
              ],
              [
                79.934755,
                9.669421
              ],
              [
                79.934567,
                9.669147
              ]
            ]
          ],
          [
            [
              [
                79.934237,
                9.668716
              ],
              [
                79.934048,
                9.6704
              ],
              [
                79.932657,
                9.666405
              ],
              [
                79.93327,
                9.666836
              ],
              [
                79.934237,
                9.668716
              ]
            ]
          ],
          [
            [
              [
                79.934142,
                9.666522
              ],
              [
                79.93459,
                9.666836
              ],
              [
                79.934378,
                9.667345
              ],
              [
                79.934119,
                9.667031
              ],
              [
                79.934142,
                9.666522
              ]
            ]
          ],
          [
            [
              [
                79.933388,
                9.669656
              ],
              [
                79.933977,
                9.670439
              ],
              [
                79.933647,
                9.670792
              ],
              [
                79.933058,
                9.670048
              ],
              [
                79.933388,
                9.669656
              ]
            ]
          ],
          [
            [
              [
                79.928201,
                8.908504
              ],
              [
                79.928461,
                8.907838
              ],
              [
                79.929191,
                8.90772
              ],
              [
                79.928814,
                8.909131
              ],
              [
                79.928201,
                8.908504
              ]
            ]
          ],
          [
            [
              [
                79.928178,
                8.900317
              ],
              [
                79.928083,
                8.900238
              ],
              [
                79.928201,
                8.900082
              ],
              [
                79.928248,
                8.900238
              ],
              [
                79.928178,
                8.900317
              ]
            ]
          ],
          [
            [
              [
                79.731065,
                9.107615
              ],
              [
                79.730122,
                9.109887
              ],
              [
                79.730263,
                9.107615
              ],
              [
                79.711945,
                9.10456
              ],
              [
                79.696032,
                9.098762
              ],
              [
                79.696786,
                9.09747
              ],
              [
                79.697211,
                9.099037
              ],
              [
                79.699332,
                9.099115
              ],
              [
                79.697376,
                9.095746
              ],
              [
                79.699403,
                9.09559
              ],
              [
                79.698696,
                9.092221
              ],
              [
                79.697022,
                9.091868
              ],
              [
                79.697258,
                9.094023
              ],
              [
                79.690492,
                9.089322
              ],
              [
                79.6916,
                9.090066
              ],
              [
                79.692684,
                9.088656
              ],
              [
                79.693391,
                9.090811
              ],
              [
                79.696621,
                9.092887
              ],
              [
                79.695136,
                9.091437
              ],
              [
                79.696102,
                9.090497
              ],
              [
                79.697045,
                9.091594
              ],
              [
                79.698743,
                9.080508
              ],
              [
                79.69978,
                9.079725
              ],
              [
                79.700511,
                9.081292
              ],
              [
                79.701713,
                9.079882
              ],
              [
                79.686554,
                9.07855
              ],
              [
                79.687757,
                9.080038
              ],
              [
                79.685022,
                9.076748
              ],
              [
                79.68745,
                9.076082
              ],
              [
                79.691411,
                9.078589
              ],
              [
                79.706664,
                9.077962
              ],
              [
                79.728566,
                9.074084
              ],
              [
                79.763811,
                9.061549
              ],
              [
                79.797335,
                9.04447
              ],
              [
                79.820839,
                9.029154
              ],
              [
                79.850662,
                9.004906
              ],
              [
                79.872611,
                8.982343
              ],
              [
                79.888854,
                8.960524
              ],
              [
                79.888571,
                8.961778
              ],
              [
                79.88586,
                8.964676
              ],
              [
                79.887817,
                8.964637
              ],
              [
                79.885106,
                8.966008
              ],
              [
                79.883267,
                8.970983
              ],
              [
                79.884776,
                8.970552
              ],
              [
                79.886449,
                8.966204
              ],
              [
                79.894889,
                8.961817
              ],
              [
                79.897082,
                8.965342
              ],
              [
                79.900854,
                8.965382
              ],
              [
                79.902198,
                8.966243
              ],
              [
                79.900406,
                8.965734
              ],
              [
                79.898284,
                8.967419
              ],
              [
                79.895667,
                8.964559
              ],
              [
                79.89595,
                8.96734
              ],
              [
                79.908469,
                8.971806
              ],
              [
                79.912665,
                8.975566
              ],
              [
                79.922826,
                8.976898
              ],
              [
                79.923038,
                8.975958
              ],
              [
                79.921294,
                8.975841
              ],
              [
                79.922685,
                8.97537
              ],
              [
                79.926575,
                8.975684
              ],
              [
                79.927518,
                8.978661
              ],
              [
                79.925867,
                8.983048
              ],
              [
                79.904367,
                8.994056
              ],
              [
                79.901608,
                8.997228
              ],
              [
                79.900052,
                8.996837
              ],
              [
                79.885412,
                9.010038
              ],
              [
                79.876666,
                9.02034
              ],
              [
                79.871196,
                9.0317
              ],
              [
                79.873907,
                9.035304
              ],
              [
                79.903259,
                9.023043
              ],
              [
                79.91837,
                9.01039
              ],
              [
                79.926504,
                9.009372
              ],
              [
                79.92681,
                9.011135
              ],
              [
                79.909907,
                9.022769
              ],
              [
                79.908539,
                9.026764
              ],
              [
                79.901467,
                9.034364
              ],
              [
                79.901396,
                9.036753
              ],
              [
                79.890952,
                9.04541
              ],
              [
                79.882725,
                9.05391
              ],
              [
                79.889703,
                9.049014
              ],
              [
                79.890009,
                9.04729
              ],
              [
                79.890622,
                9.048152
              ],
              [
                79.891164,
                9.045763
              ],
              [
                79.891259,
                9.04823
              ],
              [
                79.861412,
                9.073066
              ],
              [
                79.845546,
                9.080743
              ],
              [
                79.785641,
                9.09982
              ],
              [
                79.747968,
                9.106558
              ],
              [
                79.731065,
                9.107615
              ]
            ]
          ],
          [
            [
              [
                79.916744,
                8.921078
              ],
              [
                79.915777,
                8.921783
              ],
              [
                79.91797,
                8.91814
              ],
              [
                79.919879,
                8.917435
              ],
              [
                79.919667,
                8.916965
              ],
              [
                79.918983,
                8.917004
              ],
              [
                79.918606,
                8.9172
              ],
              [
                79.918229,
                8.915986
              ],
              [
                79.924901,
                8.907172
              ],
              [
                79.925726,
                8.909248
              ],
              [
                79.92285,
                8.909953
              ],
              [
                79.922355,
                8.913048
              ],
              [
                79.924264,
                8.91105
              ],
              [
                79.92582,
                8.911442
              ],
              [
                79.924028,
                8.911716
              ],
              [
                79.923038,
                8.914184
              ],
              [
                79.9216,
                8.914654
              ],
              [
                79.921553,
                8.913244
              ],
              [
                79.91962,
                8.91481
              ],
              [
                79.921671,
                8.915006
              ],
              [
                79.920917,
                8.915359
              ],
              [
                79.919691,
                8.915202
              ],
              [
                79.919738,
                8.916652
              ],
              [
                79.918512,
                8.916103
              ],
              [
                79.9187,
                8.917122
              ],
              [
                79.919007,
                8.916926
              ],
              [
                79.919643,
                8.916808
              ],
              [
                79.920068,
                8.91767
              ],
              [
                79.918064,
                8.918179
              ],
              [
                79.917333,
                8.920334
              ],
              [
                79.916508,
                8.921
              ],
              [
                79.916744,
                8.921078
              ]
            ]
          ],
          [
            [
              [
                79.925797,
                8.903881
              ],
              [
                79.925655,
                8.903686
              ],
              [
                79.925867,
                8.90349
              ],
              [
                79.925938,
                8.903921
              ],
              [
                79.925797,
                8.903881
              ]
            ]
          ],
          [
            [
              [
                79.904202,
                8.937844
              ],
              [
                79.892108,
                8.951906
              ],
              [
                79.889986,
                8.95739
              ],
              [
                79.889679,
                8.955824
              ],
              [
                79.890245,
                8.954178
              ],
              [
                79.925537,
                8.902275
              ],
              [
                79.92582,
                8.904626
              ],
              [
                79.921718,
                8.911716
              ],
              [
                79.911062,
                8.925975
              ],
              [
                79.909105,
                8.934632
              ],
              [
                79.904202,
                8.937844
              ]
            ]
          ],
          [
            [
              [
                79.922779,
                8.952612
              ],
              [
                79.923062,
                8.95269
              ],
              [
                79.923203,
                8.953121
              ],
              [
                79.922567,
                8.953003
              ],
              [
                79.922779,
                8.952612
              ]
            ]
          ],
          [
            [
              [
                79.921789,
                8.948381
              ],
              [
                79.921883,
                8.948107
              ],
              [
                79.922095,
                8.948224
              ],
              [
                79.921954,
                8.948498
              ],
              [
                79.921789,
                8.948381
              ]
            ]
          ],
          [
            [
              [
                79.921624,
                8.949243
              ],
              [
                79.921718,
                8.949008
              ],
              [
                79.921883,
                8.948969
              ],
              [
                79.921812,
                8.949321
              ],
              [
                79.921624,
                8.949243
              ]
            ]
          ],
          [
            [
              [
                79.920586,
                8.812023
              ],
              [
                79.920115,
                8.81171
              ],
              [
                79.921671,
                8.811631
              ],
              [
                79.920964,
                8.812062
              ],
              [
                79.920586,
                8.812023
              ]
            ]
          ],
          [
            [
              [
                79.9216,
                8.948263
              ],
              [
                79.921506,
                8.948342
              ],
              [
                79.921459,
                8.948224
              ],
              [
                79.921529,
                8.948185
              ],
              [
                79.9216,
                8.948263
              ]
            ]
          ],
          [
            [
              [
                79.921011,
                8.948538
              ],
              [
                79.921129,
                8.94795
              ],
              [
                79.921223,
                8.947872
              ],
              [
                79.921223,
                8.948616
              ],
              [
                79.921011,
                8.948538
              ]
            ]
          ],
          [
            [
              [
                79.920327,
                8.955824
              ],
              [
                79.919974,
                8.958957
              ],
              [
                79.917027,
                8.958291
              ],
              [
                79.920351,
                8.953747
              ],
              [
                79.920327,
                8.955824
              ]
            ]
          ],
          [
            [
              [
                79.919596,
                8.953473
              ],
              [
                79.920351,
                8.953277
              ],
              [
                79.919573,
                8.954453
              ],
              [
                79.919691,
                8.954218
              ],
              [
                79.919596,
                8.953473
              ]
            ]
          ],
          [
            [
              [
                79.91837,
                8.821111
              ],
              [
                79.918677,
                8.820288
              ],
              [
                79.920374,
                8.820249
              ],
              [
                79.919101,
                8.82115
              ],
              [
                79.91837,
                8.821111
              ]
            ]
          ],
          [
            [
              [
                79.919667,
                8.831531
              ],
              [
                79.919455,
                8.833019
              ],
              [
                79.918865,
                8.830003
              ],
              [
                79.919573,
                8.830395
              ],
              [
                79.919667,
                8.831531
              ]
            ]
          ],
          [
            [
              [
                79.920091,
                8.810104
              ],
              [
                79.919573,
                8.810182
              ],
              [
                79.920068,
                8.80932
              ],
              [
                79.920327,
                8.80979
              ],
              [
                79.920091,
                8.810104
              ]
            ]
          ],
          [
            [
              [
                79.91903,
                8.960368
              ],
              [
                79.917333,
                8.961308
              ],
              [
                79.91606,
                8.958722
              ],
              [
                79.919974,
                8.959153
              ],
              [
                79.91903,
                8.960368
              ]
            ]
          ],
          [
            [
              [
                79.918323,
                8.818526
              ],
              [
                79.918818,
                8.817664
              ],
              [
                79.91995,
                8.818251
              ],
              [
                79.917852,
                8.820053
              ],
              [
                79.918323,
                8.818526
              ]
            ]
          ],
          [
            [
              [
                79.919078,
                8.950692
              ],
              [
                79.919337,
                8.950653
              ],
              [
                79.919573,
                8.950731
              ],
              [
                79.919054,
                8.951123
              ],
              [
                79.919078,
                8.950692
              ]
            ]
          ],
          [
            [
              [
                79.919196,
                8.810064
              ],
              [
                79.91863,
                8.809947
              ],
              [
                79.918064,
                8.810182
              ],
              [
                79.918512,
                8.809438
              ],
              [
                79.919196,
                8.810064
              ]
            ]
          ],
          [
            [
              [
                79.918535,
                8.827966
              ],
              [
                79.918394,
                8.826987
              ],
              [
                79.918889,
                8.826713
              ],
              [
                79.919478,
                8.827496
              ],
              [
                79.918535,
                8.827966
              ]
            ]
          ],
          [
            [
              [
                79.918983,
                8.833176
              ],
              [
                79.918653,
                8.833215
              ],
              [
                79.918936,
                8.832236
              ],
              [
                79.919054,
                8.83251
              ],
              [
                79.918983,
                8.833176
              ]
            ]
          ],
          [
            [
              [
                79.918205,
                8.822521
              ],
              [
                79.91804,
                8.822012
              ],
              [
                79.918677,
                8.823383
              ],
              [
                79.918064,
                8.823109
              ],
              [
                79.918205,
                8.822521
              ]
            ]
          ],
          [
            [
              [
                79.918418,
                8.828436
              ],
              [
                79.918205,
                8.828514
              ],
              [
                79.918111,
                8.828397
              ],
              [
                79.918394,
                8.828279
              ],
              [
                79.918418,
                8.828436
              ]
            ]
          ],
          [
            [
              [
                79.916508,
                8.82021
              ],
              [
                79.915801,
                8.818447
              ],
              [
                79.91797,
                8.81833
              ],
              [
                79.917074,
                8.820484
              ],
              [
                79.916508,
                8.82021
              ]
            ]
          ],
          [
            [
              [
                79.917451,
                8.821855
              ],
              [
                79.917875,
                8.820798
              ],
              [
                79.917805,
                8.823265
              ],
              [
                79.917404,
                8.822952
              ],
              [
                79.917451,
                8.821855
              ]
            ]
          ],
          [
            [
              [
                79.917239,
                8.81218
              ],
              [
                79.916201,
                8.812571
              ],
              [
                79.917522,
                8.811083
              ],
              [
                79.917757,
                8.811435
              ],
              [
                79.917239,
                8.81218
              ]
            ]
          ],
          [
            [
              [
                79.916131,
                8.957547
              ],
              [
                79.916697,
                8.95696
              ],
              [
                79.91771,
                8.956646
              ],
              [
                79.916036,
                8.958487
              ],
              [
                79.916131,
                8.957547
              ]
            ]
          ],
          [
            [
              [
                79.916909,
                8.821816
              ],
              [
                79.917215,
                8.821777
              ],
              [
                79.91738,
                8.824088
              ],
              [
                79.916296,
                8.82256
              ],
              [
                79.916909,
                8.821816
              ]
            ]
          ],
          [
            [
              [
                79.917286,
                8.947754
              ],
              [
                79.917168,
                8.947676
              ],
              [
                79.917498,
                8.947597
              ],
              [
                79.917427,
                8.947911
              ],
              [
                79.917286,
                8.947754
              ]
            ]
          ],
          [
            [
              [
                79.917027,
                8.825616
              ],
              [
                79.916909,
                8.824989
              ],
              [
                79.917451,
                8.82589
              ],
              [
                79.917357,
                8.828279
              ],
              [
                79.917074,
                8.827966
              ],
              [
                79.917027,
                8.825616
              ]
            ]
          ],
          [
            [
              [
                79.917097,
                8.958487
              ],
              [
                79.917427,
                8.958566
              ],
              [
                79.916131,
                8.958605
              ],
              [
                79.916673,
                8.958096
              ],
              [
                79.917097,
                8.958487
              ]
            ]
          ],
          [
            [
              [
                79.917003,
                9.679331
              ],
              [
                79.917003,
                9.680742
              ],
              [
                79.915235,
                9.680154
              ],
              [
                79.915353,
                9.679919
              ],
              [
                79.917003,
                9.679331
              ]
            ]
          ],
          [
            [
              [
                79.916697,
                8.947519
              ],
              [
                79.916885,
                8.948028
              ],
              [
                79.916414,
                8.948459
              ],
              [
                79.916036,
                8.948185
              ],
              [
                79.916697,
                8.947519
              ]
            ]
          ],
          [
            [
              [
                79.915801,
                8.812062
              ],
              [
                79.915754,
                8.810613
              ],
              [
                79.915989,
                8.810104
              ],
              [
                79.916649,
                8.810495
              ],
              [
                79.915801,
                8.812062
              ]
            ]
          ],
          [
            [
              [
                79.916296,
                8.958487
              ],
              [
                79.916508,
                8.958174
              ],
              [
                79.916579,
                8.958213
              ],
              [
                79.916484,
                8.958409
              ],
              [
                79.916296,
                8.958487
              ]
            ]
          ],
          [
            [
              [
                79.916272,
                8.971963
              ],
              [
                79.916532,
                8.971845
              ],
              [
                79.915659,
                8.974274
              ],
              [
                79.915376,
                8.972198
              ],
              [
                79.916272,
                8.971963
              ]
            ]
          ],
          [
            [
              [
                79.914645,
                8.924603
              ],
              [
                79.913844,
                8.926053
              ],
              [
                79.914575,
                8.924603
              ],
              [
                79.914645,
                8.924603
              ]
            ]
          ],
          [
            [
              [
                79.913797,
                8.923546
              ],
              [
                79.91408,
                8.923663
              ],
              [
                79.913514,
                8.923859
              ],
              [
                79.913537,
                8.923507
              ],
              [
                79.913797,
                8.923546
              ]
            ]
          ],
          [
            [
              [
                79.906913,
                9.75133
              ],
              [
                79.904673,
                9.751604
              ],
              [
                79.903565,
                9.749959
              ],
              [
                79.90795,
                9.745415
              ],
              [
                79.909765,
                9.748235
              ],
              [
                79.906913,
                9.75133
              ]
            ]
          ],
          [
            [
              [
                79.904673,
                8.960603
              ],
              [
                79.902716,
                8.961934
              ],
              [
                79.897695,
                8.961269
              ],
              [
                79.898025,
                8.960211
              ],
              [
                79.895361,
                8.961151
              ],
              [
                79.894866,
                8.958213
              ],
              [
                79.891612,
                8.955236
              ],
              [
                79.901373,
                8.946657
              ],
              [
                79.903447,
                8.948107
              ],
              [
                79.902622,
                8.949282
              ],
              [
                79.904107,
                8.94842
              ],
              [
                79.907125,
                8.954413
              ],
              [
                79.907762,
                8.958762
              ],
              [
                79.904673,
                8.960603
              ]
            ]
          ],
          [
            [
              [
                79.905192,
                9.677725
              ],
              [
                79.905451,
                9.677412
              ],
              [
                79.905875,
                9.677373
              ],
              [
                79.905828,
                9.677569
              ],
              [
                79.905192,
                9.677725
              ]
            ]
          ],
          [
            [
              [
                79.901821,
                8.942427
              ],
              [
                79.901844,
                8.942035
              ],
              [
                79.902386,
                8.941761
              ],
              [
                79.902339,
                8.942388
              ],
              [
                79.901821,
                8.942427
              ]
            ]
          ],
          [
            [
              [
                79.8914,
                8.957351
              ],
              [
                79.890811,
                8.9579
              ],
              [
                79.891188,
                8.956607
              ],
              [
                79.892202,
                8.957508
              ],
              [
                79.891707,
                8.957547
              ],
              [
                79.8914,
                8.957351
              ]
            ]
          ],
          [
            [
              [
                79.864854,
                9.707457
              ],
              [
                79.864996,
                9.707379
              ],
              [
                79.864407,
                9.708162
              ],
              [
                79.864359,
                9.708045
              ],
              [
                79.864854,
                9.707457
              ]
            ]
          ],
          [
            [
              [
                79.86344,
                9.62594
              ],
              [
                79.861412,
                9.624491
              ],
              [
                79.861554,
                9.62312
              ],
              [
                79.863699,
                9.624256
              ],
              [
                79.86344,
                9.62594
              ]
            ]
          ],
          [
            [
              [
                79.855896,
                9.634636
              ],
              [
                79.851723,
                9.6335
              ],
              [
                79.853232,
                9.626528
              ],
              [
                79.853161,
                9.627781
              ],
              [
                79.855424,
                9.625156
              ],
              [
                79.853703,
                9.625587
              ],
              [
                79.85368,
                9.624099
              ],
              [
                79.858913,
                9.61838
              ],
              [
                79.860847,
                9.618145
              ],
              [
                79.86311,
                9.62261
              ],
              [
                79.862073,
                9.621944
              ],
              [
                79.861059,
                9.623472
              ],
              [
                79.862143,
                9.62641
              ],
              [
                79.85797,
                9.62927
              ],
              [
                79.855896,
                9.634636
              ]
            ]
          ],
          [
            [
              [
                79.86186,
                9.617753
              ],
              [
                79.859055,
                9.618184
              ],
              [
                79.860234,
                9.616852
              ],
              [
                79.8608,
                9.616617
              ],
              [
                79.86186,
                9.617753
              ]
            ]
          ],
          [
            [
              [
                79.860517,
                9.616656
              ],
              [
                79.860022,
                9.617009
              ],
              [
                79.859998,
                9.616539
              ],
              [
                79.860234,
                9.616421
              ],
              [
                79.860517,
                9.616656
              ]
            ]
          ],
          [
            [
              [
                79.858772,
                9.64204
              ],
              [
                79.857145,
                9.641765
              ],
              [
                79.860092,
                9.640277
              ],
              [
                79.860304,
                9.640904
              ],
              [
                79.858772,
                9.64204
              ]
            ]
          ],
          [
            [
              [
                79.858442,
                9.617165
              ],
              [
                79.858748,
                9.616735
              ],
              [
                79.858277,
                9.617714
              ],
              [
                79.858277,
                9.617518
              ],
              [
                79.858442,
                9.617165
              ]
            ]
          ],
          [
            [
              [
                79.85823,
                9.639807
              ],
              [
                79.857334,
                9.640042
              ],
              [
                79.857829,
                9.639376
              ],
              [
                79.858466,
                9.639689
              ],
              [
                79.85823,
                9.639807
              ]
            ]
          ],
          [
            [
              [
                79.853515,
                9.616656
              ],
              [
                79.855283,
                9.617087
              ],
              [
                79.852006,
                9.617831
              ],
              [
                79.852973,
                9.616813
              ],
              [
                79.853515,
                9.616656
              ]
            ]
          ],
          [
            [
              [
                79.848234,
                9.711492
              ],
              [
                79.84814,
                9.711962
              ],
              [
                79.847644,
                9.711727
              ],
              [
                79.847927,
                9.711218
              ],
              [
                79.848234,
                9.711492
              ]
            ]
          ],
          [
            [
              [
                79.842576,
                9.620338
              ],
              [
                79.842882,
                9.619986
              ],
              [
                79.843,
                9.620025
              ],
              [
                79.842906,
                9.620182
              ],
              [
                79.842576,
                9.620338
              ]
            ]
          ],
          [
            [
              [
                79.83911,
                9.623668
              ],
              [
                79.838521,
                9.624843
              ],
              [
                79.837413,
                9.624608
              ],
              [
                79.83845,
                9.62355
              ],
              [
                79.83911,
                9.623668
              ]
            ]
          ],
          [
            [
              [
                79.810608,
                8.337806
              ],
              [
                79.808392,
                8.339373
              ],
              [
                79.802686,
                8.338981
              ],
              [
                79.799433,
                8.341723
              ],
              [
                79.804973,
                8.324605
              ],
              [
                79.809146,
                8.318455
              ],
              [
                79.815606,
                8.322255
              ],
              [
                79.80884,
                8.322176
              ],
              [
                79.805445,
                8.327112
              ],
              [
                79.8095,
                8.327465
              ],
              [
                79.805893,
                8.329306
              ],
              [
                79.807873,
                8.33244
              ],
              [
                79.810065,
                8.33287
              ],
              [
                79.805138,
                8.335025
              ],
              [
                79.80528,
                8.338159
              ],
              [
                79.810608,
                8.337806
              ]
            ]
          ],
          [
            [
              [
                79.813225,
                9.689242
              ],
              [
                79.814333,
                9.689124
              ],
              [
                79.812847,
                9.690065
              ],
              [
                79.813979,
                9.694569
              ],
              [
                79.811574,
                9.70166
              ],
              [
                79.814757,
                9.710982
              ],
              [
                79.814333,
                9.716114
              ],
              [
                79.810089,
                9.70969
              ],
              [
                79.807566,
                9.69551
              ],
              [
                79.809924,
                9.686813
              ],
              [
                79.812942,
                9.685481
              ],
              [
                79.813225,
                9.689242
              ]
            ]
          ],
          [
            [
              [
                79.785759,
                8.542676
              ],
              [
                79.788023,
                8.547377
              ],
              [
                79.786019,
                8.547142
              ],
              [
                79.784722,
                8.543342
              ],
              [
                79.782671,
                8.542245
              ],
              [
                79.785571,
                8.536565
              ],
              [
                79.786137,
                8.525362
              ],
              [
                79.781846,
                8.510986
              ],
              [
                79.777838,
                8.50699
              ],
              [
                79.776258,
                8.502094
              ],
              [
                79.780196,
                8.483879
              ],
              [
                79.786254,
                8.469228
              ],
              [
                79.799739,
                8.449525
              ],
              [
                79.806152,
                8.445333
              ],
              [
                79.807944,
                8.436833
              ],
              [
                79.804973,
                8.429978
              ],
              [
                79.806034,
                8.406514
              ],
              [
                79.81049,
                8.403341
              ],
              [
                79.81313,
                8.407023
              ],
              [
                79.80825,
                8.405574
              ],
              [
                79.806388,
                8.413996
              ],
              [
                79.808132,
                8.422418
              ],
              [
                79.806906,
                8.425277
              ],
              [
                79.809783,
                8.430918
              ],
              [
                79.808957,
                8.448428
              ],
              [
                79.799716,
                8.452541
              ],
              [
                79.795826,
                8.460023
              ],
              [
                79.795873,
                8.462882
              ],
              [
                79.791158,
                8.464058
              ],
              [
                79.790239,
                8.46586
              ],
              [
                79.79236,
                8.469855
              ],
              [
                79.78715,
                8.471304
              ],
              [
                79.780243,
                8.493045
              ],
              [
                79.7826,
                8.495748
              ],
              [
                79.781728,
                8.498255
              ],
              [
                79.784251,
                8.502916
              ],
              [
                79.783685,
                8.50797
              ],
              [
                79.787999,
                8.51032
              ],
              [
                79.786726,
                8.510124
              ],
              [
                79.786325,
                8.51408
              ],
              [
                79.789626,
                8.525636
              ],
              [
                79.787999,
                8.526067
              ],
              [
                79.78682,
                8.529201
              ],
              [
                79.787103,
                8.536839
              ],
              [
                79.784746,
                8.540365
              ],
              [
                79.785759,
                8.542676
              ]
            ]
          ],
          [
            [
              [
                79.806199,
                8.17489
              ],
              [
                79.805185,
                8.175281
              ],
              [
                79.807991,
                8.164822
              ],
              [
                79.810561,
                8.161845
              ],
              [
                79.812517,
                8.165097
              ],
              [
                79.808368,
                8.168975
              ],
              [
                79.80891,
                8.172578
              ],
              [
                79.806199,
                8.17489
              ]
            ]
          ],
          [
            [
              [
                79.801225,
                9.594837
              ],
              [
                79.801979,
                9.594289
              ],
              [
                79.802333,
                9.594877
              ],
              [
                79.801437,
                9.595621
              ],
              [
                79.801225,
                9.594837
              ]
            ]
          ],
          [
            [
              [
                79.797052,
                8.305019
              ],
              [
                79.795048,
                8.305998
              ],
              [
                79.793916,
                8.30451
              ],
              [
                79.793704,
                8.299026
              ],
              [
                79.795802,
                8.295069
              ],
              [
                79.798231,
                8.294129
              ],
              [
                79.79981,
                8.294795
              ],
              [
                79.801013,
                8.298007
              ],
              [
                79.800965,
                8.299809
              ],
              [
                79.799244,
                8.300044
              ],
              [
                79.800918,
                8.298947
              ],
              [
                79.799527,
                8.299182
              ],
              [
                79.797594,
                8.296284
              ],
              [
                79.795472,
                8.296597
              ],
              [
                79.795307,
                8.298203
              ],
              [
                79.797217,
                8.2993
              ],
              [
                79.795213,
                8.300475
              ],
              [
                79.79552,
                8.305137
              ],
              [
                79.801343,
                8.303021
              ],
              [
                79.802262,
                8.30451
              ],
              [
                79.797052,
                8.305019
              ]
            ]
          ],
          [
            [
              [
                79.800164,
                9.579325
              ],
              [
                79.800612,
                9.578855
              ],
              [
                79.800848,
                9.580148
              ],
              [
                79.800541,
                9.58003
              ],
              [
                79.800164,
                9.579325
              ]
            ]
          ],
          [
            [
              [
                79.791795,
                8.282652
              ],
              [
                79.79526,
                8.283631
              ],
              [
                79.789932,
                8.28606
              ],
              [
                79.790144,
                8.284062
              ],
              [
                79.791795,
                8.282652
              ]
            ]
          ],
          [
            [
              [
                79.793256,
                9.679253
              ],
              [
                79.793516,
                9.678274
              ],
              [
                79.792714,
                9.689203
              ],
              [
                79.791064,
                9.684972
              ],
              [
                79.793256,
                9.679253
              ]
            ]
          ],
          [
            [
              [
                79.783755,
                9.686617
              ],
              [
                79.782388,
                9.687205
              ],
              [
                79.778027,
                9.68411
              ],
              [
                79.775999,
                9.679723
              ],
              [
                79.771213,
                9.675375
              ],
              [
                79.763622,
                9.658609
              ],
              [
                79.76506,
                9.653204
              ],
              [
                79.769987,
                9.65101
              ],
              [
                79.773335,
                9.652342
              ],
              [
                79.771308,
                9.646975
              ],
              [
                79.774844,
                9.644077
              ],
              [
                79.777862,
                9.644743
              ],
              [
                79.776636,
                9.645683
              ],
              [
                79.77831,
                9.646427
              ],
              [
                79.777036,
                9.647015
              ],
              [
                79.777178,
                9.650971
              ],
              [
                79.773665,
                9.652146
              ],
              [
                79.773618,
                9.6534
              ],
              [
                79.776306,
                9.655515
              ],
              [
                79.779889,
                9.655476
              ],
              [
                79.779583,
                9.658727
              ],
              [
                79.786962,
                9.665778
              ],
              [
                79.783425,
                9.669852
              ],
              [
                79.784486,
                9.67228
              ],
              [
                79.783001,
                9.679449
              ],
              [
                79.783755,
                9.686617
              ]
            ]
          ],
          [
            [
              [
                79.785736,
                8.274269
              ],
              [
                79.786584,
                8.273877
              ],
              [
                79.786938,
                8.274543
              ],
              [
                79.785759,
                8.275327
              ],
              [
                79.785736,
                8.274269
              ]
            ]
          ],
          [
            [
              [
                79.781256,
                8.270156
              ],
              [
                79.777178,
                8.275052
              ],
              [
                79.774561,
                8.271057
              ],
              [
                79.775315,
                8.266866
              ],
              [
                79.780007,
                8.262282
              ],
              [
                79.782105,
                8.262557
              ],
              [
                79.785901,
                8.267688
              ],
              [
                79.781256,
                8.270156
              ]
            ]
          ],
          [
            [
              [
                79.783661,
                8.218723
              ],
              [
                79.781398,
                8.218175
              ],
              [
                79.781563,
                8.216686
              ],
              [
                79.785476,
                8.215041
              ],
              [
                79.784722,
                8.217391
              ],
              [
                79.783661,
                8.218723
              ]
            ]
          ],
          [
            [
              [
                79.781139,
                8.240738
              ],
              [
                79.780856,
                8.241443
              ],
              [
                79.779653,
                8.240581
              ],
              [
                79.780031,
                8.240777
              ],
              [
                79.781139,
                8.240738
              ]
            ]
          ],
          [
            [
              [
                79.779441,
                8.237212
              ],
              [
                79.779253,
                8.238231
              ],
              [
                79.778239,
                8.233138
              ],
              [
                79.780054,
                8.234666
              ],
              [
                79.779441,
                8.237212
              ]
            ]
          ],
          [
            [
              [
                79.778875,
                8.187895
              ],
              [
                79.777697,
                8.191694
              ],
              [
                79.775056,
                8.192752
              ],
              [
                79.776683,
                8.190441
              ],
              [
                79.775339,
                8.187033
              ],
              [
                79.755324,
                8.173166
              ],
              [
                79.767936,
                8.18006
              ],
              [
                79.778875,
                8.187895
              ]
            ]
          ],
          [
            [
              [
                79.771991,
                9.621749
              ],
              [
                79.769563,
                9.621553
              ],
              [
                79.763339,
                9.614776
              ],
              [
                79.761595,
                9.606785
              ],
              [
                79.763386,
                9.589823
              ],
              [
                79.77376,
                9.584613
              ],
              [
                79.775905,
                9.592526
              ],
              [
                79.775622,
                9.596248
              ],
              [
                79.772982,
                9.598167
              ],
              [
                79.773382,
                9.60514
              ],
              [
                79.774655,
                9.612504
              ],
              [
                79.776589,
                9.612386
              ],
              [
                79.776589,
                9.612543
              ],
              [
                79.774797,
                9.612896
              ],
              [
                79.77482,
                9.618419
              ],
              [
                79.777296,
                9.618615
              ],
              [
                79.771991,
                9.621749
              ]
            ]
          ],
          [
            [
              [
                79.775127,
                8.24489
              ],
              [
                79.775928,
                8.244381
              ],
              [
                79.7764,
                8.245517
              ],
              [
                79.775504,
                8.245752
              ],
              [
                79.775127,
                8.24489
              ]
            ]
          ],
          [
            [
              [
                79.772204,
                8.27423
              ],
              [
                79.773665,
                8.272193
              ],
              [
                79.772039,
                8.278735
              ],
              [
                79.771638,
                8.276737
              ],
              [
                79.772204,
                8.27423
              ]
            ]
          ],
          [
            [
              [
                79.77152,
                8.214062
              ],
              [
                79.765202,
                8.212965
              ],
              [
                79.765461,
                8.210066
              ],
              [
                79.768856,
                8.20752
              ],
              [
                79.769516,
                8.208773
              ],
              [
                79.766805,
                8.210144
              ],
              [
                79.767229,
                8.212534
              ],
              [
                79.77152,
                8.214062
              ]
            ]
          ],
          [
            [
              [
                79.762373,
                8.278304
              ],
              [
                79.759968,
                8.278069
              ],
              [
                79.762986,
                8.274465
              ],
              [
                79.768903,
                8.276424
              ],
              [
                79.768172,
                8.2785
              ],
              [
                79.762373,
                8.278304
              ]
            ]
          ],
          [
            [
              [
                79.756243,
                8.177867
              ],
              [
                79.757233,
                8.179081
              ],
              [
                79.755489,
                8.180726
              ],
              [
                79.754687,
                8.179629
              ],
              [
                79.756243,
                8.177867
              ]
            ]
          ],
          [
            [
              [
                79.748204,
                8.172735
              ],
              [
                79.751363,
                8.175791
              ],
              [
                79.75075,
                8.177553
              ],
              [
                79.748275,
                8.176809
              ],
              [
                79.748204,
                8.172735
              ]
            ]
          ],
          [
            [
              [
                79.748652,
                8.178885
              ],
              [
                79.749312,
                8.179042
              ],
              [
                79.749194,
                8.180139
              ],
              [
                79.748935,
                8.179904
              ],
              [
                79.748652,
                8.178885
              ]
            ]
          ],
          [
            [
              [
                79.660787,
                9.555587
              ],
              [
                79.655765,
                9.553824
              ],
              [
                79.650814,
                9.546381
              ],
              [
                79.652229,
                9.522761
              ],
              [
                79.655671,
                9.512106
              ],
              [
                79.654846,
                9.505172
              ],
              [
                79.686437,
                9.485195
              ],
              [
                79.70367,
                9.47787
              ],
              [
                79.704519,
                9.475911
              ],
              [
                79.720055,
                9.474736
              ],
              [
                79.723403,
                9.476499
              ],
              [
                79.729367,
                9.483158
              ],
              [
                79.731513,
                9.492167
              ],
              [
                79.726161,
                9.511323
              ],
              [
                79.725548,
                9.523388
              ],
              [
                79.723497,
                9.527266
              ],
              [
                79.718263,
                9.529185
              ],
              [
                79.715623,
                9.528284
              ],
              [
                79.717556,
                9.529107
              ],
              [
                79.714939,
                9.529851
              ],
              [
                79.700794,
                9.528872
              ],
              [
                79.695772,
                9.529968
              ],
              [
                79.694099,
                9.532045
              ],
              [
                79.692755,
                9.531104
              ],
              [
                79.690539,
                9.534591
              ],
              [
                79.687356,
                9.535413
              ],
              [
                79.687427,
                9.537215
              ],
              [
                79.684951,
                9.536432
              ],
              [
                79.684126,
                9.53937
              ],
              [
                79.680213,
                9.539801
              ],
              [
                79.679718,
                9.542778
              ],
              [
                79.679223,
                9.542151
              ],
              [
                79.679364,
                9.541877
              ],
              [
                79.679128,
                9.541798
              ],
              [
                79.676983,
                9.543718
              ],
              [
                79.671089,
                9.553668
              ],
              [
                79.663639,
                9.554138
              ],
              [
                79.663686,
                9.552257
              ],
              [
                79.660787,
                9.555587
              ]
            ]
          ],
          [
            [
              [
                79.698884,
                9.094218
              ],
              [
                79.699026,
                9.094924
              ],
              [
                79.697658,
                9.092691
              ],
              [
                79.698154,
                9.092926
              ],
              [
                79.698884,
                9.094218
              ]
            ]
          ],
          [
            [
              [
                79.698507,
                9.098645
              ],
              [
                79.698814,
                9.098175
              ],
              [
                79.699144,
                9.099037
              ],
              [
                79.698696,
                9.098841
              ],
              [
                79.698507,
                9.098645
              ]
            ]
          ],
          [
            [
              [
                79.697658,
                9.094493
              ],
              [
                79.698106,
                9.09461
              ],
              [
                79.698177,
                9.094963
              ],
              [
                79.697635,
                9.094963
              ],
              [
                79.697658,
                9.094493
              ]
            ]
          ],
          [
            [
              [
                79.697941,
                9.098292
              ],
              [
                79.697776,
                9.098253
              ],
              [
                79.697729,
                9.098057
              ],
              [
                79.697989,
                9.098097
              ],
              [
                79.697941,
                9.098292
              ]
            ]
          ],
          [
            [
              [
                79.697423,
                9.09747
              ],
              [
                79.697093,
                9.09794
              ],
              [
                79.697116,
                9.096961
              ],
              [
                79.696197,
                9.095472
              ],
              [
                79.696291,
                9.094884
              ],
              [
                79.696409,
                9.095668
              ],
              [
                79.697423,
                9.096961
              ],
              [
                79.697423,
                9.09747
              ]
            ]
          ],
          [
            [
              [
                79.697611,
                9.094258
              ],
              [
                79.697541,
                9.094258
              ],
              [
                79.697493,
                9.094062
              ],
              [
                79.697588,
                9.094062
              ],
              [
                79.697611,
                9.094258
              ]
            ]
          ],
          [
            [
              [
                79.696975,
                9.090615
              ],
              [
                79.696008,
                9.09038
              ],
              [
                79.696692,
                9.089479
              ],
              [
                79.697116,
                9.090262
              ],
              [
                79.696975,
                9.090615
              ]
            ]
          ],
          [
            [
              [
                79.696102,
                9.086267
              ],
              [
                79.695678,
                9.086893
              ],
              [
                79.695678,
                9.086423
              ],
              [
                79.695985,
                9.086149
              ],
              [
                79.696102,
                9.086267
              ]
            ]
          ],
          [
            [
              [
                79.695301,
                9.088813
              ],
              [
                79.695325,
                9.088068
              ],
              [
                79.695678,
                9.087912
              ],
              [
                79.695631,
                9.089714
              ],
              [
                79.695301,
                9.088813
              ]
            ]
          ],
          [
            [
              [
                79.695796,
                9.087481
              ],
              [
                79.695183,
                9.088068
              ],
              [
                79.695159,
                9.087912
              ],
              [
                79.695372,
                9.087598
              ],
              [
                79.695796,
                9.087481
              ]
            ]
          ],
          [
            [
              [
                79.694829,
                9.079921
              ],
              [
                79.694712,
                9.079568
              ],
              [
                79.695183,
                9.07949
              ],
              [
                79.695301,
                9.079882
              ],
              [
                79.694829,
                9.079921
              ]
            ]
          ],
          [
            [
              [
                79.52372,
                9.385071
              ],
              [
                79.527539,
                9.383191
              ],
              [
                79.530109,
                9.385776
              ],
              [
                79.52992,
                9.388714
              ],
              [
                79.525394,
                9.393258
              ],
              [
                79.523107,
                9.39314
              ],
              [
                79.521527,
                9.391064
              ],
              [
                79.52372,
                9.385071
              ]
            ]
          ]
        ]
      }
    }
  ]
}