{
  "type": "FeatureCollection",
  "features": [
    {
      "id": "feature_0",
      "type": "Feature",
      "properties": {
        "id": "LK",
        "name": "Sri Lanka",
        "area_sqkm": "65972.05",
        "center_lat": "7.621831",
        "center_lng": "80.6983",
        "other_names": "\u0b87\u0bb2\u0b99\u0bcd\u0b95\u0bc8,\u0dc1\u0dca\u200d\u0dbb\u0dd3 \u0dbd\u0d82\u0d9a\u0dcf"
      },
      "geometry": {
        "type": "MultiPolygon",
        "coordinates": [
          [
            [
              [
                79.914575,
                8.924603
              ],
              [
                79.91151,
                8.938549
              ],
              [
                79.918771,
                8.934632
              ],
              [
                79.933152,
                8.898358
              ],
              [
                79.913137,
                8.820406
              ],
              [
                79.959486,
                8.723768
              ],
              [
                79.918205,
                8.552861
              ],
              [
                79.869852,
                8.533666
              ],
              [
                79.864524,
                8.452619
              ],
              [
                79.842929,
                8.422144
              ],
              [
                79.833499,
                8.291152
              ],
              [
                79.810183,
                8.238231
              ],
              [
                79.789531,
                8.233099
              ],
              [
                79.810702,
                8.22409
              ],
              [
                79.810113,
                8.222405
              ],
              [
                79.798726,
                8.222014
              ],
              [
                79.79295,
                8.228085
              ],
              [
                79.792808,
                8.226753
              ],
              [
                79.794459,
                8.223776
              ],
              [
                79.819048,
                8.205835
              ],
              [
                79.819189,
                8.163177
              ],
              [
                79.833664,
                8.150525
              ],
              [
                79.814545,
                8.099013
              ],
              [
                79.790121,
                8.086557
              ],
              [
                79.834324,
                8.018162
              ],
              [
                79.817822,
                7.993484
              ],
              [
                79.824046,
                7.976052
              ],
              [
                79.745988,
                7.994189
              ],
              [
                79.736393,
                8.017927
              ],
              [
                79.755064,
                8.063367
              ],
              [
                79.731371,
                8.084637
              ],
              [
                79.727057,
                8.122869
              ],
              [
                79.749359,
                8.182019
              ],
              [
                79.737642,
                8.201644
              ],
              [
                79.756054,
                8.224834
              ],
              [
                79.76895,
                8.217195
              ],
              [
                79.776754,
                8.261381
              ],
              [
                79.73123,
                8.228438
              ],
              [
                79.763716,
                8.268354
              ],
              [
                79.750467,
                8.264084
              ],
              [
                79.752589,
                8.285237
              ],
              [
                79.789154,
                8.383833
              ],
              [
                79.784298,
                8.383402
              ],
              [
                79.77475,
                8.376626
              ],
              [
                79.734106,
                8.233961
              ],
              [
                79.692425,
                8.208734
              ],
              [
                79.706075,
                8.057178
              ],
              [
                79.79585,
                7.712111
              ],
              [
                79.788636,
                7.545747
              ],
              [
                79.841043,
                7.274598
              ],
              [
                79.833664,
                7.19931
              ],
              [
                79.816879,
                7.203305
              ],
              [
                79.869239,
                6.974893
              ],
              [
                79.847267,
                6.937993
              ],
              [
                79.840053,
                6.960713
              ],
              [
                79.842246,
                6.945866
              ],
              [
                79.82381,
                6.944652
              ],
              [
                79.830694,
                6.965844
              ],
              [
                79.82256,
                6.957187
              ],
              [
                79.820297,
                6.93055
              ],
              [
                79.843094,
                6.927926
              ],
              [
                79.876336,
                6.781696
              ],
              [
                79.980114,
                6.516423
              ],
              [
                79.974338,
                6.459898
              ],
              [
                80.028255,
                6.330513
              ],
              [
                80.032946,
                6.268699
              ],
              [
                80.099641,
                6.131244
              ],
              [
                80.21747,
                6.023639
              ],
              [
                80.239042,
                6.032139
              ],
              [
                80.243191,
                6.00558
              ],
              [
                80.417459,
                5.954696
              ],
              [
                80.438253,
                5.972598
              ],
              [
                80.453765,
                5.941221
              ],
              [
                80.554715,
                5.942122
              ],
              [
                80.591233,
                5.918697
              ],
              [
                80.649393,
                5.955088
              ],
              [
                80.722005,
                5.959984
              ],
              [
                80.723302,
                5.978512
              ],
              [
                80.737423,
                5.971892
              ],
              [
                80.748669,
                5.998686
              ],
              [
                80.781321,
                6.006442
              ],
              [
                80.808526,
                6.037936
              ],
              [
                80.860911,
                6.042324
              ],
              [
                80.873594,
                6.059364
              ],
              [
                81.000877,
                6.10116
              ],
              [
                81.127406,
                6.119963
              ],
              [
                81.236088,
                6.179426
              ],
              [
                81.324236,
                6.198816
              ],
              [
                81.439236,
                6.294239
              ],
              [
                81.481295,
                6.310692
              ],
              [
                81.502206,
                6.349002
              ],
              [
                81.566496,
                6.372583
              ],
              [
                81.693072,
                6.486496
              ],
              [
                81.763185,
                6.595668
              ],
              [
                81.77278,
                6.670722
              ],
              [
                81.826626,
                6.764069
              ],
              [
                81.822641,
                6.813622
              ],
              [
                81.840394,
                6.836733
              ],
              [
                81.833345,
                6.856828
              ],
              [
                81.879034,
                7.022644
              ],
              [
                81.857957,
                7.103965
              ],
              [
                81.865077,
                7.328381
              ],
              [
                81.823207,
                7.436653
              ],
              [
                81.786005,
                7.601763
              ],
              [
                81.700545,
                7.751048
              ],
              [
                81.686494,
                7.76088
              ],
              [
                81.711578,
                7.729934
              ],
              [
                81.720655,
                7.657466
              ],
              [
                81.752104,
                7.636274
              ],
              [
                81.780654,
                7.583431
              ],
              [
                81.783011,
                7.519698
              ],
              [
                81.76988,
                7.497448
              ],
              [
                81.795436,
                7.474689
              ],
              [
                81.805007,
                7.498937
              ],
              [
                81.795553,
                7.439787
              ],
              [
                81.786312,
                7.451813
              ],
              [
                81.794988,
                7.466306
              ],
              [
                81.774194,
                7.484247
              ],
              [
                81.751373,
                7.458668
              ],
              [
                81.769055,
                7.482954
              ],
              [
                81.74614,
                7.509709
              ],
              [
                81.767122,
                7.501835
              ],
              [
                81.768725,
                7.511668
              ],
              [
                81.781573,
                7.521225
              ],
              [
                81.74291,
                7.530744
              ],
              [
                81.741802,
                7.547314
              ],
              [
                81.769597,
                7.537208
              ],
              [
                81.765,
                7.56028
              ],
              [
                81.745244,
                7.56314
              ],
              [
                81.770516,
                7.579709
              ],
              [
                81.749487,
                7.590207
              ],
              [
                81.722376,
                7.647516
              ],
              [
                81.711437,
                7.628518
              ],
              [
                81.704671,
                7.641445
              ],
              [
                81.689017,
                7.632866
              ],
              [
                81.685127,
                7.679167
              ],
              [
                81.670251,
                7.668317
              ],
              [
                81.650495,
                7.707763
              ],
              [
                81.635241,
                7.704355
              ],
              [
                81.65686,
                7.721395
              ],
              [
                81.619611,
                7.734792
              ],
              [
                81.609733,
                7.711562
              ],
              [
                81.577058,
                7.728994
              ],
              [
                81.567533,
                7.720611
              ],
              [
                81.600704,
                7.771182
              ],
              [
                81.666738,
                7.733421
              ],
              [
                81.672113,
                7.69229
              ],
              [
                81.687484,
                7.701456
              ],
              [
                81.677465,
                7.729425
              ],
              [
                81.700215,
                7.714226
              ],
              [
                81.706109,
                7.72492
              ],
              [
                81.620295,
                7.828609
              ],
              [
                81.581678,
                7.844826
              ],
              [
                81.563761,
                7.896298
              ],
              [
                81.582951,
                7.919997
              ],
              [
                81.55716,
                7.943109
              ],
              [
                81.515691,
                7.921564
              ],
              [
                81.519581,
                7.87918
              ],
              [
                81.551195,
                7.82712
              ],
              [
                81.514159,
                7.816113
              ],
              [
                81.513829,
                7.831116
              ],
              [
                81.547518,
                7.827433
              ],
              [
                81.523754,
                7.857753
              ],
              [
                81.504351,
                7.905347
              ],
              [
                81.521608,
                7.933394
              ],
              [
                81.549852,
                7.940601
              ],
              [
                81.539526,
                7.968727
              ],
              [
                81.553671,
                7.987882
              ],
              [
                81.50777,
                7.998067
              ],
              [
                81.470898,
                8.047463
              ],
              [
                81.412431,
                8.226166
              ],
              [
                81.353422,
                8.495983
              ],
              [
                81.318814,
                8.525479
              ],
              [
                81.28041,
                8.507264
              ],
              [
                81.278712,
                8.46535
              ],
              [
                81.230713,
                8.460532
              ],
              [
                81.205204,
                8.46915
              ],
              [
                81.190753,
                8.505541
              ],
              [
                81.170714,
                8.514002
              ],
              [
                81.127948,
                8.493084
              ],
              [
                81.120003,
                8.508831
              ],
              [
                81.152419,
                8.546358
              ],
              [
                81.177551,
                8.525832
              ],
              [
                81.184765,
                8.536056
              ],
              [
                81.185755,
                8.512004
              ],
              [
                81.213055,
                8.50938
              ],
              [
                81.191649,
                8.544282
              ],
              [
                81.20636,
                8.553958
              ],
              [
                81.191861,
                8.555368
              ],
              [
                81.200206,
                8.578871
              ],
              [
                81.203483,
                8.568334
              ],
              [
                81.219939,
                8.584394
              ],
              [
                81.207515,
                8.565357
              ],
              [
                81.22423,
                8.575933
              ],
              [
                81.23307,
                8.565592
              ],
              [
                81.227342,
                8.535586
              ],
              [
                81.24606,
                8.54628
              ],
              [
                81.246037,
                8.582631
              ],
              [
                81.233023,
                8.580124
              ],
              [
                81.22008,
                8.608093
              ],
              [
                81.225055,
                8.65416
              ],
              [
                81.111563,
                8.803366
              ],
              [
                81.079713,
                8.868666
              ],
              [
                81.067383,
                8.857267
              ],
              [
                81.048594,
                8.870899
              ],
              [
                80.9732,
                8.975214
              ],
              [
                80.877696,
                9.13578
              ],
              [
                80.811497,
                9.291136
              ],
              [
                80.35904,
                9.667384
              ],
              [
                80.24701,
                9.828499
              ],
              [
                80.209714,
                9.835863
              ],
              [
                80.100725,
                9.808873
              ],
              [
                80.026746,
                9.823015
              ],
              [
                80.036247,
                9.817805
              ],
              [
                79.910402,
                9.774794
              ],
              [
                79.920044,
                9.744318
              ],
              [
                79.894064,
                9.741262
              ],
              [
                79.901184,
                9.767194
              ],
              [
                79.863416,
                9.762141
              ],
              [
                79.850049,
                9.712667
              ],
              [
                79.880131,
                9.704088
              ],
              [
                79.893805,
                9.740792
              ],
              [
                79.919974,
                9.744083
              ],
              [
                79.93973,
                9.692963
              ],
              [
                79.966323,
                9.706243
              ],
              [
                79.980633,
                9.684659
              ],
              [
                79.997748,
                9.688224
              ],
              [
                80.00534,
                9.663232
              ],
              [
                79.986008,
                9.637221
              ],
              [
                79.98391,
                9.61979
              ],
              [
                79.983415,
                9.621043
              ],
              [
                79.980869,
                9.622258
              ],
              [
                79.984523,
                9.635224
              ],
              [
                79.924099,
                9.659824
              ],
              [
                79.930417,
                9.681486
              ],
              [
                79.899463,
                9.670048
              ],
              [
                79.886779,
                9.699074
              ],
              [
                79.841138,
                9.703187
              ],
              [
                79.868909,
                9.639023
              ],
              [
                79.892508,
                9.623668
              ],
              [
                79.862379,
                9.607177
              ],
              [
                79.844438,
                9.619437
              ],
              [
                79.822183,
                9.610075
              ],
              [
                79.812588,
                9.626958
              ],
              [
                79.808769,
                9.590098
              ],
              [
                79.799975,
                9.589079
              ],
              [
                79.789626,
                9.600987
              ],
              [
                79.798136,
                9.579286
              ],
              [
                79.80304,
                9.58904
              ],
              [
                79.8037,
                9.576779
              ],
              [
                79.856249,
                9.567965
              ],
              [
                79.862238,
                9.606981
              ],
              [
                79.92219,
                9.633226
              ],
              [
                79.969788,
                9.612621
              ],
              [
                79.983037,
                9.621043
              ],
              [
                79.977639,
                9.605218
              ],
              [
                79.964837,
                9.608313
              ],
              [
                79.967148,
                9.605061
              ],
              [
                79.975446,
                9.600086
              ],
              [
                79.987847,
                9.597266
              ],
              [
                80.006236,
                9.615168
              ],
              [
                79.995226,
                9.64815
              ],
              [
                80.005175,
                9.662683
              ],
              [
                80.134603,
                9.608822
              ],
              [
                80.077433,
                9.644233
              ],
              [
                80.076749,
                9.659863
              ],
              [
                80.179915,
                9.59233
              ],
              [
                80.208582,
                9.583595
              ],
              [
                80.172394,
                9.604121
              ],
              [
                80.181801,
                9.623159
              ],
              [
                80.17494,
                9.61787
              ],
              [
                80.159263,
                9.624177
              ],
              [
                80.161149,
                9.625509
              ],
              [
                80.171923,
                9.622845
              ],
              [
                80.155066,
                9.645996
              ],
              [
                80.169683,
                9.656416
              ],
              [
                80.336195,
                9.566633
              ],
              [
                80.396666,
                9.504311
              ],
              [
                80.392328,
                9.482923
              ],
              [
                80.349091,
                9.462397
              ],
              [
                80.33992,
                9.473874
              ],
              [
                80.336525,
                9.455346
              ],
              [
                80.279615,
                9.455424
              ],
              [
                80.249721,
                9.469213
              ],
              [
                80.277941,
                9.475715
              ],
              [
                80.248872,
                9.496124
              ],
              [
                80.248307,
                9.506348
              ],
              [
                80.284471,
                9.49585
              ],
              [
                80.264503,
                9.513555
              ],
              [
                80.196323,
                9.537489
              ],
              [
                80.196535,
                9.552649
              ],
              [
                80.17006,
                9.543522
              ],
              [
                80.060364,
                9.611133
              ],
              [
                80.051854,
                9.598794
              ],
              [
                80.143656,
                9.53843
              ],
              [
                80.185361,
                9.4821
              ],
              [
                80.146768,
                9.437248
              ],
              [
                80.053928,
                9.391299
              ],
              [
                80.063264,
                9.331014
              ],
              [
                80.122155,
                9.299519
              ],
              [
                80.10999,
                9.275233
              ],
              [
                80.118737,
                9.211774
              ],
              [
                80.041151,
                9.015874
              ],
              [
                79.990912,
                8.995466
              ],
              [
                79.954158,
                8.943367
              ],
              [
                79.923062,
                8.947362
              ],
              [
                79.925184,
                8.932203
              ],
              [
                79.909789,
                8.945247
              ],
              [
                79.904555,
                8.948146
              ],
              [
                79.914033,
                8.941291
              ],
              [
                79.910944,
                8.939136
              ],
              [
                79.910402,
                8.932125
              ],
              [
                79.911251,
                8.927659
              ],
              [
                79.912807,
                8.924682
              ],
              [
                79.915848,
                8.921901
              ],
              [
                79.916744,
                8.923037
              ],
              [
                79.914645,
                8.924603
              ],
              [
                79.914575,
                8.924603
              ]
            ],
            [
              [
                81.815192,
                7.469009
              ],
              [
                81.816347,
                7.464544
              ],
              [
                81.81538,
                7.465092
              ],
              [
                81.813447,
                7.468187
              ],
              [
                81.811467,
                7.476138
              ],
              [
                81.809534,
                7.477274
              ],
              [
                81.805714,
                7.499524
              ],
              [
                81.808213,
                7.496665
              ],
              [
                81.815192,
                7.469009
              ]
            ],
            [
              [
                81.377988,
                8.18006
              ],
              [
                81.383717,
                8.199999
              ],
              [
                81.399418,
                8.19283
              ],
              [
                81.404321,
                8.150015
              ],
              [
                81.434191,
                8.097133
              ],
              [
                81.433932,
                8.153619
              ],
              [
                81.447346,
                8.116092
              ],
              [
                81.435606,
                8.073081
              ],
              [
                81.446639,
                8.065482
              ],
              [
                81.430985,
                8.070574
              ],
              [
                81.435299,
                8.093137
              ],
              [
                81.407575,
                8.105712
              ],
              [
                81.404816,
                8.13278
              ],
              [
                81.386145,
                8.139909
              ],
              [
                81.377988,
                8.18006
              ]
            ]
          ],
          [
            [
              [
                81.771082,
                7.53709
              ],
              [
                81.770823,
                7.536855
              ],
              [
                81.771082,
                7.536346
              ],
              [
                81.771554,
                7.536855
              ],
              [
                81.771082,
                7.53709
              ]
            ]
          ],
          [
            [
              [
                81.731004,
                7.634315
              ],
              [
                81.732631,
                7.634629
              ],
              [
                81.731759,
                7.636313
              ],
              [
                81.731169,
                7.635882
              ],
              [
                81.731004,
                7.634315
              ]
            ]
          ],
          [
            [
              [
                81.726666,
                7.637527
              ],
              [
                81.728411,
                7.636901
              ],
              [
                81.727774,
                7.642463
              ],
              [
                81.72603,
                7.641288
              ],
              [
                81.726666,
                7.637527
              ]
            ]
          ],
          [
            [
              [
                81.698612,
                7.703924
              ],
              [
                81.690691,
                7.69511
              ],
              [
                81.695948,
                7.670471
              ],
              [
                81.709433,
                7.687511
              ],
              [
                81.698612,
                7.703924
              ]
            ]
          ],
          [
            [
              [
                81.702855,
                7.6483
              ],
              [
                81.704529,
                7.652491
              ],
              [
                81.701205,
                7.656134
              ],
              [
                81.697975,
                7.652256
              ],
              [
                81.702855,
                7.6483
              ]
            ]
          ],
          [
            [
              [
                81.698117,
                7.714226
              ],
              [
                81.685197,
                7.712542
              ],
              [
                81.689889,
                7.703101
              ],
              [
                81.700686,
                7.70835
              ],
              [
                81.698117,
                7.714226
              ]
            ]
          ],
          [
            [
              [
                81.694745,
                7.649161
              ],
              [
                81.694156,
                7.647634
              ],
              [
                81.695594,
                7.647007
              ],
              [
                81.695806,
                7.64783
              ],
              [
                81.694745,
                7.649161
              ]
            ]
          ],
          [
            [
              [
                81.66629,
                7.702435
              ],
              [
                81.660231,
                7.70267
              ],
              [
                81.658887,
                7.699419
              ],
              [
                81.662707,
                7.696638
              ],
              [
                81.66629,
                7.702435
              ]
            ]
          ],
          [
            [
              [
                81.525758,
                7.930769
              ],
              [
                81.522622,
                7.92885
              ],
              [
                81.530025,
                7.928497
              ],
              [
                81.52366,
                7.929046
              ],
              [
                81.525758,
                7.930769
              ]
            ]
          ],
          [
            [
              [
                81.524909,
                7.931592
              ],
              [
                81.523282,
                7.931866
              ],
              [
                81.52175,
                7.929007
              ],
              [
                81.523518,
                7.931749
              ],
              [
                81.524909,
                7.931592
              ]
            ]
          ],
          [
            [
              [
                81.518473,
                7.893086
              ],
              [
                81.518944,
                7.888777
              ],
              [
                81.520925,
                7.883959
              ],
              [
                81.522386,
                7.886936
              ],
              [
                81.518473,
                7.893086
              ]
            ]
          ],
          [
            [
              [
                81.518379,
                7.906718
              ],
              [
                81.519015,
                7.906287
              ],
              [
                81.518992,
                7.90754
              ],
              [
                81.518874,
                7.907031
              ],
              [
                81.518379,
                7.906718
              ]
            ]
          ],
          [
            [
              [
                81.517058,
                7.904054
              ],
              [
                81.516681,
                7.903153
              ],
              [
                81.518261,
                7.905151
              ],
              [
                81.517176,
                7.904602
              ],
              [
                81.517058,
                7.904054
              ]
            ]
          ],
          [
            [
              [
                81.516115,
                7.914121
              ],
              [
                81.513263,
                7.913338
              ],
              [
                81.516045,
                7.907188
              ],
              [
                81.518214,
                7.909969
              ],
              [
                81.516115,
                7.914121
              ]
            ]
          ],
          [
            [
              [
                81.517459,
                7.895005
              ],
              [
                81.515031,
                7.897826
              ],
              [
                81.515833,
                7.891049
              ],
              [
                81.517223,
                7.892459
              ],
              [
                81.517459,
                7.895005
              ]
            ]
          ],
          [
            [
              [
                81.513051,
                7.911732
              ],
              [
                81.513121,
                7.911536
              ],
              [
                81.513451,
                7.911105
              ],
              [
                81.513004,
                7.912398
              ],
              [
                81.513051,
                7.911732
              ]
            ]
          ],
          [
            [
              [
                81.509184,
                7.902174
              ],
              [
                81.510057,
                7.901821
              ],
              [
                81.510505,
                7.902095
              ],
              [
                81.509868,
                7.902761
              ],
              [
                81.509184,
                7.902174
              ]
            ]
          ],
          [
            [
              [
                81.464391,
                8.110922
              ],
              [
                81.463212,
                8.112488
              ],
              [
                81.462222,
                8.110452
              ],
              [
                81.463566,
                8.110177
              ],
              [
                81.464391,
                8.110922
              ]
            ]
          ],
          [
            [
              [
                81.440745,
                8.111235
              ],
              [
                81.444942,
                8.1148
              ],
              [
                81.444399,
                8.118286
              ],
              [
                81.440439,
                8.113624
              ],
              [
                81.440745,
                8.111235
              ]
            ]
          ],
          [
            [
              [
                80.61172,
                5.928098
              ],
              [
                80.612569,
                5.928333
              ],
              [
                80.611508,
                5.928255
              ],
              [
                80.610989,
                5.927824
              ],
              [
                80.611743,
                5.927393
              ],
              [
                80.61172,
                5.928098
              ]
            ]
          ],
          [
            [
              [
                80.425569,
                5.968132
              ],
              [
                80.42564,
                5.967662
              ],
              [
                80.426064,
                5.96774
              ],
              [
                80.426088,
                5.968054
              ],
              [
                80.425569,
                5.968132
              ]
            ]
          ],
          [
            [
              [
                80.388415,
                9.48351
              ],
              [
                80.387307,
                9.48355
              ],
              [
                80.387566,
                9.483197
              ],
              [
                80.389004,
                9.48355
              ],
              [
                80.388415,
                9.48351
              ]
            ]
          ],
          [
            [
              [
                80.387118,
                9.483236
              ],
              [
                80.386599,
                9.483471
              ],
              [
                80.383252,
                9.483119
              ],
              [
                80.385656,
                9.482884
              ],
              [
                80.387118,
                9.483236
              ]
            ]
          ],
          [
            [
              [
                80.385491,
                9.481943
              ],
              [
                80.383935,
                9.482061
              ],
              [
                80.385232,
                9.481473
              ],
              [
                80.386953,
                9.482061
              ],
              [
                80.385491,
                9.481943
              ]
            ]
          ],
          [
            [
              [
                80.383676,
                9.482022
              ],
              [
                80.382757,
                9.4821
              ],
              [
                80.382403,
                9.481317
              ],
              [
                80.382969,
                9.480964
              ],
              [
                80.383676,
                9.482022
              ]
            ]
          ],
          [
            [
              [
                80.381931,
                9.484215
              ],
              [
                80.381248,
                9.484098
              ],
              [
                80.38113,
                9.48163
              ],
              [
                80.383605,
                9.482453
              ],
              [
                80.381931,
                9.484215
              ]
            ]
          ],
          [
            [
              [
                80.380045,
                9.479476
              ],
              [
                80.379645,
                9.480181
              ],
              [
                80.37889,
                9.479985
              ],
              [
                80.37955,
                9.47928
              ],
              [
                80.380045,
                9.479476
              ]
            ]
          ],
          [
            [
              [
                80.37955,
                9.483785
              ],
              [
                80.379904,
                9.483863
              ],
              [
                80.378843,
                9.483824
              ],
              [
                80.378159,
                9.483236
              ],
              [
                80.378725,
                9.483667
              ],
              [
                80.37955,
                9.483785
              ]
            ]
          ],
          [
            [
              [
                80.378749,
                9.482844
              ],
              [
                80.378537,
                9.482609
              ],
              [
                80.3779,
                9.482766
              ],
              [
                80.379079,
                9.482374
              ],
              [
                80.378749,
                9.482844
              ]
            ]
          ],
          [
            [
              [
                80.378654,
                9.479671
              ],
              [
                80.378254,
                9.480847
              ],
              [
                80.37724,
                9.479084
              ],
              [
                80.377853,
                9.478575
              ],
              [
                80.378654,
                9.479671
              ]
            ]
          ],
          [
            [
              [
                80.377499,
                9.48069
              ],
              [
                80.377334,
                9.481473
              ],
              [
                80.375802,
                9.480612
              ],
              [
                80.374765,
                9.478222
              ],
              [
                80.377311,
                9.479632
              ],
              [
                80.376486,
                9.480807
              ],
              [
                80.377499,
                9.48069
              ]
            ]
          ],
          [
            [
              [
                80.377381,
                9.478653
              ],
              [
                80.376438,
                9.478575
              ],
              [
                80.375519,
                9.477713
              ],
              [
                80.375307,
                9.476969
              ],
              [
                80.375896,
                9.477948
              ],
              [
                80.377381,
                9.478653
              ]
            ]
          ],
          [
            [
              [
                80.377193,
                9.477752
              ],
              [
                80.37757,
                9.47783
              ],
              [
                80.377264,
                9.478614
              ],
              [
                80.376651,
                9.477791
              ],
              [
                80.377193,
                9.477752
              ]
            ]
          ],
          [
            [
              [
                80.376085,
                9.477008
              ],
              [
                80.376438,
                9.476929
              ],
              [
                80.376745,
                9.477635
              ],
              [
                80.376085,
                9.47736
              ],
              [
                80.376085,
                9.477008
              ]
            ]
          ],
          [
            [
              [
                80.37533,
                9.481317
              ],
              [
                80.373185,
                9.480612
              ],
              [
                80.372218,
                9.476773
              ],
              [
                80.373468,
                9.480494
              ],
              [
                80.37533,
                9.481317
              ]
            ]
          ],
          [
            [
              [
                80.374128,
                9.476851
              ],
              [
                80.37335,
                9.477204
              ],
              [
                80.370167,
                9.474697
              ],
              [
                80.373091,
                9.476773
              ],
              [
                80.374128,
                9.476851
              ]
            ]
          ],
          [
            [
              [
                80.369342,
                9.474109
              ],
              [
                80.369507,
                9.474501
              ],
              [
                80.369083,
                9.4736
              ],
              [
                80.369177,
                9.473639
              ],
              [
                80.369342,
                9.474109
              ]
            ]
          ],
          [
            [
              [
                80.367786,
                9.473286
              ],
              [
                80.368022,
                9.47313
              ],
              [
                80.369107,
                9.474227
              ],
              [
                80.368682,
                9.47407
              ],
              [
                80.367786,
                9.473286
              ]
            ]
          ],
          [
            [
              [
                80.368659,
                9.473247
              ],
              [
                80.36847,
                9.473482
              ],
              [
                80.368234,
                9.473208
              ],
              [
                80.368305,
                9.473169
              ],
              [
                80.368659,
                9.473247
              ]
            ]
          ],
          [
            [
              [
                80.367527,
                9.472385
              ],
              [
                80.367055,
                9.472581
              ],
              [
                80.361303,
                9.470035
              ],
              [
                80.364674,
                9.470623
              ],
              [
                80.367527,
                9.472385
              ]
            ]
          ],
          [
            [
              [
                80.360855,
                9.469448
              ],
              [
                80.361232,
                9.469291
              ],
              [
                80.360478,
                9.469918
              ],
              [
                80.359841,
                9.469643
              ],
              [
                80.359959,
                9.46933
              ],
              [
                80.360855,
                9.469448
              ]
            ]
          ],
          [
            [
              [
                80.359983,
                9.469213
              ],
              [
                80.359158,
                9.469173
              ],
              [
                80.359865,
                9.468233
              ],
              [
                80.36036,
                9.468782
              ],
              [
                80.359983,
                9.469213
              ]
            ]
          ],
          [
            [
              [
                80.358946,
                9.543365
              ],
              [
                80.357885,
                9.542895
              ],
              [
                80.359865,
                9.542464
              ],
              [
                80.359818,
                9.542856
              ],
              [
                80.358946,
                9.543365
              ]
            ]
          ],
          [
            [
              [
                80.353146,
                9.549006
              ],
              [
                80.350435,
                9.549672
              ],
              [
                80.358757,
                9.544266
              ],
              [
                80.358498,
                9.544932
              ],
              [
                80.353146,
                9.549006
              ]
            ]
          ],
          [
            [
              [
                80.352085,
                9.466
              ],
              [
                80.351519,
                9.466784
              ],
              [
                80.351401,
                9.466431
              ],
              [
                80.351519,
                9.465883
              ],
              [
                80.352085,
                9.466
              ]
            ]
          ],
          [
            [
              [
                80.351732,
                9.467332
              ],
              [
                80.351755,
                9.467215
              ],
              [
                80.351873,
                9.467215
              ],
              [
                80.351849,
                9.467371
              ],
              [
                80.351732,
                9.467332
              ]
            ]
          ],
          [
            [
              [
                80.351378,
                9.467136
              ],
              [
                80.351331,
                9.467489
              ],
              [
                80.350859,
                9.467371
              ],
              [
                80.351119,
                9.467097
              ],
              [
                80.351378,
                9.467136
              ]
            ]
          ],
          [
            [
              [
                80.350741,
                9.466588
              ],
              [
                80.350859,
                9.46651
              ],
              [
                80.351119,
                9.466784
              ],
              [
                80.350906,
                9.466862
              ],
              [
                80.350741,
                9.466588
              ]
            ]
          ],
          [
            [
              [
                80.350576,
                9.467176
              ],
              [
                80.350694,
                9.467097
              ],
              [
                80.350671,
                9.467293
              ],
              [
                80.3506,
                9.467293
              ],
              [
                80.350576,
                9.467176
              ]
            ]
          ],
          [
            [
              [
                80.350411,
                9.466666
              ],
              [
                80.3506,
                9.466588
              ],
              [
                80.350647,
                9.466862
              ],
              [
                80.350506,
                9.466862
              ],
              [
                80.350411,
                9.466666
              ]
            ]
          ],
          [
            [
              [
                80.350034,
                9.466901
              ],
              [
                80.350246,
                9.466862
              ],
              [
                80.349775,
                9.467176
              ],
              [
                80.349775,
                9.467058
              ],
              [
                80.350034,
                9.466901
              ]
            ]
          ],
          [
            [
              [
                80.349256,
                9.46506
              ],
              [
                80.349515,
                9.465021
              ],
              [
                80.349869,
                9.465413
              ],
              [
                80.349563,
                9.465374
              ],
              [
                80.349256,
                9.46506
              ]
            ]
          ],
          [
            [
              [
                80.34968,
                9.549829
              ],
              [
                80.349845,
                9.549907
              ],
              [
                80.349657,
                9.550103
              ],
              [
                80.349539,
                9.549985
              ],
              [
                80.34968,
                9.549829
              ]
            ]
          ],
          [
            [
              [
                80.348219,
                9.551474
              ],
              [
                80.347747,
                9.551552
              ],
              [
                80.347771,
                9.551435
              ],
              [
                80.348997,
                9.550495
              ],
              [
                80.348219,
                9.551278
              ],
              [
                80.348219,
                9.551474
              ]
            ]
          ],
          [
            [
              [
                80.337681,
                9.469134
              ],
              [
                80.338034,
                9.468899
              ],
              [
                80.338529,
                9.468664
              ],
              [
                80.337751,
                9.469369
              ],
              [
                80.337681,
                9.469134
              ]
            ]
          ],
          [
            [
              [
                80.336172,
                9.463102
              ],
              [
                80.336502,
                9.462906
              ],
              [
                80.336384,
                9.463493
              ],
              [
                80.336148,
                9.463415
              ],
              [
                80.336172,
                9.463102
              ]
            ]
          ],
          [
            [
              [
                80.336054,
                9.458793
              ],
              [
                80.335936,
                9.458636
              ],
              [
                80.335936,
                9.458597
              ],
              [
                80.33603,
                9.458636
              ],
              [
                80.336054,
                9.458793
              ]
            ]
          ],
          [
            [
              [
                80.335865,
                9.458989
              ],
              [
                80.335818,
                9.458832
              ],
              [
                80.33603,
                9.459067
              ],
              [
                80.335865,
                9.459106
              ],
              [
                80.335865,
                9.458989
              ]
            ]
          ],
          [
            [
              [
                80.335677,
                9.463258
              ],
              [
                80.335842,
                9.463063
              ],
              [
                80.335912,
                9.463376
              ],
              [
                80.335724,
                9.463415
              ],
              [
                80.335677,
                9.463258
              ]
            ]
          ],
          [
            [
              [
                80.335747,
                9.463807
              ],
              [
                80.335677,
                9.463689
              ],
              [
                80.3357,
                9.463533
              ],
              [
                80.335818,
                9.463689
              ],
              [
                80.335747,
                9.463807
              ]
            ]
          ],
          [
            [
              [
                80.33563,
                9.462945
              ],
              [
                80.335582,
                9.462749
              ],
              [
                80.335653,
                9.462671
              ],
              [
                80.335747,
                9.462828
              ],
              [
                80.33563,
                9.462945
              ]
            ]
          ],
          [
            [
              [
                80.335347,
                9.463493
              ],
              [
                80.335323,
                9.463337
              ],
              [
                80.335441,
                9.463298
              ],
              [
                80.335441,
                9.463533
              ],
              [
                80.335347,
                9.463493
              ]
            ]
          ],
          [
            [
              [
                80.335229,
                9.462906
              ],
              [
                80.335111,
                9.462788
              ],
              [
                80.335111,
                9.462749
              ],
              [
                80.335182,
                9.462749
              ],
              [
                80.335229,
                9.462906
              ]
            ]
          ],
          [
            [
              [
                80.334969,
                9.463258
              ],
              [
                80.334922,
                9.463102
              ],
              [
                80.335064,
                9.463102
              ],
              [
                80.335087,
                9.46318
              ],
              [
                80.334969,
                9.463258
              ]
            ]
          ],
          [
            [
              [
                80.334663,
                9.46318
              ],
              [
                80.334569,
                9.463141
              ],
              [
                80.334616,
                9.463023
              ],
              [
                80.334663,
                9.463141
              ],
              [
                80.334663,
                9.46318
              ]
            ]
          ],
          [
            [
              [
                80.329264,
                9.464551
              ],
              [
                80.327355,
                9.463924
              ],
              [
                80.332093,
                9.463102
              ],
              [
                80.333673,
                9.464159
              ],
              [
                80.33181,
                9.463807
              ],
              [
                80.329264,
                9.464551
              ]
            ]
          ],
          [
            [
              [
                80.33049,
                9.455267
              ],
              [
                80.330584,
                9.455189
              ],
              [
                80.330749,
                9.455228
              ],
              [
                80.330584,
                9.455502
              ],
              [
                80.33049,
                9.455267
              ]
            ]
          ],
          [
            [
              [
                80.327708,
                9.464904
              ],
              [
                80.326765,
                9.465335
              ],
              [
                80.326765,
                9.464238
              ],
              [
                80.327284,
                9.463963
              ],
              [
                80.327708,
                9.464904
              ]
            ]
          ],
          [
            [
              [
                80.32594,
                9.465413
              ],
              [
                80.325091,
                9.465374
              ],
              [
                80.326624,
                9.464708
              ],
              [
                80.326647,
                9.465256
              ],
              [
                80.32594,
                9.465413
              ]
            ]
          ],
          [
            [
              [
                80.303921,
                9.483667
              ],
              [
                80.31196,
                9.468233
              ],
              [
                80.325021,
                9.465335
              ],
              [
                80.32495,
                9.465844
              ],
              [
                80.322475,
                9.467724
              ],
              [
                80.307386,
                9.478614
              ],
              [
                80.303921,
                9.483667
              ]
            ],
            [
              [
                80.308094,
                9.477243
              ],
              [
                80.307764,
                9.476929
              ],
              [
                80.306443,
                9.478966
              ],
              [
                80.307599,
                9.477948
              ],
              [
                80.308094,
                9.477243
              ]
            ]
          ],
          [
            [
              [
                80.318844,
                9.464042
              ],
              [
                80.317076,
                9.466157
              ],
              [
                80.311394,
                9.463376
              ],
              [
                80.319292,
                9.460908
              ],
              [
                80.318844,
                9.464042
              ]
            ]
          ],
          [
            [
              [
                80.313681,
                9.467881
              ],
              [
                80.312384,
                9.467842
              ],
              [
                80.31842,
                9.467215
              ],
              [
                80.317736,
                9.46792
              ],
              [
                80.313681,
                9.467881
              ]
            ]
          ],
          [
            [
              [
                80.318278,
                9.4698
              ],
              [
                80.318042,
                9.470035
              ],
              [
                80.317359,
                9.469918
              ],
              [
                80.318184,
                9.469565
              ],
              [
                80.318278,
                9.4698
              ]
            ]
          ],
          [
            [
              [
                80.31071,
                9.467489
              ],
              [
                80.311371,
                9.468116
              ],
              [
                80.31071,
                9.467842
              ],
              [
                80.310522,
                9.467528
              ],
              [
                80.310569,
                9.467371
              ],
              [
                80.310687,
                9.467293
              ],
              [
                80.3113,
                9.467489
              ],
              [
                80.31071,
                9.467489
              ]
            ]
          ],
          [
            [
              [
                80.310734,
                9.473992
              ],
              [
                80.310805,
                9.473443
              ],
              [
                80.311229,
                9.473482
              ],
              [
                80.310899,
                9.47407
              ],
              [
                80.310734,
                9.473992
              ]
            ]
          ],
          [
            [
              [
                80.309673,
                9.464159
              ],
              [
                80.30616,
                9.463846
              ],
              [
                80.309343,
                9.463846
              ],
              [
                80.310593,
                9.464199
              ],
              [
                80.309673,
                9.464159
              ]
            ]
          ],
          [
            [
              [
                80.30807,
                9.465726
              ],
              [
                80.309084,
                9.46651
              ],
              [
                80.305736,
                9.464825
              ],
              [
                80.307292,
                9.465139
              ],
              [
                80.30807,
                9.465726
              ]
            ]
          ],
          [
            [
              [
                80.305995,
                9.584692
              ],
              [
                80.304557,
                9.584888
              ],
              [
                80.304369,
                9.584613
              ],
              [
                80.30609,
                9.583908
              ],
              [
                80.305995,
                9.584692
              ]
            ]
          ],
          [
            [
              [
                80.305123,
                9.465099
              ],
              [
                80.305689,
                9.465452
              ],
              [
                80.304581,
                9.466353
              ],
              [
                80.304204,
                9.46557
              ],
              [
                80.305123,
                9.465099
              ]
            ]
          ],
          [
            [
              [
                80.304463,
                9.463063
              ],
              [
                80.304887,
                9.463219
              ],
              [
                80.305335,
                9.463611
              ],
              [
                80.304322,
                9.463376
              ],
              [
                80.304463,
                9.463063
              ]
            ]
          ],
          [
            [
              [
                80.300738,
                9.469095
              ],
              [
                80.303449,
                9.465217
              ],
              [
                80.303992,
                9.467097
              ],
              [
                80.303119,
                9.468077
              ],
              [
                80.300738,
                9.469095
              ]
            ]
          ],
          [
            [
              [
                80.303355,
                9.482531
              ],
              [
                80.303166,
                9.481278
              ],
              [
                80.304109,
                9.480925
              ],
              [
                80.30385,
                9.482218
              ],
              [
                80.303355,
                9.482531
              ]
            ]
          ],
          [
            [
              [
                80.303638,
                9.585005
              ],
              [
                80.303944,
                9.585044
              ],
              [
                80.303473,
                9.585319
              ],
              [
                80.303402,
                9.584927
              ],
              [
                80.303638,
                9.585005
              ]
            ]
          ],
          [
            [
              [
                80.302601,
                9.46177
              ],
              [
                80.302718,
                9.46177
              ],
              [
                80.302978,
                9.461966
              ],
              [
                80.302412,
                9.461927
              ],
              [
                80.302601,
                9.46177
              ]
            ]
          ],
          [
            [
              [
                80.300314,
                9.462436
              ],
              [
                80.299772,
                9.462397
              ],
              [
                80.301021,
                9.461848
              ],
              [
                80.302271,
                9.462279
              ],
              [
                80.300927,
                9.462005
              ],
              [
                80.300314,
                9.462436
              ]
            ]
          ],
          [
            [
              [
                80.301021,
                9.586063
              ],
              [
                80.301493,
                9.585514
              ],
              [
                80.301823,
                9.585671
              ],
              [
                80.301705,
                9.585906
              ],
              [
                80.301021,
                9.586063
              ]
            ]
          ],
          [
            [
              [
                80.300597,
                9.585554
              ],
              [
                80.300455,
                9.585749
              ],
              [
                80.299371,
                9.585671
              ],
              [
                80.300856,
                9.584692
              ],
              [
                80.300597,
                9.585554
              ]
            ]
          ],
          [
            [
              [
                80.300644,
                9.586102
              ],
              [
                80.300856,
                9.58712
              ],
              [
                80.297343,
                9.587003
              ],
              [
                80.298475,
                9.585984
              ],
              [
                80.300644,
                9.586102
              ]
            ]
          ],
          [
            [
              [
                80.30062,
                9.463415
              ],
              [
                80.300314,
                9.464238
              ],
              [
                80.29996,
                9.463415
              ],
              [
                80.300573,
                9.463298
              ],
              [
                80.300715,
                9.463493
              ],
              [
                80.30062,
                9.463415
              ]
            ]
          ],
          [
            [
              [
                80.300479,
                9.464708
              ],
              [
                80.299701,
                9.46459
              ],
              [
                80.29996,
                9.464434
              ],
              [
                80.300408,
                9.464551
              ],
              [
                80.300597,
                9.464747
              ],
              [
                80.300479,
                9.464708
              ]
            ]
          ],
          [
            [
              [
                80.299724,
                9.465178
              ],
              [
                80.300267,
                9.465256
              ],
              [
                80.300102,
                9.46604
              ],
              [
                80.299748,
                9.465609
              ],
              [
                80.299724,
                9.465178
              ]
            ]
          ],
          [
            [
              [
                80.299489,
                9.46271
              ],
              [
                80.298381,
                9.462867
              ],
              [
                80.298664,
                9.462592
              ],
              [
                80.299276,
                9.462592
              ],
              [
                80.29996,
                9.462867
              ],
              [
                80.299889,
                9.462906
              ],
              [
                80.299489,
                9.46271
              ]
            ]
          ],
          [
            [
              [
                80.299347,
                9.466784
              ],
              [
                80.297108,
                9.466627
              ],
              [
                80.296943,
                9.464943
              ],
              [
                80.299347,
                9.464943
              ],
              [
                80.299347,
                9.466784
              ]
            ]
          ],
          [
            [
              [
                80.297886,
                9.462318
              ],
              [
                80.297508,
                9.462357
              ],
              [
                80.297249,
                9.462592
              ],
              [
                80.297438,
                9.462279
              ],
              [
                80.297886,
                9.462318
              ]
            ]
          ],
          [
            [
              [
                80.295151,
                9.4613
              ],
              [
                80.294703,
                9.46032
              ],
              [
                80.297555,
                9.459537
              ],
              [
                80.295858,
                9.461496
              ],
              [
                80.294891,
                9.460516
              ],
              [
                80.295151,
                9.4613
              ]
            ]
          ],
          [
            [
              [
                80.29574,
                9.462632
              ],
              [
                80.296471,
                9.46318
              ],
              [
                80.297273,
                9.46459
              ],
              [
                80.296943,
                9.464512
              ],
              [
                80.29574,
                9.462632
              ]
            ]
          ],
          [
            [
              [
                80.296589,
                9.46792
              ],
              [
                80.296754,
                9.467646
              ],
              [
                80.297225,
                9.467606
              ],
              [
                80.296825,
                9.468116
              ],
              [
                80.296589,
                9.46792
              ]
            ]
          ],
          [
            [
              [
                80.296212,
                9.467136
              ],
              [
                80.296612,
                9.467058
              ],
              [
                80.29706,
                9.46745
              ],
              [
                80.296282,
                9.467371
              ],
              [
                80.296212,
                9.467136
              ]
            ]
          ],
          [
            [
              [
                80.296235,
                9.467763
              ],
              [
                80.296542,
                9.467646
              ],
              [
                80.296282,
                9.468233
              ],
              [
                80.296047,
                9.467959
              ],
              [
                80.296235,
                9.467763
              ]
            ]
          ],
          [
            [
              [
                80.295056,
                9.467254
              ],
              [
                80.295269,
                9.468272
              ],
              [
                80.295174,
                9.468938
              ],
              [
                80.293783,
                9.467802
              ],
              [
                80.295056,
                9.467254
              ]
            ]
          ],
          [
            [
              [
                80.293453,
                9.47168
              ],
              [
                80.2902,
                9.474227
              ],
              [
                80.289398,
                9.470153
              ],
              [
                80.293713,
                9.468272
              ],
              [
                80.293453,
                9.47168
              ]
            ]
          ],
          [
            [
              [
                80.288974,
                9.46792
              ],
              [
                80.290506,
                9.459655
              ],
              [
                80.293595,
                9.465295
              ],
              [
                80.293335,
                9.466549
              ],
              [
                80.291591,
                9.467802
              ],
              [
                80.288974,
                9.46792
              ]
            ]
          ],
          [
            [
              [
                80.292935,
                9.460203
              ],
              [
                80.293312,
                9.460281
              ],
              [
                80.293053,
                9.46036
              ],
              [
                80.292817,
                9.460281
              ],
              [
                80.292935,
                9.460203
              ]
            ]
          ],
          [
            [
              [
                80.29086,
                9.460007
              ],
              [
                80.290719,
                9.459694
              ],
              [
                80.292628,
                9.46032
              ],
              [
                80.29152,
                9.460908
              ],
              [
                80.29086,
                9.460007
              ]
            ]
          ],
          [
            [
              [
                80.291992,
                9.465139
              ],
              [
                80.29211,
                9.464864
              ],
              [
                80.292275,
                9.465413
              ],
              [
                80.292204,
                9.465413
              ],
              [
                80.291992,
                9.465139
              ]
            ]
          ],
          [
            [
              [
                80.290059,
                9.467411
              ],
              [
                80.290365,
                9.46745
              ],
              [
                80.289941,
                9.467763
              ],
              [
                80.289846,
                9.467567
              ],
              [
                80.290059,
                9.467411
              ]
            ]
          ],
          [
            [
              [
                80.288833,
                9.45844
              ],
              [
                80.289611,
                9.459145
              ],
              [
                80.289587,
                9.459224
              ],
              [
                80.288903,
                9.459224
              ],
              [
                80.288833,
                9.45844
              ]
            ]
          ],
          [
            [
              [
                80.28822,
                9.460634
              ],
              [
                80.28895,
                9.459968
              ],
              [
                80.28855,
                9.462906
              ],
              [
                80.287772,
                9.462475
              ],
              [
                80.28822,
                9.460634
              ]
            ]
          ],
          [
            [
              [
                80.287253,
                9.460438
              ],
              [
                80.288102,
                9.45985
              ],
              [
                80.285202,
                9.462436
              ],
              [
                80.285226,
                9.461848
              ],
              [
                80.287253,
                9.460438
              ]
            ]
          ],
          [
            [
              [
                80.287347,
                9.46318
              ],
              [
                80.287512,
                9.462867
              ],
              [
                80.287677,
                9.462788
              ],
              [
                80.28756,
                9.463572
              ],
              [
                80.287347,
                9.46318
              ]
            ]
          ],
          [
            [
              [
                80.287324,
                9.463885
              ],
              [
                80.287536,
                9.463728
              ],
              [
                80.287418,
                9.464238
              ],
              [
                80.287229,
                9.46412
              ],
              [
                80.287324,
                9.463885
              ]
            ]
          ],
          [
            [
              [
                80.283528,
                9.494008
              ],
              [
                80.287489,
                9.496711
              ],
              [
                80.265352,
                9.495458
              ],
              [
                80.278766,
                9.489582
              ],
              [
                80.283528,
                9.494008
              ]
            ]
          ],
          [
            [
              [
                80.286923,
                9.468037
              ],
              [
                80.286452,
                9.467998
              ],
              [
                80.286216,
                9.466862
              ],
              [
                80.286475,
                9.467058
              ],
              [
                80.286923,
                9.468037
              ]
            ]
          ],
          [
            [
              [
                80.284707,
                9.476264
              ],
              [
                80.280063,
                9.474579
              ],
              [
                80.281666,
                9.474148
              ],
              [
                80.282868,
                9.474227
              ],
              [
                80.286782,
                9.475402
              ],
              [
                80.284707,
                9.476264
              ]
            ]
          ],
          [
            [
              [
                80.286357,
                9.464277
              ],
              [
                80.286687,
                9.464042
              ],
              [
                80.286711,
                9.464551
              ],
              [
                80.286381,
                9.464629
              ],
              [
                80.286357,
                9.464277
              ]
            ]
          ],
          [
            [
              [
                80.285909,
                9.465883
              ],
              [
                80.283905,
                9.465099
              ],
              [
                80.283953,
                9.463219
              ],
              [
                80.284778,
                9.462592
              ],
              [
                80.284471,
                9.463023
              ],
              [
                80.285909,
                9.465883
              ]
            ]
          ],
          [
            [
              [
                80.282279,
                9.477674
              ],
              [
                80.280958,
                9.47783
              ],
              [
                80.28301,
                9.476538
              ],
              [
                80.283057,
                9.476734
              ],
              [
                80.282279,
                9.477674
              ]
            ]
          ],
          [
            [
              [
                80.282679,
                9.459498
              ],
              [
                80.280864,
                9.459576
              ],
              [
                80.281383,
                9.459185
              ],
              [
                80.28209,
                9.459145
              ],
              [
                80.282679,
                9.459498
              ]
            ]
          ],
          [
            [
              [
                80.280558,
                9.460634
              ],
              [
                80.280133,
                9.460791
              ],
              [
                80.280015,
                9.460556
              ],
              [
                80.280393,
                9.460399
              ],
              [
                80.280558,
                9.460634
              ]
            ]
          ],
          [
            [
              [
                80.279662,
                9.463807
              ],
              [
                80.279355,
                9.46604
              ],
              [
                80.278955,
                9.465648
              ],
              [
                80.278224,
                9.464159
              ],
              [
                80.278153,
                9.461966
              ],
              [
                80.280039,
                9.462788
              ],
              [
                80.279662,
                9.463807
              ]
            ],
            [
              [
                80.278271,
                9.46318
              ],
              [
                80.279143,
                9.463102
              ],
              [
                80.279544,
                9.462592
              ],
              [
                80.278365,
                9.462044
              ],
              [
                80.278271,
                9.46318
              ]
            ]
          ],
          [
            [
              [
                80.277917,
                9.477752
              ],
              [
                80.278389,
                9.477439
              ],
              [
                80.278412,
                9.477439
              ],
              [
                80.278247,
                9.477987
              ],
              [
                80.277917,
                9.477752
              ]
            ]
          ],
          [
            [
              [
                80.277681,
                9.473443
              ],
              [
                80.276102,
                9.473952
              ],
              [
                80.275913,
                9.473874
              ],
              [
                80.276432,
                9.472895
              ],
              [
                80.277681,
                9.473443
              ]
            ]
          ],
          [
            [
              [
                80.277304,
                9.493225
              ],
              [
                80.27721,
                9.493029
              ],
              [
                80.27721,
                9.492951
              ],
              [
                80.277351,
                9.49299
              ],
              [
                80.277304,
                9.493225
              ]
            ]
          ],
          [
            [
              [
                80.275748,
                9.465648
              ],
              [
                80.276408,
                9.465413
              ],
              [
                80.275253,
                9.466079
              ],
              [
                80.274428,
                9.466314
              ],
              [
                80.275017,
                9.466079
              ],
              [
                80.275748,
                9.465648
              ]
            ]
          ],
          [
            [
              [
                80.275961,
                9.466431
              ],
              [
                80.27622,
                9.465961
              ],
              [
                80.276385,
                9.466314
              ],
              [
                80.27563,
                9.467371
              ],
              [
                80.275489,
                9.466941
              ],
              [
                80.275961,
                9.466431
              ]
            ]
          ],
          [
            [
              [
                80.274782,
                9.469173
              ],
              [
                80.275654,
                9.469683
              ],
              [
                80.275748,
                9.469957
              ],
              [
                80.273862,
                9.468703
              ],
              [
                80.274782,
                9.469173
              ]
            ]
          ],
          [
            [
              [
                80.275206,
                9.467724
              ],
              [
                80.274947,
                9.468547
              ],
              [
                80.274169,
                9.46745
              ],
              [
                80.27497,
                9.467371
              ],
              [
                80.275206,
                9.467724
              ]
            ]
          ],
          [
            [
              [
                80.274287,
                9.470858
              ],
              [
                80.272165,
                9.470897
              ],
              [
                80.273296,
                9.469839
              ],
              [
                80.274782,
                9.470662
              ],
              [
                80.274287,
                9.470858
              ]
            ]
          ],
          [
            [
              [
                80.272872,
                9.467998
              ],
              [
                80.27365,
                9.468037
              ],
              [
                80.273462,
                9.469526
              ],
              [
                80.273155,
                9.469565
              ],
              [
                80.272872,
                9.467998
              ]
            ]
          ],
          [
            [
              [
                80.272943,
                9.468507
              ],
              [
                80.272825,
                9.46839
              ],
              [
                80.272778,
                9.468116
              ],
              [
                80.272943,
                9.468194
              ],
              [
                80.272943,
                9.468507
              ]
            ]
          ],
          [
            [
              [
                80.271882,
                9.46886
              ],
              [
                80.2658,
                9.469448
              ],
              [
                80.266059,
                9.469017
              ],
              [
                80.269171,
                9.467176
              ],
              [
                80.269171,
                9.466901
              ],
              [
                80.271882,
                9.46886
              ]
            ]
          ],
          [
            [
              [
                80.269265,
                9.466666
              ],
              [
                80.268487,
                9.466784
              ],
              [
                80.26943,
                9.466235
              ],
              [
                80.271528,
                9.466275
              ],
              [
                80.271458,
                9.466549
              ],
              [
                80.27042,
                9.466353
              ],
              [
                80.26976,
                9.466745
              ],
              [
                80.269265,
                9.466666
              ]
            ]
          ],
          [
            [
              [
                80.269548,
                9.476146
              ],
              [
                80.269477,
                9.475715
              ],
              [
                80.269807,
                9.475598
              ],
              [
                80.270114,
                9.476303
              ],
              [
                80.269548,
                9.476146
              ]
            ]
          ],
          [
            [
              [
                80.267073,
                9.485978
              ],
              [
                80.267921,
                9.486135
              ],
              [
                80.266978,
                9.48684
              ],
              [
                80.26679,
                9.486566
              ],
              [
                80.267073,
                9.485978
              ]
            ]
          ],
          [
            [
              [
                80.267214,
                9.48445
              ],
              [
                80.266719,
                9.484921
              ],
              [
                80.26613,
                9.483354
              ],
              [
                80.267803,
                9.483902
              ],
              [
                80.267214,
                9.48445
              ]
            ]
          ],
          [
            [
              [
                80.265517,
                9.484059
              ],
              [
                80.265635,
                9.483471
              ],
              [
                80.2662,
                9.48402
              ],
              [
                80.266059,
                9.48445
              ],
              [
                80.265517,
                9.484059
              ]
            ]
          ],
          [
            [
              [
                80.264055,
                9.467293
              ],
              [
                80.259151,
                9.466706
              ],
              [
                80.263796,
                9.46318
              ],
              [
                80.264456,
                9.463846
              ],
              [
                80.264314,
                9.465021
              ],
              [
                80.263088,
                9.466627
              ],
              [
                80.264055,
                9.467293
              ]
            ]
          ],
          [
            [
              [
                80.264173,
                9.495732
              ],
              [
                80.26323,
                9.496124
              ],
              [
                80.262075,
                9.494753
              ],
              [
                80.264998,
                9.494909
              ],
              [
                80.264173,
                9.495732
              ]
            ]
          ],
          [
            [
              [
                80.264267,
                9.4982
              ],
              [
                80.264126,
                9.498004
              ],
              [
                80.26455,
                9.498161
              ],
              [
                80.264503,
                9.498317
              ],
              [
                80.264267,
                9.4982
              ]
            ]
          ],
          [
            [
              [
                80.263395,
                9.487114
              ],
              [
                80.262971,
                9.486644
              ],
              [
                80.263631,
                9.487153
              ],
              [
                80.263371,
                9.487663
              ],
              [
                80.263395,
                9.487114
              ]
            ]
          ],
          [
            [
              [
                80.262452,
                9.498082
              ],
              [
                80.262499,
                9.498043
              ],
              [
                80.262735,
                9.498043
              ],
              [
                80.26264,
                9.498161
              ],
              [
                80.262452,
                9.498082
              ]
            ]
          ],
          [
            [
              [
                80.262075,
                9.498513
              ],
              [
                80.262216,
                9.498709
              ],
              [
                80.26158,
                9.498552
              ],
              [
                80.261768,
                9.498317
              ],
              [
                80.262075,
                9.498513
              ]
            ]
          ],
          [
            [
              [
                80.261792,
                9.495693
              ],
              [
                80.262051,
                9.495693
              ],
              [
                80.262169,
                9.49585
              ],
              [
                80.262004,
                9.49585
              ],
              [
                80.261792,
                9.495693
              ]
            ]
          ],
          [
            [
              [
                80.261532,
                9.495105
              ],
              [
                80.261297,
                9.494988
              ],
              [
                80.261391,
                9.494792
              ],
              [
                80.261862,
                9.495184
              ],
              [
                80.261532,
                9.495105
              ]
            ]
          ],
          [
            [
              [
                80.261014,
                9.48778
              ],
              [
                80.260943,
                9.487388
              ],
              [
                80.261768,
                9.488015
              ],
              [
                80.261367,
                9.488015
              ],
              [
                80.261014,
                9.48778
              ]
            ]
          ],
          [
            [
              [
                80.26099,
                9.497534
              ],
              [
                80.261367,
                9.498513
              ],
              [
                80.259741,
                9.497495
              ],
              [
                80.260424,
                9.497299
              ],
              [
                80.26099,
                9.497534
              ]
            ]
          ],
          [
            [
              [
                80.260589,
                9.496829
              ],
              [
                80.260919,
                9.496868
              ],
              [
                80.261108,
                9.497221
              ],
              [
                80.260519,
                9.49726
              ],
              [
                80.260589,
                9.496829
              ]
            ]
          ],
          [
            [
              [
                80.260519,
                9.494557
              ],
              [
                80.260825,
                9.494518
              ],
              [
                80.26099,
                9.494753
              ],
              [
                80.260637,
                9.494714
              ],
              [
                80.260519,
                9.494557
              ]
            ]
          ],
          [
            [
              [
                80.259387,
                9.471837
              ],
              [
                80.259906,
                9.471994
              ],
              [
                80.259953,
                9.472307
              ],
              [
                80.259387,
                9.472268
              ],
              [
                80.259387,
                9.471837
              ]
            ]
          ],
          [
            [
              [
                80.259411,
                9.470701
              ],
              [
                80.259882,
                9.471132
              ],
              [
                80.258279,
                9.47074
              ],
              [
                80.258491,
                9.470623
              ],
              [
                80.259411,
                9.470701
              ]
            ]
          ],
          [
            [
              [
                80.25644,
                9.494243
              ],
              [
                80.253305,
                9.494714
              ],
              [
                80.259694,
                9.493656
              ],
              [
                80.258609,
                9.494557
              ],
              [
                80.25644,
                9.494243
              ]
            ]
          ],
          [
            [
              [
                80.25901,
                9.471485
              ],
              [
                80.259081,
                9.471798
              ],
              [
                80.258656,
                9.471054
              ],
              [
                80.258821,
                9.471289
              ],
              [
                80.25901,
                9.471485
              ]
            ]
          ],
          [
            [
              [
                80.257737,
                9.491031
              ],
              [
                80.258821,
                9.491149
              ],
              [
                80.258821,
                9.492167
              ],
              [
                80.258538,
                9.492207
              ],
              [
                80.257737,
                9.491031
              ]
            ]
          ],
          [
            [
              [
                80.257808,
                9.471445
              ],
              [
                80.258185,
                9.471445
              ],
              [
                80.258373,
                9.471759
              ],
              [
                80.258138,
                9.471524
              ],
              [
                80.257808,
                9.471445
              ]
            ]
          ],
          [
            [
              [
                80.257525,
                9.498827
              ],
              [
                80.257572,
                9.498552
              ],
              [
                80.257855,
                9.499336
              ],
              [
                80.257642,
                9.499258
              ],
              [
                80.257525,
                9.498827
              ]
            ]
          ],
          [
            [
              [
                80.257477,
                9.490992
              ],
              [
                80.257477,
                9.491776
              ],
              [
                80.256699,
                9.491384
              ],
              [
                80.256888,
                9.490953
              ],
              [
                80.257477,
                9.490992
              ]
            ]
          ],
          [
            [
              [
                80.256912,
                9.498631
              ],
              [
                80.257171,
                9.498357
              ],
              [
                80.257336,
                9.498983
              ],
              [
                80.25703,
                9.498787
              ],
              [
                80.256912,
                9.498631
              ]
            ]
          ],
          [
            [
              [
                80.256747,
                9.489974
              ],
              [
                80.257124,
                9.490013
              ],
              [
                80.257195,
                9.49064
              ],
              [
                80.256558,
                9.490326
              ],
              [
                80.256747,
                9.489974
              ]
            ]
          ],
          [
            [
              [
                80.257077,
                9.471406
              ],
              [
                80.257195,
                9.471524
              ],
              [
                80.253823,
                9.473091
              ],
              [
                80.255167,
                9.472229
              ],
              [
                80.257077,
                9.471406
              ]
            ]
          ],
          [
            [
              [
                80.256865,
                9.490796
              ],
              [
                80.255144,
                9.490914
              ],
              [
                80.255144,
                9.490561
              ],
              [
                80.255686,
                9.490365
              ],
              [
                80.256865,
                9.490796
              ]
            ]
          ],
          [
            [
              [
                80.254483,
                9.491188
              ],
              [
                80.254483,
                9.490914
              ],
              [
                80.255049,
                9.491071
              ],
              [
                80.254931,
                9.491345
              ],
              [
                80.254483,
                9.491188
              ]
            ]
          ],
          [
            [
              [
                80.253281,
                9.471014
              ],
              [
                80.253446,
                9.470544
              ],
              [
                80.253611,
                9.470466
              ],
              [
                80.253658,
                9.470779
              ],
              [
                80.253281,
                9.471014
              ]
            ]
          ],
          [
            [
              [
                80.252338,
                9.497926
              ],
              [
                80.252126,
                9.496946
              ],
              [
                80.253352,
                9.496202
              ],
              [
                80.252951,
                9.497534
              ],
              [
                80.252338,
                9.497926
              ]
            ]
          ],
          [
            [
              [
                80.226452,
                9.534747
              ],
              [
                80.225226,
                9.535061
              ],
              [
                80.224802,
                9.534669
              ],
              [
                80.2265,
                9.533416
              ],
              [
                80.226452,
                9.534747
              ]
            ]
          ],
          [
            [
              [
                80.224566,
                9.536158
              ],
              [
                80.224779,
                9.536667
              ],
              [
                80.223788,
                9.537254
              ],
              [
                80.223906,
                9.536353
              ],
              [
                80.224566,
                9.536158
              ]
            ]
          ],
          [
            [
              [
                80.22228,
                9.538273
              ],
              [
                80.218932,
                9.538273
              ],
              [
                80.222963,
                9.53651
              ],
              [
                80.223317,
                9.537607
              ],
              [
                80.22228,
                9.538273
              ]
            ]
          ],
          [
            [
              [
                80.218107,
                9.538547
              ],
              [
                80.218508,
                9.538312
              ],
              [
                80.218814,
                9.539448
              ],
              [
                80.218225,
                9.539291
              ],
              [
                80.218107,
                9.538547
              ]
            ]
          ],
          [
            [
              [
                80.206932,
                9.536275
              ],
              [
                80.203466,
                9.536706
              ],
              [
                80.212048,
                9.5313
              ],
              [
                80.209714,
                9.536275
              ],
              [
                80.206932,
                9.536275
              ]
            ]
          ],
          [
            [
              [
                80.197243,
                9.594367
              ],
              [
                80.196087,
                9.594563
              ],
              [
                80.199836,
                9.592761
              ],
              [
                80.203372,
                9.592644
              ],
              [
                80.201745,
                9.59327
              ],
              [
                80.199765,
                9.593192
              ],
              [
                80.197243,
                9.594367
              ]
            ]
          ],
          [
            [
              [
                80.202948,
                9.537803
              ],
              [
                80.20217,
                9.537842
              ],
              [
                80.202688,
                9.53698
              ],
              [
                80.203113,
                9.537098
              ],
              [
                80.202948,
                9.537803
              ]
            ]
          ],
          [
            [
              [
                80.202594,
                9.627468
              ],
              [
                80.200496,
                9.626684
              ],
              [
                80.198799,
                9.627037
              ],
              [
                80.200755,
                9.62547
              ],
              [
                80.202594,
                9.627468
              ]
            ]
          ],
          [
            [
              [
                80.201298,
                9.638906
              ],
              [
                80.199034,
                9.639337
              ],
              [
                80.199317,
                9.63918
              ],
              [
                80.199553,
                9.639102
              ],
              [
                80.201298,
                9.638906
              ]
            ]
          ],
          [
            [
              [
                80.201628,
                9.617792
              ],
              [
                80.201557,
                9.6174
              ],
              [
                80.201745,
                9.617283
              ],
              [
                80.202052,
                9.617714
              ],
              [
                80.201628,
                9.617792
              ]
            ]
          ],
          [
            [
              [
                80.201203,
                9.542621
              ],
              [
                80.198846,
                9.542073
              ],
              [
                80.20092,
                9.539056
              ],
              [
                80.201863,
                9.541524
              ],
              [
                80.201203,
                9.542621
              ]
            ]
          ],
          [
            [
              [
                80.197691,
                9.596992
              ],
              [
                80.196512,
                9.595229
              ],
              [
                80.200661,
                9.594211
              ],
              [
                80.200991,
                9.595072
              ],
              [
                80.197691,
                9.596992
              ]
            ]
          ],
          [
            [
              [
                80.199388,
                9.589823
              ],
              [
                80.196795,
                9.591939
              ],
              [
                80.193612,
                9.592213
              ],
              [
                80.197667,
                9.589784
              ],
              [
                80.199388,
                9.589823
              ]
            ]
          ],
          [
            [
              [
                80.198327,
                9.601301
              ],
              [
                80.194649,
                9.602202
              ],
              [
                80.194249,
                9.59946
              ],
              [
                80.197266,
                9.601222
              ],
              [
                80.198327,
                9.601301
              ]
            ]
          ],
          [
            [
              [
                80.195852,
                9.642118
              ],
              [
                80.196842,
                9.641178
              ],
              [
                80.198846,
                9.639493
              ],
              [
                80.195639,
                9.642471
              ],
              [
                80.195852,
                9.642118
              ]
            ]
          ],
          [
            [
              [
                80.196087,
                9.598833
              ],
              [
                80.197431,
                9.599381
              ],
              [
                80.196865,
                9.599381
              ],
              [
                80.19571,
                9.598715
              ],
              [
                80.196087,
                9.598833
              ]
            ]
          ],
          [
            [
              [
                80.195074,
                9.598794
              ],
              [
                80.195875,
                9.599107
              ],
              [
                80.195144,
                9.599068
              ],
              [
                80.194484,
                9.598441
              ],
              [
                80.195074,
                9.598794
              ]
            ]
          ],
          [
            [
              [
                80.194767,
                9.644351
              ],
              [
                80.194979,
                9.643293
              ],
              [
                80.195569,
                9.642588
              ],
              [
                80.194932,
                9.643685
              ],
              [
                80.194767,
                9.644351
              ]
            ]
          ],
          [
            [
              [
                80.191938,
                9.61885
              ],
              [
                80.192693,
                9.618732
              ],
              [
                80.193541,
                9.618145
              ],
              [
                80.194225,
                9.618106
              ],
              [
                80.195286,
                9.619006
              ],
              [
                80.191938,
                9.61885
              ]
            ]
          ],
          [
            [
              [
                80.194673,
                9.544932
              ],
              [
                80.19472,
                9.545128
              ],
              [
                80.194508,
                9.545206
              ],
              [
                80.194437,
                9.54505
              ],
              [
                80.194673,
                9.544932
              ]
            ]
          ],
          [
            [
              [
                80.192268,
                9.62406
              ],
              [
                80.191396,
                9.624491
              ],
              [
                80.191679,
                9.623707
              ],
              [
                80.194249,
                9.622963
              ],
              [
                80.193777,
                9.624177
              ],
              [
                80.192268,
                9.62406
              ]
            ]
          ],
          [
            [
              [
                80.19281,
                9.600439
              ],
              [
                80.189887,
                9.602084
              ],
              [
                80.18463,
                9.596091
              ],
              [
                80.192504,
                9.595973
              ],
              [
                80.19281,
                9.600439
              ]
            ]
          ],
          [
            [
              [
                80.193188,
                9.600204
              ],
              [
                80.19281,
                9.600243
              ],
              [
                80.192928,
                9.599577
              ],
              [
                80.193164,
                9.599851
              ],
              [
                80.193188,
                9.600204
              ]
            ]
          ],
          [
            [
              [
                80.191137,
                9.613797
              ],
              [
                80.181966,
                9.606667
              ],
              [
                80.178995,
                9.606981
              ],
              [
                80.187105,
                9.605218
              ],
              [
                80.191137,
                9.613797
              ]
            ]
          ],
          [
            [
              [
                80.193093,
                9.618066
              ],
              [
                80.192952,
                9.618106
              ],
              [
                80.192881,
                9.617949
              ],
              [
                80.19307,
                9.61787
              ],
              [
                80.193093,
                9.618066
              ]
            ]
          ],
          [
            [
              [
                80.192551,
                9.618145
              ],
              [
                80.192339,
                9.618223
              ],
              [
                80.192268,
                9.618184
              ],
              [
                80.192693,
                9.618027
              ],
              [
                80.192551,
                9.618145
              ]
            ]
          ],
          [
            [
              [
                80.190359,
                9.614541
              ],
              [
                80.187034,
                9.617792
              ],
              [
                80.1785,
                9.608665
              ],
              [
                80.182225,
                9.611877
              ],
              [
                80.190359,
                9.614541
              ]
            ]
          ],
          [
            [
              [
                80.189816,
                9.594641
              ],
              [
                80.18786,
                9.594955
              ],
              [
                80.190099,
                9.594328
              ],
              [
                80.191514,
                9.594524
              ],
              [
                80.189816,
                9.594641
              ]
            ]
          ],
          [
            [
              [
                80.189604,
                9.62308
              ],
              [
                80.187907,
                9.62359
              ],
              [
                80.191137,
                9.621827
              ],
              [
                80.191113,
                9.622885
              ],
              [
                80.189604,
                9.62308
              ]
            ]
          ],
          [
            [
              [
                80.187082,
                9.622924
              ],
              [
                80.186115,
                9.623472
              ],
              [
                80.185667,
                9.622806
              ],
              [
                80.186587,
                9.622101
              ],
              [
                80.187082,
                9.622924
              ]
            ]
          ],
          [
            [
              [
                80.181541,
                9.615638
              ],
              [
                80.18008,
                9.61411
              ],
              [
                80.182909,
                9.613992
              ],
              [
                80.183475,
                9.615481
              ],
              [
                80.181541,
                9.615638
              ]
            ]
          ],
          [
            [
              [
                80.181541,
                9.627938
              ],
              [
                80.181801,
                9.627938
              ],
              [
                80.181848,
                9.628016
              ],
              [
                80.181518,
                9.628212
              ],
              [
                80.181541,
                9.627938
              ]
            ]
          ],
          [
            [
              [
                80.181306,
                9.604278
              ],
              [
                80.181376,
                9.604121
              ],
              [
                80.18173,
                9.60416
              ],
              [
                80.181612,
                9.604356
              ],
              [
                80.181306,
                9.604278
              ]
            ]
          ],
          [
            [
              [
                80.181211,
                9.617244
              ],
              [
                80.180905,
                9.617988
              ],
              [
                80.181117,
                9.616186
              ],
              [
                80.181424,
                9.61693
              ],
              [
                80.181211,
                9.617244
              ]
            ]
          ],
          [
            [
              [
                80.181117,
                9.628682
              ],
              [
                80.181188,
                9.6288
              ],
              [
                80.179962,
                9.630171
              ],
              [
                80.18015,
                9.629583
              ],
              [
                80.181117,
                9.628682
              ]
            ]
          ],
          [
            [
              [
                80.180858,
                9.605884
              ],
              [
                80.180999,
                9.605492
              ],
              [
                80.181235,
                9.605492
              ],
              [
                80.181235,
                9.60557
              ],
              [
                80.180858,
                9.605884
              ]
            ]
          ],
          [
            [
              [
                80.181023,
                9.604748
              ],
              [
                80.180952,
                9.604787
              ],
              [
                80.180811,
                9.60463
              ],
              [
                80.180928,
                9.60463
              ],
              [
                80.181023,
                9.604748
              ]
            ]
          ],
          [
            [
              [
                80.180834,
                9.604944
              ],
              [
                80.180646,
                9.604905
              ],
              [
                80.180551,
                9.604865
              ],
              [
                80.180787,
                9.604826
              ],
              [
                80.180834,
                9.604944
              ]
            ]
          ],
          [
            [
              [
                80.180787,
                9.605179
              ],
              [
                80.180551,
                9.6051
              ],
              [
                80.180504,
                9.605022
              ],
              [
                80.180763,
                9.605061
              ],
              [
                80.180787,
                9.605179
              ]
            ]
          ],
          [
            [
              [
                80.180245,
                9.605649
              ],
              [
                80.179538,
                9.605375
              ],
              [
                80.180292,
                9.604944
              ],
              [
                80.18074,
                9.605375
              ],
              [
                80.180245,
                9.605649
              ]
            ]
          ],
          [
            [
              [
                80.180481,
                9.606001
              ],
              [
                80.180386,
                9.606041
              ],
              [
                80.180316,
                9.605845
              ],
              [
                80.180433,
                9.605884
              ],
              [
                80.180481,
                9.606001
              ]
            ]
          ],
          [
            [
              [
                80.178642,
                9.605257
              ],
              [
                80.178877,
                9.604826
              ],
              [
                80.179113,
                9.604748
              ],
              [
                80.178783,
                9.605218
              ],
              [
                80.178642,
                9.605257
              ]
            ]
          ],
          [
            [
              [
                80.178972,
                9.60655
              ],
              [
                80.179042,
                9.606628
              ],
              [
                80.178547,
                9.606628
              ],
              [
                80.178736,
                9.606511
              ],
              [
                80.178972,
                9.60655
              ]
            ]
          ],
          [
            [
              [
                80.178547,
                9.605766
              ],
              [
                80.178524,
                9.605688
              ],
              [
                80.178665,
                9.605727
              ],
              [
                80.178595,
                9.605766
              ],
              [
                80.178547,
                9.605766
              ]
            ]
          ],
          [
            [
              [
                80.1785,
                9.626057
              ],
              [
                80.177887,
                9.626214
              ],
              [
                80.17817,
                9.625548
              ],
              [
                80.178477,
                9.625705
              ],
              [
                80.1785,
                9.626057
              ]
            ]
          ],
          [
            [
              [
                80.178453,
                9.62927
              ],
              [
                80.177321,
                9.629661
              ],
              [
                80.176708,
                9.630288
              ],
              [
                80.176756,
                9.629309
              ],
              [
                80.178453,
                9.62927
              ]
            ]
          ],
          [
            [
              [
                80.178359,
                9.60467
              ],
              [
                80.177934,
                9.60463
              ],
              [
                80.177699,
                9.604983
              ],
              [
                80.177769,
                9.604278
              ],
              [
                80.178359,
                9.60467
              ]
            ]
          ],
          [
            [
              [
                80.177722,
                9.606511
              ],
              [
                80.177699,
                9.606432
              ],
              [
                80.177958,
                9.606197
              ],
              [
                80.177982,
                9.606393
              ],
              [
                80.177722,
                9.606511
              ]
            ]
          ],
          [
            [
              [
                80.177628,
                9.606785
              ],
              [
                80.177628,
                9.606667
              ],
              [
                80.177769,
                9.606667
              ],
              [
                80.177652,
                9.606824
              ],
              [
                80.177628,
                9.606785
              ]
            ]
          ],
          [
            [
              [
                80.177062,
                9.60557
              ],
              [
                80.177439,
                9.605884
              ],
              [
                80.177298,
                9.606236
              ],
              [
                80.176968,
                9.60561
              ],
              [
                80.177062,
                9.60557
              ]
            ]
          ],
          [
            [
              [
                80.175129,
                9.628212
              ],
              [
                80.175105,
                9.627977
              ],
              [
                80.175648,
                9.628839
              ],
              [
                80.175388,
                9.628682
              ],
              [
                80.175129,
                9.628212
              ]
            ]
          ],
          [
            [
              [
                80.173903,
                9.631228
              ],
              [
                80.174846,
                9.631698
              ],
              [
                80.174681,
                9.63256
              ],
              [
                80.174398,
                9.631737
              ],
              [
                80.173903,
                9.631228
              ]
            ]
          ],
          [
            [
              [
                80.168764,
                9.645643
              ],
              [
                80.164261,
                9.642745
              ],
              [
                80.164921,
                9.639572
              ],
              [
                80.173267,
                9.64298
              ],
              [
                80.168764,
                9.645643
              ]
            ]
          ],
          [
            [
              [
                80.163907,
                9.639023
              ],
              [
                80.162115,
                9.640434
              ],
              [
                80.161172,
                9.640003
              ],
              [
                80.162941,
                9.636634
              ],
              [
                80.163907,
                9.639023
              ]
            ]
          ],
          [
            [
              [
                80.164662,
                9.648464
              ],
              [
                80.165487,
                9.648503
              ],
              [
                80.165628,
                9.64866
              ],
              [
                80.164827,
                9.64866
              ],
              [
                80.164662,
                9.648464
              ]
            ]
          ],
          [
            [
              [
                80.165157,
                9.645213
              ],
              [
                80.165109,
                9.646427
              ],
              [
                80.163719,
                9.646153
              ],
              [
                80.164261,
                9.645252
              ],
              [
                80.165157,
                9.645213
              ]
            ]
          ],
          [
            [
              [
                80.165086,
                9.655358
              ],
              [
                80.165133,
                9.656181
              ],
              [
                80.164119,
                9.655241
              ],
              [
                80.164968,
                9.655123
              ],
              [
                80.165086,
                9.655358
              ]
            ]
          ],
          [
            [
              [
                80.164072,
                9.649326
              ],
              [
                80.163011,
                9.649717
              ],
              [
                80.162469,
                9.64866
              ],
              [
                80.164214,
                9.64815
              ],
              [
                80.164072,
                9.649326
              ]
            ]
          ],
          [
            [
              [
                80.162988,
                9.644782
              ],
              [
                80.1632,
                9.644938
              ],
              [
                80.16254,
                9.644743
              ],
              [
                80.162775,
                9.644703
              ],
              [
                80.162988,
                9.644782
              ]
            ]
          ],
          [
            [
              [
                80.162516,
                9.645017
              ],
              [
                80.161809,
                9.646074
              ],
              [
                80.160159,
                9.645565
              ],
              [
                80.160465,
                9.644821
              ],
              [
                80.162516,
                9.645017
              ]
            ]
          ],
          [
            [
              [
                80.16188,
                9.65195
              ],
              [
                80.161337,
                9.652185
              ],
              [
                80.161243,
                9.651911
              ],
              [
                80.161597,
                9.651715
              ],
              [
                80.16188,
                9.65195
              ]
            ]
          ],
          [
            [
              [
                80.161432,
                9.647367
              ],
              [
                80.160701,
                9.648033
              ],
              [
                80.159711,
                9.647641
              ],
              [
                80.160088,
                9.646427
              ],
              [
                80.161432,
                9.647367
              ]
            ]
          ],
          [
            [
              [
                80.156952,
                9.448961
              ],
              [
                80.157778,
                9.448765
              ],
              [
                80.156457,
                9.450332
              ],
              [
                80.156174,
                9.44947
              ],
              [
                80.156952,
                9.448961
              ]
            ]
          ],
          [
            [
              [
                80.156858,
                9.454601
              ],
              [
                80.156976,
                9.454406
              ],
              [
                80.157377,
                9.454993
              ],
              [
                80.156929,
                9.454954
              ],
              [
                80.156858,
                9.454601
              ]
            ]
          ],
          [
            [
              [
                80.156905,
                9.45374
              ],
              [
                80.156787,
                9.453661
              ],
              [
                80.156811,
                9.453583
              ],
              [
                80.157047,
                9.453779
              ],
              [
                80.156905,
                9.45374
              ]
            ]
          ],
          [
            [
              [
                80.156835,
                9.448451
              ],
              [
                80.156787,
                9.448804
              ],
              [
                80.156104,
                9.448491
              ],
              [
                80.156363,
                9.44802
              ],
              [
                80.156835,
                9.448451
              ]
            ]
          ],
          [
            [
              [
                80.125173,
                9.4291
              ],
              [
                80.125456,
                9.428474
              ],
              [
                80.125786,
                9.430001
              ],
              [
                80.125338,
                9.429531
              ],
              [
                80.125173,
                9.4291
              ]
            ]
          ],
          [
            [
              [
                80.107798,
                9.197437
              ],
              [
                80.107939,
                9.197045
              ],
              [
                80.108317,
                9.198455
              ],
              [
                80.107892,
                9.197829
              ],
              [
                80.107798,
                9.197437
              ]
            ]
          ],
          [
            [
              [
                80.092403,
                9.59852
              ],
              [
                80.088749,
                9.599068
              ],
              [
                80.099051,
                9.594798
              ],
              [
                80.104474,
                9.594289
              ],
              [
                80.101503,
                9.594641
              ],
              [
                80.092403,
                9.59852
              ]
            ]
          ],
          [
            [
              [
                80.097991,
                6.133555
              ],
              [
                80.098863,
                6.133516
              ],
              [
                80.098792,
                6.139627
              ],
              [
                80.097661,
                6.136846
              ],
              [
                80.097991,
                6.133555
              ]
            ]
          ],
          [
            [
              [
                80.083657,
                9.647485
              ],
              [
                80.081323,
                9.646936
              ],
              [
                80.085849,
                9.642706
              ],
              [
                80.092285,
                9.641844
              ],
              [
                80.083138,
                9.6458
              ],
              [
                80.083657,
                9.647485
              ]
            ]
          ],
          [
            [
              [
                80.075005,
                9.322239
              ],
              [
                80.079107,
                9.313112
              ],
              [
                80.090894,
                9.311976
              ],
              [
                80.083256,
                9.320907
              ],
              [
                80.075005,
                9.322239
              ]
            ]
          ],
          [
            [
              [
                80.088443,
                9.313935
              ],
              [
                80.088395,
                9.313739
              ],
              [
                80.088725,
                9.313856
              ],
              [
                80.088419,
                9.31417
              ],
              [
                80.088443,
                9.313935
              ]
            ]
          ],
          [
            [
              [
                80.070596,
                9.608704
              ],
              [
                80.066022,
                9.609566
              ],
              [
                80.073897,
                9.603886
              ],
              [
                80.086981,
                9.598559
              ],
              [
                80.077551,
                9.602868
              ],
              [
                80.070596,
                9.608704
              ]
            ]
          ],
          [
            [
              [
                80.084411,
                9.318126
              ],
              [
                80.085189,
                9.317891
              ],
              [
                80.084718,
                9.319497
              ],
              [
                80.084317,
                9.318714
              ],
              [
                80.084411,
                9.318126
              ]
            ]
          ],
          [
            [
              [
                80.083987,
                9.319144
              ],
              [
                80.084576,
                9.319458
              ],
              [
                80.084105,
                9.320045
              ],
              [
                80.08394,
                9.319967
              ],
              [
                80.083987,
                9.319144
              ]
            ]
          ],
          [
            [
              [
                80.079578,
                9.610937
              ],
              [
                80.076018,
                9.611995
              ],
              [
                80.08434,
                9.608978
              ],
              [
                80.082313,
                9.609997
              ],
              [
                80.079578,
                9.610937
              ]
            ]
          ],
          [
            [
              [
                80.082619,
                9.643685
              ],
              [
                80.083185,
                9.643881
              ],
              [
                80.083115,
                9.644351
              ],
              [
                80.082242,
                9.644116
              ],
              [
                80.082619,
                9.643685
              ]
            ]
          ],
          [
            [
              [
                80.078989,
                9.652577
              ],
              [
                80.079225,
                9.652538
              ],
              [
                80.079366,
                9.652851
              ],
              [
                80.078989,
                9.652773
              ],
              [
                80.078989,
                9.652577
              ]
            ]
          ],
          [
            [
              [
                80.076773,
                9.651441
              ],
              [
                80.077056,
                9.650932
              ],
              [
                80.077056,
                9.652342
              ],
              [
                80.076938,
                9.652185
              ],
              [
                80.076773,
                9.651441
              ]
            ]
          ],
          [
            [
              [
                80.056875,
                9.345899
              ],
              [
                80.051995,
                9.337908
              ],
              [
                80.058879,
                9.329721
              ],
              [
                80.060694,
                9.331836
              ],
              [
                80.056875,
                9.345899
              ]
            ]
          ],
          [
            [
              [
                80.004114,
                9.64768
              ],
              [
                80.002959,
                9.648895
              ],
              [
                80.0031,
                9.647093
              ],
              [
                80.005953,
                9.644664
              ],
              [
                80.013827,
                9.641413
              ],
              [
                80.007815,
                9.647445
              ],
              [
                80.004114,
                9.64768
              ]
            ]
          ],
          [
            [
              [
                79.989332,
                9.305708
              ],
              [
                79.972664,
                9.287415
              ],
              [
                80.001308,
                9.270532
              ],
              [
                80.007037,
                9.286671
              ],
              [
                79.997748,
                9.289844
              ],
              [
                79.99631,
                9.285026
              ],
              [
                79.998361,
                9.283537
              ],
              [
                79.999116,
                9.280521
              ],
              [
                79.99888,
                9.277505
              ],
              [
                79.999304,
                9.277426
              ],
              [
                79.999682,
                9.276799
              ],
              [
                79.999917,
                9.275938
              ],
              [
                79.999799,
                9.274567
              ],
              [
                80.0002,
                9.273587
              ],
              [
                80.00013,
                9.273666
              ],
              [
                79.999776,
                9.274567
              ],
              [
                79.999752,
                9.275115
              ],
              [
                79.999469,
                9.275272
              ],
              [
                79.999847,
                9.276094
              ],
              [
                79.999281,
                9.277387
              ],
              [
                79.999045,
                9.277269
              ],
              [
                79.998951,
                9.277309
              ],
              [
                79.998856,
                9.277544
              ],
              [
                79.998621,
                9.27915
              ],
              [
                79.998998,
                9.280482
              ],
              [
                79.998409,
                9.280599
              ],
              [
                79.998314,
                9.281578
              ],
              [
                79.997112,
                9.282127
              ],
              [
                79.998243,
                9.28338
              ],
              [
                79.994519,
                9.285966
              ],
              [
                79.991525,
                9.29286
              ],
              [
                79.993128,
                9.294309
              ],
              [
                79.995532,
                9.292547
              ],
              [
                79.989261,
                9.302065
              ],
              [
                79.993764,
                9.303162
              ],
              [
                79.989332,
                9.305708
              ]
            ]
          ],
          [
            [
              [
                80.007414,
                9.619829
              ],
              [
                80.006636,
                9.620182
              ],
              [
                80.006589,
                9.619868
              ],
              [
                80.006943,
                9.619437
              ],
              [
                80.007344,
                9.619555
              ],
              [
                80.007414,
                9.619829
              ]
            ]
          ],
          [
            [
              [
                80.000365,
                9.634871
              ],
              [
                79.999564,
                9.632364
              ],
              [
                80.006141,
                9.630131
              ],
              [
                80.006094,
                9.633069
              ],
              [
                80.000365,
                9.634871
              ]
            ]
          ],
          [
            [
              [
                80.00534,
                9.618066
              ],
              [
                80.006259,
                9.618536
              ],
              [
                80.004915,
                9.618576
              ],
              [
                80.004868,
                9.618341
              ],
              [
                80.00534,
                9.618066
              ]
            ]
          ],
          [
            [
              [
                80.005387,
                9.641413
              ],
              [
                80.004656,
                9.641726
              ],
              [
                80.00435,
                9.641687
              ],
              [
                80.005811,
                9.641021
              ],
              [
                80.005387,
                9.641413
              ]
            ]
          ],
          [
            [
              [
                80.004137,
                9.279306
              ],
              [
                80.004656,
                9.279071
              ],
              [
                80.004868,
                9.281187
              ],
              [
                80.004467,
                9.280677
              ],
              [
                80.004137,
                9.279306
              ]
            ]
          ],
          [
            [
              [
                80.004137,
                9.278327
              ],
              [
                80.004279,
                9.277935
              ],
              [
                80.004373,
                9.277935
              ],
              [
                80.00442,
                9.278053
              ],
              [
                80.004137,
                9.278327
              ]
            ]
          ],
          [
            [
              [
                80.004067,
                9.27821
              ],
              [
                80.004043,
                9.277857
              ],
              [
                80.004114,
                9.277818
              ],
              [
                80.004208,
                9.278053
              ],
              [
                80.004067,
                9.27821
              ]
            ]
          ],
          [
            [
              [
                80.004019,
                9.279032
              ],
              [
                80.003925,
                9.278876
              ],
              [
                80.003925,
                9.278836
              ],
              [
                80.004184,
                9.278954
              ],
              [
                80.004019,
                9.279032
              ]
            ]
          ],
          [
            [
              [
                80.000177,
                9.645252
              ],
              [
                79.998809,
                9.644233
              ],
              [
                80.003878,
                9.641961
              ],
              [
                80.002629,
                9.643528
              ],
              [
                80.000177,
                9.645252
              ]
            ]
          ],
          [
            [
              [
                80.003312,
                9.278836
              ],
              [
                80.003336,
                9.27868
              ],
              [
                80.003548,
                9.27868
              ],
              [
                80.00343,
                9.278915
              ],
              [
                80.003312,
                9.278836
              ]
            ]
          ],
          [
            [
              [
                80.002699,
                9.286984
              ],
              [
                80.002605,
                9.28671
              ],
              [
                80.002416,
                9.286436
              ],
              [
                80.003265,
                9.287141
              ],
              [
                80.002699,
                9.286984
              ]
            ]
          ],
          [
            [
              [
                79.998597,
                9.28056
              ],
              [
                79.998526,
                9.280599
              ],
              [
                79.998597,
                9.280521
              ],
              [
                79.998691,
                9.280521
              ],
              [
                79.998668,
                9.28056
              ],
              [
                79.998597,
                9.28056
              ]
            ]
          ],
          [
            [
              [
                79.998173,
                9.282323
              ],
              [
                79.998385,
                9.28197
              ],
              [
                79.998385,
                9.283263
              ],
              [
                79.998291,
                9.283224
              ],
              [
                79.998173,
                9.282323
              ]
            ]
          ],
          [
            [
              [
                79.998126,
                9.283576
              ],
              [
                79.998196,
                9.283537
              ],
              [
                79.998267,
                9.28342
              ],
              [
                79.998173,
                9.283694
              ],
              [
                79.998126,
                9.283576
              ]
            ]
          ],
          [
            [
              [
                79.998173,
                9.28291
              ],
              [
                79.998055,
                9.282558
              ],
              [
                79.998126,
                9.28244
              ],
              [
                79.998291,
                9.282793
              ],
              [
                79.998173,
                9.28291
              ]
            ]
          ],
          [
            [
              [
                79.990157,
                9.65289
              ],
              [
                79.992515,
                9.652694
              ],
              [
                79.993246,
                9.653125
              ],
              [
                79.990511,
                9.654261
              ],
              [
                79.990157,
                9.65289
              ]
            ]
          ],
          [
            [
              [
                79.990605,
                9.643567
              ],
              [
                79.989921,
                9.644155
              ],
              [
                79.989709,
                9.644233
              ],
              [
                79.989945,
                9.643567
              ],
              [
                79.990605,
                9.643567
              ]
            ]
          ],
          [
            [
              [
                79.985843,
                9.640355
              ],
              [
                79.988318,
                9.64153
              ],
              [
                79.984617,
                9.643254
              ],
              [
                79.984593,
                9.642079
              ],
              [
                79.985843,
                9.640355
              ]
            ]
          ],
          [
            [
              [
                79.985159,
                9.63162
              ],
              [
                79.984075,
                9.632286
              ],
              [
                79.982778,
                9.630366
              ],
              [
                79.984358,
                9.629544
              ],
              [
                79.985159,
                9.63162
              ]
            ]
          ],
          [
            [
              [
                79.98259,
                9.621905
              ],
              [
                79.98266,
                9.621905
              ],
              [
                79.982778,
                9.622454
              ],
              [
                79.982212,
                9.622258
              ],
              [
                79.98259,
                9.621905
              ]
            ]
          ],
          [
            [
              [
                79.981929,
                9.613757
              ],
              [
                79.982755,
                9.613757
              ],
              [
                79.982448,
                9.614737
              ],
              [
                79.982071,
                9.614658
              ],
              [
                79.981929,
                9.613757
              ]
            ]
          ],
          [
            [
              [
                79.982566,
                9.617322
              ],
              [
                79.982448,
                9.617244
              ],
              [
                79.982424,
                9.617048
              ],
              [
                79.982519,
                9.617126
              ],
              [
                79.982566,
                9.617322
              ]
            ]
          ],
          [
            [
              [
                79.982401,
                9.621788
              ],
              [
                79.98233,
                9.621709
              ],
              [
                79.98233,
                9.62167
              ],
              [
                79.982495,
                9.621788
              ],
              [
                79.982401,
                9.621788
              ]
            ]
          ],
          [
            [
              [
                79.982212,
                9.612974
              ],
              [
                79.982307,
                9.612974
              ],
              [
                79.982472,
                9.613405
              ],
              [
                79.981977,
                9.613366
              ],
              [
                79.982212,
                9.612974
              ]
            ]
          ],
          [
            [
              [
                79.982236,
                9.616617
              ],
              [
                79.982,
                9.616264
              ],
              [
                79.982024,
                9.616147
              ],
              [
                79.982354,
                9.616656
              ],
              [
                79.982236,
                9.616617
              ]
            ]
          ],
          [
            [
              [
                79.982236,
                9.617205
              ],
              [
                79.982,
                9.616852
              ],
              [
                79.982024,
                9.616813
              ],
              [
                79.982212,
                9.616891
              ],
              [
                79.982236,
                9.617205
              ]
            ]
          ],
          [
            [
              [
                79.98134,
                9.622179
              ],
              [
                79.981387,
                9.622062
              ],
              [
                79.98167,
                9.622023
              ],
              [
                79.981434,
                9.622219
              ],
              [
                79.98134,
                9.622179
              ]
            ]
          ],
          [
            [
              [
                79.977497,
                6.451868
              ],
              [
                79.976931,
                6.452612
              ],
              [
                79.979619,
                6.447911
              ],
              [
                79.979336,
                6.449517
              ],
              [
                79.977497,
                6.451868
              ]
            ]
          ],
          [
            [
              [
                79.978959,
                6.447089
              ],
              [
                79.978511,
                6.447089
              ],
              [
                79.978322,
                6.446697
              ],
              [
                79.979077,
                6.44654
              ],
              [
                79.978959,
                6.447089
              ]
            ]
          ],
          [
            [
              [
                79.979053,
                6.441448
              ],
              [
                79.979289,
                6.441487
              ],
              [
                79.979265,
                6.441644
              ],
              [
                79.97903,
                6.441605
              ],
              [
                79.979053,
                6.441448
              ]
            ]
          ],
          [
            [
              [
                79.971674,
                6.468829
              ],
              [
                79.972075,
                6.469456
              ],
              [
                79.971462,
                6.469769
              ],
              [
                79.971368,
                6.469142
              ],
              [
                79.971674,
                6.468829
              ]
            ]
          ],
          [
            [
              [
                79.970613,
                6.47208
              ],
              [
                79.970024,
                6.471924
              ],
              [
                79.970377,
                6.470553
              ],
              [
                79.970896,
                6.470827
              ],
              [
                79.970613,
                6.47208
              ]
            ]
          ],
          [
            [
              [
                79.968892,
                6.464363
              ],
              [
                79.967431,
                6.462992
              ],
              [
                79.969387,
                6.461426
              ],
              [
                79.970495,
                6.462522
              ],
              [
                79.968892,
                6.464363
              ]
            ]
          ],
          [
            [
              [
                79.970354,
                9.608038
              ],
              [
                79.969434,
                9.608273
              ],
              [
                79.969835,
                9.607921
              ],
              [
                79.970236,
                9.607882
              ],
              [
                79.970354,
                9.608038
              ]
            ]
          ],
          [
            [
              [
                79.968374,
                9.608195
              ],
              [
                79.96769,
                9.609018
              ],
              [
                79.966676,
                9.609096
              ],
              [
                79.966818,
                9.608117
              ],
              [
                79.968374,
                9.608195
              ]
            ]
          ],
          [
            [
              [
                79.953922,
                8.953003
              ],
              [
                79.954181,
                8.95316
              ],
              [
                79.953969,
                8.954413
              ],
              [
                79.953686,
                8.951946
              ],
              [
                79.953922,
                8.953003
              ]
            ]
          ],
          [
            [
              [
                79.953073,
                8.951436
              ],
              [
                79.950881,
                8.949634
              ],
              [
                79.950928,
                8.948224
              ],
              [
                79.951352,
                8.949987
              ],
              [
                79.953073,
                8.951436
              ]
            ]
          ],
          [
            [
              [
                79.952767,
                8.950104
              ],
              [
                79.952602,
                8.9503
              ],
              [
                79.952295,
                8.950261
              ],
              [
                79.952531,
                8.949869
              ],
              [
                79.952767,
                8.950104
              ]
            ]
          ],
          [
            [
              [
                79.950338,
                8.948224
              ],
              [
                79.949042,
                8.948694
              ],
              [
                79.947816,
                8.947167
              ],
              [
                79.948853,
                8.948342
              ],
              [
                79.950338,
                8.948224
              ]
            ]
          ],
          [
            [
              [
                79.947887,
                8.946461
              ],
              [
                79.947486,
                8.947127
              ],
              [
                79.946401,
                8.946697
              ],
              [
                79.947203,
                8.946932
              ],
              [
                79.947887,
                8.946461
              ]
            ]
          ],
          [
            [
              [
                79.946048,
                8.945991
              ],
              [
                79.946119,
                8.946187
              ],
              [
                79.945859,
                8.946305
              ],
              [
                79.945836,
                8.946187
              ],
              [
                79.946048,
                8.945991
              ]
            ]
          ],
          [
            [
              [
                79.938952,
                9.677059
              ],
              [
                79.939541,
                9.67655
              ],
              [
                79.939824,
                9.676824
              ],
              [
                79.93881,
                9.677686
              ],
              [
                79.938952,
                9.677059
              ]
            ]
          ],
          [
            [
              [
                79.93881,
                9.673847
              ],
              [
                79.939282,
                9.67373
              ],
              [
                79.939682,
                9.674278
              ],
              [
                79.939423,
                9.674513
              ],
              [
                79.93881,
                9.673847
              ]
            ]
          ],
          [
            [
              [
                79.937985,
                9.673416
              ],
              [
                79.939187,
                9.674552
              ],
              [
                79.938339,
                9.676237
              ],
              [
                79.937514,
                9.675062
              ],
              [
                79.937985,
                9.673416
              ]
            ]
          ],
          [
            [
              [
                79.938103,
                9.677099
              ],
              [
                79.93683,
                9.678901
              ],
              [
                79.935132,
                9.679371
              ],
              [
                79.936783,
                9.677138
              ],
              [
                79.938103,
                9.677099
              ]
            ]
          ],
          [
            [
              [
                79.936193,
                9.668794
              ],
              [
                79.937867,
                9.676354
              ],
              [
                79.935321,
                9.678274
              ],
              [
                79.935769,
                9.665073
              ],
              [
                79.936193,
                9.668794
              ]
            ]
          ],
          [
            [
              [
                79.934567,
                9.669147
              ],
              [
                79.934637,
                9.668794
              ],
              [
                79.935015,
                9.669617
              ],
              [
                79.934755,
                9.669421
              ],
              [
                79.934567,
                9.669147
              ]
            ]
          ],
          [
            [
              [
                79.934237,
                9.668716
              ],
              [
                79.934048,
                9.6704
              ],
              [
                79.932657,
                9.666405
              ],
              [
                79.93327,
                9.666836
              ],
              [
                79.934237,
                9.668716
              ]
            ]
          ],
          [
            [
              [
                79.934142,
                9.666522
              ],
              [
                79.93459,
                9.666836
              ],
              [
                79.934378,
                9.667345
              ],
              [
                79.934119,
                9.667031
              ],
              [
                79.934142,
                9.666522
              ]
            ]
          ],
          [
            [
              [
                79.933388,
                9.669656
              ],
              [
                79.933977,
                9.670439
              ],
              [
                79.933647,
                9.670792
              ],
              [
                79.933058,
                9.670048
              ],
              [
                79.933388,
                9.669656
              ]
            ]
          ],
          [
            [
              [
                79.928201,
                8.908504
              ],
              [
                79.928461,
                8.907838
              ],
              [
                79.929191,
                8.90772
              ],
              [
                79.928814,
                8.909131
              ],
              [
                79.928201,
                8.908504
              ]
            ]
          ],
          [
            [
              [
                79.928178,
                8.900317
              ],
              [
                79.928083,
                8.900238
              ],
              [
                79.928201,
                8.900082
              ],
              [
                79.928248,
                8.900238
              ],
              [
                79.928178,
                8.900317
              ]
            ]
          ],
          [
            [
              [
                79.731065,
                9.107615
              ],
              [
                79.696032,
                9.098762
              ],
              [
                79.701713,
                9.079882
              ],
              [
                79.685022,
                9.076748
              ],
              [
                79.797335,
                9.04447
              ],
              [
                79.888854,
                8.960524
              ],
              [
                79.883267,
                8.970983
              ],
              [
                79.894889,
                8.961817
              ],
              [
                79.926575,
                8.975684
              ],
              [
                79.871196,
                9.0317
              ],
              [
                79.92681,
                9.011135
              ],
              [
                79.861412,
                9.073066
              ],
              [
                79.731065,
                9.107615
              ]
            ]
          ],
          [
            [
              [
                79.916744,
                8.921078
              ],
              [
                79.918229,
                8.915986
              ],
              [
                79.924901,
                8.907172
              ],
              [
                79.92582,
                8.911442
              ],
              [
                79.916744,
                8.921078
              ]
            ]
          ],
          [
            [
              [
                79.925797,
                8.903881
              ],
              [
                79.925655,
                8.903686
              ],
              [
                79.925867,
                8.90349
              ],
              [
                79.925938,
                8.903921
              ],
              [
                79.925797,
                8.903881
              ]
            ]
          ],
          [
            [
              [
                79.904202,
                8.937844
              ],
              [
                79.889986,
                8.95739
              ],
              [
                79.889679,
                8.955824
              ],
              [
                79.890245,
                8.954178
              ],
              [
                79.925537,
                8.902275
              ],
              [
                79.921718,
                8.911716
              ],
              [
                79.911062,
                8.925975
              ],
              [
                79.909105,
                8.934632
              ],
              [
                79.904202,
                8.937844
              ]
            ]
          ],
          [
            [
              [
                79.922779,
                8.952612
              ],
              [
                79.923062,
                8.95269
              ],
              [
                79.923203,
                8.953121
              ],
              [
                79.922567,
                8.953003
              ],
              [
                79.922779,
                8.952612
              ]
            ]
          ],
          [
            [
              [
                79.921789,
                8.948381
              ],
              [
                79.921883,
                8.948107
              ],
              [
                79.922095,
                8.948224
              ],
              [
                79.921954,
                8.948498
              ],
              [
                79.921789,
                8.948381
              ]
            ]
          ],
          [
            [
              [
                79.921624,
                8.949243
              ],
              [
                79.921718,
                8.949008
              ],
              [
                79.921883,
                8.948969
              ],
              [
                79.921812,
                8.949321
              ],
              [
                79.921624,
                8.949243
              ]
            ]
          ],
          [
            [
              [
                79.920586,
                8.812023
              ],
              [
                79.920115,
                8.81171
              ],
              [
                79.921671,
                8.811631
              ],
              [
                79.920964,
                8.812062
              ],
              [
                79.920586,
                8.812023
              ]
            ]
          ],
          [
            [
              [
                79.9216,
                8.948263
              ],
              [
                79.921506,
                8.948342
              ],
              [
                79.921459,
                8.948224
              ],
              [
                79.921529,
                8.948185
              ],
              [
                79.9216,
                8.948263
              ]
            ]
          ],
          [
            [
              [
                79.921011,
                8.948538
              ],
              [
                79.921129,
                8.94795
              ],
              [
                79.921223,
                8.947872
              ],
              [
                79.921223,
                8.948616
              ],
              [
                79.921011,
                8.948538
              ]
            ]
          ],
          [
            [
              [
                79.920327,
                8.955824
              ],
              [
                79.919974,
                8.958957
              ],
              [
                79.917027,
                8.958291
              ],
              [
                79.920351,
                8.953747
              ],
              [
                79.920327,
                8.955824
              ]
            ]
          ],
          [
            [
              [
                79.919596,
                8.953473
              ],
              [
                79.920351,
                8.953277
              ],
              [
                79.919573,
                8.954453
              ],
              [
                79.919691,
                8.954218
              ],
              [
                79.919596,
                8.953473
              ]
            ]
          ],
          [
            [
              [
                79.91837,
                8.821111
              ],
              [
                79.918677,
                8.820288
              ],
              [
                79.920374,
                8.820249
              ],
              [
                79.919101,
                8.82115
              ],
              [
                79.91837,
                8.821111
              ]
            ]
          ],
          [
            [
              [
                79.919667,
                8.831531
              ],
              [
                79.919455,
                8.833019
              ],
              [
                79.918865,
                8.830003
              ],
              [
                79.919573,
                8.830395
              ],
              [
                79.919667,
                8.831531
              ]
            ]
          ],
          [
            [
              [
                79.920091,
                8.810104
              ],
              [
                79.919573,
                8.810182
              ],
              [
                79.920068,
                8.80932
              ],
              [
                79.920327,
                8.80979
              ],
              [
                79.920091,
                8.810104
              ]
            ]
          ],
          [
            [
              [
                79.91903,
                8.960368
              ],
              [
                79.917333,
                8.961308
              ],
              [
                79.91606,
                8.958722
              ],
              [
                79.919974,
                8.959153
              ],
              [
                79.91903,
                8.960368
              ]
            ]
          ],
          [
            [
              [
                79.918323,
                8.818526
              ],
              [
                79.918818,
                8.817664
              ],
              [
                79.91995,
                8.818251
              ],
              [
                79.917852,
                8.820053
              ],
              [
                79.918323,
                8.818526
              ]
            ]
          ],
          [
            [
              [
                79.919078,
                8.950692
              ],
              [
                79.919337,
                8.950653
              ],
              [
                79.919573,
                8.950731
              ],
              [
                79.919054,
                8.951123
              ],
              [
                79.919078,
                8.950692
              ]
            ]
          ],
          [
            [
              [
                79.919196,
                8.810064
              ],
              [
                79.91863,
                8.809947
              ],
              [
                79.918064,
                8.810182
              ],
              [
                79.918512,
                8.809438
              ],
              [
                79.919196,
                8.810064
              ]
            ]
          ],
          [
            [
              [
                79.918535,
                8.827966
              ],
              [
                79.918394,
                8.826987
              ],
              [
                79.918889,
                8.826713
              ],
              [
                79.919478,
                8.827496
              ],
              [
                79.918535,
                8.827966
              ]
            ]
          ],
          [
            [
              [
                79.918983,
                8.833176
              ],
              [
                79.918653,
                8.833215
              ],
              [
                79.918936,
                8.832236
              ],
              [
                79.919054,
                8.83251
              ],
              [
                79.918983,
                8.833176
              ]
            ]
          ],
          [
            [
              [
                79.918205,
                8.822521
              ],
              [
                79.91804,
                8.822012
              ],
              [
                79.918677,
                8.823383
              ],
              [
                79.918064,
                8.823109
              ],
              [
                79.918205,
                8.822521
              ]
            ]
          ],
          [
            [
              [
                79.918418,
                8.828436
              ],
              [
                79.918205,
                8.828514
              ],
              [
                79.918111,
                8.828397
              ],
              [
                79.918394,
                8.828279
              ],
              [
                79.918418,
                8.828436
              ]
            ]
          ],
          [
            [
              [
                79.916508,
                8.82021
              ],
              [
                79.915801,
                8.818447
              ],
              [
                79.91797,
                8.81833
              ],
              [
                79.917074,
                8.820484
              ],
              [
                79.916508,
                8.82021
              ]
            ]
          ],
          [
            [
              [
                79.917451,
                8.821855
              ],
              [
                79.917875,
                8.820798
              ],
              [
                79.917805,
                8.823265
              ],
              [
                79.917404,
                8.822952
              ],
              [
                79.917451,
                8.821855
              ]
            ]
          ],
          [
            [
              [
                79.917239,
                8.81218
              ],
              [
                79.916201,
                8.812571
              ],
              [
                79.917522,
                8.811083
              ],
              [
                79.917757,
                8.811435
              ],
              [
                79.917239,
                8.81218
              ]
            ]
          ],
          [
            [
              [
                79.916131,
                8.957547
              ],
              [
                79.916697,
                8.95696
              ],
              [
                79.91771,
                8.956646
              ],
              [
                79.916036,
                8.958487
              ],
              [
                79.916131,
                8.957547
              ]
            ]
          ],
          [
            [
              [
                79.916909,
                8.821816
              ],
              [
                79.917215,
                8.821777
              ],
              [
                79.91738,
                8.824088
              ],
              [
                79.916296,
                8.82256
              ],
              [
                79.916909,
                8.821816
              ]
            ]
          ],
          [
            [
              [
                79.917286,
                8.947754
              ],
              [
                79.917168,
                8.947676
              ],
              [
                79.917498,
                8.947597
              ],
              [
                79.917427,
                8.947911
              ],
              [
                79.917286,
                8.947754
              ]
            ]
          ],
          [
            [
              [
                79.917027,
                8.825616
              ],
              [
                79.916909,
                8.824989
              ],
              [
                79.917451,
                8.82589
              ],
              [
                79.917357,
                8.828279
              ],
              [
                79.917074,
                8.827966
              ],
              [
                79.917027,
                8.825616
              ]
            ]
          ],
          [
            [
              [
                79.917097,
                8.958487
              ],
              [
                79.917427,
                8.958566
              ],
              [
                79.916131,
                8.958605
              ],
              [
                79.916673,
                8.958096
              ],
              [
                79.917097,
                8.958487
              ]
            ]
          ],
          [
            [
              [
                79.917003,
                9.679331
              ],
              [
                79.917003,
                9.680742
              ],
              [
                79.915235,
                9.680154
              ],
              [
                79.915353,
                9.679919
              ],
              [
                79.917003,
                9.679331
              ]
            ]
          ],
          [
            [
              [
                79.916697,
                8.947519
              ],
              [
                79.916885,
                8.948028
              ],
              [
                79.916414,
                8.948459
              ],
              [
                79.916036,
                8.948185
              ],
              [
                79.916697,
                8.947519
              ]
            ]
          ],
          [
            [
              [
                79.915801,
                8.812062
              ],
              [
                79.915754,
                8.810613
              ],
              [
                79.915989,
                8.810104
              ],
              [
                79.916649,
                8.810495
              ],
              [
                79.915801,
                8.812062
              ]
            ]
          ],
          [
            [
              [
                79.916296,
                8.958487
              ],
              [
                79.916508,
                8.958174
              ],
              [
                79.916579,
                8.958213
              ],
              [
                79.916484,
                8.958409
              ],
              [
                79.916296,
                8.958487
              ]
            ]
          ],
          [
            [
              [
                79.916272,
                8.971963
              ],
              [
                79.916532,
                8.971845
              ],
              [
                79.915659,
                8.974274
              ],
              [
                79.915376,
                8.972198
              ],
              [
                79.916272,
                8.971963
              ]
            ]
          ],
          [
            [
              [
                79.914645,
                8.924603
              ],
              [
                79.914645,
                8.924603
              ],
              [
                79.914575,
                8.924603
              ],
              [
                79.914645,
                8.924603
              ]
            ]
          ],
          [
            [
              [
                79.913797,
                8.923546
              ],
              [
                79.91408,
                8.923663
              ],
              [
                79.913514,
                8.923859
              ],
              [
                79.913537,
                8.923507
              ],
              [
                79.913797,
                8.923546
              ]
            ]
          ],
          [
            [
              [
                79.906913,
                9.75133
              ],
              [
                79.903565,
                9.749959
              ],
              [
                79.90795,
                9.745415
              ],
              [
                79.909765,
                9.748235
              ],
              [
                79.906913,
                9.75133
              ]
            ]
          ],
          [
            [
              [
                79.904673,
                8.960603
              ],
              [
                79.891612,
                8.955236
              ],
              [
                79.901373,
                8.946657
              ],
              [
                79.907125,
                8.954413
              ],
              [
                79.904673,
                8.960603
              ]
            ]
          ],
          [
            [
              [
                79.905192,
                9.677725
              ],
              [
                79.905451,
                9.677412
              ],
              [
                79.905875,
                9.677373
              ],
              [
                79.905828,
                9.677569
              ],
              [
                79.905192,
                9.677725
              ]
            ]
          ],
          [
            [
              [
                79.901821,
                8.942427
              ],
              [
                79.901844,
                8.942035
              ],
              [
                79.902386,
                8.941761
              ],
              [
                79.902339,
                8.942388
              ],
              [
                79.901821,
                8.942427
              ]
            ]
          ],
          [
            [
              [
                79.8914,
                8.957351
              ],
              [
                79.890811,
                8.9579
              ],
              [
                79.891188,
                8.956607
              ],
              [
                79.892202,
                8.957508
              ],
              [
                79.891707,
                8.957547
              ],
              [
                79.8914,
                8.957351
              ]
            ]
          ],
          [
            [
              [
                79.864854,
                9.707457
              ],
              [
                79.864996,
                9.707379
              ],
              [
                79.864407,
                9.708162
              ],
              [
                79.864359,
                9.708045
              ],
              [
                79.864854,
                9.707457
              ]
            ]
          ],
          [
            [
              [
                79.86344,
                9.62594
              ],
              [
                79.861412,
                9.624491
              ],
              [
                79.861554,
                9.62312
              ],
              [
                79.863699,
                9.624256
              ],
              [
                79.86344,
                9.62594
              ]
            ]
          ],
          [
            [
              [
                79.855896,
                9.634636
              ],
              [
                79.85368,
                9.624099
              ],
              [
                79.860847,
                9.618145
              ],
              [
                79.862143,
                9.62641
              ],
              [
                79.855896,
                9.634636
              ]
            ]
          ],
          [
            [
              [
                79.86186,
                9.617753
              ],
              [
                79.859055,
                9.618184
              ],
              [
                79.860234,
                9.616852
              ],
              [
                79.8608,
                9.616617
              ],
              [
                79.86186,
                9.617753
              ]
            ]
          ],
          [
            [
              [
                79.860517,
                9.616656
              ],
              [
                79.860022,
                9.617009
              ],
              [
                79.859998,
                9.616539
              ],
              [
                79.860234,
                9.616421
              ],
              [
                79.860517,
                9.616656
              ]
            ]
          ],
          [
            [
              [
                79.858772,
                9.64204
              ],
              [
                79.857145,
                9.641765
              ],
              [
                79.860092,
                9.640277
              ],
              [
                79.860304,
                9.640904
              ],
              [
                79.858772,
                9.64204
              ]
            ]
          ],
          [
            [
              [
                79.858442,
                9.617165
              ],
              [
                79.858748,
                9.616735
              ],
              [
                79.858277,
                9.617714
              ],
              [
                79.858277,
                9.617518
              ],
              [
                79.858442,
                9.617165
              ]
            ]
          ],
          [
            [
              [
                79.85823,
                9.639807
              ],
              [
                79.857334,
                9.640042
              ],
              [
                79.857829,
                9.639376
              ],
              [
                79.858466,
                9.639689
              ],
              [
                79.85823,
                9.639807
              ]
            ]
          ],
          [
            [
              [
                79.853515,
                9.616656
              ],
              [
                79.855283,
                9.617087
              ],
              [
                79.852006,
                9.617831
              ],
              [
                79.852973,
                9.616813
              ],
              [
                79.853515,
                9.616656
              ]
            ]
          ],
          [
            [
              [
                79.848234,
                9.711492
              ],
              [
                79.84814,
                9.711962
              ],
              [
                79.847644,
                9.711727
              ],
              [
                79.847927,
                9.711218
              ],
              [
                79.848234,
                9.711492
              ]
            ]
          ],
          [
            [
              [
                79.842576,
                9.620338
              ],
              [
                79.842882,
                9.619986
              ],
              [
                79.843,
                9.620025
              ],
              [
                79.842906,
                9.620182
              ],
              [
                79.842576,
                9.620338
              ]
            ]
          ],
          [
            [
              [
                79.83911,
                9.623668
              ],
              [
                79.838521,
                9.624843
              ],
              [
                79.837413,
                9.624608
              ],
              [
                79.83845,
                9.62355
              ],
              [
                79.83911,
                9.623668
              ]
            ]
          ],
          [
            [
              [
                79.810608,
                8.337806
              ],
              [
                79.799433,
                8.341723
              ],
              [
                79.809146,
                8.318455
              ],
              [
                79.815606,
                8.322255
              ],
              [
                79.810608,
                8.337806
              ]
            ]
          ],
          [
            [
              [
                79.813225,
                9.689242
              ],
              [
                79.811574,
                9.70166
              ],
              [
                79.814333,
                9.716114
              ],
              [
                79.807566,
                9.69551
              ],
              [
                79.813225,
                9.689242
              ]
            ]
          ],
          [
            [
              [
                79.785759,
                8.542676
              ],
              [
                79.776258,
                8.502094
              ],
              [
                79.81049,
                8.403341
              ],
              [
                79.808957,
                8.448428
              ],
              [
                79.780243,
                8.493045
              ],
              [
                79.787999,
                8.51032
              ],
              [
                79.785759,
                8.542676
              ]
            ]
          ],
          [
            [
              [
                79.806199,
                8.17489
              ],
              [
                79.807991,
                8.164822
              ],
              [
                79.810561,
                8.161845
              ],
              [
                79.812517,
                8.165097
              ],
              [
                79.806199,
                8.17489
              ]
            ]
          ],
          [
            [
              [
                79.801225,
                9.594837
              ],
              [
                79.801979,
                9.594289
              ],
              [
                79.802333,
                9.594877
              ],
              [
                79.801437,
                9.595621
              ],
              [
                79.801225,
                9.594837
              ]
            ]
          ],
          [
            [
              [
                79.797052,
                8.305019
              ],
              [
                79.793704,
                8.299026
              ],
              [
                79.798231,
                8.294129
              ],
              [
                79.802262,
                8.30451
              ],
              [
                79.797052,
                8.305019
              ]
            ]
          ],
          [
            [
              [
                79.800164,
                9.579325
              ],
              [
                79.800612,
                9.578855
              ],
              [
                79.800848,
                9.580148
              ],
              [
                79.800541,
                9.58003
              ],
              [
                79.800164,
                9.579325
              ]
            ]
          ],
          [
            [
              [
                79.791795,
                8.282652
              ],
              [
                79.79526,
                8.283631
              ],
              [
                79.789932,
                8.28606
              ],
              [
                79.790144,
                8.284062
              ],
              [
                79.791795,
                8.282652
              ]
            ]
          ],
          [
            [
              [
                79.793256,
                9.679253
              ],
              [
                79.793516,
                9.678274
              ],
              [
                79.792714,
                9.689203
              ],
              [
                79.791064,
                9.684972
              ],
              [
                79.793256,
                9.679253
              ]
            ]
          ],
          [
            [
              [
                79.783755,
                9.686617
              ],
              [
                79.763622,
                9.658609
              ],
              [
                79.774844,
                9.644077
              ],
              [
                79.786962,
                9.665778
              ],
              [
                79.783755,
                9.686617
              ]
            ]
          ],
          [
            [
              [
                79.785736,
                8.274269
              ],
              [
                79.786584,
                8.273877
              ],
              [
                79.786938,
                8.274543
              ],
              [
                79.785759,
                8.275327
              ],
              [
                79.785736,
                8.274269
              ]
            ]
          ],
          [
            [
              [
                79.781256,
                8.270156
              ],
              [
                79.774561,
                8.271057
              ],
              [
                79.780007,
                8.262282
              ],
              [
                79.785901,
                8.267688
              ],
              [
                79.781256,
                8.270156
              ]
            ]
          ],
          [
            [
              [
                79.783661,
                8.218723
              ],
              [
                79.781563,
                8.216686
              ],
              [
                79.785476,
                8.215041
              ],
              [
                79.784722,
                8.217391
              ],
              [
                79.783661,
                8.218723
              ]
            ]
          ],
          [
            [
              [
                79.781139,
                8.240738
              ],
              [
                79.780856,
                8.241443
              ],
              [
                79.779653,
                8.240581
              ],
              [
                79.780031,
                8.240777
              ],
              [
                79.781139,
                8.240738
              ]
            ]
          ],
          [
            [
              [
                79.779441,
                8.237212
              ],
              [
                79.779253,
                8.238231
              ],
              [
                79.778239,
                8.233138
              ],
              [
                79.780054,
                8.234666
              ],
              [
                79.779441,
                8.237212
              ]
            ]
          ],
          [
            [
              [
                79.778875,
                8.187895
              ],
              [
                79.775056,
                8.192752
              ],
              [
                79.755324,
                8.173166
              ],
              [
                79.767936,
                8.18006
              ],
              [
                79.778875,
                8.187895
              ]
            ]
          ],
          [
            [
              [
                79.771991,
                9.621749
              ],
              [
                79.761595,
                9.606785
              ],
              [
                79.77376,
                9.584613
              ],
              [
                79.777296,
                9.618615
              ],
              [
                79.771991,
                9.621749
              ]
            ]
          ],
          [
            [
              [
                79.775127,
                8.24489
              ],
              [
                79.775928,
                8.244381
              ],
              [
                79.7764,
                8.245517
              ],
              [
                79.775504,
                8.245752
              ],
              [
                79.775127,
                8.24489
              ]
            ]
          ],
          [
            [
              [
                79.772204,
                8.27423
              ],
              [
                79.773665,
                8.272193
              ],
              [
                79.772039,
                8.278735
              ],
              [
                79.771638,
                8.276737
              ],
              [
                79.772204,
                8.27423
              ]
            ]
          ],
          [
            [
              [
                79.77152,
                8.214062
              ],
              [
                79.765202,
                8.212965
              ],
              [
                79.765461,
                8.210066
              ],
              [
                79.768856,
                8.20752
              ],
              [
                79.77152,
                8.214062
              ]
            ]
          ],
          [
            [
              [
                79.762373,
                8.278304
              ],
              [
                79.762986,
                8.274465
              ],
              [
                79.768903,
                8.276424
              ],
              [
                79.768172,
                8.2785
              ],
              [
                79.762373,
                8.278304
              ]
            ]
          ],
          [
            [
              [
                79.756243,
                8.177867
              ],
              [
                79.757233,
                8.179081
              ],
              [
                79.755489,
                8.180726
              ],
              [
                79.754687,
                8.179629
              ],
              [
                79.756243,
                8.177867
              ]
            ]
          ],
          [
            [
              [
                79.748204,
                8.172735
              ],
              [
                79.751363,
                8.175791
              ],
              [
                79.75075,
                8.177553
              ],
              [
                79.748275,
                8.176809
              ],
              [
                79.748204,
                8.172735
              ]
            ]
          ],
          [
            [
              [
                79.748652,
                8.178885
              ],
              [
                79.749312,
                8.179042
              ],
              [
                79.749194,
                8.180139
              ],
              [
                79.748935,
                8.179904
              ],
              [
                79.748652,
                8.178885
              ]
            ]
          ],
          [
            [
              [
                79.660787,
                9.555587
              ],
              [
                79.654846,
                9.505172
              ],
              [
                79.723403,
                9.476499
              ],
              [
                79.723497,
                9.527266
              ],
              [
                79.660787,
                9.555587
              ]
            ]
          ],
          [
            [
              [
                79.698884,
                9.094218
              ],
              [
                79.699026,
                9.094924
              ],
              [
                79.697658,
                9.092691
              ],
              [
                79.698154,
                9.092926
              ],
              [
                79.698884,
                9.094218
              ]
            ]
          ],
          [
            [
              [
                79.698507,
                9.098645
              ],
              [
                79.698814,
                9.098175
              ],
              [
                79.699144,
                9.099037
              ],
              [
                79.698696,
                9.098841
              ],
              [
                79.698507,
                9.098645
              ]
            ]
          ],
          [
            [
              [
                79.697658,
                9.094493
              ],
              [
                79.698106,
                9.09461
              ],
              [
                79.698177,
                9.094963
              ],
              [
                79.697635,
                9.094963
              ],
              [
                79.697658,
                9.094493
              ]
            ]
          ],
          [
            [
              [
                79.697941,
                9.098292
              ],
              [
                79.697776,
                9.098253
              ],
              [
                79.697729,
                9.098057
              ],
              [
                79.697989,
                9.098097
              ],
              [
                79.697941,
                9.098292
              ]
            ]
          ],
          [
            [
              [
                79.697423,
                9.09747
              ],
              [
                79.697093,
                9.09794
              ],
              [
                79.697116,
                9.096961
              ],
              [
                79.696197,
                9.095472
              ],
              [
                79.696291,
                9.094884
              ],
              [
                79.696409,
                9.095668
              ],
              [
                79.697423,
                9.096961
              ],
              [
                79.697423,
                9.09747
              ]
            ]
          ],
          [
            [
              [
                79.697611,
                9.094258
              ],
              [
                79.697541,
                9.094258
              ],
              [
                79.697493,
                9.094062
              ],
              [
                79.697588,
                9.094062
              ],
              [
                79.697611,
                9.094258
              ]
            ]
          ],
          [
            [
              [
                79.696975,
                9.090615
              ],
              [
                79.696008,
                9.09038
              ],
              [
                79.696692,
                9.089479
              ],
              [
                79.697116,
                9.090262
              ],
              [
                79.696975,
                9.090615
              ]
            ]
          ],
          [
            [
              [
                79.696102,
                9.086267
              ],
              [
                79.695678,
                9.086893
              ],
              [
                79.695678,
                9.086423
              ],
              [
                79.695985,
                9.086149
              ],
              [
                79.696102,
                9.086267
              ]
            ]
          ],
          [
            [
              [
                79.695301,
                9.088813
              ],
              [
                79.695325,
                9.088068
              ],
              [
                79.695678,
                9.087912
              ],
              [
                79.695631,
                9.089714
              ],
              [
                79.695301,
                9.088813
              ]
            ]
          ],
          [
            [
              [
                79.695796,
                9.087481
              ],
              [
                79.695183,
                9.088068
              ],
              [
                79.695159,
                9.087912
              ],
              [
                79.695372,
                9.087598
              ],
              [
                79.695796,
                9.087481
              ]
            ]
          ],
          [
            [
              [
                79.694829,
                9.079921
              ],
              [
                79.694712,
                9.079568
              ],
              [
                79.695183,
                9.07949
              ],
              [
                79.695301,
                9.079882
              ],
              [
                79.694829,
                9.079921
              ]
            ]
          ],
          [
            [
              [
                79.52372,
                9.385071
              ],
              [
                79.530109,
                9.385776
              ],
              [
                79.525394,
                9.393258
              ],
              [
                79.521527,
                9.391064
              ],
              [
                79.52372,
                9.385071
              ]
            ]
          ]
        ]
      }
    }
  ]
}