{
  "type": "FeatureCollection",
  "features": [
    {
      "id": "feature_000",
      "type": "Feature",
      "properties": {
        "id": "LK-1103",
        "name": "Colombo",
        "area_sqkm": 24.54,
        "center_lat": 6.945084,
        "center_lng": 79.856234,
        "province_id": "LK-1",
        "district_id": "LK-11",
        "ed_id": "EC-01",
        "pd_id": null,
        "lg_id": "LG-11011"
      },
      "geometry": {
        "type": "Polygon",
        "coordinates": [
          [
            [
              79.88498,
              6.974644
            ],
            [
              79.869185,
              6.978091
            ],
            [
              79.847269,
              6.937981
            ],
            [
              79.840066,
              6.9607
            ],
            [
              79.842138,
              6.945776
            ],
            [
              79.823824,
              6.94464
            ],
            [
              79.831051,
              6.965909
            ],
            [
              79.822718,
              6.957645
            ],
            [
              79.821352,
              6.927719
            ],
            [
              79.846281,
              6.917456
            ],
            [
              79.862147,
              6.915928
            ],
            [
              79.862123,
              6.915928
            ],
            [
              79.878271,
              6.943191
            ],
            [
              79.879236,
              6.958389
            ],
            [
              79.88498,
              6.974644
            ]
          ]
        ]
      }
    },
    {
      "id": "feature_001",
      "type": "Feature",
      "properties": {
        "id": "LK-1106",
        "name": "Kolonnawa",
        "area_sqkm": 25.93,
        "center_lat": 6.93437,
        "center_lng": 79.915175,
        "province_id": "LK-1",
        "district_id": "LK-11",
        "ed_id": "EC-01",
        "pd_id": "EC-01H",
        "lg_id": null
      },
      "geometry": {
        "type": "Polygon",
        "coordinates": [
          [
            [
              79.929376,
              6.94985
            ],
            [
              79.879236,
              6.958389
            ],
            [
              79.878271,
              6.943191
            ],
            [
              79.886204,
              6.924115
            ],
            [
              79.901199,
              6.913461
            ],
            [
              79.915017,
              6.920198
            ],
            [
              79.915017,
              6.920237
            ],
            [
              79.915017,
              6.920198
            ],
            [
              79.944182,
              6.914636
            ],
            [
              79.944206,
              6.914597
            ],
            [
              79.958942,
              6.917417
            ],
            [
              79.950256,
              6.940292
            ],
            [
              79.929376,
              6.94985
            ]
          ]
        ]
      }
    },
    {
      "id": "feature_002",
      "type": "Feature",
      "properties": {
        "id": "LK-1109",
        "name": "Kaduwela",
        "area_sqkm": 86.74,
        "center_lat": 6.903511,
        "center_lng": 79.977309,
        "province_id": "LK-1",
        "district_id": "LK-11",
        "ed_id": "EC-01",
        "pd_id": "EC-01J",
        "lg_id": "LG-11015"
      },
      "geometry": {
        "type": "Polygon",
        "coordinates": [
          [
            [
              80.014166,
              6.946246
            ],
            [
              79.950256,
              6.940292
            ],
            [
              79.958942,
              6.917417
            ],
            [
              79.944206,
              6.914597
            ],
            [
              79.944182,
              6.914636
            ],
            [
              79.915017,
              6.920198
            ],
            [
              79.915017,
              6.920237
            ],
            [
              79.915017,
              6.920198
            ],
            [
              79.901199,
              6.913461
            ],
            [
              79.922102,
              6.884436
            ],
            [
              79.989567,
              6.858583
            ],
            [
              80.00508,
              6.869198
            ],
            [
              80.00508,
              6.869159
            ],
            [
              80.005597,
              6.87527
            ],
            [
              80.017932,
              6.894581
            ],
            [
              80.04046,
              6.881615
            ],
            [
              80.045026,
              6.914832
            ],
            [
              80.01998,
              6.924781
            ],
            [
              80.014166,
              6.946246
            ]
          ]
        ]
      }
    },
    {
      "id": "feature_003",
      "type": "Feature",
      "properties": {
        "id": "LK-1112",
        "name": "Homagama",
        "area_sqkm": 120.32,
        "center_lat": 6.833595,
        "center_lng": 80.015498,
        "province_id": "LK-1",
        "district_id": "LK-11",
        "ed_id": "EC-01",
        "pd_id": "EC-01L",
        "lg_id": "LG-11031"
      },
      "geometry": {
        "type": "Polygon",
        "coordinates": [
          [
            [
              80.062634,
              6.908329
            ],
            [
              80.045026,
              6.914832
            ],
            [
              80.04046,
              6.881615
            ],
            [
              80.017932,
              6.894581
            ],
            [
              80.005597,
              6.87527
            ],
            [
              80.00508,
              6.869159
            ],
            [
              80.00508,
              6.869198
            ],
            [
              79.989567,
              6.858583
            ],
            [
              79.989261,
              6.838763
            ],
            [
              79.967251,
              6.830812
            ],
            [
              79.951268,
              6.817964
            ],
            [
              79.966522,
              6.782828
            ],
            [
              79.950467,
              6.7634
            ],
            [
              79.972124,
              6.759052
            ],
            [
              80.000631,
              6.771038
            ],
            [
              80.000607,
              6.771038
            ],
            [
              80.000631,
              6.771038
            ],
            [
              80.041354,
              6.804489
            ],
            [
              80.040907,
              6.828971
            ],
            [
              80.079018,
              6.844012
            ],
            [
              80.079795,
              6.863088
            ],
            [
              80.062634,
              6.908329
            ]
          ]
        ]
      }
    },
    {
      "id": "feature_004",
      "type": "Feature",
      "properties": {
        "id": "LK-1115",
        "name": "Seethawaka",
        "area_sqkm": 145.98,
        "center_lat": 6.922503,
        "center_lng": 80.147335,
        "province_id": "LK-1",
        "district_id": "LK-11",
        "ed_id": "EC-01",
        "pd_id": "EC-01K",
        "lg_id": null
      },
      "geometry": {
        "type": "Polygon",
        "coordinates": [
          [
            [
              80.179297,
              6.977543
            ],
            [
              80.12412,
              6.974488
            ],
            [
              80.098579,
              6.951338
            ],
            [
              80.09333,
              6.912403
            ],
            [
              80.062634,
              6.908329
            ],
            [
              80.079795,
              6.863088
            ],
            [
              80.098603,
              6.861521
            ],
            [
              80.124638,
              6.88847
            ],
            [
              80.179297,
              6.865634
            ],
            [
              80.211076,
              6.916829
            ],
            [
              80.208227,
              6.937668
            ],
            [
              80.223928,
              6.941624
            ],
            [
              80.207309,
              6.978718
            ],
            [
              80.179297,
              6.977543
            ]
          ]
        ]
      }
    },
    {
      "id": "feature_005",
      "type": "Feature",
      "properties": {
        "id": "LK-1118",
        "name": "Padukka",
        "area_sqkm": 106.19,
        "center_lat": 6.833676,
        "center_lng": 80.121779,
        "province_id": "LK-1",
        "district_id": "LK-11",
        "ed_id": "EC-01",
        "pd_id": "EC-01K",
        "lg_id": null
      },
      "geometry": {
        "type": "Polygon",
        "coordinates": [
          [
            [
              80.179297,
              6.865634
            ],
            [
              80.124638,
              6.88847
            ],
            [
              80.098603,
              6.861521
            ],
            [
              80.079795,
              6.863088
            ],
            [
              80.079018,
              6.844012
            ],
            [
              80.040907,
              6.828971
            ],
            [
              80.041354,
              6.804489
            ],
            [
              80.061763,
              6.790388
            ],
            [
              80.089728,
              6.8153
            ],
            [
              80.110349,
              6.770686
            ],
            [
              80.126003,
              6.774172
            ],
            [
              80.116352,
              6.805351
            ],
            [
              80.148954,
              6.826464
            ],
            [
              80.17772,
              6.815849
            ],
            [
              80.203284,
              6.826738
            ],
            [
              80.179297,
              6.865634
            ]
          ]
        ]
      }
    },
    {
      "id": "feature_006",
      "type": "Feature",
      "properties": {
        "id": "LK-1121",
        "name": "Maharagama",
        "area_sqkm": 37.8,
        "center_lat": 6.856502,
        "center_lng": 79.941942,
        "province_id": "LK-1",
        "district_id": "LK-11",
        "ed_id": "EC-01",
        "pd_id": "EC-01M",
        "lg_id": "LG-11023"
      },
      "geometry": {
        "type": "Polygon",
        "coordinates": [
          [
            [
              79.922102,
              6.884436
            ],
            [
              79.900351,
              6.880127
            ],
            [
              79.91085,
              6.856742
            ],
            [
              79.892207,
              6.867201
            ],
            [
              79.890347,
              6.862187
            ],
            [
              79.914758,
              6.844365
            ],
            [
              79.914734,
              6.844404
            ],
            [
              79.929635,
              6.831047
            ],
            [
              79.929658,
              6.831047
            ],
            [
              79.929635,
              6.831047
            ],
            [
              79.956282,
              6.843542
            ],
            [
              79.956282,
              6.843503
            ],
            [
              79.956282,
              6.843542
            ],
            [
              79.967251,
              6.830812
            ],
            [
              79.989261,
              6.838763
            ],
            [
              79.989567,
              6.858583
            ],
            [
              79.922102,
              6.884436
            ]
          ]
        ]
      }
    },
    {
      "id": "feature_007",
      "type": "Feature",
      "properties": {
        "id": "LK-1124",
        "name": "Sri Jayawardanapura Kotte",
        "area_sqkm": 16.32,
        "center_lat": 6.891034,
        "center_lng": 79.898428,
        "province_id": "LK-1",
        "district_id": "LK-11",
        "ed_id": "EC-01",
        "pd_id": "EC-01I",
        "lg_id": "LG-11014"
      },
      "geometry": {
        "type": "Polygon",
        "coordinates": [
          [
            [
              79.901199,
              6.913461
            ],
            [
              79.886204,
              6.924115
            ],
            [
              79.884462,
              6.882516
            ],
            [
              79.884439,
              6.882516
            ],
            [
              79.884462,
              6.882516
            ],
            [
              79.885733,
              6.87386
            ],
            [
              79.885757,
              6.87386
            ],
            [
              79.885733,
              6.87386
            ],
            [
              79.885121,
              6.87339
            ],
            [
              79.888629,
              6.870374
            ],
            [
              79.888629,
              6.870334
            ],
            [
              79.888629,
              6.870374
            ],
            [
              79.892207,
              6.867201
            ],
            [
              79.91085,
              6.856742
            ],
            [
              79.900351,
              6.880127
            ],
            [
              79.922102,
              6.884436
            ],
            [
              79.901199,
              6.913461
            ]
          ]
        ]
      }
    },
    {
      "id": "feature_008",
      "type": "Feature",
      "properties": {
        "id": "LK-1127",
        "name": "Thimbirigasyaya",
        "area_sqkm": 22.33,
        "center_lat": 6.90017,
        "center_lng": 79.869891,
        "province_id": "LK-1",
        "district_id": "LK-11",
        "ed_id": "EC-01",
        "pd_id": null,
        "lg_id": "LG-11011"
      },
      "geometry": {
        "type": "Polygon",
        "coordinates": [
          [
            [
              79.886204,
              6.924115
            ],
            [
              79.878271,
              6.943191
            ],
            [
              79.862123,
              6.915928
            ],
            [
              79.862147,
              6.915928
            ],
            [
              79.846281,
              6.917456
            ],
            [
              79.859769,
              6.862579
            ],
            [
              79.885121,
              6.87339
            ],
            [
              79.885733,
              6.87386
            ],
            [
              79.885757,
              6.87386
            ],
            [
              79.885733,
              6.87386
            ],
            [
              79.884462,
              6.882516
            ],
            [
              79.884439,
              6.882516
            ],
            [
              79.884462,
              6.882516
            ],
            [
              79.886204,
              6.924115
            ]
          ]
        ]
      }
    },
    {
      "id": "feature_009",
      "type": "Feature",
      "properties": {
        "id": "LK-1130",
        "name": "Dehiwala",
        "area_sqkm": 8.46,
        "center_lat": 6.858462,
        "center_lng": 79.875429,
        "province_id": "LK-1",
        "district_id": "LK-11",
        "ed_id": "EC-01",
        "pd_id": "EC-01F",
        "lg_id": "LG-11012"
      },
      "geometry": {
        "type": "Polygon",
        "coordinates": [
          [
            [
              79.885121,
              6.87339
            ],
            [
              79.859769,
              6.862579
            ],
            [
              79.862429,
              6.848987
            ],
            [
              79.885451,
              6.844482
            ],
            [
              79.88265,
              6.857017
            ],
            [
              79.882626,
              6.857017
            ],
            [
              79.88265,
              6.857017
            ],
            [
              79.886863,
              6.860033
            ],
            [
              79.886887,
              6.860033
            ],
            [
              79.886863,
              6.860033
            ],
            [
              79.888888,
              6.861286
            ],
            [
              79.888864,
              6.861286
            ],
            [
              79.888888,
              6.861286
            ],
            [
              79.890347,
              6.862187
            ],
            [
              79.892207,
              6.867201
            ],
            [
              79.888629,
              6.870374
            ],
            [
              79.888629,
              6.870334
            ],
            [
              79.888629,
              6.870374
            ],
            [
              79.885121,
              6.87339
            ]
          ]
        ]
      }
    },
    {
      "id": "feature_010",
      "type": "Feature",
      "properties": {
        "id": "LK-1131",
        "name": "Ratmalana",
        "area_sqkm": 12.86,
        "center_lat": 6.827061,
        "center_lng": 79.877974,
        "province_id": "LK-1",
        "district_id": "LK-11",
        "ed_id": "EC-01",
        "pd_id": "EC-01G",
        "lg_id": "LG-11012"
      },
      "geometry": {
        "type": "Polygon",
        "coordinates": [
          [
            [
              79.885451,
              6.844482
            ],
            [
              79.862429,
              6.848987
            ],
            [
              79.869397,
              6.805704
            ],
            [
              79.898515,
              6.818434
            ],
            [
              79.885451,
              6.844482
            ]
          ]
        ]
      }
    },
    {
      "id": "feature_011",
      "type": "Feature",
      "properties": {
        "id": "LK-1133",
        "name": "Moratuwa",
        "area_sqkm": 19.3,
        "center_lat": 6.782566,
        "center_lng": 79.890891,
        "province_id": "LK-1",
        "district_id": "LK-11",
        "ed_id": "EC-01",
        "pd_id": "EC-01O",
        "lg_id": "LG-11013"
      },
      "geometry": {
        "type": "Polygon",
        "coordinates": [
          [
            [
              79.905412,
              6.76814
            ],
            [
              79.898515,
              6.818434
            ],
            [
              79.869397,
              6.805704
            ],
            [
              79.901105,
              6.715338
            ],
            [
              79.886463,
              6.773271
            ],
            [
              79.905412,
              6.76814
            ]
          ]
        ]
      }
    },
    {
      "id": "feature_012",
      "type": "Feature",
      "properties": {
        "id": "LK-1136",
        "name": "Kesbewa",
        "area_sqkm": 61.41,
        "center_lat": 6.802645,
        "center_lng": 79.928334,
        "province_id": "LK-1",
        "district_id": "LK-11",
        "ed_id": "EC-01",
        "pd_id": "EC-01N",
        "lg_id": null
      },
      "geometry": {
        "type": "Polygon",
        "coordinates": [
          [
            [
              79.967251,
              6.830812
            ],
            [
              79.956282,
              6.843542
            ],
            [
              79.956282,
              6.843503
            ],
            [
              79.956282,
              6.843542
            ],
            [
              79.929635,
              6.831047
            ],
            [
              79.929658,
              6.831047
            ],
            [
              79.929635,
              6.831047
            ],
            [
              79.914758,
              6.844365
            ],
            [
              79.914734,
              6.844404
            ],
            [
              79.890347,
              6.862187
            ],
            [
              79.888888,
              6.861286
            ],
            [
              79.888864,
              6.861286
            ],
            [
              79.888888,
              6.861286
            ],
            [
              79.886863,
              6.860033
            ],
            [
              79.886887,
              6.860033
            ],
            [
              79.886863,
              6.860033
            ],
            [
              79.88265,
              6.857017
            ],
            [
              79.882626,
              6.857017
            ],
            [
              79.88265,
              6.857017
            ],
            [
              79.885451,
              6.844482
            ],
            [
              79.898515,
              6.818434
            ],
            [
              79.905412,
              6.76814
            ],
            [
              79.938674,
              6.747967
            ],
            [
              79.950467,
              6.7634
            ],
            [
              79.966522,
              6.782828
            ],
            [
              79.951268,
              6.817964
            ],
            [
              79.967251,
              6.830812
            ]
          ]
        ]
      }
    },
    {
      "id": "feature_013",
      "type": "Feature",
      "properties": {
        "id": "LK-1203",
        "name": "Negombo",
        "area_sqkm": 29.19,
        "center_lat": 7.212174,
        "center_lng": 79.844401,
        "province_id": "LK-1",
        "district_id": "LK-12",
        "ed_id": "EC-02",
        "pd_id": "EC-02B",
        "lg_id": "LG-12011"
      },
      "geometry": {
        "type": "Polygon",
        "coordinates": [
          [
            [
              79.860946,
              7.270065
            ],
            [
              79.841008,
              7.272885
            ],
            [
              79.833663,
              7.199324
            ],
            [
              79.81688,
              7.203319
            ],
            [
              79.842303,
              7.112014
            ],
            [
              79.842632,
              7.112092
            ],
            [
              79.82413,
              7.189061
            ],
            [
              79.848305,
              7.199285
            ],
            [
              79.85765,
              7.18111
            ],
            [
              79.868408,
              7.183695
            ],
            [
              79.85193,
              7.222709
            ],
            [
              79.866996,
              7.233128
            ],
            [
              79.860946,
              7.270065
            ]
          ]
        ]
      }
    },
    {
      "id": "feature_014",
      "type": "Feature",
      "properties": {
        "id": "LK-1206",
        "name": "Katana",
        "area_sqkm": 107.8,
        "center_lat": 7.193574,
        "center_lng": 79.889949,
        "province_id": "LK-1",
        "district_id": "LK-12",
        "ed_id": "EC-02",
        "pd_id": "EC-02C",
        "lg_id": null
      },
      "geometry": {
        "type": "Polygon",
        "coordinates": [
          [
            [
              79.912592,
              7.267793
            ],
            [
              79.908331,
              7.280132
            ],
            [
              79.873775,
              7.2826
            ],
            [
              79.860946,
              7.270065
            ],
            [
              79.866996,
              7.233128
            ],
            [
              79.85193,
              7.222709
            ],
            [
              79.868408,
              7.183695
            ],
            [
              79.85765,
              7.18111
            ],
            [
              79.87208,
              7.121611
            ],
            [
              79.85306,
              7.106569
            ],
            [
              79.85951,
              7.104963
            ],
            [
              79.89336,
              7.107823
            ],
            [
              79.905342,
              7.127134
            ],
            [
              79.920666,
              7.117459
            ],
            [
              79.917371,
              7.143076
            ],
            [
              79.929329,
              7.142253
            ],
            [
              79.929376,
              7.142214
            ],
            [
              79.929329,
              7.142253
            ],
            [
              79.930835,
              7.155689
            ],
            [
              79.912592,
              7.159606
            ],
            [
              79.9177,
              7.180522
            ],
            [
              79.9177,
              7.180562
            ],
            [
              79.9177,
              7.180522
            ],
            [
              79.939663,
              7.199128
            ],
            [
              79.922173,
              7.200303
            ],
            [
              79.908755,
              7.230738
            ],
            [
              79.912592,
              7.267793
            ]
          ]
        ]
      }
    },
    {
      "id": "feature_015",
      "type": "Feature",
      "properties": {
        "id": "LK-1209",
        "name": "Divulapitiya",
        "area_sqkm": 203.16,
        "center_lat": 7.253922,
        "center_lng": 80.006882,
        "province_id": "LK-1",
        "district_id": "LK-12",
        "ed_id": "EC-02",
        "pd_id": "EC-02D",
        "lg_id": "LG-12033"
      },
      "geometry": {
        "type": "Polygon",
        "coordinates": [
          [
            [
              80.094766,
              7.30759
            ],
            [
              80.05536,
              7.283931
            ],
            [
              80.007857,
              7.321809
            ],
            [
              79.941617,
              7.276215
            ],
            [
              79.924103,
              7.284636
            ],
            [
              79.928246,
              7.272846
            ],
            [
              79.912592,
              7.267793
            ],
            [
              79.908755,
              7.230738
            ],
            [
              79.922173,
              7.200303
            ],
            [
              79.939663,
              7.199128
            ],
            [
              79.961767,
              7.199755
            ],
            [
              79.96179,
              7.199755
            ],
            [
              79.961767,
              7.199755
            ],
            [
              79.970335,
              7.189022
            ],
            [
              80.007316,
              7.198697
            ],
            [
              80.017391,
              7.217656
            ],
            [
              80.033374,
              7.210448
            ],
            [
              80.045992,
              7.20661
            ],
            [
              80.048393,
              7.232854
            ],
            [
              80.096908,
              7.229446
            ],
            [
              80.118753,
              7.245388
            ],
            [
              80.094766,
              7.30759
            ]
          ]
        ]
      }
    },
    {
      "id": "feature_016",
      "type": "Feature",
      "properties": {
        "id": "LK-1212",
        "name": "Mirigama",
        "area_sqkm": 188.81,
        "center_lat": 7.225181,
        "center_lng": 80.12288,
        "province_id": "LK-1",
        "district_id": "LK-12",
        "ed_id": "EC-02",
        "pd_id": "EC-02E",
        "lg_id": "LG-12041"
      },
      "geometry": {
        "type": "Polygon",
        "coordinates": [
          [
            [
              80.125203,
              7.330113
            ],
            [
              80.094766,
              7.30759
            ],
            [
              80.118753,
              7.245388
            ],
            [
              80.096908,
              7.229446
            ],
            [
              80.048393,
              7.232854
            ],
            [
              80.045992,
              7.20661
            ],
            [
              80.033374,
              7.210448
            ],
            [
              80.05004,
              7.196151
            ],
            [
              80.041519,
              7.170377
            ],
            [
              80.074192,
              7.157686
            ],
            [
              80.123908,
              7.165559
            ],
            [
              80.134477,
              7.141979
            ],
            [
              80.158888,
              7.136417
            ],
            [
              80.157028,
              7.143507
            ],
            [
              80.157005,
              7.143507
            ],
            [
              80.157028,
              7.143507
            ],
            [
              80.146153,
              7.188983
            ],
            [
              80.184405,
              7.196112
            ],
            [
              80.196034,
              7.258236
            ],
            [
              80.148177,
              7.313583
            ],
            [
              80.125203,
              7.330113
            ]
          ],
          [
            [
              80.161171,
              7.198541
            ],
            [
              80.160606,
              7.202575
            ],
            [
              80.167009,
              7.201635
            ],
            [
              80.167056,
              7.200107
            ],
            [
              80.161171,
              7.198541
            ]
          ]
        ]
      }
    },
    {
      "id": "feature_017",
      "type": "Feature",
      "properties": {
        "id": "LK-1215",
        "name": "Minuwangoda",
        "area_sqkm": 132.12,
        "center_lat": 7.155035,
        "center_lng": 79.979044,
        "province_id": "LK-1",
        "district_id": "LK-12",
        "ed_id": "EC-02",
        "pd_id": "EC-02F",
        "lg_id": null
      },
      "geometry": {
        "type": "Polygon",
        "coordinates": [
          [
            [
              80.033374,
              7.210448
            ],
            [
              80.017391,
              7.217656
            ],
            [
              80.007316,
              7.198697
            ],
            [
              79.970335,
              7.189022
            ],
            [
              79.961767,
              7.199755
            ],
            [
              79.96179,
              7.199755
            ],
            [
              79.961767,
              7.199755
            ],
            [
              79.939663,
              7.199128
            ],
            [
              79.9177,
              7.180522
            ],
            [
              79.9177,
              7.180562
            ],
            [
              79.9177,
              7.180522
            ],
            [
              79.912592,
              7.159606
            ],
            [
              79.930835,
              7.155689
            ],
            [
              79.929329,
              7.142253
            ],
            [
              79.929376,
              7.142214
            ],
            [
              79.929329,
              7.142253
            ],
            [
              79.917371,
              7.143076
            ],
            [
              79.920666,
              7.117459
            ],
            [
              79.92761,
              7.114129
            ],
            [
              79.97163,
              7.092546
            ],
            [
              80.008681,
              7.107
            ],
            [
              80.019792,
              7.12921
            ],
            [
              80.019815,
              7.12921
            ],
            [
              80.019792,
              7.12921
            ],
            [
              80.041519,
              7.170377
            ],
            [
              80.05004,
              7.196151
            ],
            [
              80.033374,
              7.210448
            ]
          ]
        ]
      }
    },
    {
      "id": "feature_018",
      "type": "Feature",
      "properties": {
        "id": "LK-1218",
        "name": "Wattala",
        "area_sqkm": 57.17,
        "center_lat": 7.035208,
        "center_lng": 79.88109,
        "province_id": "LK-1",
        "district_id": "LK-12",
        "ed_id": "EC-02",
        "pd_id": "EC-02A",
        "lg_id": null
      },
      "geometry": {
        "type": "Polygon",
        "coordinates": [
          [
            [
              79.85306,
              7.106569
            ],
            [
              79.842632,
              7.112092
            ],
            [
              79.842303,
              7.112014
            ],
            [
              79.869185,
              6.978091
            ],
            [
              79.88498,
              6.974644
            ],
            [
              79.892678,
              6.978601
            ],
            [
              79.892701,
              6.978601
            ],
            [
              79.892701,
              6.978561
            ],
            [
              79.892678,
              6.978601
            ],
            [
              79.905106,
              6.997598
            ],
            [
              79.898868,
              7.006098
            ],
            [
              79.900281,
              7.01025
            ],
            [
              79.93446,
              7.003826
            ],
            [
              79.933848,
              7.020787
            ],
            [
              79.887546,
              7.035554
            ],
            [
              79.878742,
              7.095719
            ],
            [
              79.85951,
              7.104963
            ],
            [
              79.85306,
              7.106569
            ]
          ]
        ]
      }
    },
    {
      "id": "feature_019",
      "type": "Feature",
      "properties": {
        "id": "LK-1221",
        "name": "Ja Ela",
        "area_sqkm": 62.45,
        "center_lat": 7.072037,
        "center_lng": 79.90888,
        "province_id": "LK-1",
        "district_id": "LK-12",
        "ed_id": "EC-02",
        "pd_id": "EC-02I",
        "lg_id": null
      },
      "geometry": {
        "type": "Polygon",
        "coordinates": [
          [
            [
              79.920666,
              7.117459
            ],
            [
              79.905342,
              7.127134
            ],
            [
              79.89336,
              7.107823
            ],
            [
              79.85951,
              7.104963
            ],
            [
              79.878742,
              7.095719
            ],
            [
              79.887546,
              7.035554
            ],
            [
              79.933848,
              7.020787
            ],
            [
              79.951715,
              7.057372
            ],
            [
              79.941287,
              7.062934
            ],
            [
              79.941311,
              7.062934
            ],
            [
              79.926127,
              7.061328
            ],
            [
              79.930788,
              7.076291
            ],
            [
              79.930788,
              7.07633
            ],
            [
              79.930788,
              7.076291
            ],
            [
              79.943453,
              7.090901
            ],
            [
              79.92761,
              7.114129
            ],
            [
              79.920666,
              7.117459
            ]
          ]
        ]
      }
    },
    {
      "id": "feature_020",
      "type": "Feature",
      "properties": {
        "id": "LK-1224",
        "name": "Gampaha",
        "area_sqkm": 91.82,
        "center_lat": 7.07124,
        "center_lng": 79.994244,
        "province_id": "LK-1",
        "district_id": "LK-12",
        "ed_id": "EC-02",
        "pd_id": "EC-02H",
        "lg_id": null
      },
      "geometry": {
        "type": "Polygon",
        "coordinates": [
          [
            [
              80.043073,
              7.077662
            ],
            [
              80.023629,
              7.069005
            ],
            [
              80.03893,
              7.033752
            ],
            [
              80.01313,
              7.011112
            ],
            [
              80.001054,
              7.030736
            ],
            [
              79.970359,
              7.028895
            ],
            [
              79.951715,
              7.057372
            ],
            [
              79.941287,
              7.062934
            ],
            [
              79.941311,
              7.062934
            ],
            [
              79.926127,
              7.061328
            ],
            [
              79.930788,
              7.076291
            ],
            [
              79.930788,
              7.07633
            ],
            [
              79.930788,
              7.076291
            ],
            [
              79.943453,
              7.090901
            ],
            [
              79.92761,
              7.114129
            ],
            [
              79.97163,
              7.092546
            ],
            [
              80.008681,
              7.107
            ],
            [
              80.055925,
              7.117772
            ],
            [
              80.055925,
              7.117811
            ],
            [
              80.053972,
              7.088551
            ],
            [
              80.053995,
              7.088551
            ],
            [
              80.043073,
              7.077662
            ]
          ]
        ]
      }
    },
    {
      "id": "feature_021",
      "type": "Feature",
      "properties": {
        "id": "LK-1227",
        "name": "Attanagalla",
        "area_sqkm": 154.83,
        "center_lat": 7.114342,
        "center_lng": 80.109868,
        "province_id": "LK-1",
        "district_id": "LK-12",
        "ed_id": "EC-02",
        "pd_id": "EC-02G",
        "lg_id": "LG-12031"
      },
      "geometry": {
        "type": "Polygon",
        "coordinates": [
          [
            [
              80.158888,
              7.136417
            ],
            [
              80.134477,
              7.141979
            ],
            [
              80.123908,
              7.165559
            ],
            [
              80.074192,
              7.157686
            ],
            [
              80.041519,
              7.170377
            ],
            [
              80.019792,
              7.12921
            ],
            [
              80.019815,
              7.12921
            ],
            [
              80.019792,
              7.12921
            ],
            [
              80.008681,
              7.107
            ],
            [
              80.055925,
              7.117772
            ],
            [
              80.055925,
              7.117811
            ],
            [
              80.053972,
              7.088551
            ],
            [
              80.053995,
              7.088551
            ],
            [
              80.043073,
              7.077662
            ],
            [
              80.074475,
              7.087807
            ],
            [
              80.092082,
              7.073353
            ],
            [
              80.092059,
              7.073353
            ],
            [
              80.092082,
              7.073353
            ],
            [
              80.093306,
              7.070063
            ],
            [
              80.104723,
              7.056236
            ],
            [
              80.12831,
              7.069514
            ],
            [
              80.164844,
              7.060074
            ],
            [
              80.212441,
              7.130385
            ],
            [
              80.202225,
              7.136965
            ],
            [
              80.164985,
              7.125097
            ],
            [
              80.158888,
              7.136417
            ]
          ],
          [
            [
              80.046109,
              7.075468
            ],
            [
              80.045756,
              7.075625
            ],
            [
              80.046462,
              7.076095
            ],
            [
              80.04658,
              7.075821
            ],
            [
              80.046109,
              7.075468
            ]
          ]
        ]
      }
    },
    {
      "id": "feature_022",
      "type": "Feature",
      "properties": {
        "id": "LK-1230",
        "name": "Dompe",
        "area_sqkm": 179.18,
        "center_lat": 6.990491,
        "center_lng": 80.098929,
        "province_id": "LK-1",
        "district_id": "LK-12",
        "ed_id": "EC-02",
        "pd_id": "EC-02K",
        "lg_id": "LG-12034"
      },
      "geometry": {
        "type": "Polygon",
        "coordinates": [
          [
            [
              80.093306,
              7.070063
            ],
            [
              80.078147,
              7.013619
            ],
            [
              80.054254,
              7.01875
            ],
            [
              80.039118,
              7.00034
            ],
            [
              80.052489,
              6.996188
            ],
            [
              80.030455,
              6.988393
            ],
            [
              80.014166,
              6.946246
            ],
            [
              80.01998,
              6.924781
            ],
            [
              80.045026,
              6.914832
            ],
            [
              80.062634,
              6.908329
            ],
            [
              80.09333,
              6.912403
            ],
            [
              80.098579,
              6.951338
            ],
            [
              80.12412,
              6.974488
            ],
            [
              80.179297,
              6.977543
            ],
            [
              80.164844,
              7.060074
            ],
            [
              80.12831,
              7.069514
            ],
            [
              80.104723,
              7.056236
            ],
            [
              80.093306,
              7.070063
            ]
          ]
        ]
      }
    },
    {
      "id": "feature_023",
      "type": "Feature",
      "properties": {
        "id": "LK-1233",
        "name": "Mahara",
        "area_sqkm": 95.75,
        "center_lat": 7.029309,
        "center_lng": 80.01439,
        "province_id": "LK-1",
        "district_id": "LK-12",
        "ed_id": "EC-02",
        "pd_id": "EC-02J",
        "lg_id": "LG-12039"
      },
      "geometry": {
        "type": "MultiPolygon",
        "coordinates": [
          [
            [
              [
                80.093306,
                7.070063
              ],
              [
                80.092082,
                7.073353
              ],
              [
                80.092059,
                7.073353
              ],
              [
                80.092082,
                7.073353
              ],
              [
                80.074475,
                7.087807
              ],
              [
                80.043073,
                7.077662
              ],
              [
                80.023629,
                7.069005
              ],
              [
                80.03893,
                7.033752
              ],
              [
                80.01313,
                7.011112
              ],
              [
                80.001054,
                7.030736
              ],
              [
                79.970359,
                7.028895
              ],
              [
                79.951715,
                7.057372
              ],
              [
                79.933848,
                7.020787
              ],
              [
                79.93446,
                7.003826
              ],
              [
                79.900281,
                7.01025
              ],
              [
                79.898868,
                7.006098
              ],
              [
                79.905106,
                6.997598
              ],
              [
                79.93898,
                6.991135
              ],
              [
                79.959648,
                7.007038
              ],
              [
                79.959789,
                7.007116
              ],
              [
                79.959648,
                7.007038
              ],
              [
                79.980763,
                6.991096
              ],
              [
                80.021557,
                6.999165
              ],
              [
                80.030455,
                6.988393
              ],
              [
                80.052489,
                6.996188
              ],
              [
                80.039118,
                7.00034
              ],
              [
                80.054254,
                7.01875
              ],
              [
                80.078147,
                7.013619
              ],
              [
                80.093306,
                7.070063
              ]
            ]
          ],
          [
            [
              [
                80.046109,
                7.075468
              ],
              [
                80.04658,
                7.075821
              ],
              [
                80.046462,
                7.076095
              ],
              [
                80.045756,
                7.075625
              ],
              [
                80.046109,
                7.075468
              ]
            ]
          ]
        ]
      }
    },
    {
      "id": "feature_024",
      "type": "Feature",
      "properties": {
        "id": "LK-1236",
        "name": "Kelaniya",
        "area_sqkm": 21.94,
        "center_lat": 6.970356,
        "center_lng": 79.909863,
        "province_id": "LK-1",
        "district_id": "LK-12",
        "ed_id": "EC-02",
        "pd_id": "EC-02M",
        "lg_id": null
      },
      "geometry": {
        "type": "Polygon",
        "coordinates": [
          [
            [
              79.93898,
              6.991135
            ],
            [
              79.905106,
              6.997598
            ],
            [
              79.892678,
              6.978601
            ],
            [
              79.892701,
              6.978561
            ],
            [
              79.892701,
              6.978601
            ],
            [
              79.892678,
              6.978601
            ],
            [
              79.88498,
              6.974644
            ],
            [
              79.879236,
              6.958389
            ],
            [
              79.929376,
              6.94985
            ],
            [
              79.93898,
              6.991135
            ]
          ]
        ]
      }
    },
    {
      "id": "feature_025",
      "type": "Feature",
      "properties": {
        "id": "LK-1239",
        "name": "Biyagama",
        "area_sqkm": 61.01,
        "center_lat": 6.968689,
        "center_lng": 79.978247,
        "province_id": "LK-1",
        "district_id": "LK-12",
        "ed_id": "EC-02",
        "pd_id": "EC-02L",
        "lg_id": "LG-12032"
      },
      "geometry": {
        "type": "Polygon",
        "coordinates": [
          [
            [
              80.030455,
              6.988393
            ],
            [
              80.021557,
              6.999165
            ],
            [
              79.980763,
              6.991096
            ],
            [
              79.959648,
              7.007038
            ],
            [
              79.959789,
              7.007116
            ],
            [
              79.959648,
              7.007038
            ],
            [
              79.93898,
              6.991135
            ],
            [
              79.929376,
              6.94985
            ],
            [
              79.950256,
              6.940292
            ],
            [
              80.014166,
              6.946246
            ],
            [
              80.030455,
              6.988393
            ]
          ]
        ]
      }
    },
    {
      "id": "feature_026",
      "type": "Feature",
      "properties": {
        "id": "LK-1303",
        "name": "Panadura",
        "area_sqkm": 45.4,
        "center_lat": 6.715794,
        "center_lng": 79.923102,
        "province_id": "LK-1",
        "district_id": "LK-13",
        "ed_id": "EC-03",
        "pd_id": null,
        "lg_id": null
      },
      "geometry": {
        "type": "Polygon",
        "coordinates": [
          [
            [
              79.905412,
              6.76814
            ],
            [
              79.886463,
              6.773271
            ],
            [
              79.901105,
              6.715338
            ],
            [
              79.931801,
              6.649807
            ],
            [
              79.9439,
              6.655134
            ],
            [
              79.9439,
              6.655173
            ],
            [
              79.9439,
              6.655134
            ],
            [
              79.95075,
              6.672878
            ],
            [
              79.95075,
              6.672839
            ],
            [
              79.95075,
              6.672878
            ],
            [
              79.954987,
              6.688781
            ],
            [
              79.917394,
              6.712831
            ],
            [
              79.917371,
              6.712831
            ],
            [
              79.917394,
              6.712831
            ],
            [
              79.947596,
              6.722193
            ],
            [
              79.947619,
              6.722232
            ],
            [
              79.947619,
              6.722193
            ],
            [
              79.947596,
              6.722193
            ],
            [
              79.946889,
              6.743071
            ],
            [
              79.946889,
              6.74311
            ],
            [
              79.946889,
              6.743071
            ],
            [
              79.938674,
              6.747967
            ],
            [
              79.905412,
              6.76814
            ]
          ]
        ]
      }
    },
    {
      "id": "feature_027",
      "type": "Feature",
      "properties": {
        "id": "LK-1306",
        "name": "Bandaragama",
        "area_sqkm": 57.08,
        "center_lat": 6.718529,
        "center_lng": 79.975934,
        "province_id": "LK-1",
        "district_id": "LK-13",
        "ed_id": "EC-03",
        "pd_id": "EC-03B",
        "lg_id": "LG-13032"
      },
      "geometry": {
        "type": "Polygon",
        "coordinates": [
          [
            [
              79.972124,
              6.759052
            ],
            [
              79.950467,
              6.7634
            ],
            [
              79.938674,
              6.747967
            ],
            [
              79.946889,
              6.743071
            ],
            [
              79.946889,
              6.74311
            ],
            [
              79.946889,
              6.743071
            ],
            [
              79.947596,
              6.722193
            ],
            [
              79.947619,
              6.722193
            ],
            [
              79.947619,
              6.722232
            ],
            [
              79.947596,
              6.722193
            ],
            [
              79.917394,
              6.712831
            ],
            [
              79.917371,
              6.712831
            ],
            [
              79.917394,
              6.712831
            ],
            [
              79.954987,
              6.688781
            ],
            [
              79.972289,
              6.696968
            ],
            [
              79.972289,
              6.697007
            ],
            [
              79.982717,
              6.682396
            ],
            [
              80.009482,
              6.687136
            ],
            [
              80.022781,
              6.719412
            ],
            [
              80.022805,
              6.719412
            ],
            [
              80.022781,
              6.719412
            ],
            [
              80.023511,
              6.722193
            ],
            [
              80.010235,
              6.744442
            ],
            [
              79.978762,
              6.743737
            ],
            [
              79.972124,
              6.759052
            ]
          ]
        ]
      }
    },
    {
      "id": "feature_028",
      "type": "Feature",
      "properties": {
        "id": "LK-1309",
        "name": "Horana",
        "area_sqkm": 111.36,
        "center_lat": 6.756429,
        "center_lng": 80.055471,
        "province_id": "LK-1",
        "district_id": "LK-13",
        "ed_id": "EC-03",
        "pd_id": "EC-03C",
        "lg_id": null
      },
      "geometry": {
        "type": "Polygon",
        "coordinates": [
          [
            [
              80.110349,
              6.770686
            ],
            [
              80.089728,
              6.8153
            ],
            [
              80.061763,
              6.790388
            ],
            [
              80.041354,
              6.804489
            ],
            [
              80.000631,
              6.771038
            ],
            [
              80.000607,
              6.771038
            ],
            [
              80.000631,
              6.771038
            ],
            [
              79.972124,
              6.759052
            ],
            [
              79.978762,
              6.743737
            ],
            [
              80.010235,
              6.744442
            ],
            [
              80.023511,
              6.722193
            ],
            [
              80.047663,
              6.718315
            ],
            [
              80.047686,
              6.718315
            ],
            [
              80.047663,
              6.718315
            ],
            [
              80.055666,
              6.694265
            ],
            [
              80.090764,
              6.723642
            ],
            [
              80.108631,
              6.720979
            ],
            [
              80.110349,
              6.770686
            ]
          ]
        ]
      }
    },
    {
      "id": "feature_029",
      "type": "Feature",
      "properties": {
        "id": "LK-1310",
        "name": "Ingiriya",
        "area_sqkm": 94.69,
        "center_lat": 6.762529,
        "center_lng": 80.15212,
        "province_id": "LK-1",
        "district_id": "LK-13",
        "ed_id": "EC-03",
        "pd_id": "EC-03C",
        "lg_id": "LG-13036"
      },
      "geometry": {
        "type": "Polygon",
        "coordinates": [
          [
            [
              80.17772,
              6.815849
            ],
            [
              80.148954,
              6.826464
            ],
            [
              80.116352,
              6.805351
            ],
            [
              80.126003,
              6.774172
            ],
            [
              80.110349,
              6.770686
            ],
            [
              80.108631,
              6.720979
            ],
            [
              80.108725,
              6.70441
            ],
            [
              80.125085,
              6.70065
            ],
            [
              80.14507,
              6.723917
            ],
            [
              80.199117,
              6.726619
            ],
            [
              80.205308,
              6.730497
            ],
            [
              80.196504,
              6.753138
            ],
            [
              80.17772,
              6.815849
            ]
          ]
        ]
      }
    },
    {
      "id": "feature_030",
      "type": "Feature",
      "properties": {
        "id": "LK-1312",
        "name": "Bulathsinhala",
        "area_sqkm": 211.03,
        "center_lat": 6.648237,
        "center_lng": 80.174565,
        "province_id": "LK-1",
        "district_id": "LK-13",
        "ed_id": "EC-03",
        "pd_id": "EC-03D",
        "lg_id": "LG-13034"
      },
      "geometry": {
        "type": "Polygon",
        "coordinates": [
          [
            [
              80.260697,
              6.622388
            ],
            [
              80.204014,
              6.722193
            ],
            [
              80.204037,
              6.722193
            ],
            [
              80.199117,
              6.726619
            ],
            [
              80.14507,
              6.723917
            ],
            [
              80.125085,
              6.70065
            ],
            [
              80.108725,
              6.70441
            ],
            [
              80.087822,
              6.668726
            ],
            [
              80.138244,
              6.604918
            ],
            [
              80.112656,
              6.596026
            ],
            [
              80.114233,
              6.582473
            ],
            [
              80.113998,
              6.564847
            ],
            [
              80.135278,
              6.566061
            ],
            [
              80.135278,
              6.566022
            ],
            [
              80.135278,
              6.566061
            ],
            [
              80.151332,
              6.581142
            ],
            [
              80.188077,
              6.580476
            ],
            [
              80.213053,
              6.581572
            ],
            [
              80.260697,
              6.622388
            ]
          ]
        ]
      }
    },
    {
      "id": "feature_031",
      "type": "Feature",
      "properties": {
        "id": "LK-1315",
        "name": "Madurawala",
        "area_sqkm": 62.19,
        "center_lat": 6.651918,
        "center_lng": 80.093422,
        "province_id": "LK-1",
        "district_id": "LK-13",
        "ed_id": "EC-03",
        "pd_id": "EC-03D",
        "lg_id": "LG-13041"
      },
      "geometry": {
        "type": "Polygon",
        "coordinates": [
          [
            [
              80.108631,
              6.720979
            ],
            [
              80.090764,
              6.723642
            ],
            [
              80.055666,
              6.694265
            ],
            [
              80.064164,
              6.671625
            ],
            [
              80.048251,
              6.64542
            ],
            [
              80.066918,
              6.64542
            ],
            [
              80.07351,
              6.62466
            ],
            [
              80.088292,
              6.626853
            ],
            [
              80.108701,
              6.579888
            ],
            [
              80.114233,
              6.582473
            ],
            [
              80.112656,
              6.596026
            ],
            [
              80.138244,
              6.604918
            ],
            [
              80.087822,
              6.668726
            ],
            [
              80.108725,
              6.70441
            ],
            [
              80.108631,
              6.720979
            ]
          ]
        ]
      }
    },
    {
      "id": "feature_032",
      "type": "Feature",
      "properties": {
        "id": "LK-1318",
        "name": "Millaniya",
        "area_sqkm": 79.42,
        "center_lat": 6.658585,
        "center_lng": 80.031028,
        "province_id": "LK-1",
        "district_id": "LK-13",
        "ed_id": "EC-03",
        "pd_id": "EC-03B",
        "lg_id": "LG-13043"
      },
      "geometry": {
        "type": "Polygon",
        "coordinates": [
          [
            [
              80.055666,
              6.694265
            ],
            [
              80.047663,
              6.718315
            ],
            [
              80.047686,
              6.718315
            ],
            [
              80.047663,
              6.718315
            ],
            [
              80.023511,
              6.722193
            ],
            [
              80.022781,
              6.719412
            ],
            [
              80.022805,
              6.719412
            ],
            [
              80.022781,
              6.719412
            ],
            [
              80.009482,
              6.687136
            ],
            [
              79.982717,
              6.682396
            ],
            [
              80.009811,
              6.634805
            ],
            [
              80.04851,
              6.588231
            ],
            [
              80.07351,
              6.62466
            ],
            [
              80.066918,
              6.64542
            ],
            [
              80.048251,
              6.64542
            ],
            [
              80.064164,
              6.671625
            ],
            [
              80.055666,
              6.694265
            ]
          ]
        ]
      }
    },
    {
      "id": "feature_033",
      "type": "Feature",
      "properties": {
        "id": "LK-1321",
        "name": "Kalutara",
        "area_sqkm": 75.57,
        "center_lat": 6.620205,
        "center_lng": 79.971212,
        "province_id": "LK-1",
        "district_id": "LK-13",
        "ed_id": "EC-03",
        "pd_id": "EC-03F",
        "lg_id": null
      },
      "geometry": {
        "type": "Polygon",
        "coordinates": [
          [
            [
              79.982717,
              6.682396
            ],
            [
              79.972289,
              6.697007
            ],
            [
              79.972289,
              6.696968
            ],
            [
              79.954987,
              6.688781
            ],
            [
              79.95075,
              6.672878
            ],
            [
              79.95075,
              6.672839
            ],
            [
              79.95075,
              6.672878
            ],
            [
              79.9439,
              6.655134
            ],
            [
              79.9439,
              6.655173
            ],
            [
              79.9439,
              6.655134
            ],
            [
              79.931801,
              6.649807
            ],
            [
              79.969488,
              6.543538
            ],
            [
              80.00242,
              6.554153
            ],
            [
              80.001972,
              6.558305
            ],
            [
              80.001996,
              6.558305
            ],
            [
              80.001972,
              6.558305
            ],
            [
              80.002114,
              6.55952
            ],
            [
              80.002114,
              6.559559
            ],
            [
              80.002114,
              6.55952
            ],
            [
              80.000584,
              6.605623
            ],
            [
              79.976855,
              6.610049
            ],
            [
              80.009811,
              6.634805
            ],
            [
              79.982717,
              6.682396
            ]
          ]
        ]
      }
    },
    {
      "id": "feature_034",
      "type": "Feature",
      "properties": {
        "id": "LK-1324",
        "name": "Beruwala",
        "area_sqkm": 73.52,
        "center_lat": 6.488797,
        "center_lng": 80.004738,
        "province_id": "LK-1",
        "district_id": "LK-13",
        "ed_id": "EC-03",
        "pd_id": "EC-03G",
        "lg_id": null
      },
      "geometry": {
        "type": "MultiPolygon",
        "coordinates": [
          [
            [
              [
                80.00242,
                6.554153
              ],
              [
                79.969488,
                6.543538
              ],
              [
                79.985518,
                6.443615
              ],
              [
                79.997853,
                6.426459
              ],
              [
                80.009011,
                6.437192
              ],
              [
                80.024806,
                6.427634
              ],
              [
                80.039965,
                6.457129
              ],
              [
                80.039989,
                6.457129
              ],
              [
                80.026336,
                6.471152
              ],
              [
                80.036882,
                6.482668
              ],
              [
                80.036858,
                6.482668
              ],
              [
                80.027183,
                6.512437
              ],
              [
                80.027207,
                6.512437
              ],
              [
                80.027183,
                6.512437
              ],
              [
                80.027466,
                6.518117
              ],
              [
                80.027489,
                6.518117
              ],
              [
                80.017226,
                6.542912
              ],
              [
                80.017203,
                6.542912
              ],
              [
                80.015484,
                6.545066
              ],
              [
                80.015508,
                6.545066
              ],
              [
                80.015484,
                6.545066
              ],
              [
                80.00242,
                6.554153
              ]
            ]
          ],
          [
            [
              [
                79.970829,
                6.47221
              ],
              [
                79.970005,
                6.471896
              ],
              [
                79.970382,
                6.470564
              ],
              [
                79.9709,
                6.470839
              ],
              [
                79.970829,
                6.47221
              ]
            ]
          ],
          [
            [
              [
                79.97163,
                6.469781
              ],
              [
                79.971371,
                6.469154
              ],
              [
                79.971818,
                6.468841
              ],
              [
                79.972077,
                6.469468
              ],
              [
                79.97163,
                6.469781
              ]
            ]
          ],
          [
            [
              [
                79.969699,
                6.461869
              ],
              [
                79.969794,
                6.463866
              ],
              [
                79.968052,
                6.464297
              ],
              [
                79.967487,
                6.46273
              ],
              [
                79.969699,
                6.461869
              ]
            ]
          ],
          [
            [
              [
                79.979563,
                6.448394
              ],
              [
                79.979045,
                6.450039
              ],
              [
                79.976926,
                6.452625
              ],
              [
                79.979633,
                6.447924
              ],
              [
                79.979563,
                6.448394
              ]
            ]
          ],
          [
            [
              [
                79.979351,
                6.447023
              ],
              [
                79.978574,
                6.447141
              ],
              [
                79.978315,
                6.44671
              ],
              [
                79.978974,
                6.446514
              ],
              [
                79.979351,
                6.447023
              ]
            ]
          ],
          [
            [
              [
                79.979162,
                6.4415
              ],
              [
                79.979304,
                6.441579
              ],
              [
                79.979139,
                6.441696
              ],
              [
                79.979021,
                6.4415
              ],
              [
                79.979162,
                6.4415
              ]
            ]
          ]
        ]
      }
    },
    {
      "id": "feature_035",
      "type": "Feature",
      "properties": {
        "id": "LK-1327",
        "name": "Dodangoda",
        "area_sqkm": 109.85,
        "center_lat": 6.571467,
        "center_lng": 80.044831,
        "province_id": "LK-1",
        "district_id": "LK-13",
        "ed_id": "EC-03",
        "pd_id": "EC-03E",
        "lg_id": "LG-13035"
      },
      "geometry": {
        "type": "Polygon",
        "coordinates": [
          [
            [
              80.009811,
              6.634805
            ],
            [
              79.976855,
              6.610049
            ],
            [
              80.000584,
              6.605623
            ],
            [
              80.002114,
              6.55952
            ],
            [
              80.002114,
              6.559559
            ],
            [
              80.002114,
              6.55952
            ],
            [
              80.001972,
              6.558305
            ],
            [
              80.001996,
              6.558305
            ],
            [
              80.001972,
              6.558305
            ],
            [
              80.00242,
              6.554153
            ],
            [
              80.015484,
              6.545066
            ],
            [
              80.015508,
              6.545066
            ],
            [
              80.015484,
              6.545066
            ],
            [
              80.017203,
              6.542912
            ],
            [
              80.017226,
              6.542912
            ],
            [
              80.027489,
              6.518117
            ],
            [
              80.027466,
              6.518117
            ],
            [
              80.027183,
              6.512437
            ],
            [
              80.027207,
              6.512437
            ],
            [
              80.027183,
              6.512437
            ],
            [
              80.036858,
              6.482668
            ],
            [
              80.036882,
              6.482668
            ],
            [
              80.052206,
              6.489719
            ],
            [
              80.055737,
              6.528654
            ],
            [
              80.108701,
              6.579888
            ],
            [
              80.088292,
              6.626853
            ],
            [
              80.07351,
              6.62466
            ],
            [
              80.04851,
              6.588231
            ],
            [
              80.009811,
              6.634805
            ]
          ]
        ]
      }
    },
    {
      "id": "feature_036",
      "type": "Feature",
      "properties": {
        "id": "LK-1330",
        "name": "Matugama",
        "area_sqkm": 138.88,
        "center_lat": 6.488,
        "center_lng": 80.090993,
        "province_id": "LK-1",
        "district_id": "LK-13",
        "ed_id": "EC-03",
        "pd_id": "EC-03E",
        "lg_id": "LG-13038"
      },
      "geometry": {
        "type": "Polygon",
        "coordinates": [
          [
            [
              80.113998,
              6.564847
            ],
            [
              80.114233,
              6.582473
            ],
            [
              80.108701,
              6.579888
            ],
            [
              80.055737,
              6.528654
            ],
            [
              80.052206,
              6.489719
            ],
            [
              80.036858,
              6.482668
            ],
            [
              80.036882,
              6.482668
            ],
            [
              80.026336,
              6.471152
            ],
            [
              80.039989,
              6.457129
            ],
            [
              80.039965,
              6.457129
            ],
            [
              80.024806,
              6.427634
            ],
            [
              80.059574,
              6.408558
            ],
            [
              80.083043,
              6.444438
            ],
            [
              80.127015,
              6.458578
            ],
            [
              80.126992,
              6.458578
            ],
            [
              80.15072,
              6.456385
            ],
            [
              80.153544,
              6.468488
            ],
            [
              80.154345,
              6.505543
            ],
            [
              80.114045,
              6.543264
            ],
            [
              80.113998,
              6.564847
            ]
          ]
        ]
      }
    },
    {
      "id": "feature_037",
      "type": "Feature",
      "properties": {
        "id": "LK-1333",
        "name": "Agalawatta",
        "area_sqkm": 92.24,
        "center_lat": 6.515637,
        "center_lng": 80.174536,
        "province_id": "LK-1",
        "district_id": "LK-13",
        "ed_id": "EC-03",
        "pd_id": null,
        "lg_id": "LG-13031"
      },
      "geometry": {
        "type": "Polygon",
        "coordinates": [
          [
            [
              80.188077,
              6.580476
            ],
            [
              80.151332,
              6.581142
            ],
            [
              80.135278,
              6.566061
            ],
            [
              80.135278,
              6.566022
            ],
            [
              80.135278,
              6.566061
            ],
            [
              80.113998,
              6.564847
            ],
            [
              80.114045,
              6.543264
            ],
            [
              80.154345,
              6.505543
            ],
            [
              80.153544,
              6.468488
            ],
            [
              80.182216,
              6.472053
            ],
            [
              80.209169,
              6.435272
            ],
            [
              80.223481,
              6.444751
            ],
            [
              80.231414,
              6.480788
            ],
            [
              80.186665,
              6.518861
            ],
            [
              80.172094,
              6.514787
            ],
            [
              80.178285,
              6.535665
            ],
            [
              80.201448,
              6.554114
            ],
            [
              80.188077,
              6.580476
            ]
          ]
        ]
      }
    },
    {
      "id": "feature_038",
      "type": "Feature",
      "properties": {
        "id": "LK-1336",
        "name": "Palindanuwara",
        "area_sqkm": 284.12,
        "center_lat": 6.506966,
        "center_lng": 80.274635,
        "province_id": "LK-1",
        "district_id": "LK-13",
        "ed_id": "EC-03",
        "pd_id": "EC-03H",
        "lg_id": "LG-13042"
      },
      "geometry": {
        "type": "Polygon",
        "coordinates": [
          [
            [
              80.260697,
              6.622388
            ],
            [
              80.213053,
              6.581572
            ],
            [
              80.188077,
              6.580476
            ],
            [
              80.201448,
              6.554114
            ],
            [
              80.178285,
              6.535665
            ],
            [
              80.172094,
              6.514787
            ],
            [
              80.186665,
              6.518861
            ],
            [
              80.231414,
              6.480788
            ],
            [
              80.223481,
              6.444751
            ],
            [
              80.248857,
              6.429671
            ],
            [
              80.273032,
              6.436996
            ],
            [
              80.300291,
              6.396925
            ],
            [
              80.316392,
              6.399471
            ],
            [
              80.380914,
              6.426146
            ],
            [
              80.305729,
              6.538211
            ],
            [
              80.295277,
              6.564063
            ],
            [
              80.314438,
              6.570644
            ],
            [
              80.28539,
              6.61522
            ],
            [
              80.260697,
              6.622388
            ]
          ]
        ]
      }
    },
    {
      "id": "feature_039",
      "type": "Feature",
      "properties": {
        "id": "LK-1339",
        "name": "Walallawita",
        "area_sqkm": 211.65,
        "center_lat": 6.406665,
        "center_lng": 80.187579,
        "province_id": "LK-1",
        "district_id": "LK-13",
        "ed_id": "EC-03",
        "pd_id": "EC-03H",
        "lg_id": "LG-13040"
      },
      "geometry": {
        "type": "Polygon",
        "coordinates": [
          [
            [
              80.223481,
              6.444751
            ],
            [
              80.209169,
              6.435272
            ],
            [
              80.182216,
              6.472053
            ],
            [
              80.153544,
              6.468488
            ],
            [
              80.15072,
              6.456385
            ],
            [
              80.126992,
              6.458578
            ],
            [
              80.127015,
              6.458578
            ],
            [
              80.083043,
              6.444438
            ],
            [
              80.059574,
              6.408558
            ],
            [
              80.131441,
              6.365824
            ],
            [
              80.206509,
              6.359713
            ],
            [
              80.217149,
              6.379964
            ],
            [
              80.238994,
              6.376987
            ],
            [
              80.299067,
              6.32587
            ],
            [
              80.289345,
              6.389639
            ],
            [
              80.300291,
              6.396925
            ],
            [
              80.273032,
              6.436996
            ],
            [
              80.248857,
              6.429671
            ],
            [
              80.223481,
              6.444751
            ]
          ]
        ]
      }
    },
    {
      "id": "feature_040",
      "type": "Feature",
      "properties": {
        "id": "LK-2103",
        "name": "Tumpane",
        "area_sqkm": 50.92,
        "center_lat": 7.365458,
        "center_lng": 80.514548,
        "province_id": "LK-2",
        "district_id": "LK-21",
        "ed_id": "EC-04",
        "pd_id": "EC-04A",
        "lg_id": "LG-21043"
      },
      "geometry": {
        "type": "Polygon",
        "coordinates": [
          [
            [
              80.51921,
              7.389612
            ],
            [
              80.469353,
              7.413467
            ],
            [
              80.465351,
              7.378214
            ],
            [
              80.501909,
              7.356318
            ],
            [
              80.506428,
              7.333952
            ],
            [
              80.542985,
              7.329643
            ],
            [
              80.574952,
              7.34868
            ],
            [
              80.554426,
              7.352792
            ],
            [
              80.555862,
              7.373944
            ],
            [
              80.51921,
              7.389612
            ]
          ]
        ]
      }
    },
    {
      "id": "feature_041",
      "type": "Feature",
      "properties": {
        "id": "LK-2106",
        "name": "Poojapitiya",
        "area_sqkm": 58.6,
        "center_lat": 7.400318,
        "center_lng": 80.56578,
        "province_id": "LK-2",
        "district_id": "LK-21",
        "ed_id": "EC-04",
        "pd_id": "EC-04B",
        "lg_id": "LG-21042"
      },
      "geometry": {
        "type": "Polygon",
        "coordinates": [
          [
            [
              80.586016,
              7.430428
            ],
            [
              80.565607,
              7.458395
            ],
            [
              80.540702,
              7.449347
            ],
            [
              80.555791,
              7.417384
            ],
            [
              80.517374,
              7.414094
            ],
            [
              80.51921,
              7.389612
            ],
            [
              80.555862,
              7.373944
            ],
            [
              80.615629,
              7.347935
            ],
            [
              80.617536,
              7.359373
            ],
            [
              80.59715,
              7.37414
            ],
            [
              80.608473,
              7.380642
            ],
            [
              80.586016,
              7.430428
            ]
          ]
        ]
      }
    },
    {
      "id": "feature_042",
      "type": "Feature",
      "properties": {
        "id": "LK-2109",
        "name": "Akurana",
        "area_sqkm": 29.9,
        "center_lat": 7.391395,
        "center_lng": 80.617968,
        "province_id": "LK-2",
        "district_id": "LK-21",
        "ed_id": "EC-04",
        "pd_id": "EC-04B",
        "lg_id": "LG-21031"
      },
      "geometry": {
        "type": "Polygon",
        "coordinates": [
          [
            [
              80.656447,
              7.384834
            ],
            [
              80.586016,
              7.430428
            ],
            [
              80.608473,
              7.380642
            ],
            [
              80.59715,
              7.37414
            ],
            [
              80.617536,
              7.359373
            ],
            [
              80.632413,
              7.374806
            ],
            [
              80.66172,
              7.371281
            ],
            [
              80.656447,
              7.384834
            ]
          ]
        ]
      }
    },
    {
      "id": "feature_043",
      "type": "Feature",
      "properties": {
        "id": "LK-2112",
        "name": "Pathadumbara",
        "area_sqkm": 49.0,
        "center_lat": 7.350373,
        "center_lng": 80.661335,
        "province_id": "LK-2",
        "district_id": "LK-21",
        "ed_id": "EC-04",
        "pd_id": null,
        "lg_id": null
      },
      "geometry": {
        "type": "Polygon",
        "coordinates": [
          [
            [
              80.699101,
              7.386831
            ],
            [
              80.656447,
              7.384834
            ],
            [
              80.66172,
              7.371281
            ],
            [
              80.632413,
              7.374806
            ],
            [
              80.617536,
              7.359373
            ],
            [
              80.615629,
              7.347935
            ],
            [
              80.625586,
              7.325726
            ],
            [
              80.644559,
              7.323062
            ],
            [
              80.665604,
              7.326705
            ],
            [
              80.665627,
              7.326705
            ],
            [
              80.665604,
              7.326705
            ],
            [
              80.688013,
              7.305122
            ],
            [
              80.698818,
              7.347779
            ],
            [
              80.687472,
              7.362154
            ],
            [
              80.699101,
              7.386831
            ]
          ]
        ]
      }
    },
    {
      "id": "feature_044",
      "type": "Feature",
      "properties": {
        "id": "LK-2115",
        "name": "Panvila",
        "area_sqkm": 92.63,
        "center_lat": 7.409011,
        "center_lng": 80.742498,
        "province_id": "LK-2",
        "district_id": "LK-21",
        "ed_id": "EC-04",
        "pd_id": "EC-04C",
        "lg_id": "LG-21038"
      },
      "geometry": {
        "type": "Polygon",
        "coordinates": [
          [
            [
              80.729891,
              7.475003
            ],
            [
              80.704397,
              7.448132
            ],
            [
              80.714307,
              7.4251
            ],
            [
              80.699524,
              7.386988
            ],
            [
              80.699548,
              7.386988
            ],
            [
              80.699101,
              7.386831
            ],
            [
              80.687472,
              7.362154
            ],
            [
              80.698818,
              7.347779
            ],
            [
              80.717838,
              7.362115
            ],
            [
              80.717838,
              7.362154
            ],
            [
              80.717838,
              7.362115
            ],
            [
              80.736576,
              7.360979
            ],
            [
              80.810396,
              7.396036
            ],
            [
              80.789587,
              7.426785
            ],
            [
              80.729891,
              7.475003
            ]
          ]
        ]
      }
    },
    {
      "id": "feature_045",
      "type": "Feature",
      "properties": {
        "id": "LK-2118",
        "name": "Ududumbara",
        "area_sqkm": 277.55,
        "center_lat": 7.328827,
        "center_lng": 80.874486,
        "province_id": "LK-2",
        "district_id": "LK-21",
        "ed_id": "EC-04",
        "pd_id": "EC-04D",
        "lg_id": "LG-21044"
      },
      "geometry": {
        "type": "Polygon",
        "coordinates": [
          [
            [
              80.880192,
              7.464388
            ],
            [
              80.862537,
              7.475003
            ],
            [
              80.821319,
              7.46145
            ],
            [
              80.789587,
              7.426785
            ],
            [
              80.810396,
              7.396036
            ],
            [
              80.856746,
              7.3213
            ],
            [
              80.842104,
              7.272729
            ],
            [
              80.850367,
              7.190902
            ],
            [
              80.885982,
              7.193958
            ],
            [
              80.92294,
              7.202027
            ],
            [
              80.950999,
              7.31135
            ],
            [
              80.916372,
              7.321496
            ],
            [
              80.912888,
              7.363212
            ],
            [
              80.928118,
              7.386009
            ],
            [
              80.862278,
              7.439985
            ],
            [
              80.880192,
              7.464388
            ]
          ]
        ]
      }
    },
    {
      "id": "feature_046",
      "type": "Feature",
      "properties": {
        "id": "LK-2121",
        "name": "Minipe",
        "area_sqkm": 249.31,
        "center_lat": 7.348541,
        "center_lng": 80.949201,
        "province_id": "LK-2",
        "district_id": "LK-21",
        "ed_id": "EC-04",
        "pd_id": "EC-04D",
        "lg_id": "LG-21037"
      },
      "geometry": {
        "type": "Polygon",
        "coordinates": [
          [
            [
              80.97388,
              7.488399
            ],
            [
              80.931367,
              7.489574
            ],
            [
              80.906933,
              7.457886
            ],
            [
              80.894857,
              7.473671
            ],
            [
              80.880192,
              7.464388
            ],
            [
              80.862278,
              7.439985
            ],
            [
              80.928118,
              7.386009
            ],
            [
              80.912888,
              7.363212
            ],
            [
              80.916372,
              7.321496
            ],
            [
              80.950999,
              7.31135
            ],
            [
              80.92294,
              7.202027
            ],
            [
              80.94775,
              7.200225
            ],
            [
              80.972232,
              7.19717
            ],
            [
              81.011402,
              7.22216
            ],
            [
              80.968866,
              7.413584
            ],
            [
              80.97388,
              7.488399
            ]
          ]
        ]
      }
    },
    {
      "id": "feature_047",
      "type": "Feature",
      "properties": {
        "id": "LK-2124",
        "name": "Medadumbara",
        "area_sqkm": 188.81,
        "center_lat": 7.302731,
        "center_lng": 80.800121,
        "province_id": "LK-2",
        "district_id": "LK-21",
        "ed_id": "EC-04",
        "pd_id": "EC-04E",
        "lg_id": null
      },
      "geometry": {
        "type": "Polygon",
        "coordinates": [
          [
            [
              80.850367,
              7.190902
            ],
            [
              80.842104,
              7.272729
            ],
            [
              80.856746,
              7.3213
            ],
            [
              80.810396,
              7.396036
            ],
            [
              80.736576,
              7.360979
            ],
            [
              80.745097,
              7.30144
            ],
            [
              80.745121,
              7.30144
            ],
            [
              80.745097,
              7.30144
            ],
            [
              80.754654,
              7.273277
            ],
            [
              80.801569,
              7.2269
            ],
            [
              80.803546,
              7.203359
            ],
            [
              80.846271,
              7.191843
            ],
            [
              80.850367,
              7.190902
            ]
          ]
        ]
      }
    },
    {
      "id": "feature_048",
      "type": "Feature",
      "properties": {
        "id": "LK-2127",
        "name": "Kundasale",
        "area_sqkm": 81.19,
        "center_lat": 7.305382,
        "center_lng": 80.708789,
        "province_id": "LK-2",
        "district_id": "LK-21",
        "ed_id": "EC-04",
        "pd_id": "EC-04F",
        "lg_id": "LG-21035"
      },
      "geometry": {
        "type": "Polygon",
        "coordinates": [
          [
            [
              80.736576,
              7.360979
            ],
            [
              80.717838,
              7.362115
            ],
            [
              80.717838,
              7.362154
            ],
            [
              80.717838,
              7.362115
            ],
            [
              80.698818,
              7.347779
            ],
            [
              80.688013,
              7.305122
            ],
            [
              80.665604,
              7.326705
            ],
            [
              80.665627,
              7.326705
            ],
            [
              80.665604,
              7.326705
            ],
            [
              80.644559,
              7.323062
            ],
            [
              80.668687,
              7.2788
            ],
            [
              80.730361,
              7.259881
            ],
            [
              80.754348,
              7.252047
            ],
            [
              80.754654,
              7.273277
            ],
            [
              80.745097,
              7.30144
            ],
            [
              80.745121,
              7.30144
            ],
            [
              80.745097,
              7.30144
            ],
            [
              80.736576,
              7.360979
            ]
          ]
        ]
      }
    },
    {
      "id": "feature_049",
      "type": "Feature",
      "properties": {
        "id": "LK-2130",
        "name": "Gangawata Korale",
        "area_sqkm": 59.61,
        "center_lat": 7.273186,
        "center_lng": 80.638555,
        "province_id": "LK-2",
        "district_id": "LK-21",
        "ed_id": "EC-04",
        "pd_id": null,
        "lg_id": null
      },
      "geometry": {
        "type": "Polygon",
        "coordinates": [
          [
            [
              80.644559,
              7.323062
            ],
            [
              80.625586,
              7.325726
            ],
            [
              80.605978,
              7.275784
            ],
            [
              80.592442,
              7.277194
            ],
            [
              80.586016,
              7.255259
            ],
            [
              80.604071,
              7.217812
            ],
            [
              80.628646,
              7.238533
            ],
            [
              80.629211,
              7.258706
            ],
            [
              80.648114,
              7.268577
            ],
            [
              80.67848,
              7.252635
            ],
            [
              80.690556,
              7.264621
            ],
            [
              80.728619,
              7.255846
            ],
            [
              80.728619,
              7.255886
            ],
            [
              80.728619,
              7.255846
            ],
            [
              80.730361,
              7.259881
            ],
            [
              80.668687,
              7.2788
            ],
            [
              80.644559,
              7.323062
            ]
          ]
        ]
      }
    },
    {
      "id": "feature_050",
      "type": "Feature",
      "properties": {
        "id": "LK-2133",
        "name": "Harispattuwa",
        "area_sqkm": 49.5,
        "center_lat": 7.328456,
        "center_lng": 80.588236,
        "province_id": "LK-2",
        "district_id": "LK-21",
        "ed_id": "EC-04",
        "pd_id": "EC-04B",
        "lg_id": null
      },
      "geometry": {
        "type": "Polygon",
        "coordinates": [
          [
            [
              80.615629,
              7.347935
            ],
            [
              80.555862,
              7.373944
            ],
            [
              80.554426,
              7.352792
            ],
            [
              80.574952,
              7.34868
            ],
            [
              80.542985,
              7.329643
            ],
            [
              80.548541,
              7.31703
            ],
            [
              80.563936,
              7.317539
            ],
            [
              80.563912,
              7.317539
            ],
            [
              80.605978,
              7.275784
            ],
            [
              80.625586,
              7.325726
            ],
            [
              80.615629,
              7.347935
            ]
          ]
        ]
      }
    },
    {
      "id": "feature_051",
      "type": "Feature",
      "properties": {
        "id": "LK-2134",
        "name": "Hatharaliyadda",
        "area_sqkm": 63.99,
        "center_lat": 7.331897,
        "center_lng": 80.479684,
        "province_id": "LK-2",
        "district_id": "LK-21",
        "ed_id": "EC-04",
        "pd_id": "EC-04A",
        "lg_id": "LG-21043"
      },
      "geometry": {
        "type": "Polygon",
        "coordinates": [
          [
            [
              80.542985,
              7.329643
            ],
            [
              80.506428,
              7.333952
            ],
            [
              80.501909,
              7.356318
            ],
            [
              80.465351,
              7.378214
            ],
            [
              80.458431,
              7.350756
            ],
            [
              80.421167,
              7.356239
            ],
            [
              80.426982,
              7.329956
            ],
            [
              80.463727,
              7.302929
            ],
            [
              80.471048,
              7.295369
            ],
            [
              80.548541,
              7.31703
            ],
            [
              80.542985,
              7.329643
            ]
          ]
        ]
      }
    },
    {
      "id": "feature_052",
      "type": "Feature",
      "properties": {
        "id": "LK-2136",
        "name": "Yatinuwara",
        "area_sqkm": 69.11,
        "center_lat": 7.282819,
        "center_lng": 80.538023,
        "province_id": "LK-2",
        "district_id": "LK-21",
        "ed_id": "EC-04",
        "pd_id": "EC-04J",
        "lg_id": null
      },
      "geometry": {
        "type": "Polygon",
        "coordinates": [
          [
            [
              80.605978,
              7.275784
            ],
            [
              80.592442,
              7.277194
            ],
            [
              80.586016,
              7.255259
            ],
            [
              80.509324,
              7.247542
            ],
            [
              80.478769,
              7.268068
            ],
            [
              80.471048,
              7.295369
            ],
            [
              80.548541,
              7.31703
            ],
            [
              80.563936,
              7.317539
            ],
            [
              80.563912,
              7.317539
            ],
            [
              80.605978,
              7.275784
            ]
          ]
        ]
      }
    },
    {
      "id": "feature_053",
      "type": "Feature",
      "properties": {
        "id": "LK-2139",
        "name": "Udunuwara",
        "area_sqkm": 68.84,
        "center_lat": 7.222683,
        "center_lng": 80.559451,
        "province_id": "LK-2",
        "district_id": "LK-21",
        "ed_id": "EC-04",
        "pd_id": "EC-04K",
        "lg_id": "LG-21046"
      },
      "geometry": {
        "type": "Polygon",
        "coordinates": [
          [
            [
              80.586016,
              7.255259
            ],
            [
              80.509324,
              7.247542
            ],
            [
              80.521517,
              7.235282
            ],
            [
              80.514644,
              7.206688
            ],
            [
              80.543291,
              7.181071
            ],
            [
              80.596256,
              7.187847
            ],
            [
              80.604612,
              7.216872
            ],
            [
              80.604071,
              7.217812
            ],
            [
              80.586016,
              7.255259
            ]
          ]
        ]
      }
    },
    {
      "id": "feature_054",
      "type": "Feature",
      "properties": {
        "id": "LK-2142",
        "name": "Doluwa",
        "area_sqkm": 93.52,
        "center_lat": 7.167758,
        "center_lng": 80.647739,
        "province_id": "LK-2",
        "district_id": "LK-21",
        "ed_id": "EC-04",
        "pd_id": "EC-04L",
        "lg_id": "LG-21045"
      },
      "geometry": {
        "type": "Polygon",
        "coordinates": [
          [
            [
              80.628646,
              7.238533
            ],
            [
              80.604071,
              7.217812
            ],
            [
              80.604612,
              7.216872
            ],
            [
              80.605483,
              7.190002
            ],
            [
              80.578907,
              7.162112
            ],
            [
              80.608849,
              7.143898
            ],
            [
              80.635049,
              7.150205
            ],
            [
              80.692321,
              7.09615
            ],
            [
              80.696841,
              7.109468
            ],
            [
              80.709482,
              7.125684
            ],
            [
              80.666169,
              7.197405
            ],
            [
              80.666192,
              7.197405
            ],
            [
              80.635897,
              7.230347
            ],
            [
              80.628646,
              7.238533
            ]
          ]
        ]
      }
    },
    {
      "id": "feature_055",
      "type": "Feature",
      "properties": {
        "id": "LK-2145",
        "name": "Pathahewaheta",
        "area_sqkm": 83.84,
        "center_lat": 7.229869,
        "center_lng": 80.705347,
        "province_id": "LK-2",
        "district_id": "LK-21",
        "ed_id": "EC-04",
        "pd_id": "EC-04G",
        "lg_id": "LG-21041"
      },
      "geometry": {
        "type": "Polygon",
        "coordinates": [
          [
            [
              80.730361,
              7.259881
            ],
            [
              80.728619,
              7.255846
            ],
            [
              80.728619,
              7.255886
            ],
            [
              80.728619,
              7.255846
            ],
            [
              80.690556,
              7.264621
            ],
            [
              80.67848,
              7.252635
            ],
            [
              80.648114,
              7.268577
            ],
            [
              80.629211,
              7.258706
            ],
            [
              80.628646,
              7.238533
            ],
            [
              80.635897,
              7.230347
            ],
            [
              80.696605,
              7.208686
            ],
            [
              80.695852,
              7.194075
            ],
            [
              80.714825,
              7.205317
            ],
            [
              80.758209,
              7.185497
            ],
            [
              80.771415,
              7.201243
            ],
            [
              80.754348,
              7.252047
            ],
            [
              80.730361,
              7.259881
            ]
          ]
        ]
      }
    },
    {
      "id": "feature_056",
      "type": "Feature",
      "properties": {
        "id": "LK-2148",
        "name": "Deltota",
        "area_sqkm": 49.49,
        "center_lat": 7.18303,
        "center_lng": 80.700227,
        "province_id": "LK-2",
        "district_id": "LK-21",
        "ed_id": "EC-04",
        "pd_id": "EC-04G",
        "lg_id": "LG-21041"
      },
      "geometry": {
        "type": "Polygon",
        "coordinates": [
          [
            [
              80.758209,
              7.185497
            ],
            [
              80.714825,
              7.205317
            ],
            [
              80.695852,
              7.194075
            ],
            [
              80.696605,
              7.208686
            ],
            [
              80.635897,
              7.230347
            ],
            [
              80.666192,
              7.197405
            ],
            [
              80.666169,
              7.197405
            ],
            [
              80.709482,
              7.125684
            ],
            [
              80.758209,
              7.185497
            ]
          ]
        ]
      }
    },
    {
      "id": "feature_057",
      "type": "Feature",
      "properties": {
        "id": "LK-2151",
        "name": "Udapalatha",
        "area_sqkm": 94.12,
        "center_lat": 7.126456,
        "center_lng": 80.604496,
        "province_id": "LK-2",
        "district_id": "LK-21",
        "ed_id": "EC-04",
        "pd_id": null,
        "lg_id": null
      },
      "geometry": {
        "type": "MultiPolygon",
        "coordinates": [
          [
            [
              [
                80.692321,
                7.09615
              ],
              [
                80.635049,
                7.150205
              ],
              [
                80.608849,
                7.143898
              ],
              [
                80.578907,
                7.162112
              ],
              [
                80.605483,
                7.190002
              ],
              [
                80.604612,
                7.216872
              ],
              [
                80.596256,
                7.187847
              ],
              [
                80.543291,
                7.181071
              ],
              [
                80.541267,
                7.165403
              ],
              [
                80.57693,
                7.151419
              ],
              [
                80.575023,
                7.113424
              ],
              [
                80.557156,
                7.092938
              ],
              [
                80.554614,
                7.082636
              ],
              [
                80.578742,
                7.072256
              ],
              [
                80.629988,
                7.086828
              ],
              [
                80.64995,
                7.105002
              ],
              [
                80.692321,
                7.09615
              ]
            ]
          ],
          [
            [
              [
                80.566031,
                7.15843
              ],
              [
                80.561605,
                7.156746
              ],
              [
                80.568526,
                7.137435
              ],
              [
                80.572998,
                7.139707
              ],
              [
                80.566031,
                7.15843
              ]
            ]
          ]
        ]
      }
    },
    {
      "id": "feature_058",
      "type": "Feature",
      "properties": {
        "id": "LK-2154",
        "name": "Ganga Ihala Korale",
        "area_sqkm": 96.17,
        "center_lat": 7.112563,
        "center_lng": 80.512388,
        "province_id": "LK-2",
        "district_id": "LK-21",
        "ed_id": "EC-04",
        "pd_id": "EC-04M",
        "lg_id": "LG-21032"
      },
      "geometry": {
        "type": "Polygon",
        "coordinates": [
          [
            [
              80.541267,
              7.165403
            ],
            [
              80.510548,
              7.148325
            ],
            [
              80.501414,
              7.12823
            ],
            [
              80.435221,
              7.111113
            ],
            [
              80.435244,
              7.091959
            ],
            [
              80.459796,
              7.090901
            ],
            [
              80.465916,
              7.06501
            ],
            [
              80.471495,
              7.064031
            ],
            [
              80.557156,
              7.092938
            ],
            [
              80.575023,
              7.113424
            ],
            [
              80.57693,
              7.151419
            ],
            [
              80.541267,
              7.165403
            ]
          ],
          [
            [
              80.566031,
              7.15843
            ],
            [
              80.572998,
              7.139707
            ],
            [
              80.568526,
              7.137435
            ],
            [
              80.561605,
              7.156746
            ],
            [
              80.566031,
              7.15843
            ]
          ]
        ]
      }
    },
    {
      "id": "feature_059",
      "type": "Feature",
      "properties": {
        "id": "LK-2157",
        "name": "Pasbagekorale",
        "area_sqkm": 121.57,
        "center_lat": 7.018554,
        "center_lng": 80.53675,
        "province_id": "LK-2",
        "district_id": "LK-21",
        "ed_id": "EC-04",
        "pd_id": "EC-04M",
        "lg_id": null
      },
      "geometry": {
        "type": "Polygon",
        "coordinates": [
          [
            [
              80.557156,
              7.092938
            ],
            [
              80.471495,
              7.064031
            ],
            [
              80.457254,
              7.033321
            ],
            [
              80.467117,
              7.022236
            ],
            [
              80.474814,
              7.036729
            ],
            [
              80.505675,
              7.022236
            ],
            [
              80.516762,
              6.981695
            ],
            [
              80.556285,
              6.940096
            ],
            [
              80.579166,
              6.944914
            ],
            [
              80.575847,
              6.962032
            ],
            [
              80.59216,
              6.973156
            ],
            [
              80.600869,
              6.99705
            ],
            [
              80.554755,
              7.060231
            ],
            [
              80.53816,
              7.061563
            ],
            [
              80.554614,
              7.082636
            ],
            [
              80.557156,
              7.092938
            ]
          ]
        ]
      }
    },
    {
      "id": "feature_060",
      "type": "Feature",
      "properties": {
        "id": "LK-2203",
        "name": "Galewela",
        "area_sqkm": 196.94,
        "center_lat": 7.779286,
        "center_lng": 80.570693,
        "province_id": "LK-2",
        "district_id": "LK-22",
        "ed_id": "EC-05",
        "pd_id": "EC-05A",
        "lg_id": "LG-22033"
      },
      "geometry": {
        "type": "Polygon",
        "coordinates": [
          [
            [
              80.621631,
              7.867918
            ],
            [
              80.600375,
              7.855462
            ],
            [
              80.574364,
              7.869093
            ],
            [
              80.563771,
              7.848686
            ],
            [
              80.501297,
              7.816919
            ],
            [
              80.497883,
              7.78335
            ],
            [
              80.519516,
              7.772618
            ],
            [
              80.540796,
              7.708888
            ],
            [
              80.55379,
              7.669208
            ],
            [
              80.583662,
              7.671284
            ],
            [
              80.583026,
              7.700623
            ],
            [
              80.617324,
              7.712178
            ],
            [
              80.616712,
              7.751426
            ],
            [
              80.612663,
              7.802348
            ],
            [
              80.640157,
              7.828161
            ],
            [
              80.621631,
              7.867918
            ]
          ]
        ]
      }
    },
    {
      "id": "feature_061",
      "type": "Feature",
      "properties": {
        "id": "LK-2206",
        "name": "Dambulla",
        "area_sqkm": 453.33,
        "center_lat": 7.875433,
        "center_lng": 80.717938,
        "province_id": "LK-2",
        "district_id": "LK-22",
        "ed_id": "EC-05",
        "pd_id": "EC-05A",
        "lg_id": null
      },
      "geometry": {
        "type": "Polygon",
        "coordinates": [
          [
            [
              80.832594,
              7.970701
            ],
            [
              80.813857,
              7.982804
            ],
            [
              80.799639,
              7.958245
            ],
            [
              80.786198,
              7.961927
            ],
            [
              80.778618,
              7.995926
            ],
            [
              80.755643,
              8.011477
            ],
            [
              80.701408,
              7.983862
            ],
            [
              80.701408,
              7.983901
            ],
            [
              80.701408,
              7.983862
            ],
            [
              80.681987,
              7.955738
            ],
            [
              80.659436,
              7.958754
            ],
            [
              80.653904,
              7.913787
            ],
            [
              80.632224,
              7.900234
            ],
            [
              80.621631,
              7.867918
            ],
            [
              80.640157,
              7.828161
            ],
            [
              80.612663,
              7.802348
            ],
            [
              80.616712,
              7.751426
            ],
            [
              80.624433,
              7.768857
            ],
            [
              80.644253,
              7.746687
            ],
            [
              80.667322,
              7.741438
            ],
            [
              80.673395,
              7.755814
            ],
            [
              80.688814,
              7.737404
            ],
            [
              80.722146,
              7.787502
            ],
            [
              80.770026,
              7.802387
            ],
            [
              80.796296,
              7.804306
            ],
            [
              80.803358,
              7.822403
            ],
            [
              80.81767,
              7.924519
            ],
            [
              80.852721,
              7.962592
            ],
            [
              80.832594,
              7.970701
            ]
          ]
        ]
      }
    },
    {
      "id": "feature_062",
      "type": "Feature",
      "properties": {
        "id": "LK-2209",
        "name": "Naula",
        "area_sqkm": 287.89,
        "center_lat": 7.688935,
        "center_lng": 80.707889,
        "province_id": "LK-2",
        "district_id": "LK-22",
        "ed_id": "EC-05",
        "pd_id": "EC-05B",
        "lg_id": "LG-22036"
      },
      "geometry": {
        "type": "Polygon",
        "coordinates": [
          [
            [
              80.770026,
              7.802387
            ],
            [
              80.722146,
              7.787502
            ],
            [
              80.688814,
              7.737404
            ],
            [
              80.673395,
              7.755814
            ],
            [
              80.667322,
              7.741438
            ],
            [
              80.644253,
              7.746687
            ],
            [
              80.624433,
              7.768857
            ],
            [
              80.616712,
              7.751426
            ],
            [
              80.617324,
              7.712178
            ],
            [
              80.630271,
              7.641202
            ],
            [
              80.652468,
              7.637481
            ],
            [
              80.662237,
              7.64175
            ],
            [
              80.665792,
              7.612098
            ],
            [
              80.674337,
              7.594511
            ],
            [
              80.714001,
              7.603207
            ],
            [
              80.735116,
              7.59553
            ],
            [
              80.75037,
              7.611589
            ],
            [
              80.791588,
              7.614801
            ],
            [
              80.792106,
              7.678374
            ],
            [
              80.770308,
              7.691575
            ],
            [
              80.770026,
              7.802387
            ]
          ]
        ]
      }
    },
    {
      "id": "feature_063",
      "type": "Feature",
      "properties": {
        "id": "LK-2212",
        "name": "Pallepola",
        "area_sqkm": 82.9,
        "center_lat": 7.647136,
        "center_lng": 80.599248,
        "province_id": "LK-2",
        "district_id": "LK-22",
        "ed_id": "EC-05",
        "pd_id": "EC-05A",
        "lg_id": "LG-22037"
      },
      "geometry": {
        "type": "Polygon",
        "coordinates": [
          [
            [
              80.617324,
              7.712178
            ],
            [
              80.583026,
              7.700623
            ],
            [
              80.583662,
              7.671284
            ],
            [
              80.55379,
              7.669208
            ],
            [
              80.556591,
              7.634425
            ],
            [
              80.567796,
              7.617739
            ],
            [
              80.581708,
              7.616799
            ],
            [
              80.577471,
              7.605949
            ],
            [
              80.577495,
              7.604343
            ],
            [
              80.638792,
              7.590712
            ],
            [
              80.624692,
              7.621108
            ],
            [
              80.652468,
              7.637481
            ],
            [
              80.630271,
              7.641202
            ],
            [
              80.617324,
              7.712178
            ]
          ]
        ]
      }
    },
    {
      "id": "feature_064",
      "type": "Feature",
      "properties": {
        "id": "LK-2215",
        "name": "Yatawatta",
        "area_sqkm": 67.39,
        "center_lat": 7.548664,
        "center_lng": 80.588859,
        "province_id": "LK-2",
        "district_id": "LK-22",
        "ed_id": "EC-05",
        "pd_id": "EC-05C",
        "lg_id": "LG-22041"
      },
      "geometry": {
        "type": "MultiPolygon",
        "coordinates": [
          [
            [
              [
                80.638792,
                7.590712
              ],
              [
                80.577495,
                7.604343
              ],
              [
                80.574811,
                7.574809
              ],
              [
                80.552542,
                7.551071
              ],
              [
                80.574717,
                7.483346
              ],
              [
                80.605342,
                7.484796
              ],
              [
                80.608708,
                7.555811
              ],
              [
                80.638792,
                7.590712
              ]
            ]
          ],
          [
            [
              [
                80.577471,
                7.605949
              ],
              [
                80.581708,
                7.616799
              ],
              [
                80.567796,
                7.617739
              ],
              [
                80.577471,
                7.605949
              ]
            ]
          ]
        ]
      }
    },
    {
      "id": "feature_065",
      "type": "Feature",
      "properties": {
        "id": "LK-2218",
        "name": "Matale",
        "area_sqkm": 70.76,
        "center_lat": 7.541057,
        "center_lng": 80.629591,
        "province_id": "LK-2",
        "district_id": "LK-22",
        "ed_id": "EC-05",
        "pd_id": "EC-05C",
        "lg_id": null
      },
      "geometry": {
        "type": "Polygon",
        "coordinates": [
          [
            [
              80.665792,
              7.612098
            ],
            [
              80.662237,
              7.64175
            ],
            [
              80.652468,
              7.637481
            ],
            [
              80.624692,
              7.621108
            ],
            [
              80.638792,
              7.590712
            ],
            [
              80.608708,
              7.555811
            ],
            [
              80.605342,
              7.484796
            ],
            [
              80.594608,
              7.458356
            ],
            [
              80.607296,
              7.445508
            ],
            [
              80.627611,
              7.448054
            ],
            [
              80.632813,
              7.471047
            ],
            [
              80.635026,
              7.500072
            ],
            [
              80.635002,
              7.500072
            ],
            [
              80.647855,
              7.527491
            ],
            [
              80.640204,
              7.545744
            ],
            [
              80.665792,
              7.612098
            ]
          ]
        ]
      }
    },
    {
      "id": "feature_066",
      "type": "Feature",
      "properties": {
        "id": "LK-2221",
        "name": "Ambanganga",
        "area_sqkm": 55.38,
        "center_lat": 7.561141,
        "center_lng": 80.678754,
        "province_id": "LK-2",
        "district_id": "LK-22",
        "ed_id": "EC-05",
        "pd_id": "EC-05B",
        "lg_id": "LG-22031"
      },
      "geometry": {
        "type": "Polygon",
        "coordinates": [
          [
            [
              80.714001,
              7.603207
            ],
            [
              80.674337,
              7.594511
            ],
            [
              80.665792,
              7.612098
            ],
            [
              80.640204,
              7.545744
            ],
            [
              80.647855,
              7.527491
            ],
            [
              80.652516,
              7.51386
            ],
            [
              80.668358,
              7.530899
            ],
            [
              80.686083,
              7.519775
            ],
            [
              80.711388,
              7.549779
            ],
            [
              80.714001,
              7.603207
            ]
          ]
        ]
      }
    },
    {
      "id": "feature_067",
      "type": "Feature",
      "properties": {
        "id": "LK-2224",
        "name": "Laggala",
        "area_sqkm": 369.93,
        "center_lat": 7.556182,
        "center_lng": 80.807964,
        "province_id": "LK-2",
        "district_id": "LK-22",
        "ed_id": "EC-05",
        "pd_id": "EC-05B",
        "lg_id": "LG-22034"
      },
      "geometry": {
        "type": "Polygon",
        "coordinates": [
          [
            [
              80.876802,
              7.682879
            ],
            [
              80.852556,
              7.701798
            ],
            [
              80.837467,
              7.680529
            ],
            [
              80.792106,
              7.678374
            ],
            [
              80.791588,
              7.614801
            ],
            [
              80.75037,
              7.611589
            ],
            [
              80.735116,
              7.59553
            ],
            [
              80.714001,
              7.603207
            ],
            [
              80.711388,
              7.549779
            ],
            [
              80.737894,
              7.52189
            ],
            [
              80.729891,
              7.475003
            ],
            [
              80.789587,
              7.426785
            ],
            [
              80.821319,
              7.46145
            ],
            [
              80.862537,
              7.475003
            ],
            [
              80.880192,
              7.464388
            ],
            [
              80.894857,
              7.473671
            ],
            [
              80.870187,
              7.589615
            ],
            [
              80.876802,
              7.682879
            ]
          ]
        ]
      }
    },
    {
      "id": "feature_068",
      "type": "Feature",
      "properties": {
        "id": "LK-2227",
        "name": "Wilgamuwa",
        "area_sqkm": 290.84,
        "center_lat": 7.603284,
        "center_lng": 80.929334,
        "province_id": "LK-2",
        "district_id": "LK-22",
        "ed_id": "EC-05",
        "pd_id": "EC-05B",
        "lg_id": null
      },
      "geometry": {
        "type": "Polygon",
        "coordinates": [
          [
            [
              80.979506,
              7.621617
            ],
            [
              80.996737,
              7.659651
            ],
            [
              80.988474,
              7.720482
            ],
            [
              80.88457,
              7.714293
            ],
            [
              80.876802,
              7.682879
            ],
            [
              80.870187,
              7.589615
            ],
            [
              80.894857,
              7.473671
            ],
            [
              80.906933,
              7.457886
            ],
            [
              80.931367,
              7.489574
            ],
            [
              80.97388,
              7.488399
            ],
            [
              80.979506,
              7.621617
            ]
          ]
        ]
      }
    },
    {
      "id": "feature_069",
      "type": "Feature",
      "properties": {
        "id": "LK-2230",
        "name": "Rattota",
        "area_sqkm": 103.92,
        "center_lat": 7.485932,
        "center_lng": 80.685504,
        "province_id": "LK-2",
        "district_id": "LK-22",
        "ed_id": "EC-05",
        "pd_id": "EC-05D",
        "lg_id": "LG-22038"
      },
      "geometry": {
        "type": "Polygon",
        "coordinates": [
          [
            [
              80.729891,
              7.475003
            ],
            [
              80.737894,
              7.52189
            ],
            [
              80.711388,
              7.549779
            ],
            [
              80.686083,
              7.519775
            ],
            [
              80.668358,
              7.530899
            ],
            [
              80.652516,
              7.51386
            ],
            [
              80.647855,
              7.527491
            ],
            [
              80.635002,
              7.500072
            ],
            [
              80.635026,
              7.500072
            ],
            [
              80.632813,
              7.471047
            ],
            [
              80.643194,
              7.428234
            ],
            [
              80.654917,
              7.451775
            ],
            [
              80.656305,
              7.422554
            ],
            [
              80.686248,
              7.423377
            ],
            [
              80.704397,
              7.448132
            ],
            [
              80.729891,
              7.475003
            ]
          ]
        ]
      }
    },
    {
      "id": "feature_070",
      "type": "Feature",
      "properties": {
        "id": "LK-2233",
        "name": "Ukuwela",
        "area_sqkm": 79.47,
        "center_lat": 7.429945,
        "center_lng": 80.63884,
        "province_id": "LK-2",
        "district_id": "LK-22",
        "ed_id": "EC-05",
        "pd_id": null,
        "lg_id": null
      },
      "geometry": {
        "type": "Polygon",
        "coordinates": [
          [
            [
              80.605342,
              7.484796
            ],
            [
              80.574717,
              7.483346
            ],
            [
              80.565607,
              7.458395
            ],
            [
              80.586016,
              7.430428
            ],
            [
              80.656447,
              7.384834
            ],
            [
              80.699101,
              7.386831
            ],
            [
              80.699548,
              7.386988
            ],
            [
              80.699524,
              7.386988
            ],
            [
              80.714307,
              7.4251
            ],
            [
              80.704397,
              7.448132
            ],
            [
              80.686248,
              7.423377
            ],
            [
              80.656305,
              7.422554
            ],
            [
              80.654917,
              7.451775
            ],
            [
              80.643194,
              7.428234
            ],
            [
              80.632813,
              7.471047
            ],
            [
              80.627611,
              7.448054
            ],
            [
              80.607296,
              7.445508
            ],
            [
              80.594608,
              7.458356
            ],
            [
              80.605342,
              7.484796
            ]
          ]
        ]
      }
    },
    {
      "id": "feature_071",
      "type": "Feature",
      "properties": {
        "id": "LK-2303",
        "name": "Kothmale East",
        "area_sqkm": 140.0,
        "center_lat": 7.038304,
        "center_lng": 80.686786,
        "province_id": "LK-2",
        "district_id": "LK-23",
        "ed_id": "EC-06",
        "pd_id": "EC-06B",
        "lg_id": "LG-23033"
      },
      "geometry": {
        "type": "Polygon",
        "coordinates": [
          [
            [
              80.696841,
              7.109468
            ],
            [
              80.692321,
              7.09615
            ],
            [
              80.64995,
              7.105002
            ],
            [
              80.629988,
              7.086828
            ],
            [
              80.628364,
              7.05886
            ],
            [
              80.666074,
              7.059879
            ],
            [
              80.628576,
              6.974958
            ],
            [
              80.637309,
              6.965361
            ],
            [
              80.670288,
              6.9777
            ],
            [
              80.732245,
              6.993485
            ],
            [
              80.727254,
              7.012287
            ],
            [
              80.758633,
              7.007469
            ],
            [
              80.738224,
              7.074724
            ],
            [
              80.696841,
              7.109468
            ]
          ]
        ]
      }
    },
    {
      "id": "feature_072",
      "type": "Feature",
      "properties": {
        "id": "LK-2306",
        "name": "Hanguranketa",
        "area_sqkm": 132.88,
        "center_lat": 7.157743,
        "center_lng": 80.76851,
        "province_id": "LK-2",
        "district_id": "LK-23",
        "ed_id": "EC-06",
        "pd_id": "EC-06C",
        "lg_id": "LG-23032"
      },
      "geometry": {
        "type": "Polygon",
        "coordinates": [
          [
            [
              80.754654,
              7.273277
            ],
            [
              80.754348,
              7.252047
            ],
            [
              80.771415,
              7.201243
            ],
            [
              80.758209,
              7.185497
            ],
            [
              80.709482,
              7.125684
            ],
            [
              80.696841,
              7.109468
            ],
            [
              80.738224,
              7.074724
            ],
            [
              80.782572,
              7.085966
            ],
            [
              80.779041,
              7.141587
            ],
            [
              80.80783,
              7.139942
            ],
            [
              80.803711,
              7.157334
            ],
            [
              80.820377,
              7.152281
            ],
            [
              80.839374,
              7.175117
            ],
            [
              80.846271,
              7.191843
            ],
            [
              80.803546,
              7.203359
            ],
            [
              80.801569,
              7.2269
            ],
            [
              80.754654,
              7.273277
            ]
          ]
        ]
      }
    },
    {
      "id": "feature_073",
      "type": "Feature",
      "properties": {
        "id": "LK-2310",
        "name": "Nildandahinna",
        "area_sqkm": 171.24,
        "center_lat": 7.097972,
        "center_lng": 80.917383,
        "province_id": "LK-2",
        "district_id": "LK-23",
        "ed_id": "EC-06",
        "pd_id": "EC-06D",
        "lg_id": "LG-23035"
      },
      "geometry": {
        "type": "Polygon",
        "coordinates": [
          [
            [
              80.94775,
              7.200225
            ],
            [
              80.92294,
              7.202027
            ],
            [
              80.885982,
              7.193958
            ],
            [
              80.872518,
              7.123726
            ],
            [
              80.886218,
              7.103201
            ],
            [
              80.872235,
              7.089922
            ],
            [
              80.900789,
              7.024939
            ],
            [
              80.855545,
              6.981421
            ],
            [
              80.863973,
              6.978836
            ],
            [
              80.919903,
              6.990312
            ],
            [
              80.93139,
              7.037121
            ],
            [
              80.957519,
              7.06313
            ],
            [
              80.951493,
              7.101477
            ],
            [
              80.966182,
              7.122276
            ],
            [
              80.950952,
              7.129719
            ],
            [
              80.962745,
              7.158587
            ],
            [
              80.94775,
              7.200225
            ]
          ]
        ]
      }
    },
    {
      "id": "feature_074",
      "type": "Feature",
      "properties": {
        "id": "LK-2312",
        "name": "Nuwara Eliya",
        "area_sqkm": 222.06,
        "center_lat": 6.929863,
        "center_lng": 80.780078,
        "province_id": "LK-2",
        "district_id": "LK-23",
        "ed_id": "EC-06",
        "pd_id": "EC-06A",
        "lg_id": null
      },
      "geometry": {
        "type": "Polygon",
        "coordinates": [
          [
            [
              80.855545,
              6.981421
            ],
            [
              80.820448,
              7.023137
            ],
            [
              80.758633,
              7.007469
            ],
            [
              80.727254,
              7.012287
            ],
            [
              80.732245,
              6.993485
            ],
            [
              80.670288,
              6.9777
            ],
            [
              80.705904,
              6.968377
            ],
            [
              80.704491,
              6.943269
            ],
            [
              80.68187,
              6.933555
            ],
            [
              80.711435,
              6.923762
            ],
            [
              80.711435,
              6.923723
            ],
            [
              80.711435,
              6.923762
            ],
            [
              80.751618,
              6.902062
            ],
            [
              80.751594,
              6.902023
            ],
            [
              80.751618,
              6.902062
            ],
            [
              80.771179,
              6.887138
            ],
            [
              80.762022,
              6.873155
            ],
            [
              80.806489,
              6.845109
            ],
            [
              80.797544,
              6.816828
            ],
            [
              80.766707,
              6.798888
            ],
            [
              80.775393,
              6.779029
            ],
            [
              80.791612,
              6.773232
            ],
            [
              80.808631,
              6.791681
            ],
            [
              80.837279,
              6.811893
            ],
            [
              80.814845,
              6.828266
            ],
            [
              80.837302,
              6.840722
            ],
            [
              80.825179,
              6.875192
            ],
            [
              80.776287,
              6.913108
            ],
            [
              80.829911,
              6.928228
            ],
            [
              80.835654,
              6.955138
            ],
            [
              80.863973,
              6.978836
            ],
            [
              80.855545,
              6.981421
            ]
          ]
        ]
      }
    },
    {
      "id": "feature_075",
      "type": "Feature",
      "properties": {
        "id": "LK-2315",
        "name": "Ambagamuwa Korale",
        "area_sqkm": 135.59,
        "center_lat": 6.953456,
        "center_lng": 80.485346,
        "province_id": "LK-2",
        "district_id": "LK-23",
        "ed_id": "EC-06",
        "pd_id": "EC-06A",
        "lg_id": "LG-23031"
      },
      "geometry": {
        "type": "Polygon",
        "coordinates": [
          [
            [
              80.556285,
              6.940096
            ],
            [
              80.516762,
              6.981695
            ],
            [
              80.505675,
              7.022236
            ],
            [
              80.474814,
              7.036729
            ],
            [
              80.467117,
              7.022236
            ],
            [
              80.43209,
              6.993172
            ],
            [
              80.436962,
              6.954981
            ],
            [
              80.431078,
              6.912168
            ],
            [
              80.492422,
              6.891995
            ],
            [
              80.499366,
              6.86583
            ],
            [
              80.527025,
              6.884984
            ],
            [
              80.511466,
              6.900104
            ],
            [
              80.513443,
              6.904373
            ],
            [
              80.544045,
              6.890664
            ],
            [
              80.523024,
              6.908682
            ],
            [
              80.512125,
              6.958859
            ],
            [
              80.531757,
              6.927523
            ],
            [
              80.556285,
              6.940096
            ]
          ]
        ]
      }
    },
    {
      "id": "feature_076",
      "type": "Feature",
      "properties": {
        "id": "LK-2307",
        "name": "Mathurata",
        "area_sqkm": 92.84,
        "center_lat": 7.073917,
        "center_lng": 80.787953,
        "province_id": "LK-2",
        "district_id": "LK-23",
        "ed_id": "EC-06",
        "pd_id": "EC-06C",
        "lg_id": "LG-23032"
      },
      "geometry": {
        "type": "Polygon",
        "coordinates": [
          [
            [
              80.839374,
              7.175117
            ],
            [
              80.820377,
              7.152281
            ],
            [
              80.803711,
              7.157334
            ],
            [
              80.80783,
              7.139942
            ],
            [
              80.779041,
              7.141587
            ],
            [
              80.782572,
              7.085966
            ],
            [
              80.738224,
              7.074724
            ],
            [
              80.758633,
              7.007469
            ],
            [
              80.820448,
              7.023137
            ],
            [
              80.826239,
              7.066812
            ],
            [
              80.793801,
              7.082558
            ],
            [
              80.806018,
              7.118751
            ],
            [
              80.84241,
              7.153142
            ],
            [
              80.839374,
              7.175117
            ]
          ]
        ]
      }
    },
    {
      "id": "feature_077",
      "type": "Feature",
      "properties": {
        "id": "LK-2302",
        "name": "Kothmale West",
        "area_sqkm": 86.79,
        "center_lat": 7.038755,
        "center_lng": 80.60659,
        "province_id": "LK-2",
        "district_id": "LK-23",
        "ed_id": "EC-06",
        "pd_id": "EC-06B",
        "lg_id": "LG-23033"
      },
      "geometry": {
        "type": "Polygon",
        "coordinates": [
          [
            [
              80.628576,
              6.974958
            ],
            [
              80.666074,
              7.059879
            ],
            [
              80.628364,
              7.05886
            ],
            [
              80.629988,
              7.086828
            ],
            [
              80.578742,
              7.072256
            ],
            [
              80.554614,
              7.082636
            ],
            [
              80.53816,
              7.061563
            ],
            [
              80.554755,
              7.060231
            ],
            [
              80.600869,
              6.99705
            ],
            [
              80.59216,
              6.973156
            ],
            [
              80.615558,
              6.986474
            ],
            [
              80.628576,
              6.974958
            ]
          ]
        ]
      }
    },
    {
      "id": "feature_078",
      "type": "Feature",
      "properties": {
        "id": "LK-2309",
        "name": "Walapane",
        "area_sqkm": 151.65,
        "center_lat": 7.086321,
        "center_lng": 80.852406,
        "province_id": "LK-2",
        "district_id": "LK-23",
        "ed_id": "EC-06",
        "pd_id": "EC-06D",
        "lg_id": "LG-23035"
      },
      "geometry": {
        "type": "Polygon",
        "coordinates": [
          [
            [
              80.885982,
              7.193958
            ],
            [
              80.850367,
              7.190902
            ],
            [
              80.846271,
              7.191843
            ],
            [
              80.839374,
              7.175117
            ],
            [
              80.84241,
              7.153142
            ],
            [
              80.806018,
              7.118751
            ],
            [
              80.793801,
              7.082558
            ],
            [
              80.826239,
              7.066812
            ],
            [
              80.820448,
              7.023137
            ],
            [
              80.855545,
              6.981421
            ],
            [
              80.900789,
              7.024939
            ],
            [
              80.872235,
              7.089922
            ],
            [
              80.886218,
              7.103201
            ],
            [
              80.872518,
              7.123726
            ],
            [
              80.885982,
              7.193958
            ]
          ]
        ]
      }
    },
    {
      "id": "feature_079",
      "type": "Feature",
      "properties": {
        "id": "LK-2313",
        "name": "Thalawakele",
        "area_sqkm": 260.52,
        "center_lat": 6.888259,
        "center_lng": 80.691667,
        "province_id": "LK-2",
        "district_id": "LK-23",
        "ed_id": "EC-06",
        "pd_id": "EC-06A",
        "lg_id": null
      },
      "geometry": {
        "type": "Polygon",
        "coordinates": [
          [
            [
              80.628576,
              6.974958
            ],
            [
              80.615558,
              6.986474
            ],
            [
              80.59216,
              6.973156
            ],
            [
              80.575847,
              6.962032
            ],
            [
              80.579166,
              6.944914
            ],
            [
              80.59256,
              6.911071
            ],
            [
              80.616147,
              6.896539
            ],
            [
              80.636438,
              6.904608
            ],
            [
              80.653363,
              6.880519
            ],
            [
              80.647525,
              6.848791
            ],
            [
              80.663673,
              6.849222
            ],
            [
              80.707598,
              6.800298
            ],
            [
              80.766707,
              6.798888
            ],
            [
              80.797544,
              6.816828
            ],
            [
              80.806489,
              6.845109
            ],
            [
              80.762022,
              6.873155
            ],
            [
              80.771179,
              6.887138
            ],
            [
              80.751618,
              6.902062
            ],
            [
              80.751594,
              6.902023
            ],
            [
              80.751618,
              6.902062
            ],
            [
              80.711435,
              6.923762
            ],
            [
              80.711435,
              6.923723
            ],
            [
              80.711435,
              6.923762
            ],
            [
              80.68187,
              6.933555
            ],
            [
              80.704491,
              6.943269
            ],
            [
              80.705904,
              6.968377
            ],
            [
              80.670288,
              6.9777
            ],
            [
              80.637309,
              6.965361
            ],
            [
              80.628576,
              6.974958
            ]
          ]
        ]
      }
    },
    {
      "id": "feature_080",
      "type": "Feature",
      "properties": {
        "id": "LK-2314",
        "name": "Norwood",
        "area_sqkm": 351.25,
        "center_lat": 6.830611,
        "center_lng": 80.601387,
        "province_id": "LK-2",
        "district_id": "LK-23",
        "ed_id": "EC-06",
        "pd_id": "EC-06A",
        "lg_id": null
      },
      "geometry": {
        "type": "Polygon",
        "coordinates": [
          [
            [
              80.556285,
              6.940096
            ],
            [
              80.531757,
              6.927523
            ],
            [
              80.512125,
              6.958859
            ],
            [
              80.523024,
              6.908682
            ],
            [
              80.544045,
              6.890664
            ],
            [
              80.513443,
              6.904373
            ],
            [
              80.511466,
              6.900104
            ],
            [
              80.527025,
              6.884984
            ],
            [
              80.499366,
              6.86583
            ],
            [
              80.511136,
              6.846754
            ],
            [
              80.495106,
              6.831948
            ],
            [
              80.495106,
              6.831987
            ],
            [
              80.501579,
              6.808955
            ],
            [
              80.485619,
              6.795872
            ],
            [
              80.499955,
              6.779225
            ],
            [
              80.613345,
              6.759796
            ],
            [
              80.746156,
              6.757211
            ],
            [
              80.775393,
              6.779029
            ],
            [
              80.766707,
              6.798888
            ],
            [
              80.707598,
              6.800298
            ],
            [
              80.663673,
              6.849222
            ],
            [
              80.647525,
              6.848791
            ],
            [
              80.653363,
              6.880519
            ],
            [
              80.636438,
              6.904608
            ],
            [
              80.616147,
              6.896539
            ],
            [
              80.59256,
              6.911071
            ],
            [
              80.579166,
              6.944914
            ],
            [
              80.556285,
              6.940096
            ]
          ]
        ]
      }
    },
    {
      "id": "feature_081",
      "type": "Feature",
      "properties": {
        "id": "LK-3103",
        "name": "Bentota",
        "area_sqkm": 70.97,
        "center_lat": 6.386622,
        "center_lng": 80.055626,
        "province_id": "LK-3",
        "district_id": "LK-31",
        "ed_id": "EC-07",
        "pd_id": "EC-07D",
        "lg_id": "LG-31035"
      },
      "geometry": {
        "type": "Polygon",
        "coordinates": [
          [
            [
              80.024806,
              6.427634
            ],
            [
              80.009011,
              6.437192
            ],
            [
              79.997853,
              6.426459
            ],
            [
              79.985518,
              6.443615
            ],
            [
              80.016261,
              6.358342
            ],
            [
              80.039259,
              6.354856
            ],
            [
              80.047969,
              6.370798
            ],
            [
              80.068354,
              6.362181
            ],
            [
              80.081231,
              6.379416
            ],
            [
              80.135937,
              6.335545
            ],
            [
              80.131441,
              6.365824
            ],
            [
              80.059574,
              6.408558
            ],
            [
              80.024806,
              6.427634
            ]
          ]
        ]
      }
    },
    {
      "id": "feature_082",
      "type": "Feature",
      "properties": {
        "id": "LK-3106",
        "name": "Balapitiya",
        "area_sqkm": 54.26,
        "center_lat": 6.314523,
        "center_lng": 80.050593,
        "province_id": "LK-3",
        "district_id": "LK-31",
        "ed_id": "EC-07",
        "pd_id": "EC-07A",
        "lg_id": "LG-31034"
      },
      "geometry": {
        "type": "Polygon",
        "coordinates": [
          [
            [
              80.068354,
              6.362181
            ],
            [
              80.047969,
              6.370798
            ],
            [
              80.039259,
              6.354856
            ],
            [
              80.016261,
              6.358342
            ],
            [
              80.045427,
              6.245297
            ],
            [
              80.063364,
              6.255873
            ],
            [
              80.062564,
              6.296845
            ],
            [
              80.081183,
              6.324734
            ],
            [
              80.068354,
              6.362181
            ]
          ]
        ]
      }
    },
    {
      "id": "feature_083",
      "type": "Feature",
      "properties": {
        "id": "LK-3109",
        "name": "Karandeniya",
        "area_sqkm": 88.55,
        "center_lat": 6.301085,
        "center_lng": 80.100581,
        "province_id": "LK-3",
        "district_id": "LK-31",
        "ed_id": "EC-07",
        "pd_id": "EC-07C",
        "lg_id": "LG-31040"
      },
      "geometry": {
        "type": "Polygon",
        "coordinates": [
          [
            [
              80.135937,
              6.335545
            ],
            [
              80.081231,
              6.379416
            ],
            [
              80.068354,
              6.362181
            ],
            [
              80.081183,
              6.324734
            ],
            [
              80.062564,
              6.296845
            ],
            [
              80.063364,
              6.255873
            ],
            [
              80.135796,
              6.248979
            ],
            [
              80.148295,
              6.262963
            ],
            [
              80.130122,
              6.28482
            ],
            [
              80.135937,
              6.335545
            ]
          ]
        ]
      }
    },
    {
      "id": "feature_084",
      "type": "Feature",
      "properties": {
        "id": "LK-3112",
        "name": "Elpitiya",
        "area_sqkm": 150.64,
        "center_lat": 6.290338,
        "center_lng": 80.185674,
        "province_id": "LK-3",
        "district_id": "LK-31",
        "ed_id": "EC-07",
        "pd_id": "EC-07D",
        "lg_id": "LG-31037"
      },
      "geometry": {
        "type": "Polygon",
        "coordinates": [
          [
            [
              80.206509,
              6.359713
            ],
            [
              80.131441,
              6.365824
            ],
            [
              80.135937,
              6.335545
            ],
            [
              80.130122,
              6.28482
            ],
            [
              80.148295,
              6.262963
            ],
            [
              80.201613,
              6.204952
            ],
            [
              80.234333,
              6.212394
            ],
            [
              80.234356,
              6.212394
            ],
            [
              80.234333,
              6.212394
            ],
            [
              80.241465,
              6.218348
            ],
            [
              80.245938,
              6.248274
            ],
            [
              80.202884,
              6.286504
            ],
            [
              80.240688,
              6.339266
            ],
            [
              80.206509,
              6.359713
            ]
          ]
        ]
      }
    },
    {
      "id": "feature_085",
      "type": "Feature",
      "properties": {
        "id": "LK-3115",
        "name": "Niyagama",
        "area_sqkm": 104.37,
        "center_lat": 6.302514,
        "center_lng": 80.251476,
        "province_id": "LK-3",
        "district_id": "LK-31",
        "ed_id": "EC-07",
        "pd_id": "EC-07E",
        "lg_id": "LG-31043"
      },
      "geometry": {
        "type": "Polygon",
        "coordinates": [
          [
            [
              80.299067,
              6.32587
            ],
            [
              80.238994,
              6.376987
            ],
            [
              80.217149,
              6.379964
            ],
            [
              80.206509,
              6.359713
            ],
            [
              80.240688,
              6.339266
            ],
            [
              80.202884,
              6.286504
            ],
            [
              80.245938,
              6.248274
            ],
            [
              80.241465,
              6.218348
            ],
            [
              80.248551,
              6.204404
            ],
            [
              80.277693,
              6.232763
            ],
            [
              80.267241,
              6.27867
            ],
            [
              80.303328,
              6.285603
            ],
            [
              80.299067,
              6.32587
            ]
          ]
        ]
      }
    },
    {
      "id": "feature_086",
      "type": "Feature",
      "properties": {
        "id": "LK-3118",
        "name": "Thawalama",
        "area_sqkm": 173.7,
        "center_lat": 6.292952,
        "center_lng": 80.354998,
        "province_id": "LK-3",
        "district_id": "LK-31",
        "ed_id": "EC-07",
        "pd_id": "EC-07E",
        "lg_id": "LG-31044"
      },
      "geometry": {
        "type": "Polygon",
        "coordinates": [
          [
            [
              80.376936,
              6.322188
            ],
            [
              80.316392,
              6.399471
            ],
            [
              80.300291,
              6.396925
            ],
            [
              80.289345,
              6.389639
            ],
            [
              80.299067,
              6.32587
            ],
            [
              80.303328,
              6.285603
            ],
            [
              80.312226,
              6.243535
            ],
            [
              80.373947,
              6.235936
            ],
            [
              80.386187,
              6.219837
            ],
            [
              80.424322,
              6.213452
            ],
            [
              80.440282,
              6.226691
            ],
            [
              80.439929,
              6.229159
            ],
            [
              80.439905,
              6.229159
            ],
            [
              80.439929,
              6.229159
            ],
            [
              80.4412,
              6.256226
            ],
            [
              80.376936,
              6.322188
            ]
          ]
        ]
      }
    },
    {
      "id": "feature_087",
      "type": "Feature",
      "properties": {
        "id": "LK-3121",
        "name": "Neluwa",
        "area_sqkm": 152.51,
        "center_lat": 6.360383,
        "center_lng": 80.409622,
        "province_id": "LK-3",
        "district_id": "LK-31",
        "ed_id": "EC-07",
        "pd_id": "EC-07E",
        "lg_id": "LG-31042"
      },
      "geometry": {
        "type": "Polygon",
        "coordinates": [
          [
            [
              80.380914,
              6.426146
            ],
            [
              80.316392,
              6.399471
            ],
            [
              80.376936,
              6.322188
            ],
            [
              80.40669,
              6.334918
            ],
            [
              80.453699,
              6.287601
            ],
            [
              80.478133,
              6.283018
            ],
            [
              80.495977,
              6.299705
            ],
            [
              80.460078,
              6.350782
            ],
            [
              80.495741,
              6.368174
            ],
            [
              80.49108,
              6.380317
            ],
            [
              80.421309,
              6.39101
            ],
            [
              80.380914,
              6.426146
            ]
          ]
        ]
      }
    },
    {
      "id": "feature_088",
      "type": "Feature",
      "properties": {
        "id": "LK-3124",
        "name": "Nagoda",
        "area_sqkm": 173.43,
        "center_lat": 6.199194,
        "center_lng": 80.313741,
        "province_id": "LK-3",
        "district_id": "LK-31",
        "ed_id": "EC-07",
        "pd_id": null,
        "lg_id": "LG-31041"
      },
      "geometry": {
        "type": "Polygon",
        "coordinates": [
          [
            [
              80.303328,
              6.285603
            ],
            [
              80.267241,
              6.27867
            ],
            [
              80.277693,
              6.232763
            ],
            [
              80.248551,
              6.204404
            ],
            [
              80.247209,
              6.20315
            ],
            [
              80.247233,
              6.20315
            ],
            [
              80.247209,
              6.20315
            ],
            [
              80.237299,
              6.170091
            ],
            [
              80.234756,
              6.161317
            ],
            [
              80.234756,
              6.161277
            ],
            [
              80.250975,
              6.151798
            ],
            [
              80.250999,
              6.151798
            ],
            [
              80.250975,
              6.151798
            ],
            [
              80.264864,
              6.141927
            ],
            [
              80.26484,
              6.141927
            ],
            [
              80.264864,
              6.141927
            ],
            [
              80.280847,
              6.133388
            ],
            [
              80.3066,
              6.146001
            ],
            [
              80.382798,
              6.1621
            ],
            [
              80.402759,
              6.191987
            ],
            [
              80.386187,
              6.219837
            ],
            [
              80.373947,
              6.235936
            ],
            [
              80.312226,
              6.243535
            ],
            [
              80.303328,
              6.285603
            ]
          ]
        ]
      }
    },
    {
      "id": "feature_089",
      "type": "Feature",
      "properties": {
        "id": "LK-3127",
        "name": "Baddegama",
        "area_sqkm": 66.68,
        "center_lat": 6.143984,
        "center_lng": 80.192117,
        "province_id": "LK-3",
        "district_id": "LK-31",
        "ed_id": "EC-07",
        "pd_id": null,
        "lg_id": "LG-31033"
      },
      "geometry": {
        "type": "Polygon",
        "coordinates": [
          [
            [
              80.237299,
              6.170091
            ],
            [
              80.201613,
              6.192104
            ],
            [
              80.177508,
              6.174987
            ],
            [
              80.140833,
              6.178786
            ],
            [
              80.150225,
              6.135347
            ],
            [
              80.150743,
              6.134955
            ],
            [
              80.175272,
              6.117759
            ],
            [
              80.183628,
              6.087285
            ],
            [
              80.185041,
              6.090928
            ],
            [
              80.208321,
              6.099036
            ],
            [
              80.208298,
              6.098997
            ],
            [
              80.208321,
              6.099036
            ],
            [
              80.213171,
              6.115997
            ],
            [
              80.241889,
              6.104481
            ],
            [
              80.243231,
              6.105656
            ],
            [
              80.203566,
              6.157556
            ],
            [
              80.234756,
              6.161277
            ],
            [
              80.234756,
              6.161317
            ],
            [
              80.237299,
              6.170091
            ]
          ]
        ]
      }
    },
    {
      "id": "feature_090",
      "type": "Feature",
      "properties": {
        "id": "LK-3130",
        "name": "Welivitiya-Divitura",
        "area_sqkm": 56.47,
        "center_lat": 6.206917,
        "center_lng": 80.180778,
        "province_id": "LK-3",
        "district_id": "LK-31",
        "ed_id": "EC-07",
        "pd_id": "EC-07C",
        "lg_id": "LG-31047"
      },
      "geometry": {
        "type": "Polygon",
        "coordinates": [
          [
            [
              80.241465,
              6.218348
            ],
            [
              80.234333,
              6.212394
            ],
            [
              80.234356,
              6.212394
            ],
            [
              80.234333,
              6.212394
            ],
            [
              80.201613,
              6.204952
            ],
            [
              80.148295,
              6.262963
            ],
            [
              80.135796,
              6.248979
            ],
            [
              80.140268,
              6.21639
            ],
            [
              80.140362,
              6.21639
            ],
            [
              80.140268,
              6.21639
            ],
            [
              80.135584,
              6.204247
            ],
            [
              80.140833,
              6.178786
            ],
            [
              80.177508,
              6.174987
            ],
            [
              80.201613,
              6.192104
            ],
            [
              80.237299,
              6.170091
            ],
            [
              80.247209,
              6.20315
            ],
            [
              80.247233,
              6.20315
            ],
            [
              80.247209,
              6.20315
            ],
            [
              80.248551,
              6.204404
            ],
            [
              80.241465,
              6.218348
            ]
          ]
        ]
      }
    },
    {
      "id": "feature_091",
      "type": "Feature",
      "properties": {
        "id": "LK-3133",
        "name": "Ambalangoda",
        "area_sqkm": 49.22,
        "center_lat": 6.222263,
        "center_lng": 80.101832,
        "province_id": "LK-3",
        "district_id": "LK-31",
        "ed_id": "EC-07",
        "pd_id": "EC-07B",
        "lg_id": null
      },
      "geometry": {
        "type": "Polygon",
        "coordinates": [
          [
            [
              80.135796,
              6.248979
            ],
            [
              80.063364,
              6.255873
            ],
            [
              80.045427,
              6.245297
            ],
            [
              80.052983,
              6.228258
            ],
            [
              80.069837,
              6.236014
            ],
            [
              80.088763,
              6.214314
            ],
            [
              80.091965,
              6.171892
            ],
            [
              80.107925,
              6.175026
            ],
            [
              80.135584,
              6.204247
            ],
            [
              80.140268,
              6.21639
            ],
            [
              80.140362,
              6.21639
            ],
            [
              80.140268,
              6.21639
            ],
            [
              80.135796,
              6.248979
            ]
          ]
        ]
      }
    },
    {
      "id": "feature_092",
      "type": "Feature",
      "properties": {
        "id": "LK-3134",
        "name": "Gonapinuwala",
        "area_sqkm": 25.39,
        "center_lat": 6.16609,
        "center_lng": 80.131284,
        "province_id": "LK-3",
        "district_id": "LK-31",
        "ed_id": "EC-07",
        "pd_id": "EC-07B",
        "lg_id": "LG-31032"
      },
      "geometry": {
        "type": "Polygon",
        "coordinates": [
          [
            [
              80.135584,
              6.204247
            ],
            [
              80.107925,
              6.175026
            ],
            [
              80.11574,
              6.148547
            ],
            [
              80.119718,
              6.134955
            ],
            [
              80.150225,
              6.135347
            ],
            [
              80.140833,
              6.178786
            ],
            [
              80.135584,
              6.204247
            ]
          ]
        ]
      }
    },
    {
      "id": "feature_093",
      "type": "Feature",
      "properties": {
        "id": "LK-3136",
        "name": "Hikkaduwa",
        "area_sqkm": 13.04,
        "center_lat": 6.128233,
        "center_lng": 80.119869,
        "province_id": "LK-3",
        "district_id": "LK-31",
        "ed_id": "EC-07",
        "pd_id": "EC-07G",
        "lg_id": "LG-31022"
      },
      "geometry": {
        "type": "MultiPolygon",
        "coordinates": [
          [
            [
              [
                80.11574,
                6.148547
              ],
              [
                80.098509,
                6.147059
              ],
              [
                80.130617,
                6.09649
              ],
              [
                80.150743,
                6.134955
              ],
              [
                80.150225,
                6.135347
              ],
              [
                80.119718,
                6.134955
              ],
              [
                80.11574,
                6.148547
              ]
            ]
          ],
          [
            [
              [
                80.098791,
                6.139616
              ],
              [
                80.097661,
                6.136835
              ],
              [
                80.098415,
                6.133232
              ],
              [
                80.099074,
                6.135425
              ],
              [
                80.098014,
                6.137109
              ],
              [
                80.098791,
                6.139616
              ]
            ]
          ]
        ]
      }
    },
    {
      "id": "feature_094",
      "type": "Feature",
      "properties": {
        "id": "LK-3139",
        "name": "Galle 4 Gravets",
        "area_sqkm": 22.3,
        "center_lat": 6.053635,
        "center_lng": 80.207916,
        "province_id": "LK-3",
        "district_id": "LK-31",
        "ed_id": "EC-07",
        "pd_id": "EC-07H",
        "lg_id": null
      },
      "geometry": {
        "type": "Polygon",
        "coordinates": [
          [
            [
              80.234097,
              6.06253
            ],
            [
              80.195351,
              6.057751
            ],
            [
              80.185041,
              6.090928
            ],
            [
              80.183628,
              6.087285
            ],
            [
              80.1736,
              6.06206
            ],
            [
              80.217455,
              6.023634
            ],
            [
              80.224564,
              6.036599
            ],
            [
              80.241771,
              6.028452
            ],
            [
              80.246432,
              6.026454
            ],
            [
              80.234097,
              6.06253
            ]
          ]
        ]
      }
    },
    {
      "id": "feature_095",
      "type": "Feature",
      "properties": {
        "id": "LK-3142",
        "name": "Bope-Poddala",
        "area_sqkm": 28.61,
        "center_lat": 6.083812,
        "center_lng": 80.216468,
        "province_id": "LK-3",
        "district_id": "LK-31",
        "ed_id": "EC-07",
        "pd_id": "EC-07I",
        "lg_id": "LG-31036"
      },
      "geometry": {
        "type": "Polygon",
        "coordinates": [
          [
            [
              80.241889,
              6.104481
            ],
            [
              80.213171,
              6.115997
            ],
            [
              80.208321,
              6.099036
            ],
            [
              80.208298,
              6.098997
            ],
            [
              80.208321,
              6.099036
            ],
            [
              80.185041,
              6.090928
            ],
            [
              80.195351,
              6.057751
            ],
            [
              80.234097,
              6.06253
            ],
            [
              80.247774,
              6.057202
            ],
            [
              80.251752,
              6.062099
            ],
            [
              80.232167,
              6.085718
            ],
            [
              80.241889,
              6.104481
            ]
          ]
        ]
      }
    },
    {
      "id": "feature_096",
      "type": "Feature",
      "properties": {
        "id": "LK-3145",
        "name": "Akmeemana",
        "area_sqkm": 71.2,
        "center_lat": 6.059798,
        "center_lng": 80.284577,
        "province_id": "LK-3",
        "district_id": "LK-31",
        "ed_id": "EC-07",
        "pd_id": "EC-07I",
        "lg_id": "LG-31031"
      },
      "geometry": {
        "type": "Polygon",
        "coordinates": [
          [
            [
              80.281083,
              6.08517
            ],
            [
              80.255212,
              6.095354
            ],
            [
              80.255236,
              6.095354
            ],
            [
              80.243231,
              6.105656
            ],
            [
              80.241889,
              6.104481
            ],
            [
              80.232167,
              6.085718
            ],
            [
              80.251752,
              6.062099
            ],
            [
              80.247774,
              6.057202
            ],
            [
              80.234097,
              6.06253
            ],
            [
              80.246432,
              6.026454
            ],
            [
              80.262298,
              6.002834
            ],
            [
              80.276422,
              6.006046
            ],
            [
              80.283154,
              6.036991
            ],
            [
              80.299797,
              6.033035
            ],
            [
              80.302315,
              6.055479
            ],
            [
              80.32755,
              6.049447
            ],
            [
              80.355492,
              6.072479
            ],
            [
              80.344404,
              6.090615
            ],
            [
              80.281083,
              6.08517
            ]
          ]
        ]
      }
    },
    {
      "id": "feature_097",
      "type": "Feature",
      "properties": {
        "id": "LK-3148",
        "name": "Yakkalamulla",
        "area_sqkm": 108.68,
        "center_lat": 6.107609,
        "center_lng": 80.360034,
        "province_id": "LK-3",
        "district_id": "LK-31",
        "ed_id": "EC-07",
        "pd_id": "EC-07F",
        "lg_id": "LG-31045"
      },
      "geometry": {
        "type": "Polygon",
        "coordinates": [
          [
            [
              80.382798,
              6.1621
            ],
            [
              80.3066,
              6.146001
            ],
            [
              80.294689,
              6.111571
            ],
            [
              80.294689,
              6.11161
            ],
            [
              80.294689,
              6.111571
            ],
            [
              80.294618,
              6.099741
            ],
            [
              80.294641,
              6.099741
            ],
            [
              80.294618,
              6.099741
            ],
            [
              80.281083,
              6.08517
            ],
            [
              80.344404,
              6.090615
            ],
            [
              80.355492,
              6.072479
            ],
            [
              80.361541,
              6.06817
            ],
            [
              80.361541,
              6.068209
            ],
            [
              80.361541,
              6.06817
            ],
            [
              80.367732,
              6.071186
            ],
            [
              80.367709,
              6.071186
            ],
            [
              80.373994,
              6.066995
            ],
            [
              80.37397,
              6.066995
            ],
            [
              80.373994,
              6.066995
            ],
            [
              80.387553,
              6.053325
            ],
            [
              80.412269,
              6.071147
            ],
            [
              80.437339,
              6.094179
            ],
            [
              80.386705,
              6.135112
            ],
            [
              80.382798,
              6.1621
            ]
          ]
        ]
      }
    },
    {
      "id": "feature_098",
      "type": "Feature",
      "properties": {
        "id": "LK-3151",
        "name": "Imaduwa",
        "area_sqkm": 58.36,
        "center_lat": 6.032628,
        "center_lng": 80.358504,
        "province_id": "LK-3",
        "district_id": "LK-31",
        "ed_id": "EC-07",
        "pd_id": "EC-07J",
        "lg_id": "LG-31046"
      },
      "geometry": {
        "type": "Polygon",
        "coordinates": [
          [
            [
              80.387553,
              6.053325
            ],
            [
              80.373994,
              6.066995
            ],
            [
              80.37397,
              6.066995
            ],
            [
              80.373994,
              6.066995
            ],
            [
              80.367709,
              6.071186
            ],
            [
              80.367732,
              6.071186
            ],
            [
              80.361541,
              6.06817
            ],
            [
              80.361541,
              6.068209
            ],
            [
              80.361541,
              6.06817
            ],
            [
              80.355492,
              6.072479
            ],
            [
              80.32755,
              6.049447
            ],
            [
              80.302315,
              6.055479
            ],
            [
              80.299797,
              6.033035
            ],
            [
              80.354809,
              6.007339
            ],
            [
              80.357728,
              5.991397
            ],
            [
              80.365614,
              6.00162
            ],
            [
              80.388565,
              6.003774
            ],
            [
              80.42411,
              6.020187
            ],
            [
              80.389248,
              6.036168
            ],
            [
              80.387553,
              6.053325
            ]
          ]
        ]
      }
    },
    {
      "id": "feature_099",
      "type": "Feature",
      "properties": {
        "id": "LK-3154",
        "name": "Habaraduwa",
        "area_sqkm": 48.81,
        "center_lat": 6.001825,
        "center_lng": 80.320646,
        "province_id": "LK-3",
        "district_id": "LK-31",
        "ed_id": "EC-07",
        "pd_id": "EC-07J",
        "lg_id": "LG-31038"
      },
      "geometry": {
        "type": "Polygon",
        "coordinates": [
          [
            [
              80.299797,
              6.033035
            ],
            [
              80.283154,
              6.036991
            ],
            [
              80.276422,
              6.006046
            ],
            [
              80.262298,
              6.002834
            ],
            [
              80.246432,
              6.026454
            ],
            [
              80.241771,
              6.028452
            ],
            [
              80.243184,
              6.005576
            ],
            [
              80.381903,
              5.964957
            ],
            [
              80.388447,
              6.001855
            ],
            [
              80.388565,
              6.003774
            ],
            [
              80.365614,
              6.00162
            ],
            [
              80.357728,
              5.991397
            ],
            [
              80.354809,
              6.007339
            ],
            [
              80.299797,
              6.033035
            ]
          ]
        ]
      }
    },
    {
      "id": "feature_100",
      "type": "Feature",
      "properties": {
        "id": "LK-3128",
        "name": "Wanduramba",
        "area_sqkm": 46.18,
        "center_lat": 6.125375,
        "center_lng": 80.260637,
        "province_id": "LK-3",
        "district_id": "LK-31",
        "ed_id": "EC-07",
        "pd_id": "EC-07F",
        "lg_id": "LG-31033"
      },
      "geometry": {
        "type": "Polygon",
        "coordinates": [
          [
            [
              80.234756,
              6.161317
            ],
            [
              80.234756,
              6.161277
            ],
            [
              80.203566,
              6.157556
            ],
            [
              80.243231,
              6.105656
            ],
            [
              80.255236,
              6.095354
            ],
            [
              80.255212,
              6.095354
            ],
            [
              80.281083,
              6.08517
            ],
            [
              80.294618,
              6.099741
            ],
            [
              80.294641,
              6.099741
            ],
            [
              80.294618,
              6.099741
            ],
            [
              80.294689,
              6.111571
            ],
            [
              80.294689,
              6.11161
            ],
            [
              80.294689,
              6.111571
            ],
            [
              80.3066,
              6.146001
            ],
            [
              80.280847,
              6.133388
            ],
            [
              80.264864,
              6.141927
            ],
            [
              80.26484,
              6.141927
            ],
            [
              80.264864,
              6.141927
            ],
            [
              80.250975,
              6.151798
            ],
            [
              80.250999,
              6.151798
            ],
            [
              80.250975,
              6.151798
            ],
            [
              80.234756,
              6.161277
            ],
            [
              80.234756,
              6.161317
            ]
          ]
        ]
      }
    },
    {
      "id": "feature_101",
      "type": "Feature",
      "properties": {
        "id": "LK-3135",
        "name": "Madampagama",
        "area_sqkm": 23.39,
        "center_lat": 6.190009,
        "center_lng": 80.08404,
        "province_id": "LK-3",
        "district_id": "LK-31",
        "ed_id": "EC-07",
        "pd_id": "EC-07G",
        "lg_id": "LG-31039"
      },
      "geometry": {
        "type": "Polygon",
        "coordinates": [
          [
            [
              80.107925,
              6.175026
            ],
            [
              80.091965,
              6.171892
            ],
            [
              80.088763,
              6.214314
            ],
            [
              80.069837,
              6.236014
            ],
            [
              80.052983,
              6.228258
            ],
            [
              80.098509,
              6.147059
            ],
            [
              80.11574,
              6.148547
            ],
            [
              80.107925,
              6.175026
            ]
          ]
        ]
      }
    },
    {
      "id": "feature_102",
      "type": "Feature",
      "properties": {
        "id": "LK-3137",
        "name": "Rathgama",
        "area_sqkm": 26.74,
        "center_lat": 6.101616,
        "center_lng": 80.157609,
        "province_id": "LK-3",
        "district_id": "LK-31",
        "ed_id": "EC-07",
        "pd_id": "EC-07G",
        "lg_id": "LG-31039"
      },
      "geometry": {
        "type": "Polygon",
        "coordinates": [
          [
            [
              80.183628,
              6.087285
            ],
            [
              80.175272,
              6.117759
            ],
            [
              80.150743,
              6.134955
            ],
            [
              80.130617,
              6.09649
            ],
            [
              80.1736,
              6.06206
            ],
            [
              80.183628,
              6.087285
            ]
          ]
        ]
      }
    },
    {
      "id": "feature_103",
      "type": "Feature",
      "properties": {
        "id": "LK-3203",
        "name": "Pitabaddara",
        "area_sqkm": 136.99,
        "center_lat": 6.239504,
        "center_lng": 80.473365,
        "province_id": "LK-3",
        "district_id": "LK-32",
        "ed_id": "EC-08",
        "pd_id": "EC-08A",
        "lg_id": "LG-32043"
      },
      "geometry": {
        "type": "Polygon",
        "coordinates": [
          [
            [
              80.478133,
              6.283018
            ],
            [
              80.453699,
              6.287601
            ],
            [
              80.40669,
              6.334918
            ],
            [
              80.376936,
              6.322188
            ],
            [
              80.4412,
              6.256226
            ],
            [
              80.439929,
              6.229159
            ],
            [
              80.439905,
              6.229159
            ],
            [
              80.439929,
              6.229159
            ],
            [
              80.440282,
              6.226691
            ],
            [
              80.452475,
              6.177533
            ],
            [
              80.471095,
              6.183056
            ],
            [
              80.484348,
              6.159162
            ],
            [
              80.497577,
              6.176084
            ],
            [
              80.526602,
              6.166761
            ],
            [
              80.551436,
              6.200252
            ],
            [
              80.547058,
              6.236053
            ],
            [
              80.515891,
              6.227044
            ],
            [
              80.497789,
              6.272912
            ],
            [
              80.478133,
              6.283018
            ]
          ]
        ]
      }
    },
    {
      "id": "feature_104",
      "type": "Feature",
      "properties": {
        "id": "LK-3206",
        "name": "Kotapola",
        "area_sqkm": 178.98,
        "center_lat": 6.322503,
        "center_lng": 80.538487,
        "province_id": "LK-3",
        "district_id": "LK-32",
        "ed_id": "EC-08",
        "pd_id": "EC-08A",
        "lg_id": "LG-32036"
      },
      "geometry": {
        "type": "Polygon",
        "coordinates": [
          [
            [
              80.620972,
              6.394653
            ],
            [
              80.549294,
              6.396102
            ],
            [
              80.533617,
              6.374363
            ],
            [
              80.495741,
              6.368174
            ],
            [
              80.460078,
              6.350782
            ],
            [
              80.495977,
              6.299705
            ],
            [
              80.478133,
              6.283018
            ],
            [
              80.497789,
              6.272912
            ],
            [
              80.515891,
              6.227044
            ],
            [
              80.547058,
              6.236053
            ],
            [
              80.577989,
              6.263041
            ],
            [
              80.557674,
              6.328142
            ],
            [
              80.612027,
              6.345847
            ],
            [
              80.620972,
              6.394653
            ]
          ]
        ]
      }
    },
    {
      "id": "feature_105",
      "type": "Feature",
      "properties": {
        "id": "LK-3209",
        "name": "Pasgoda",
        "area_sqkm": 154.01,
        "center_lat": 6.276173,
        "center_lng": 80.608151,
        "province_id": "LK-3",
        "district_id": "LK-32",
        "ed_id": "EC-08",
        "pd_id": null,
        "lg_id": "LG-32040"
      },
      "geometry": {
        "type": "Polygon",
        "coordinates": [
          [
            [
              80.670735,
              6.305541
            ],
            [
              80.670712,
              6.305541
            ],
            [
              80.662379,
              6.354308
            ],
            [
              80.612027,
              6.345847
            ],
            [
              80.557674,
              6.328142
            ],
            [
              80.577989,
              6.263041
            ],
            [
              80.547058,
              6.236053
            ],
            [
              80.551436,
              6.200252
            ],
            [
              80.611509,
              6.190185
            ],
            [
              80.648938,
              6.256539
            ],
            [
              80.662002,
              6.259986
            ],
            [
              80.657247,
              6.303386
            ],
            [
              80.670712,
              6.305541
            ],
            [
              80.670735,
              6.305541
            ]
          ]
        ]
      }
    },
    {
      "id": "feature_106",
      "type": "Feature",
      "properties": {
        "id": "LK-3212",
        "name": "Mulatiyana",
        "area_sqkm": 120.4,
        "center_lat": 6.147335,
        "center_lng": 80.586973,
        "province_id": "LK-3",
        "district_id": "LK-32",
        "ed_id": "EC-08",
        "pd_id": "EC-08B",
        "lg_id": "LG-32039"
      },
      "geometry": {
        "type": "Polygon",
        "coordinates": [
          [
            [
              80.611509,
              6.190185
            ],
            [
              80.551436,
              6.200252
            ],
            [
              80.526602,
              6.166761
            ],
            [
              80.536771,
              6.095197
            ],
            [
              80.593549,
              6.097822
            ],
            [
              80.651951,
              6.133114
            ],
            [
              80.660566,
              6.161747
            ],
            [
              80.611509,
              6.190185
            ]
          ]
        ]
      }
    },
    {
      "id": "feature_107",
      "type": "Feature",
      "properties": {
        "id": "LK-3215",
        "name": "Athuraliya",
        "area_sqkm": 63.05,
        "center_lat": 6.117181,
        "center_lng": 80.509603,
        "province_id": "LK-3",
        "district_id": "LK-32",
        "ed_id": "EC-08",
        "pd_id": "EC-08C",
        "lg_id": "LG-32044"
      },
      "geometry": {
        "type": "Polygon",
        "coordinates": [
          [
            [
              80.526602,
              6.166761
            ],
            [
              80.497577,
              6.176084
            ],
            [
              80.484348,
              6.159162
            ],
            [
              80.477051,
              6.090223
            ],
            [
              80.507017,
              6.058573
            ],
            [
              80.509041,
              6.055832
            ],
            [
              80.536771,
              6.095197
            ],
            [
              80.526602,
              6.166761
            ]
          ]
        ]
      }
    },
    {
      "id": "feature_108",
      "type": "Feature",
      "properties": {
        "id": "LK-3218",
        "name": "Akuressa",
        "area_sqkm": 150.06,
        "center_lat": 6.135891,
        "center_lng": 80.440469,
        "province_id": "LK-3",
        "district_id": "LK-32",
        "ed_id": "EC-08",
        "pd_id": "EC-08C",
        "lg_id": "LG-32031"
      },
      "geometry": {
        "type": "Polygon",
        "coordinates": [
          [
            [
              80.440282,
              6.226691
            ],
            [
              80.424322,
              6.213452
            ],
            [
              80.386187,
              6.219837
            ],
            [
              80.402759,
              6.191987
            ],
            [
              80.382798,
              6.1621
            ],
            [
              80.386705,
              6.135112
            ],
            [
              80.437339,
              6.094179
            ],
            [
              80.412269,
              6.071147
            ],
            [
              80.442259,
              6.043532
            ],
            [
              80.468506,
              6.045373
            ],
            [
              80.474602,
              6.063
            ],
            [
              80.507017,
              6.058573
            ],
            [
              80.477051,
              6.090223
            ],
            [
              80.484348,
              6.159162
            ],
            [
              80.471095,
              6.183056
            ],
            [
              80.452475,
              6.177533
            ],
            [
              80.440282,
              6.226691
            ]
          ]
        ]
      }
    },
    {
      "id": "feature_109",
      "type": "Feature",
      "properties": {
        "id": "LK-3221",
        "name": "Welipitiya",
        "area_sqkm": 69.3,
        "center_lat": 6.016747,
        "center_lng": 80.439249,
        "province_id": "LK-3",
        "district_id": "LK-32",
        "ed_id": "EC-08",
        "pd_id": "EC-08G",
        "lg_id": "LG-32042"
      },
      "geometry": {
        "type": "Polygon",
        "coordinates": [
          [
            [
              80.468506,
              6.045373
            ],
            [
              80.442259,
              6.043532
            ],
            [
              80.412269,
              6.071147
            ],
            [
              80.387553,
              6.053325
            ],
            [
              80.389248,
              6.036168
            ],
            [
              80.42411,
              6.020187
            ],
            [
              80.388565,
              6.003774
            ],
            [
              80.388447,
              6.001855
            ],
            [
              80.461514,
              5.963468
            ],
            [
              80.469471,
              5.979998
            ],
            [
              80.486302,
              5.977726
            ],
            [
              80.471919,
              6.009963
            ],
            [
              80.490045,
              6.019717
            ],
            [
              80.468506,
              6.045373
            ]
          ]
        ]
      }
    },
    {
      "id": "feature_110",
      "type": "Feature",
      "properties": {
        "id": "LK-3224",
        "name": "Malimbada",
        "area_sqkm": 42.86,
        "center_lat": 6.019686,
        "center_lng": 80.49915,
        "province_id": "LK-3",
        "district_id": "LK-32",
        "ed_id": "EC-08",
        "pd_id": "EC-08C",
        "lg_id": "LG-32037"
      },
      "geometry": {
        "type": "Polygon",
        "coordinates": [
          [
            [
              80.507017,
              6.058573
            ],
            [
              80.474602,
              6.063
            ],
            [
              80.468506,
              6.045373
            ],
            [
              80.490045,
              6.019717
            ],
            [
              80.471919,
              6.009963
            ],
            [
              80.486302,
              5.977726
            ],
            [
              80.504851,
              5.966367
            ],
            [
              80.510195,
              5.980782
            ],
            [
              80.506922,
              5.994374
            ],
            [
              80.536959,
              6.007496
            ],
            [
              80.51994,
              6.031076
            ],
            [
              80.509041,
              6.055832
            ],
            [
              80.507017,
              6.058573
            ]
          ]
        ]
      }
    },
    {
      "id": "feature_111",
      "type": "Feature",
      "properties": {
        "id": "LK-3227",
        "name": "Kaburupitiya",
        "area_sqkm": 57.89,
        "center_lat": 6.06571,
        "center_lng": 80.560668,
        "province_id": "LK-3",
        "district_id": "LK-32",
        "ed_id": "EC-08",
        "pd_id": "EC-08D",
        "lg_id": "LG-32035"
      },
      "geometry": {
        "type": "Polygon",
        "coordinates": [
          [
            [
              80.593549,
              6.097822
            ],
            [
              80.536771,
              6.095197
            ],
            [
              80.509041,
              6.055832
            ],
            [
              80.51994,
              6.031076
            ],
            [
              80.541761,
              6.039693
            ],
            [
              80.56676,
              6.025749
            ],
            [
              80.589476,
              6.049329
            ],
            [
              80.594325,
              6.070168
            ],
            [
              80.615582,
              6.07479
            ],
            [
              80.593549,
              6.097822
            ]
          ]
        ]
      }
    },
    {
      "id": "feature_112",
      "type": "Feature",
      "properties": {
        "id": "LK-3230",
        "name": "Hakmana",
        "area_sqkm": 49.52,
        "center_lat": 6.094981,
        "center_lng": 80.649031,
        "province_id": "LK-3",
        "district_id": "LK-32",
        "ed_id": "EC-08",
        "pd_id": null,
        "lg_id": "LG-32034"
      },
      "geometry": {
        "type": "Polygon",
        "coordinates": [
          [
            [
              80.692039,
              6.124575
            ],
            [
              80.662849,
              6.1187
            ],
            [
              80.651951,
              6.133114
            ],
            [
              80.593549,
              6.097822
            ],
            [
              80.615582,
              6.07479
            ],
            [
              80.691921,
              6.070834
            ],
            [
              80.681611,
              6.094806
            ],
            [
              80.69338,
              6.118817
            ],
            [
              80.692039,
              6.124575
            ]
          ]
        ]
      }
    },
    {
      "id": "feature_113",
      "type": "Feature",
      "properties": {
        "id": "LK-3233",
        "name": "Kirinda Puhulwella",
        "area_sqkm": 41.91,
        "center_lat": 6.046066,
        "center_lng": 80.636112,
        "province_id": "LK-3",
        "district_id": "LK-32",
        "ed_id": "EC-08",
        "pd_id": "EC-08D",
        "lg_id": "LG-32045"
      },
      "geometry": {
        "type": "Polygon",
        "coordinates": [
          [
            [
              80.615582,
              6.07479
            ],
            [
              80.594325,
              6.070168
            ],
            [
              80.589476,
              6.049329
            ],
            [
              80.610685,
              6.042318
            ],
            [
              80.611462,
              6.026454
            ],
            [
              80.641193,
              6.003304
            ],
            [
              80.666239,
              6.024495
            ],
            [
              80.658118,
              6.047371
            ],
            [
              80.691921,
              6.070834
            ],
            [
              80.615582,
              6.07479
            ]
          ]
        ]
      }
    },
    {
      "id": "feature_114",
      "type": "Feature",
      "properties": {
        "id": "LK-3236",
        "name": "Thihagoda",
        "area_sqkm": 52.81,
        "center_lat": 6.010286,
        "center_lng": 80.560316,
        "province_id": "LK-3",
        "district_id": "LK-32",
        "ed_id": "EC-08",
        "pd_id": "EC-08D",
        "lg_id": "LG-32035"
      },
      "geometry": {
        "type": "Polygon",
        "coordinates": [
          [
            [
              80.611462,
              6.026454
            ],
            [
              80.610685,
              6.042318
            ],
            [
              80.589476,
              6.049329
            ],
            [
              80.56676,
              6.025749
            ],
            [
              80.541761,
              6.039693
            ],
            [
              80.51994,
              6.031076
            ],
            [
              80.536959,
              6.007496
            ],
            [
              80.506922,
              5.994374
            ],
            [
              80.510195,
              5.980782
            ],
            [
              80.550589,
              5.966837
            ],
            [
              80.592842,
              5.996567
            ],
            [
              80.607178,
              6.009337
            ],
            [
              80.595973,
              6.008984
            ],
            [
              80.591006,
              6.017719
            ],
            [
              80.611462,
              6.026454
            ]
          ]
        ]
      }
    },
    {
      "id": "feature_115",
      "type": "Feature",
      "properties": {
        "id": "LK-3239",
        "name": "Weligama",
        "area_sqkm": 42.69,
        "center_lat": 5.967502,
        "center_lng": 80.445057,
        "province_id": "LK-3",
        "district_id": "LK-32",
        "ed_id": "EC-08",
        "pd_id": "EC-08G",
        "lg_id": null
      },
      "geometry": {
        "type": "MultiPolygon",
        "coordinates": [
          [
            [
              [
                80.486302,
                5.977726
              ],
              [
                80.469471,
                5.979998
              ],
              [
                80.461514,
                5.963468
              ],
              [
                80.388447,
                6.001855
              ],
              [
                80.381903,
                5.964957
              ],
              [
                80.418649,
                5.954812
              ],
              [
                80.438257,
                5.972595
              ],
              [
                80.453746,
                5.94122
              ],
              [
                80.505581,
                5.937224
              ],
              [
                80.504851,
                5.966367
              ],
              [
                80.486302,
                5.977726
              ]
            ]
          ],
          [
            [
              [
                80.425734,
                5.968208
              ],
              [
                80.425522,
                5.967973
              ],
              [
                80.425875,
                5.96762
              ],
              [
                80.426134,
                5.968012
              ],
              [
                80.425734,
                5.968208
              ]
            ]
          ]
        ]
      }
    },
    {
      "id": "feature_116",
      "type": "Feature",
      "properties": {
        "id": "LK-3242",
        "name": "Matara Four Gravets",
        "area_sqkm": 56.63,
        "center_lat": 5.962773,
        "center_lng": 80.563249,
        "province_id": "LK-3",
        "district_id": "LK-32",
        "ed_id": "EC-08",
        "pd_id": "EC-08F",
        "lg_id": null
      },
      "geometry": {
        "type": "Polygon",
        "coordinates": [
          [
            [
              80.58265,
              5.930918
            ],
            [
              80.630176,
              5.98227
            ],
            [
              80.596303,
              5.984033
            ],
            [
              80.592842,
              5.996567
            ],
            [
              80.550589,
              5.966837
            ],
            [
              80.510195,
              5.980782
            ],
            [
              80.504851,
              5.966367
            ],
            [
              80.505581,
              5.937224
            ],
            [
              80.58265,
              5.930918
            ]
          ]
        ]
      }
    },
    {
      "id": "feature_117",
      "type": "Feature",
      "properties": {
        "id": "LK-3245",
        "name": "Devinuwara",
        "area_sqkm": 38.16,
        "center_lat": 5.977065,
        "center_lng": 80.614856,
        "province_id": "LK-3",
        "district_id": "LK-32",
        "ed_id": "EC-08",
        "pd_id": "EC-08E",
        "lg_id": "LG-32032"
      },
      "geometry": {
        "type": "MultiPolygon",
        "coordinates": [
          [
            [
              [
                80.641193,
                6.003304
              ],
              [
                80.611462,
                6.026454
              ],
              [
                80.591006,
                6.017719
              ],
              [
                80.595973,
                6.008984
              ],
              [
                80.607178,
                6.009337
              ],
              [
                80.592842,
                5.996567
              ],
              [
                80.596303,
                5.984033
              ],
              [
                80.630176,
                5.98227
              ],
              [
                80.58265,
                5.930918
              ],
              [
                80.592066,
                5.918893
              ],
              [
                80.633213,
                5.946116
              ],
              [
                80.631448,
                5.969775
              ],
              [
                80.649314,
                5.976081
              ],
              [
                80.641193,
                6.003304
              ]
            ]
          ],
          [
            [
              [
                80.611439,
                5.92798
              ],
              [
                80.611627,
                5.927354
              ],
              [
                80.612569,
                5.928333
              ],
              [
                80.611509,
                5.928255
              ],
              [
                80.611439,
                5.92798
              ]
            ]
          ]
        ]
      }
    },
    {
      "id": "feature_118",
      "type": "Feature",
      "properties": {
        "id": "LK-3248",
        "name": "Dikwella",
        "area_sqkm": 51.11,
        "center_lat": 5.985368,
        "center_lng": 80.673372,
        "province_id": "LK-3",
        "district_id": "LK-32",
        "ed_id": "EC-08",
        "pd_id": "EC-08E",
        "lg_id": "LG-32033"
      },
      "geometry": {
        "type": "Polygon",
        "coordinates": [
          [
            [
              80.712801,
              5.988772
            ],
            [
              80.704138,
              5.993355
            ],
            [
              80.704138,
              5.993316
            ],
            [
              80.689449,
              5.992141
            ],
            [
              80.694652,
              6.025514
            ],
            [
              80.666239,
              6.024495
            ],
            [
              80.641193,
              6.003304
            ],
            [
              80.649314,
              5.976081
            ],
            [
              80.631448,
              5.969775
            ],
            [
              80.633213,
              5.946116
            ],
            [
              80.722005,
              5.959982
            ],
            [
              80.723794,
              5.978901
            ],
            [
              80.712801,
              5.988772
            ]
          ]
        ]
      }
    },
    {
      "id": "feature_119",
      "type": "Feature",
      "properties": {
        "id": "LK-3303",
        "name": "Sooriyawewa",
        "area_sqkm": 193.66,
        "center_lat": 6.29244,
        "center_lng": 81.015794,
        "province_id": "LK-3",
        "district_id": "LK-33",
        "ed_id": "EC-09",
        "pd_id": "EC-09D",
        "lg_id": "LG-33040"
      },
      "geometry": {
        "type": "Polygon",
        "coordinates": [
          [
            [
              81.046123,
              6.398217
            ],
            [
              81.01152,
              6.391245
            ],
            [
              81.019547,
              6.351605
            ],
            [
              80.953047,
              6.316822
            ],
            [
              80.93212,
              6.286191
            ],
            [
              80.952529,
              6.24044
            ],
            [
              80.996242,
              6.2433
            ],
            [
              81.014792,
              6.196178
            ],
            [
              81.030116,
              6.193475
            ],
            [
              81.074229,
              6.230334
            ],
            [
              81.047512,
              6.321013
            ],
            [
              81.082021,
              6.33766
            ],
            [
              81.046123,
              6.398217
            ]
          ]
        ]
      }
    },
    {
      "id": "feature_120",
      "type": "Feature",
      "properties": {
        "id": "LK-3306",
        "name": "Lunugamwehera",
        "area_sqkm": 284.91,
        "center_lat": 6.33159,
        "center_lng": 81.162489,
        "province_id": "LK-3",
        "district_id": "LK-33",
        "ed_id": "EC-09",
        "pd_id": "EC-09D",
        "lg_id": "LG-33036"
      },
      "geometry": {
        "type": "MultiPolygon",
        "coordinates": [
          [
            [
              [
                81.243009,
                6.34052
              ],
              [
                81.225095,
                6.343928
              ],
              [
                81.191339,
                6.401978
              ],
              [
                81.145719,
                6.39716
              ],
              [
                81.138022,
                6.423364
              ],
              [
                81.073311,
                6.422699
              ],
              [
                81.062624,
                6.410047
              ],
              [
                81.050337,
                6.420583
              ],
              [
                81.046123,
                6.398217
              ],
              [
                81.082021,
                6.33766
              ],
              [
                81.096404,
                6.295161
              ],
              [
                81.116295,
                6.297628
              ],
              [
                81.121944,
                6.274831
              ],
              [
                81.142542,
                6.290891
              ],
              [
                81.183242,
                6.284036
              ],
              [
                81.187055,
                6.261396
              ],
              [
                81.167847,
                6.240949
              ],
              [
                81.189009,
                6.195904
              ],
              [
                81.221588,
                6.2093
              ],
              [
                81.209536,
                6.215528
              ],
              [
                81.22752,
                6.233742
              ],
              [
                81.23324,
                6.287797
              ],
              [
                81.220623,
                6.306912
              ],
              [
                81.243009,
                6.34052
              ]
            ]
          ],
          [
            [
              [
                81.278507,
                6.365706
              ],
              [
                81.27773,
                6.366568
              ],
              [
                81.251107,
                6.340206
              ],
              [
                81.288394,
                6.297041
              ],
              [
                81.298516,
                6.339031
              ],
              [
                81.298516,
                6.33907
              ],
              [
                81.278507,
                6.365706
              ]
            ]
          ]
        ]
      }
    },
    {
      "id": "feature_121",
      "type": "Feature",
      "properties": {
        "id": "LK-3309",
        "name": "Thissamaharama",
        "area_sqkm": 792.11,
        "center_lat": 6.362319,
        "center_lng": 81.429386,
        "province_id": "LK-3",
        "district_id": "LK-33",
        "ed_id": "EC-09",
        "pd_id": "EC-09D",
        "lg_id": "LG-33038"
      },
      "geometry": {
        "type": "Polygon",
        "coordinates": [
          [
            [
              81.707047,
              6.510714
            ],
            [
              81.638594,
              6.542167
            ],
            [
              81.60851,
              6.580123
            ],
            [
              81.600036,
              6.560577
            ],
            [
              81.565832,
              6.554349
            ],
            [
              81.481207,
              6.495555
            ],
            [
              81.475464,
              6.408597
            ],
            [
              81.394416,
              6.417019
            ],
            [
              81.381917,
              6.397121
            ],
            [
              81.278507,
              6.365706
            ],
            [
              81.298516,
              6.33907
            ],
            [
              81.298516,
              6.339031
            ],
            [
              81.288394,
              6.297041
            ],
            [
              81.251107,
              6.340206
            ],
            [
              81.243009,
              6.34052
            ],
            [
              81.220623,
              6.306912
            ],
            [
              81.23324,
              6.287797
            ],
            [
              81.22752,
              6.233742
            ],
            [
              81.209536,
              6.215528
            ],
            [
              81.221588,
              6.2093
            ],
            [
              81.256591,
              6.224694
            ],
            [
              81.256615,
              6.224694
            ],
            [
              81.256591,
              6.224694
            ],
            [
              81.296326,
              6.215567
            ],
            [
              81.293078,
              6.194807
            ],
            [
              81.324244,
              6.198802
            ],
            [
              81.341311,
              6.223597
            ],
            [
              81.401431,
              6.25035
            ],
            [
              81.439236,
              6.294221
            ],
            [
              81.481301,
              6.310711
            ],
            [
              81.508843,
              6.353524
            ],
            [
              81.566492,
              6.3726
            ],
            [
              81.707047,
              6.510714
            ]
          ]
        ]
      }
    },
    {
      "id": "feature_122",
      "type": "Feature",
      "properties": {
        "id": "LK-3312",
        "name": "Hambantota",
        "area_sqkm": 343.78,
        "center_lat": 6.204568,
        "center_lng": 81.122853,
        "province_id": "LK-3",
        "district_id": "LK-33",
        "ed_id": "EC-09",
        "pd_id": "EC-09D",
        "lg_id": null
      },
      "geometry": {
        "type": "Polygon",
        "coordinates": [
          [
            [
              81.082021,
              6.33766
            ],
            [
              81.047512,
              6.321013
            ],
            [
              81.074229,
              6.230334
            ],
            [
              81.030116,
              6.193475
            ],
            [
              81.021877,
              6.162531
            ],
            [
              81.038261,
              6.137188
            ],
            [
              81.023242,
              6.138285
            ],
            [
              81.034141,
              6.110865
            ],
            [
              81.01578,
              6.103854
            ],
            [
              81.127405,
              6.119953
            ],
            [
              81.180864,
              6.156812
            ],
            [
              81.293078,
              6.194807
            ],
            [
              81.296326,
              6.215567
            ],
            [
              81.256591,
              6.224694
            ],
            [
              81.256615,
              6.224694
            ],
            [
              81.256591,
              6.224694
            ],
            [
              81.221588,
              6.2093
            ],
            [
              81.189009,
              6.195904
            ],
            [
              81.167847,
              6.240949
            ],
            [
              81.187055,
              6.261396
            ],
            [
              81.183242,
              6.284036
            ],
            [
              81.142542,
              6.290891
            ],
            [
              81.121944,
              6.274831
            ],
            [
              81.116295,
              6.297628
            ],
            [
              81.096404,
              6.295161
            ],
            [
              81.082021,
              6.33766
            ]
          ]
        ]
      }
    },
    {
      "id": "feature_123",
      "type": "Feature",
      "properties": {
        "id": "LK-3315",
        "name": "Ambalantota",
        "area_sqkm": 212.81,
        "center_lat": 6.16102,
        "center_lng": 80.96355,
        "province_id": "LK-3",
        "district_id": "LK-33",
        "ed_id": "EC-09",
        "pd_id": null,
        "lg_id": "LG-33031"
      },
      "geometry": {
        "type": "Polygon",
        "coordinates": [
          [
            [
              81.030116,
              6.193475
            ],
            [
              81.014792,
              6.196178
            ],
            [
              80.996242,
              6.2433
            ],
            [
              80.952529,
              6.24044
            ],
            [
              80.940029,
              6.228767
            ],
            [
              80.909192,
              6.238599
            ],
            [
              80.913736,
              6.169111
            ],
            [
              80.894362,
              6.137266
            ],
            [
              80.898694,
              6.100446
            ],
            [
              80.932591,
              6.075612
            ],
            [
              81.01578,
              6.103854
            ],
            [
              81.034141,
              6.110865
            ],
            [
              81.023242,
              6.138285
            ],
            [
              81.038261,
              6.137188
            ],
            [
              81.021877,
              6.162531
            ],
            [
              81.030116,
              6.193475
            ]
          ]
        ]
      }
    },
    {
      "id": "feature_124",
      "type": "Feature",
      "properties": {
        "id": "LK-3318",
        "name": "Angunakolapelessa",
        "area_sqkm": 171.85,
        "center_lat": 6.19339,
        "center_lng": 80.851244,
        "province_id": "LK-3",
        "district_id": "LK-33",
        "ed_id": "EC-09",
        "pd_id": "EC-09C",
        "lg_id": "LG-33032"
      },
      "geometry": {
        "type": "Polygon",
        "coordinates": [
          [
            [
              80.909192,
              6.238599
            ],
            [
              80.881816,
              6.24612
            ],
            [
              80.863573,
              6.274949
            ],
            [
              80.806724,
              6.267389
            ],
            [
              80.795543,
              6.229982
            ],
            [
              80.842504,
              6.206401
            ],
            [
              80.842669,
              6.206362
            ],
            [
              80.84274,
              6.206323
            ],
            [
              80.842504,
              6.206401
            ],
            [
              80.842975,
              6.196883
            ],
            [
              80.842999,
              6.196883
            ],
            [
              80.842975,
              6.196883
            ],
            [
              80.803405,
              6.174478
            ],
            [
              80.787139,
              6.190851
            ],
            [
              80.778877,
              6.18239
            ],
            [
              80.784197,
              6.133427
            ],
            [
              80.805453,
              6.122852
            ],
            [
              80.894362,
              6.137266
            ],
            [
              80.913736,
              6.169111
            ],
            [
              80.909192,
              6.238599
            ]
          ]
        ]
      }
    },
    {
      "id": "feature_125",
      "type": "Feature",
      "properties": {
        "id": "LK-3321",
        "name": "Weeraketiya",
        "area_sqkm": 114.68,
        "center_lat": 6.172607,
        "center_lng": 80.771748,
        "province_id": "LK-3",
        "district_id": "LK-33",
        "ed_id": "EC-09",
        "pd_id": null,
        "lg_id": "LG-33039"
      },
      "geometry": {
        "type": "Polygon",
        "coordinates": [
          [
            [
              80.795543,
              6.229982
            ],
            [
              80.757314,
              6.248392
            ],
            [
              80.748204,
              6.237346
            ],
            [
              80.74844,
              6.20174
            ],
            [
              80.719839,
              6.148978
            ],
            [
              80.74046,
              6.11631
            ],
            [
              80.769814,
              6.095472
            ],
            [
              80.770402,
              6.095785
            ],
            [
              80.770402,
              6.095824
            ],
            [
              80.770402,
              6.095785
            ],
            [
              80.806512,
              6.110004
            ],
            [
              80.805453,
              6.122852
            ],
            [
              80.784197,
              6.133427
            ],
            [
              80.778877,
              6.18239
            ],
            [
              80.787139,
              6.190851
            ],
            [
              80.803405,
              6.174478
            ],
            [
              80.842975,
              6.196883
            ],
            [
              80.842999,
              6.196883
            ],
            [
              80.842975,
              6.196883
            ],
            [
              80.842504,
              6.206401
            ],
            [
              80.842669,
              6.206362
            ],
            [
              80.84274,
              6.206323
            ],
            [
              80.842504,
              6.206401
            ],
            [
              80.795543,
              6.229982
            ]
          ]
        ]
      }
    },
    {
      "id": "feature_126",
      "type": "Feature",
      "properties": {
        "id": "LK-3324",
        "name": "Katuwana",
        "area_sqkm": 105.09,
        "center_lat": 6.263752,
        "center_lng": 80.715498,
        "province_id": "LK-3",
        "district_id": "LK-33",
        "ed_id": "EC-09",
        "pd_id": null,
        "lg_id": "LG-33035"
      },
      "geometry": {
        "type": "Polygon",
        "coordinates": [
          [
            [
              80.806724,
              6.267389
            ],
            [
              80.68912,
              6.308204
            ],
            [
              80.670735,
              6.305541
            ],
            [
              80.670712,
              6.305541
            ],
            [
              80.657247,
              6.303386
            ],
            [
              80.662002,
              6.259986
            ],
            [
              80.648938,
              6.256539
            ],
            [
              80.654187,
              6.227867
            ],
            [
              80.675137,
              6.23762
            ],
            [
              80.667793,
              6.21451
            ],
            [
              80.721251,
              6.243378
            ],
            [
              80.748204,
              6.237346
            ],
            [
              80.757314,
              6.248392
            ],
            [
              80.795543,
              6.229982
            ],
            [
              80.806724,
              6.267389
            ]
          ]
        ]
      }
    },
    {
      "id": "feature_127",
      "type": "Feature",
      "properties": {
        "id": "LK-3325",
        "name": "Walasmulla",
        "area_sqkm": 108.56,
        "center_lat": 6.199373,
        "center_lng": 80.681779,
        "province_id": "LK-3",
        "district_id": "LK-33",
        "ed_id": "EC-09",
        "pd_id": "EC-09A",
        "lg_id": null
      },
      "geometry": {
        "type": "Polygon",
        "coordinates": [
          [
            [
              80.748204,
              6.237346
            ],
            [
              80.721251,
              6.243378
            ],
            [
              80.667793,
              6.21451
            ],
            [
              80.675137,
              6.23762
            ],
            [
              80.654187,
              6.227867
            ],
            [
              80.648938,
              6.256539
            ],
            [
              80.611509,
              6.190185
            ],
            [
              80.660566,
              6.161747
            ],
            [
              80.689285,
              6.163863
            ],
            [
              80.692039,
              6.124575
            ],
            [
              80.69338,
              6.118817
            ],
            [
              80.696299,
              6.145139
            ],
            [
              80.719839,
              6.148978
            ],
            [
              80.74844,
              6.20174
            ],
            [
              80.748204,
              6.237346
            ]
          ]
        ]
      }
    },
    {
      "id": "feature_128",
      "type": "Feature",
      "properties": {
        "id": "LK-3327",
        "name": "Okewela",
        "area_sqkm": 42.14,
        "center_lat": 6.130071,
        "center_lng": 80.693395,
        "province_id": "LK-3",
        "district_id": "LK-33",
        "ed_id": "EC-09",
        "pd_id": "EC-09B",
        "lg_id": "LG-33039"
      },
      "geometry": {
        "type": "MultiPolygon",
        "coordinates": [
          [
            [
              [
                80.719839,
                6.148978
              ],
              [
                80.696299,
                6.145139
              ],
              [
                80.69338,
                6.118817
              ],
              [
                80.681611,
                6.094806
              ],
              [
                80.722452,
                6.097195
              ],
              [
                80.74046,
                6.11631
              ],
              [
                80.719839,
                6.148978
              ]
            ]
          ],
          [
            [
              [
                80.692039,
                6.124575
              ],
              [
                80.689285,
                6.163863
              ],
              [
                80.660566,
                6.161747
              ],
              [
                80.651951,
                6.133114
              ],
              [
                80.662849,
                6.1187
              ],
              [
                80.692039,
                6.124575
              ]
            ]
          ]
        ]
      }
    },
    {
      "id": "feature_129",
      "type": "Feature",
      "properties": {
        "id": "LK-3330",
        "name": "Beliatta",
        "area_sqkm": 102.7,
        "center_lat": 6.050734,
        "center_lng": 80.720383,
        "province_id": "LK-3",
        "district_id": "LK-33",
        "ed_id": "EC-09",
        "pd_id": "EC-09B",
        "lg_id": "LG-33033"
      },
      "geometry": {
        "type": "Polygon",
        "coordinates": [
          [
            [
              80.769814,
              6.095472
            ],
            [
              80.74046,
              6.11631
            ],
            [
              80.722452,
              6.097195
            ],
            [
              80.681611,
              6.094806
            ],
            [
              80.691921,
              6.070834
            ],
            [
              80.658118,
              6.047371
            ],
            [
              80.666239,
              6.024495
            ],
            [
              80.694652,
              6.025514
            ],
            [
              80.689449,
              5.992141
            ],
            [
              80.704138,
              5.993316
            ],
            [
              80.704138,
              5.993355
            ],
            [
              80.712801,
              5.988772
            ],
            [
              80.773933,
              6.027747
            ],
            [
              80.773886,
              6.047684
            ],
            [
              80.752065,
              6.055753
            ],
            [
              80.752018,
              6.055714
            ],
            [
              80.752065,
              6.055753
            ],
            [
              80.769814,
              6.095472
            ]
          ]
        ]
      }
    },
    {
      "id": "feature_130",
      "type": "Feature",
      "properties": {
        "id": "LK-3333",
        "name": "Tangalle",
        "area_sqkm": 152.77,
        "center_lat": 6.072584,
        "center_lng": 80.826452,
        "province_id": "LK-3",
        "district_id": "LK-33",
        "ed_id": "EC-09",
        "pd_id": null,
        "lg_id": null
      },
      "geometry": {
        "type": "Polygon",
        "coordinates": [
          [
            [
              80.894362,
              6.137266
            ],
            [
              80.805453,
              6.122852
            ],
            [
              80.806512,
              6.110004
            ],
            [
              80.770402,
              6.095785
            ],
            [
              80.770402,
              6.095824
            ],
            [
              80.770402,
              6.095785
            ],
            [
              80.769814,
              6.095472
            ],
            [
              80.752065,
              6.055753
            ],
            [
              80.752018,
              6.055714
            ],
            [
              80.752065,
              6.055753
            ],
            [
              80.773886,
              6.047684
            ],
            [
              80.773933,
              6.027747
            ],
            [
              80.712801,
              5.988772
            ],
            [
              80.723794,
              5.978901
            ],
            [
              80.737517,
              5.971929
            ],
            [
              80.748652,
              5.998682
            ],
            [
              80.781325,
              6.006438
            ],
            [
              80.806089,
              6.036991
            ],
            [
              80.860913,
              6.042318
            ],
            [
              80.871623,
              6.058456
            ],
            [
              80.932591,
              6.075612
            ],
            [
              80.898694,
              6.100446
            ],
            [
              80.894362,
              6.137266
            ]
          ]
        ]
      }
    },
    {
      "id": "feature_131",
      "type": "Feature",
      "properties": {
        "id": "LK-4103",
        "name": "Islands North (Kayts)",
        "area_sqkm": 32.47,
        "center_lat": 9.67518,
        "center_lng": 79.850124,
        "province_id": "LK-4",
        "district_id": "LK-41",
        "ed_id": "EC-10",
        "pd_id": "EC-10A",
        "lg_id": "LG-41033"
      },
      "geometry": {
        "type": "MultiPolygon",
        "coordinates": [
          [
            [
              [
                79.896844,
                9.675383
              ],
              [
                79.886439,
                9.699277
              ],
              [
                79.840772,
                9.702841
              ],
              [
                79.875376,
                9.6359
              ],
              [
                79.896844,
                9.675383
              ]
            ]
          ],
          [
            [
              [
                79.81196,
                9.685411
              ],
              [
                79.814337,
                9.689132
              ],
              [
                79.814337,
                9.71612
              ],
              [
                79.807558,
                9.695517
              ],
              [
                79.81196,
                9.685411
              ]
            ]
          ],
          [
            [
              [
                79.791033,
                9.686821
              ],
              [
                79.791433,
                9.682277
              ],
              [
                79.793505,
                9.678282
              ],
              [
                79.793222,
                9.689053
              ],
              [
                79.791033,
                9.686821
              ]
            ]
          ],
          [
            [
              [
                79.776203,
                9.644674
              ],
              [
                79.786961,
                9.665786
              ],
              [
                79.782865,
                9.687252
              ],
              [
                79.763609,
                9.658579
              ],
              [
                79.776203,
                9.644674
              ]
            ]
          ],
          [
            [
              [
                79.858733,
                9.642049
              ],
              [
                79.857156,
                9.641775
              ],
              [
                79.860099,
                9.640287
              ],
              [
                79.86031,
                9.640913
              ],
              [
                79.858733,
                9.642049
              ]
            ]
          ],
          [
            [
              [
                79.858498,
                9.639778
              ],
              [
                79.857886,
                9.639542
              ],
              [
                79.857344,
                9.640052
              ],
              [
                79.857839,
                9.639386
              ],
              [
                79.858498,
                9.639778
              ]
            ]
          ]
        ]
      }
    },
    {
      "id": "feature_132",
      "type": "Feature",
      "properties": {
        "id": "LK-4104",
        "name": "Karainagar",
        "area_sqkm": 23.64,
        "center_lat": 9.735886,
        "center_lng": 79.874717,
        "province_id": "LK-4",
        "district_id": "LK-41",
        "ed_id": "EC-10",
        "pd_id": "EC-10B",
        "lg_id": "LG-41043"
      },
      "geometry": {
        "type": "MultiPolygon",
        "coordinates": [
          [
            [
              [
                79.898774,
                9.741659
              ],
              [
                79.901787,
                9.766884
              ],
              [
                79.863418,
                9.762145
              ],
              [
                79.850024,
                9.712712
              ],
              [
                79.880672,
                9.704369
              ],
              [
                79.898774,
                9.741541
              ],
              [
                79.898774,
                9.741659
              ]
            ]
          ],
          [
            [
              [
                79.847881,
                9.711263
              ],
              [
                79.848376,
                9.711263
              ],
              [
                79.84814,
                9.711968
              ],
              [
                79.847646,
                9.711733
              ],
              [
                79.847881,
                9.711263
              ]
            ]
          ],
          [
            [
              [
                79.864854,
                9.707463
              ],
              [
                79.864995,
                9.707385
              ],
              [
                79.864406,
                9.708168
              ],
              [
                79.864359,
                9.708051
              ],
              [
                79.864854,
                9.707463
              ]
            ]
          ]
        ]
      }
    },
    {
      "id": "feature_133",
      "type": "Feature",
      "properties": {
        "id": "LK-4106",
        "name": "Valikamam West (Chankanai)",
        "area_sqkm": 48.94,
        "center_lat": 9.74171,
        "center_lng": 79.945292,
        "province_id": "LK-4",
        "district_id": "LK-41",
        "ed_id": "EC-10",
        "pd_id": "EC-10B",
        "lg_id": "LG-41041"
      },
      "geometry": {
        "type": "MultiPolygon",
        "coordinates": [
          [
            [
              [
                79.967157,
                9.705152
              ],
              [
                79.979539,
                9.74918
              ],
              [
                79.979539,
                9.749219
              ],
              [
                79.979539,
                9.74918
              ],
              [
                79.987684,
                9.764887
              ],
              [
                79.962261,
                9.758385
              ],
              [
                79.942935,
                9.786313
              ],
              [
                79.910309,
                9.774718
              ],
              [
                79.920031,
                9.744322
              ],
              [
                79.898774,
                9.741659
              ],
              [
                79.898774,
                9.741541
              ],
              [
                79.924786,
                9.739779
              ],
              [
                79.945124,
                9.689289
              ],
              [
                79.967157,
                9.705152
              ]
            ]
          ],
          [
            [
              [
                79.905977,
                9.751647
              ],
              [
                79.903647,
                9.74961
              ],
              [
                79.907955,
                9.745419
              ],
              [
                79.909744,
                9.748357
              ],
              [
                79.905977,
                9.751647
              ]
            ]
          ]
        ]
      }
    },
    {
      "id": "feature_134",
      "type": "Feature",
      "properties": {
        "id": "LK-4109",
        "name": "Valikamam South West (Sandilipay)",
        "area_sqkm": 47.65,
        "center_lat": 9.750615,
        "center_lng": 79.981145,
        "province_id": "LK-4",
        "district_id": "LK-41",
        "ed_id": "EC-10",
        "pd_id": null,
        "lg_id": "LG-41040"
      },
      "geometry": {
        "type": "Polygon",
        "coordinates": [
          [
            [
              80.003455,
              9.756661
            ],
            [
              79.995781,
              9.765357
            ],
            [
              79.995805,
              9.765357
            ],
            [
              79.995781,
              9.765357
            ],
            [
              80.001031,
              9.787488
            ],
            [
              79.984812,
              9.807935
            ],
            [
              79.984388,
              9.810011
            ],
            [
              79.942935,
              9.786313
            ],
            [
              79.962261,
              9.758385
            ],
            [
              79.987684,
              9.764887
            ],
            [
              79.979539,
              9.74918
            ],
            [
              79.979539,
              9.749219
            ],
            [
              79.979539,
              9.74918
            ],
            [
              79.967157,
              9.705152
            ],
            [
              79.980622,
              9.684666
            ],
            [
              79.996582,
              9.688975
            ],
            [
              80.000113,
              9.694655
            ],
            [
              80.00023,
              9.694067
            ],
            [
              80.000395,
              9.693401
            ],
            [
              80.00023,
              9.694067
            ],
            [
              80.000113,
              9.694655
            ],
            [
              80.006304,
              9.702881
            ],
            [
              79.990108,
              9.741032
            ],
            [
              80.003455,
              9.756661
            ]
          ]
        ]
      }
    },
    {
      "id": "feature_135",
      "type": "Feature",
      "properties": {
        "id": "LK-4112",
        "name": "Valikamam North (Thllippalai)",
        "area_sqkm": 61.68,
        "center_lat": 9.789107,
        "center_lng": 80.042169,
        "province_id": "LK-4",
        "district_id": "LK-41",
        "ed_id": "EC-10",
        "pd_id": "EC-10C",
        "lg_id": "LG-41038"
      },
      "geometry": {
        "type": "Polygon",
        "coordinates": [
          [
            [
              80.100015,
              9.808992
            ],
            [
              80.030267,
              9.823407
            ],
            [
              79.984388,
              9.810011
            ],
            [
              79.984812,
              9.807935
            ],
            [
              80.001031,
              9.787488
            ],
            [
              79.995781,
              9.765357
            ],
            [
              79.995805,
              9.765357
            ],
            [
              79.995781,
              9.765357
            ],
            [
              80.003455,
              9.756661
            ],
            [
              80.029043,
              9.753332
            ],
            [
              80.047263,
              9.774797
            ],
            [
              80.047286,
              9.774836
            ],
            [
              80.08608,
              9.764103
            ],
            [
              80.100015,
              9.808992
            ]
          ]
        ]
      }
    },
    {
      "id": "feature_136",
      "type": "Feature",
      "properties": {
        "id": "LK-4115",
        "name": "Valikamam South (Uduvil)",
        "area_sqkm": 34.38,
        "center_lat": 9.744762,
        "center_lng": 80.034763,
        "province_id": "LK-4",
        "district_id": "LK-41",
        "ed_id": "EC-10",
        "pd_id": null,
        "lg_id": "LG-41039"
      },
      "geometry": {
        "type": "Polygon",
        "coordinates": [
          [
            [
              80.08608,
              9.764103
            ],
            [
              80.047286,
              9.774836
            ],
            [
              80.047263,
              9.774797
            ],
            [
              80.029043,
              9.753332
            ],
            [
              80.003455,
              9.756661
            ],
            [
              79.990108,
              9.741032
            ],
            [
              80.006304,
              9.702881
            ],
            [
              80.031703,
              9.712986
            ],
            [
              80.031727,
              9.712986
            ],
            [
              80.05569,
              9.745419
            ],
            [
              80.08608,
              9.764103
            ]
          ]
        ]
      }
    },
    {
      "id": "feature_137",
      "type": "Feature",
      "properties": {
        "id": "LK-4118",
        "name": "Valikamam East (Kopay)",
        "area_sqkm": 108.75,
        "center_lat": 9.736957,
        "center_lng": 80.097029,
        "province_id": "LK-4",
        "district_id": "LK-41",
        "ed_id": "EC-10",
        "pd_id": "EC-10E",
        "lg_id": "LG-41037"
      },
      "geometry": {
        "type": "Polygon",
        "coordinates": [
          [
            [
              80.133912,
              9.820038
            ],
            [
              80.100015,
              9.808992
            ],
            [
              80.08608,
              9.764103
            ],
            [
              80.05569,
              9.745419
            ],
            [
              80.031727,
              9.712986
            ],
            [
              80.031703,
              9.712986
            ],
            [
              80.031727,
              9.712986
            ],
            [
              80.045238,
              9.706954
            ],
            [
              80.042814,
              9.672915
            ],
            [
              80.06939,
              9.663906
            ],
            [
              80.099898,
              9.709265
            ],
            [
              80.144411,
              9.713456
            ],
            [
              80.165032,
              9.732806
            ],
            [
              80.128969,
              9.785569
            ],
            [
              80.129134,
              9.809188
            ],
            [
              80.133912,
              9.820038
            ]
          ]
        ]
      }
    },
    {
      "id": "feature_138",
      "type": "Feature",
      "properties": {
        "id": "LK-4121",
        "name": "Vadamaradchchi South-West (Karaveddy)",
        "area_sqkm": 86.46,
        "center_lat": 9.775903,
        "center_lng": 80.183361,
        "province_id": "LK-4",
        "district_id": "LK-41",
        "ed_id": "EC-10",
        "pd_id": null,
        "lg_id": null
      },
      "geometry": {
        "type": "Polygon",
        "coordinates": [
          [
            [
              80.245773,
              9.768569
            ],
            [
              80.209593,
              9.820861
            ],
            [
              80.129134,
              9.809188
            ],
            [
              80.128969,
              9.785569
            ],
            [
              80.165032,
              9.732806
            ],
            [
              80.206014,
              9.726618
            ],
            [
              80.222021,
              9.759834
            ],
            [
              80.239323,
              9.760617
            ],
            [
              80.245773,
              9.768569
            ]
          ]
        ]
      }
    },
    {
      "id": "feature_139",
      "type": "Feature",
      "properties": {
        "id": "LK-4124",
        "name": "Vadamaradchchi East",
        "area_sqkm": 189.15,
        "center_lat": 9.612378,
        "center_lng": 80.410335,
        "province_id": "LK-4",
        "district_id": "LK-41",
        "ed_id": "EC-10",
        "pd_id": "EC-10G",
        "lg_id": "LG-41035"
      },
      "geometry": {
        "type": "Polygon",
        "coordinates": [
          [
            [
              80.622808,
              9.458851
            ],
            [
              80.359046,
              9.667392
            ],
            [
              80.27129,
              9.785843
            ],
            [
              80.245773,
              9.768569
            ],
            [
              80.239323,
              9.760617
            ],
            [
              80.255895,
              9.722661
            ],
            [
              80.299444,
              9.684901
            ],
            [
              80.441153,
              9.578359
            ],
            [
              80.449274,
              9.525871
            ],
            [
              80.472625,
              9.518507
            ],
            [
              80.617206,
              9.452074
            ],
            [
              80.622808,
              9.458851
            ]
          ]
        ]
      }
    },
    {
      "id": "feature_140",
      "type": "Feature",
      "properties": {
        "id": "LK-4127",
        "name": "Vadamaradchi North (Point Pedro)",
        "area_sqkm": 39.2,
        "center_lat": 9.807963,
        "center_lng": 80.218427,
        "province_id": "LK-4",
        "district_id": "LK-41",
        "ed_id": "EC-10",
        "pd_id": null,
        "lg_id": null
      },
      "geometry": {
        "type": "Polygon",
        "coordinates": [
          [
            [
              80.27129,
              9.785843
            ],
            [
              80.246856,
              9.828538
            ],
            [
              80.20971,
              9.835863
            ],
            [
              80.133912,
              9.820038
            ],
            [
              80.129134,
              9.809188
            ],
            [
              80.209593,
              9.820861
            ],
            [
              80.245773,
              9.768569
            ],
            [
              80.27129,
              9.785843
            ]
          ]
        ]
      }
    },
    {
      "id": "feature_141",
      "type": "Feature",
      "properties": {
        "id": "LK-4130",
        "name": "Thenmaradchi (Chavakachcheri)",
        "area_sqkm": 236.07,
        "center_lat": 9.677007,
        "center_lng": 80.189642,
        "province_id": "LK-4",
        "district_id": "LK-41",
        "ed_id": "EC-10",
        "pd_id": "EC-10H",
        "lg_id": null
      },
      "geometry": {
        "type": "MultiPolygon",
        "coordinates": [
          [
            [
              [
                80.239323,
                9.760617
              ],
              [
                80.222021,
                9.759834
              ],
              [
                80.206014,
                9.726618
              ],
              [
                80.165032,
                9.732806
              ],
              [
                80.144411,
                9.713456
              ],
              [
                80.099898,
                9.709265
              ],
              [
                80.06939,
                9.663906
              ],
              [
                80.07657,
                9.659441
              ],
              [
                80.200294,
                9.580592
              ],
              [
                80.169975,
                9.608559
              ],
              [
                80.181886,
                9.623091
              ],
              [
                80.174942,
                9.617881
              ],
              [
                80.159265,
                9.624188
              ],
              [
                80.161148,
                9.62552
              ],
              [
                80.171976,
                9.623013
              ],
              [
                80.155075,
                9.646006
              ],
              [
                80.164396,
                9.656464
              ],
              [
                80.257519,
                9.613259
              ],
              [
                80.256672,
                9.611536
              ],
              [
                80.256389,
                9.611614
              ],
              [
                80.25686,
                9.611458
              ],
              [
                80.257519,
                9.613259
              ],
              [
                80.299444,
                9.684901
              ],
              [
                80.255895,
                9.722661
              ],
              [
                80.239323,
                9.760617
              ]
            ]
          ],
          [
            [
              [
                80.165338,
                9.655524
              ],
              [
                80.165102,
                9.65619
              ],
              [
                80.164137,
                9.65525
              ],
              [
                80.164985,
                9.655132
              ],
              [
                80.165338,
                9.655524
              ]
            ]
          ],
          [
            [
              [
                80.079371,
                9.65286
              ],
              [
                80.078994,
                9.652782
              ],
              [
                80.078924,
                9.652664
              ],
              [
                80.07923,
                9.652547
              ],
              [
                80.079371,
                9.65286
              ]
            ]
          ],
          [
            [
              [
                80.161713,
                9.652155
              ],
              [
                80.161313,
                9.652194
              ],
              [
                80.161289,
                9.651764
              ],
              [
                80.161948,
                9.651999
              ],
              [
                80.161713,
                9.652155
              ]
            ]
          ],
          [
            [
              [
                80.163596,
                9.648042
              ],
              [
                80.164655,
                9.648904
              ],
              [
                80.163031,
                9.649727
              ],
              [
                80.162442,
                9.648787
              ],
              [
                80.163596,
                9.648042
              ]
            ]
          ],
          [
            [
              [
                80.164679,
                9.648473
              ],
              [
                80.165503,
                9.648512
              ],
              [
                80.165644,
                9.648669
              ],
              [
                80.164844,
                9.648669
              ],
              [
                80.164679,
                9.648473
              ]
            ]
          ],
          [
            [
              [
                80.1603,
                9.646436
              ],
              [
                80.161454,
                9.647377
              ],
              [
                80.160701,
                9.648042
              ],
              [
                80.159712,
                9.647651
              ],
              [
                80.1603,
                9.646436
              ]
            ]
          ],
          [
            [
              [
                80.165079,
                9.639503
              ],
              [
                80.170046,
                9.640013
              ],
              [
                80.173365,
                9.643264
              ],
              [
                80.168327,
                9.647102
              ],
              [
                80.165079,
                9.639503
              ]
            ]
          ],
          [
            [
              [
                80.164514,
                9.645144
              ],
              [
                80.16555,
                9.645888
              ],
              [
                80.164208,
                9.646593
              ],
              [
                80.163737,
                9.646123
              ],
              [
                80.164514,
                9.645144
              ]
            ]
          ],
          [
            [
              [
                80.162442,
                9.644909
              ],
              [
                80.16183,
                9.646084
              ],
              [
                80.160159,
                9.645575
              ],
              [
                80.160465,
                9.64483
              ],
              [
                80.162442,
                9.644909
              ]
            ]
          ],
          [
            [
              [
                80.163219,
                9.644909
              ],
              [
                80.162725,
                9.644987
              ],
              [
                80.16256,
                9.644752
              ],
              [
                80.162796,
                9.644713
              ],
              [
                80.163219,
                9.644909
              ]
            ]
          ],
          [
            [
              [
                80.194974,
                9.643303
              ],
              [
                80.195563,
                9.642598
              ],
              [
                80.194739,
                9.64436
              ],
              [
                80.194739,
                9.64389
              ],
              [
                80.194974,
                9.643303
              ]
            ]
          ],
          [
            [
              [
                80.195633,
                9.642402
              ],
              [
                80.196222,
                9.641736
              ],
              [
                80.198835,
                9.639503
              ],
              [
                80.198623,
                9.639817
              ],
              [
                80.195633,
                9.642402
              ]
            ]
          ],
          [
            [
              [
                80.165526,
                9.638916
              ],
              [
                80.161901,
                9.640522
              ],
              [
                80.161171,
                9.640013
              ],
              [
                80.16296,
                9.636644
              ],
              [
                80.165526,
                9.638916
              ]
            ]
          ],
          [
            [
              [
                80.202742,
                9.640169
              ],
              [
                80.199023,
                9.639347
              ],
              [
                80.199306,
                9.63919
              ],
              [
                80.199541,
                9.639112
              ],
              [
                80.201401,
                9.638916
              ],
              [
                80.202625,
                9.639699
              ],
              [
                80.20286,
                9.640483
              ],
              [
                80.202742,
                9.640169
              ]
            ]
          ],
          [
            [
              [
                80.17466,
                9.63257
              ],
              [
                80.174401,
                9.631748
              ],
              [
                80.173906,
                9.631238
              ],
              [
                80.174848,
                9.631708
              ],
              [
                80.17466,
                9.63257
              ]
            ]
          ],
          [
            [
              [
                80.176849,
                9.630181
              ],
              [
                80.176755,
                9.629319
              ],
              [
                80.178473,
                9.62928
              ],
              [
                80.17732,
                9.629672
              ],
              [
                80.176849,
                9.630181
              ]
            ]
          ],
          [
            [
              [
                80.181227,
                9.628653
              ],
              [
                80.180027,
                9.630181
              ],
              [
                80.179909,
                9.630142
              ],
              [
                80.180144,
                9.629593
              ],
              [
                80.181227,
                9.628653
              ]
            ]
          ],
          [
            [
              [
                80.175225,
                9.628222
              ],
              [
                80.175648,
                9.628849
              ],
              [
                80.175177,
                9.628379
              ],
              [
                80.175107,
                9.627987
              ],
              [
                80.175225,
                9.628222
              ]
            ]
          ],
          [
            [
              [
                80.18151,
                9.628222
              ],
              [
                80.181533,
                9.627948
              ],
              [
                80.181839,
                9.627987
              ],
              [
                80.181769,
                9.628105
              ],
              [
                80.18151,
                9.628222
              ]
            ]
          ],
          [
            [
              [
                80.202225,
                9.627596
              ],
              [
                80.200483,
                9.626695
              ],
              [
                80.198788,
                9.627047
              ],
              [
                80.200742,
                9.62548
              ],
              [
                80.202225,
                9.627596
              ]
            ]
          ],
          [
            [
              [
                80.178073,
                9.626303
              ],
              [
                80.177885,
                9.626107
              ],
              [
                80.178191,
                9.625559
              ],
              [
                80.17852,
                9.626029
              ],
              [
                80.178073,
                9.626303
              ]
            ]
          ],
          [
            [
              [
                80.191726,
                9.623718
              ],
              [
                80.192691,
                9.623757
              ],
              [
                80.194245,
                9.622974
              ],
              [
                80.193774,
                9.624188
              ],
              [
                80.191726,
                9.623718
              ]
            ]
          ],
          [
            [
              [
                80.19109,
                9.622895
              ],
              [
                80.190455,
                9.622543
              ],
              [
                80.187889,
                9.6236
              ],
              [
                80.191067,
                9.621798
              ],
              [
                80.19109,
                9.622895
              ]
            ]
          ],
          [
            [
              [
                80.186688,
                9.62219
              ],
              [
                80.187324,
                9.622856
              ],
              [
                80.185817,
                9.623404
              ],
              [
                80.185653,
                9.622817
              ],
              [
                80.186688,
                9.62219
              ]
            ]
          ],
          [
            [
              [
                80.193256,
                9.618156
              ],
              [
                80.190478,
                9.620545
              ],
              [
                80.190714,
                9.619722
              ],
              [
                80.191585,
                9.618626
              ],
              [
                80.193256,
                9.618156
              ]
            ]
          ],
          [
            [
              [
                80.192597,
                9.617999
              ],
              [
                80.192715,
                9.618116
              ],
              [
                80.192267,
                9.618195
              ],
              [
                80.192291,
                9.618077
              ],
              [
                80.192597,
                9.617999
              ]
            ]
          ],
          [
            [
              [
                80.193068,
                9.617881
              ],
              [
                80.193068,
                9.618116
              ],
              [
                80.192879,
                9.618077
              ],
              [
                80.192879,
                9.61796
              ],
              [
                80.193068,
                9.617881
              ]
            ]
          ],
          [
            [
              [
                80.178638,
                9.608676
              ],
              [
                80.182216,
                9.611888
              ],
              [
                80.191891,
                9.6151
              ],
              [
                80.187018,
                9.617803
              ],
              [
                80.178638,
                9.608676
              ]
            ]
          ],
          [
            [
              [
                80.20166,
                9.617999
              ],
              [
                80.201542,
                9.617411
              ],
              [
                80.20173,
                9.617294
              ],
              [
                80.202036,
                9.617725
              ],
              [
                80.20166,
                9.617999
              ]
            ]
          ],
          [
            [
              [
                80.181274,
                9.617294
              ],
              [
                80.180898,
                9.617999
              ],
              [
                80.181109,
                9.616197
              ],
              [
                80.181415,
                9.616941
              ],
              [
                80.181274,
                9.617294
              ]
            ]
          ],
          [
            [
              [
                80.183063,
                9.615845
              ],
              [
                80.180497,
                9.616001
              ],
              [
                80.180074,
                9.614121
              ],
              [
                80.182781,
                9.613925
              ],
              [
                80.183063,
                9.615845
              ]
            ]
          ],
          [
            [
              [
                80.179509,
                9.606718
              ],
              [
                80.187089,
                9.605229
              ],
              [
                80.192432,
                9.613377
              ],
              [
                80.188124,
                9.613925
              ],
              [
                80.179509,
                9.606718
              ]
            ]
          ],
          [
            [
              [
                80.177743,
                9.606679
              ],
              [
                80.177649,
                9.606835
              ],
              [
                80.177602,
                9.606796
              ],
              [
                80.177626,
                9.606679
              ],
              [
                80.177743,
                9.606679
              ]
            ]
          ],
          [
            [
              [
                80.178614,
                9.606561
              ],
              [
                80.178873,
                9.606522
              ],
              [
                80.179038,
                9.60664
              ],
              [
                80.178591,
                9.606718
              ],
              [
                80.178614,
                9.606561
              ]
            ]
          ],
          [
            [
              [
                80.177837,
                9.606287
              ],
              [
                80.178002,
                9.606287
              ],
              [
                80.177837,
                9.606561
              ],
              [
                80.177696,
                9.606444
              ],
              [
                80.177837,
                9.606287
              ]
            ]
          ],
          [
            [
              [
                80.177061,
                9.605582
              ],
              [
                80.177437,
                9.605895
              ],
              [
                80.177296,
                9.606248
              ],
              [
                80.176966,
                9.605621
              ],
              [
                80.177061,
                9.605582
              ]
            ]
          ],
          [
            [
              [
                80.180427,
                9.605895
              ],
              [
                80.180474,
                9.606052
              ],
              [
                80.18038,
                9.606052
              ],
              [
                80.180309,
                9.605856
              ],
              [
                80.180427,
                9.605895
              ]
            ]
          ],
          [
            [
              [
                80.180874,
                9.605895
              ],
              [
                80.180992,
                9.605504
              ],
              [
                80.181227,
                9.605504
              ],
              [
                80.181227,
                9.605582
              ],
              [
                80.180874,
                9.605895
              ]
            ]
          ],
          [
            [
              [
                80.180168,
                9.604955
              ],
              [
                80.180733,
                9.605386
              ],
              [
                80.179768,
                9.605895
              ],
              [
                80.179532,
                9.605386
              ],
              [
                80.180168,
                9.604955
              ]
            ]
          ],
          [
            [
              [
                80.17852,
                9.6057
              ],
              [
                80.178638,
                9.6057
              ],
              [
                80.178661,
                9.605739
              ],
              [
                80.17852,
                9.605817
              ],
              [
                80.17852,
                9.6057
              ]
            ]
          ],
          [
            [
              [
                80.178944,
                9.604799
              ],
              [
                80.179109,
                9.604759
              ],
              [
                80.178685,
                9.605308
              ],
              [
                80.178638,
                9.605269
              ],
              [
                80.178944,
                9.604799
              ]
            ]
          ],
          [
            [
              [
                80.180803,
                9.605151
              ],
              [
                80.180545,
                9.605112
              ],
              [
                80.180497,
                9.605034
              ],
              [
                80.180615,
                9.604994
              ],
              [
                80.180803,
                9.605151
              ]
            ]
          ],
          [
            [
              [
                80.178332,
                9.604603
              ],
              [
                80.177932,
                9.604642
              ],
              [
                80.177673,
                9.604916
              ],
              [
                80.177767,
                9.604289
              ],
              [
                80.178332,
                9.604603
              ]
            ]
          ],
          [
            [
              [
                80.180874,
                9.604955
              ],
              [
                80.180639,
                9.604916
              ],
              [
                80.180545,
                9.604877
              ],
              [
                80.18078,
                9.604838
              ],
              [
                80.180874,
                9.604955
              ]
            ]
          ],
          [
            [
              [
                80.180945,
                9.604759
              ],
              [
                80.180803,
                9.604681
              ],
              [
                80.180803,
                9.604642
              ],
              [
                80.181015,
                9.60472
              ],
              [
                80.180945,
                9.604759
              ]
            ]
          ],
          [
            [
              [
                80.181674,
                9.604289
              ],
              [
                80.181604,
                9.604368
              ],
              [
                80.181298,
                9.604289
              ],
              [
                80.18151,
                9.604094
              ],
              [
                80.181674,
                9.604289
              ]
            ]
          ],
          [
            [
              [
                80.197093,
                9.602292
              ],
              [
                80.194598,
                9.602174
              ],
              [
                80.194339,
                9.599354
              ],
              [
                80.198976,
                9.602057
              ],
              [
                80.197093,
                9.602292
              ]
            ]
          ],
          [
            [
              [
                80.187018,
                9.595045
              ],
              [
                80.193068,
                9.601978
              ],
              [
                80.185794,
                9.599393
              ],
              [
                80.184617,
                9.596103
              ],
              [
                80.187018,
                9.595045
              ]
            ]
          ],
          [
            [
              [
                80.193185,
                9.600216
              ],
              [
                80.192809,
                9.600255
              ],
              [
                80.192926,
                9.599589
              ],
              [
                80.193162,
                9.599863
              ],
              [
                80.193185,
                9.600216
              ]
            ]
          ],
          [
            [
              [
                80.196763,
                9.599354
              ],
              [
                80.195704,
                9.598727
              ],
              [
                80.197399,
                9.599276
              ],
              [
                80.197422,
                9.599393
              ],
              [
                80.196763,
                9.599354
              ]
            ]
          ],
          [
            [
              [
                80.195657,
                9.598923
              ],
              [
                80.195139,
                9.59908
              ],
              [
                80.19448,
                9.598453
              ],
              [
                80.194951,
                9.598766
              ],
              [
                80.195657,
                9.598923
              ]
            ]
          ],
          [
            [
              [
                80.196434,
                9.595829
              ],
              [
                80.199988,
                9.594184
              ],
              [
                80.200977,
                9.594928
              ],
              [
                80.197752,
                9.597004
              ],
              [
                80.196434,
                9.595829
              ]
            ]
          ],
          [
            [
              [
                80.191514,
                9.594536
              ],
              [
                80.187842,
                9.594967
              ],
              [
                80.190078,
                9.59434
              ],
              [
                80.191326,
                9.594379
              ],
              [
                80.191514,
                9.594536
              ]
            ]
          ],
          [
            [
              [
                80.202366,
                9.592343
              ],
              [
                80.203331,
                9.592852
              ],
              [
                80.196081,
                9.594575
              ],
              [
                80.199824,
                9.592773
              ],
              [
                80.202366,
                9.592343
              ]
            ]
          ],
          [
            [
              [
                80.195633,
                9.592225
              ],
              [
                80.193586,
                9.592147
              ],
              [
                80.199376,
                9.589796
              ],
              [
                80.19787,
                9.591442
              ],
              [
                80.195633,
                9.592225
              ]
            ]
          ]
        ]
      }
    },
    {
      "id": "feature_142",
      "type": "Feature",
      "properties": {
        "id": "LK-4133",
        "name": "Nallur",
        "area_sqkm": 32.67,
        "center_lat": 9.667633,
        "center_lng": 80.049097,
        "province_id": "LK-4",
        "district_id": "LK-41",
        "ed_id": "EC-10",
        "pd_id": "EC-10I",
        "lg_id": null
      },
      "geometry": {
        "type": "MultiPolygon",
        "coordinates": [
          [
            [
              [
                80.031703,
                9.712986
              ],
              [
                80.006304,
                9.702881
              ],
              [
                80.000113,
                9.694655
              ],
              [
                80.00023,
                9.694067
              ],
              [
                80.000395,
                9.693401
              ],
              [
                80.031891,
                9.661008
              ],
              [
                80.031868,
                9.661008
              ],
              [
                80.031891,
                9.661008
              ],
              [
                80.034151,
                9.657874
              ],
              [
                80.034175,
                9.657874
              ],
              [
                80.034151,
                9.657874
              ],
              [
                80.053454,
                9.647533
              ],
              [
                80.134619,
                9.608833
              ],
              [
                80.077441,
                9.644243
              ],
              [
                80.07657,
                9.659441
              ],
              [
                80.06939,
                9.663906
              ],
              [
                80.042814,
                9.672915
              ],
              [
                80.045238,
                9.706954
              ],
              [
                80.031727,
                9.712986
              ],
              [
                80.031703,
                9.712986
              ]
            ]
          ],
          [
            [
              [
                80.07704,
                9.652351
              ],
              [
                80.076758,
                9.651333
              ],
              [
                80.077017,
                9.650941
              ],
              [
                80.076946,
                9.65145
              ],
              [
                80.07704,
                9.652351
              ]
            ]
          ],
          [
            [
              [
                80.092506,
                9.642519
              ],
              [
                80.081419,
                9.64722
              ],
              [
                80.086268,
                9.642519
              ],
              [
                80.091447,
                9.641148
              ],
              [
                80.092506,
                9.642519
              ]
            ]
          ],
          [
            [
              [
                80.08309,
                9.64436
              ],
              [
                80.082337,
                9.644204
              ],
              [
                80.082172,
                9.643812
              ],
              [
                80.083137,
                9.643851
              ],
              [
                80.08309,
                9.64436
              ]
            ]
          ]
        ]
      }
    },
    {
      "id": "feature_143",
      "type": "Feature",
      "properties": {
        "id": "LK-4136",
        "name": "Jaffna",
        "area_sqkm": 10.98,
        "center_lat": 9.663344,
        "center_lng": 80.021463,
        "province_id": "LK-4",
        "district_id": "LK-41",
        "ed_id": "EC-10",
        "pd_id": "EC-10J",
        "lg_id": "LG-41011"
      },
      "geometry": {
        "type": "Polygon",
        "coordinates": [
          [
            [
              80.000395,
              9.693401
            ],
            [
              80.00023,
              9.694067
            ],
            [
              80.000113,
              9.694655
            ],
            [
              79.996582,
              9.688975
            ],
            [
              79.999289,
              9.654505
            ],
            [
              79.999477,
              9.654388
            ],
            [
              80.053454,
              9.647533
            ],
            [
              80.034151,
              9.657874
            ],
            [
              80.034175,
              9.657874
            ],
            [
              80.034151,
              9.657874
            ],
            [
              80.031891,
              9.661008
            ],
            [
              80.031868,
              9.661008
            ],
            [
              80.031891,
              9.661008
            ],
            [
              80.000395,
              9.693401
            ]
          ]
        ]
      }
    },
    {
      "id": "feature_144",
      "type": "Feature",
      "properties": {
        "id": "LK-4139",
        "name": "Islands South (Velanai)",
        "area_sqkm": 90.73,
        "center_lat": 9.622153,
        "center_lng": 79.891398,
        "province_id": "LK-4",
        "district_id": "LK-41",
        "ed_id": "EC-10",
        "pd_id": "EC-10A",
        "lg_id": "LG-41042"
      },
      "geometry": {
        "type": "MultiPolygon",
        "coordinates": [
          [
            [
              [
                79.999289,
                9.654505
              ],
              [
                79.983894,
                9.619801
              ],
              [
                79.980857,
                9.622268
              ],
              [
                79.984506,
                9.635234
              ],
              [
                79.924079,
                9.659833
              ],
              [
                79.930412,
                9.681494
              ],
              [
                79.896844,
                9.675383
              ],
              [
                79.875376,
                9.6359
              ],
              [
                79.892513,
                9.623679
              ],
              [
                79.862405,
                9.607188
              ],
              [
                79.844445,
                9.619448
              ],
              [
                79.822176,
                9.610087
              ],
              [
                79.812595,
                9.626969
              ],
              [
                79.808806,
                9.590149
              ],
              [
                79.799978,
                9.589091
              ],
              [
                79.789785,
                9.601117
              ],
              [
                79.789738,
                9.600686
              ],
              [
                79.792234,
                9.597826
              ],
              [
                79.792375,
                9.589522
              ],
              [
                79.796565,
                9.592225
              ],
              [
                79.795647,
                9.589287
              ],
              [
                79.792092,
                9.588856
              ],
              [
                79.791904,
                9.583843
              ],
              [
                79.85718,
                9.568253
              ],
              [
                79.862241,
                9.606992
              ],
              [
                79.920243,
                9.633197
              ],
              [
                79.96977,
                9.612633
              ],
              [
                79.983023,
                9.621054
              ],
              [
                79.977632,
                9.605229
              ],
              [
                79.964827,
                9.608324
              ],
              [
                79.967134,
                9.605073
              ],
              [
                79.975443,
                9.600098
              ],
              [
                79.987849,
                9.597278
              ],
              [
                80.006233,
                9.615179
              ],
              [
                79.999477,
                9.654388
              ],
              [
                79.999289,
                9.654505
              ]
            ]
          ],
          [
            [
              [
                79.915393,
                9.679927
              ],
              [
                79.91697,
                9.679339
              ],
              [
                79.917253,
                9.679849
              ],
              [
                79.916594,
                9.680828
              ],
              [
                79.915393,
                9.679927
              ]
            ]
          ],
          [
            [
              [
                79.935685,
                9.678321
              ],
              [
                79.936767,
                9.677146
              ],
              [
                79.93818,
                9.677224
              ],
              [
                79.935308,
                9.679496
              ],
              [
                79.935685,
                9.678321
              ]
            ]
          ],
          [
            [
              [
                79.936885,
                9.676911
              ],
              [
                79.934225,
                9.672876
              ],
              [
                79.935755,
                9.665081
              ],
              [
                79.937238,
                9.66751
              ],
              [
                79.936885,
                9.676911
              ]
            ]
          ],
          [
            [
              [
                79.905695,
                9.677342
              ],
              [
                79.905836,
                9.677577
              ],
              [
                79.905201,
                9.677812
              ],
              [
                79.905248,
                9.677577
              ],
              [
                79.905695,
                9.677342
              ]
            ]
          ],
          [
            [
              [
                79.938933,
                9.677067
              ],
              [
                79.939522,
                9.676558
              ],
              [
                79.939804,
                9.676832
              ],
              [
                79.938792,
                9.677694
              ],
              [
                79.938933,
                9.677067
              ]
            ]
          ],
          [
            [
              [
                79.93778,
                9.674169
              ],
              [
                79.939168,
                9.674561
              ],
              [
                79.938321,
                9.676245
              ],
              [
                79.937521,
                9.675187
              ],
              [
                79.93778,
                9.674169
              ]
            ]
          ],
          [
            [
              [
                79.938815,
                9.67366
              ],
              [
                79.939569,
                9.673973
              ],
              [
                79.939592,
                9.674404
              ],
              [
                79.938957,
                9.67413
              ],
              [
                79.938815,
                9.67366
              ]
            ]
          ],
          [
            [
              [
                79.933943,
                9.670369
              ],
              [
                79.933637,
                9.6708
              ],
              [
                79.933142,
                9.669743
              ],
              [
                79.933401,
                9.669664
              ],
              [
                79.933943,
                9.670369
              ]
            ]
          ],
          [
            [
              [
                79.933542,
                9.667353
              ],
              [
                79.934625,
                9.669703
              ],
              [
                79.934037,
                9.670409
              ],
              [
                79.932648,
                9.666413
              ],
              [
                79.933542,
                9.667353
              ]
            ]
          ],
          [
            [
              [
                79.934555,
                9.668803
              ],
              [
                79.935002,
                9.669155
              ],
              [
                79.935002,
                9.669625
              ],
              [
                79.934555,
                9.669155
              ],
              [
                79.934555,
                9.668803
              ]
            ]
          ],
          [
            [
              [
                79.934366,
                9.667353
              ],
              [
                79.934084,
                9.666922
              ],
              [
                79.934249,
                9.666374
              ],
              [
                79.934578,
                9.666844
              ],
              [
                79.934366,
                9.667353
              ]
            ]
          ],
          [
            [
              [
                79.991591,
                9.652704
              ],
              [
                79.993239,
                9.653135
              ],
              [
                79.989685,
                9.653722
              ],
              [
                79.990344,
                9.652743
              ],
              [
                79.991591,
                9.652704
              ]
            ]
          ],
          [
            [
              [
                80.013342,
                9.641188
              ],
              [
                80.002961,
                9.648904
              ],
              [
                80.003102,
                9.647102
              ],
              [
                80.005503,
                9.644987
              ],
              [
                80.013342,
                9.641188
              ]
            ]
          ],
          [
            [
              [
                80.000254,
                9.6453
              ],
              [
                79.998794,
                9.644243
              ],
              [
                80.003879,
                9.641971
              ],
              [
                80.002631,
                9.643538
              ],
              [
                80.000254,
                9.6453
              ]
            ]
          ],
          [
            [
              [
                79.990132,
                9.643538
              ],
              [
                79.99065,
                9.64346
              ],
              [
                79.989732,
                9.644204
              ],
              [
                79.989826,
                9.643695
              ],
              [
                79.990132,
                9.643538
              ]
            ]
          ],
          [
            [
              [
                79.984529,
                9.642206
              ],
              [
                79.987331,
                9.638916
              ],
              [
                79.98839,
                9.639699
              ],
              [
                79.987801,
                9.641971
              ],
              [
                79.984529,
                9.642206
              ]
            ]
          ],
          [
            [
              [
                80.005786,
                9.641148
              ],
              [
                80.004797,
                9.641697
              ],
              [
                80.00435,
                9.641697
              ],
              [
                80.005645,
                9.641031
              ],
              [
                80.005786,
                9.641148
              ]
            ]
          ],
          [
            [
              [
                79.853107,
                9.627047
              ],
              [
                79.860852,
                9.618156
              ],
              [
                79.855108,
                9.635155
              ],
              [
                79.851718,
                9.63351
              ],
              [
                79.853107,
                9.627047
              ]
            ]
          ],
          [
            [
              [
                80.005244,
                9.633471
              ],
              [
                80.001031,
                9.634881
              ],
              [
                79.998371,
                9.63402
              ],
              [
                80.004185,
                9.629162
              ],
              [
                80.005244,
                9.633471
              ]
            ]
          ],
          [
            [
              [
                79.984388,
                9.632296
              ],
              [
                79.982764,
                9.630416
              ],
              [
                79.983776,
                9.629593
              ],
              [
                79.985047,
                9.63069
              ],
              [
                79.984388,
                9.632296
              ]
            ]
          ],
          [
            [
              [
                79.86177,
                9.624815
              ],
              [
                79.862147,
                9.622895
              ],
              [
                79.863936,
                9.625324
              ],
              [
                79.862594,
                9.626107
              ],
              [
                79.86177,
                9.624815
              ]
            ]
          ],
          [
            [
              [
                79.838701,
                9.6236
              ],
              [
                79.838607,
                9.624815
              ],
              [
                79.837406,
                9.624619
              ],
              [
                79.837665,
                9.624031
              ],
              [
                79.838701,
                9.6236
              ]
            ]
          ],
          [
            [
              [
                79.982693,
                9.622464
              ],
              [
                79.982223,
                9.622308
              ],
              [
                79.982223,
                9.622112
              ],
              [
                79.982646,
                9.621916
              ],
              [
                79.982693,
                9.622464
              ]
            ]
          ],
          [
            [
              [
                79.981516,
                9.622151
              ],
              [
                79.981422,
                9.622229
              ],
              [
                79.981328,
                9.622229
              ],
              [
                79.981658,
                9.622033
              ],
              [
                79.981516,
                9.622151
              ]
            ]
          ],
          [
            [
              [
                79.773261,
                9.584626
              ],
              [
                79.777286,
                9.618626
              ],
              [
                79.770765,
                9.622112
              ],
              [
                79.761585,
                9.606796
              ],
              [
                79.773261,
                9.584626
              ]
            ]
          ],
          [
            [
              [
                79.982364,
                9.621681
              ],
              [
                79.982434,
                9.62172
              ],
              [
                79.982458,
                9.621838
              ],
              [
                79.982364,
                9.621798
              ],
              [
                79.982364,
                9.621681
              ]
            ]
          ],
          [
            [
              [
                79.842609,
                9.620349
              ],
              [
                79.842891,
                9.619997
              ],
              [
                79.843009,
                9.620036
              ],
              [
                79.842915,
                9.620192
              ],
              [
                79.842609,
                9.620349
              ]
            ]
          ],
          [
            [
              [
                80.007457,
                9.61984
              ],
              [
                80.006633,
                9.620192
              ],
              [
                80.006586,
                9.619879
              ],
              [
                80.006939,
                9.619448
              ],
              [
                80.007245,
                9.619487
              ],
              [
                80.007457,
                9.61984
              ]
            ]
          ],
          [
            [
              [
                79.861676,
                9.618391
              ],
              [
                79.859063,
                9.618156
              ],
              [
                79.86024,
                9.616863
              ],
              [
                79.860946,
                9.616628
              ],
              [
                79.861982,
                9.617881
              ],
              [
                79.861935,
                9.618547
              ],
              [
                79.861676,
                9.618391
              ]
            ]
          ],
          [
            [
              [
                80.006233,
                9.618586
              ],
              [
                80.004844,
                9.618469
              ],
              [
                80.005339,
                9.618077
              ],
              [
                80.00588,
                9.618038
              ],
              [
                80.006233,
                9.618312
              ],
              [
                80.006233,
                9.618586
              ]
            ]
          ],
          [
            [
              [
                79.855108,
                9.616745
              ],
              [
                79.854943,
                9.617294
              ],
              [
                79.852001,
                9.617842
              ],
              [
                79.853201,
                9.616745
              ],
              [
                79.855108,
                9.616745
              ]
            ]
          ],
          [
            [
              [
                79.858686,
                9.616785
              ],
              [
                79.85878,
                9.616941
              ],
              [
                79.858286,
                9.617725
              ],
              [
                79.858333,
                9.617411
              ],
              [
                79.858686,
                9.616785
              ]
            ]
          ],
          [
            [
              [
                79.982434,
                9.617059
              ],
              [
                79.982505,
                9.617137
              ],
              [
                79.982529,
                9.617333
              ],
              [
                79.982434,
                9.617255
              ],
              [
                79.982434,
                9.617059
              ]
            ]
          ],
          [
            [
              [
                79.982246,
                9.61702
              ],
              [
                79.982223,
                9.617216
              ],
              [
                79.982011,
                9.616824
              ],
              [
                79.982128,
                9.616824
              ],
              [
                79.982246,
                9.61702
              ]
            ]
          ],
          [
            [
              [
                79.860522,
                9.616667
              ],
              [
                79.860028,
                9.61702
              ],
              [
                79.860004,
                9.61655
              ],
              [
                79.86024,
                9.616432
              ],
              [
                79.860522,
                9.616667
              ]
            ]
          ],
          [
            [
              [
                79.98234,
                9.616667
              ],
              [
                79.981987,
                9.616275
              ],
              [
                79.982034,
                9.616158
              ],
              [
                79.982246,
                9.616393
              ],
              [
                79.98234,
                9.616667
              ]
            ]
          ],
          [
            [
              [
                79.982175,
                9.613416
              ],
              [
                79.982764,
                9.613769
              ],
              [
                79.982434,
                9.614748
              ],
              [
                79.981917,
                9.614317
              ],
              [
                79.982175,
                9.613416
              ]
            ]
          ],
          [
            [
              [
                79.982387,
                9.613416
              ],
              [
                79.981964,
                9.613377
              ],
              [
                79.982058,
                9.613024
              ],
              [
                79.982293,
                9.612985
              ],
              [
                79.982387,
                9.613416
              ]
            ]
          ],
          [
            [
              [
                79.967157,
                9.609107
              ],
              [
                79.968358,
                9.608206
              ],
              [
                79.968405,
                9.608637
              ],
              [
                79.967487,
                9.609107
              ],
              [
                79.967181,
                9.609147
              ],
              [
                79.967157,
                9.609107
              ]
            ]
          ],
          [
            [
              [
                79.969535,
                9.608011
              ],
              [
                79.970241,
                9.607893
              ],
              [
                79.970359,
                9.60805
              ],
              [
                79.96944,
                9.608324
              ],
              [
                79.969535,
                9.608011
              ]
            ]
          ],
          [
            [
              [
                79.801908,
                9.594301
              ],
              [
                79.802332,
                9.594889
              ],
              [
                79.801438,
                9.595633
              ],
              [
                79.801202,
                9.594889
              ],
              [
                79.801908,
                9.594301
              ]
            ]
          ],
          [
            [
              [
                79.801014,
                9.57973
              ],
              [
                79.800543,
                9.580043
              ],
              [
                79.80019,
                9.579103
              ],
              [
                79.800614,
                9.578868
              ],
              [
                79.801014,
                9.57973
              ]
            ]
          ]
        ]
      }
    },
    {
      "id": "feature_145",
      "type": "Feature",
      "properties": {
        "id": "LK-4142",
        "name": "Delft",
        "area_sqkm": 48.44,
        "center_lat": 9.513087,
        "center_lng": 79.690805,
        "province_id": "LK-4",
        "district_id": "LK-41",
        "ed_id": "EC-10",
        "pd_id": "EC-10A",
        "lg_id": "LG-41032"
      },
      "geometry": {
        "type": "MultiPolygon",
        "coordinates": [
          [
            [
              [
                79.723827,
                9.476947
              ],
              [
                79.723498,
                9.527281
              ],
              [
                79.65575,
                9.553838
              ],
              [
                79.654832,
                9.505189
              ],
              [
                79.723827,
                9.476947
              ]
            ]
          ],
          [
            [
              [
                79.525388,
                9.393241
              ],
              [
                79.521433,
                9.388697
              ],
              [
                79.528283,
                9.383292
              ],
              [
                79.530237,
                9.387992
              ],
              [
                79.525388,
                9.393241
              ]
            ]
          ]
        ]
      }
    },
    {
      "id": "feature_146",
      "type": "Feature",
      "properties": {
        "id": "LK-4203",
        "name": "Mannar Town",
        "area_sqkm": 220.18,
        "center_lat": 8.991979,
        "center_lng": 79.887564,
        "province_id": "LK-4",
        "district_id": "LK-42",
        "ed_id": "EC-11",
        "pd_id": "EC-11A",
        "lg_id": null
      },
      "geometry": {
        "type": "MultiPolygon",
        "coordinates": [
          [
            [
              [
                79.888841,
                8.960842
              ],
              [
                79.883285,
                8.970987
              ],
              [
                79.89489,
                8.961822
              ],
              [
                79.927281,
                8.980114
              ],
              [
                79.873681,
                9.035305
              ],
              [
                79.926951,
                9.010784
              ],
              [
                79.862947,
                9.072007
              ],
              [
                79.730183,
                9.109884
              ],
              [
                79.696027,
                9.09876
              ],
              [
                79.7017,
                9.07988
              ],
              [
                79.685458,
                9.07612
              ],
              [
                79.797342,
                9.04447
              ],
              [
                79.888841,
                8.960842
              ]
            ]
          ],
          [
            [
              [
                79.69864,
                9.098212
              ],
              [
                79.698852,
                9.098212
              ],
              [
                79.699134,
                9.099034
              ],
              [
                79.698357,
                9.098447
              ],
              [
                79.69864,
                9.098212
              ]
            ]
          ],
          [
            [
              [
                79.697981,
                9.098094
              ],
              [
                79.698028,
                9.098212
              ],
              [
                79.697886,
                9.098368
              ],
              [
                79.697722,
                9.098055
              ],
              [
                79.697981,
                9.098094
              ]
            ]
          ],
          [
            [
              [
                79.696333,
                9.095
              ],
              [
                79.697698,
                9.097742
              ],
              [
                79.697086,
                9.097938
              ],
              [
                79.696097,
                9.095157
              ],
              [
                79.696333,
                9.095
              ]
            ]
          ],
          [
            [
              [
                79.697698,
                9.094451
              ],
              [
                79.698169,
                9.094961
              ],
              [
                79.697628,
                9.094961
              ],
              [
                79.697463,
                9.094412
              ],
              [
                79.697698,
                9.094451
              ]
            ]
          ],
          [
            [
              [
                79.69791,
                9.094099
              ],
              [
                79.697651,
                9.092689
              ],
              [
                79.699181,
                9.094765
              ],
              [
                79.698875,
                9.094922
              ],
              [
                79.69791,
                9.094099
              ]
            ]
          ],
          [
            [
              [
                79.697533,
                9.09406
              ],
              [
                79.69758,
                9.09406
              ],
              [
                79.697604,
                9.094256
              ],
              [
                79.697533,
                9.094256
              ],
              [
                79.697533,
                9.09406
              ]
            ]
          ],
          [
            [
              [
                79.696686,
                9.089477
              ],
              [
                79.69711,
                9.09026
              ],
              [
                79.696498,
                9.090926
              ],
              [
                79.696003,
                9.090339
              ],
              [
                79.696686,
                9.089477
              ]
            ]
          ],
          [
            [
              [
                79.695509,
                9.08791
              ],
              [
                79.695933,
                9.088537
              ],
              [
                79.695627,
                9.089712
              ],
              [
                79.69525,
                9.088654
              ],
              [
                79.695509,
                9.08791
              ]
            ]
          ],
          [
            [
              [
                79.695862,
                9.087636
              ],
              [
                79.695179,
                9.088067
              ],
              [
                79.695368,
                9.087597
              ],
              [
                79.695721,
                9.08744
              ],
              [
                79.695862,
                9.087636
              ]
            ]
          ],
          [
            [
              [
                79.696097,
                9.086304
              ],
              [
                79.695674,
                9.086892
              ],
              [
                79.695674,
                9.086461
              ],
              [
                79.695744,
                9.086343
              ],
              [
                79.69598,
                9.086147
              ],
              [
                79.696097,
                9.086304
              ]
            ]
          ],
          [
            [
              [
                79.69485,
                9.079489
              ],
              [
                79.695179,
                9.079489
              ],
              [
                79.695179,
                9.079998
              ],
              [
                79.694662,
                9.079802
              ],
              [
                79.69485,
                9.079489
              ]
            ]
          ],
          [
            [
              [
                79.915582,
                8.972045
              ],
              [
                79.916523,
                8.971849
              ],
              [
                79.915723,
                8.974278
              ],
              [
                79.915346,
                8.974043
              ],
              [
                79.915582,
                8.972045
              ]
            ]
          ],
          [
            [
              [
                79.981257,
                8.97322
              ],
              [
                79.95414,
                8.943372
              ],
              [
                79.923044,
                8.947368
              ],
              [
                79.925162,
                8.932209
              ],
              [
                79.952704,
                8.909882
              ],
              [
                79.941381,
                8.882776
              ],
              [
                79.956564,
                8.870359
              ],
              [
                80.005856,
                8.868597
              ],
              [
                80.025159,
                8.844938
              ],
              [
                80.056231,
                8.839376
              ],
              [
                80.047781,
                8.849834
              ],
              [
                80.08003,
                8.870007
              ],
              [
                80.079677,
                8.888887
              ],
              [
                80.02683,
                8.883481
              ],
              [
                79.992274,
                8.903027
              ],
              [
                79.973748,
                8.939142
              ],
              [
                79.981257,
                8.97322
              ]
            ]
          ],
          [
            [
              [
                79.894278,
                8.957591
              ],
              [
                79.901717,
                8.946663
              ],
              [
                79.907837,
                8.958375
              ],
              [
                79.902352,
                8.961939
              ],
              [
                79.894278,
                8.957591
              ]
            ]
          ],
          [
            [
              [
                79.9161,
                8.958688
              ],
              [
                79.918524,
                8.958453
              ],
              [
                79.919984,
                8.960451
              ],
              [
                79.917324,
                8.961312
              ],
              [
                79.9161,
                8.958688
              ]
            ]
          ],
          [
            [
              [
                79.919866,
                8.958923
              ],
              [
                79.916735,
                8.957748
              ],
              [
                79.920337,
                8.953753
              ],
              [
                79.920784,
                8.955907
              ],
              [
                79.919866,
                8.958923
              ]
            ]
          ],
          [
            [
              [
                79.916617,
                8.958218
              ],
              [
                79.916735,
                8.9581
              ],
              [
                79.917418,
                8.95857
              ],
              [
                79.916358,
                8.958805
              ],
              [
                79.916617,
                8.958218
              ]
            ]
          ],
          [
            [
              [
                79.916476,
                8.958218
              ],
              [
                79.916547,
                8.958335
              ],
              [
                79.916288,
                8.958492
              ],
              [
                79.916288,
                8.958414
              ],
              [
                79.916476,
                8.958218
              ]
            ]
          ],
          [
            [
              [
                79.91657,
                8.958061
              ],
              [
                79.915723,
                8.9581
              ],
              [
                79.917653,
                8.956612
              ],
              [
                79.916688,
                8.957474
              ],
              [
                79.91657,
                8.958061
              ]
            ]
          ],
          [
            [
              [
                79.891218,
                8.956612
              ],
              [
                79.892207,
                8.957513
              ],
              [
                79.890818,
                8.957905
              ],
              [
                79.890865,
                8.956886
              ],
              [
                79.891218,
                8.956612
              ]
            ]
          ],
          [
            [
              [
                79.92029,
                8.953674
              ],
              [
                79.919889,
                8.954301
              ],
              [
                79.91956,
                8.954458
              ],
              [
                79.91956,
                8.953282
              ],
              [
                79.92029,
                8.953674
              ]
            ]
          ],
          [
            [
              [
                79.953433,
                8.95387
              ],
              [
                79.953316,
                8.952499
              ],
              [
                79.953998,
                8.95199
              ],
              [
                79.953951,
                8.954418
              ],
              [
                79.953433,
                8.95387
              ]
            ]
          ],
          [
            [
              [
                79.923185,
                8.953126
              ],
              [
                79.922549,
                8.953008
              ],
              [
                79.922596,
                8.95246
              ],
              [
                79.923044,
                8.952695
              ],
              [
                79.923185,
                8.953126
              ]
            ]
          ],
          [
            [
              [
                79.95301,
                8.951598
              ],
              [
                79.950868,
                8.94964
              ],
              [
                79.950915,
                8.94823
              ],
              [
                79.953104,
                8.95058
              ],
              [
                79.95301,
                8.951598
              ]
            ]
          ],
          [
            [
              [
                79.91956,
                8.950736
              ],
              [
                79.91923,
                8.950776
              ],
              [
                79.919042,
                8.951128
              ],
              [
                79.919018,
                8.950697
              ],
              [
                79.91956,
                8.950736
              ]
            ]
          ],
          [
            [
              [
                79.952492,
                8.949914
              ],
              [
                79.952751,
                8.950149
              ],
              [
                79.952398,
                8.950345
              ],
              [
                79.95228,
                8.950227
              ],
              [
                79.952492,
                8.949914
              ]
            ]
          ],
          [
            [
              [
                79.921796,
                8.949326
              ],
              [
                79.921608,
                8.94917
              ],
              [
                79.921867,
                8.948974
              ],
              [
                79.92189,
                8.94917
              ],
              [
                79.921796,
                8.949326
              ]
            ]
          ],
          [
            [
              [
                79.949808,
                8.9487
              ],
              [
                79.949032,
                8.9487
              ],
              [
                79.947831,
                8.947133
              ],
              [
                79.948914,
                8.946937
              ],
              [
                79.949808,
                8.9487
              ]
            ]
          ],
          [
            [
              [
                79.921113,
                8.947955
              ],
              [
                79.921255,
                8.947955
              ],
              [
                79.921208,
                8.948621
              ],
              [
                79.920996,
                8.948543
              ],
              [
                79.921113,
                8.947955
              ]
            ]
          ],
          [
            [
              [
                79.921773,
                8.948386
              ],
              [
                79.921867,
                8.948112
              ],
              [
                79.922079,
                8.94823
              ],
              [
                79.921937,
                8.948504
              ],
              [
                79.921773,
                8.948386
              ]
            ]
          ],
          [
            [
              [
                79.916782,
                8.947564
              ],
              [
                79.916712,
                8.948425
              ],
              [
                79.9161,
                8.948308
              ],
              [
                79.916688,
                8.94819
              ],
              [
                79.916782,
                8.947564
              ]
            ]
          ],
          [
            [
              [
                79.921561,
                8.948347
              ],
              [
                79.921443,
                8.948269
              ],
              [
                79.92149,
                8.94819
              ],
              [
                79.921584,
                8.948269
              ],
              [
                79.921561,
                8.948347
              ]
            ]
          ],
          [
            [
              [
                79.917418,
                8.947916
              ],
              [
                79.917347,
                8.947916
              ],
              [
                79.917159,
                8.947681
              ],
              [
                79.917488,
                8.947603
              ],
              [
                79.917418,
                8.947916
              ]
            ]
          ],
          [
            [
              [
                79.947713,
                8.946976
              ],
              [
                79.947148,
                8.947094
              ],
              [
                79.946395,
                8.946624
              ],
              [
                79.947902,
                8.946467
              ],
              [
                79.947713,
                8.946976
              ]
            ]
          ],
          [
            [
              [
                79.94583,
                8.946193
              ],
              [
                79.946113,
                8.945997
              ],
              [
                79.946113,
                8.946193
              ],
              [
                79.945854,
                8.94631
              ],
              [
                79.94583,
                8.946193
              ]
            ]
          ]
        ]
      }
    },
    {
      "id": "feature_147",
      "type": "Feature",
      "properties": {
        "id": "LK-4206",
        "name": "Manthai West",
        "area_sqkm": 614.98,
        "center_lat": 9.026464,
        "center_lng": 80.112292,
        "province_id": "LK-4",
        "district_id": "LK-42",
        "ed_id": "EC-11",
        "pd_id": "EC-11A",
        "lg_id": "LG-42032"
      },
      "geometry": {
        "type": "MultiPolygon",
        "coordinates": [
          [
            [
              [
                80.217266,
                9.142161
              ],
              [
                80.195445,
                9.176004
              ],
              [
                80.191749,
                9.237226
              ],
              [
                80.181227,
                9.229941
              ],
              [
                80.118729,
                9.211727
              ],
              [
                80.041331,
                9.01619
              ],
              [
                80.013224,
                9.011646
              ],
              [
                79.981257,
                8.97322
              ],
              [
                79.973748,
                8.939142
              ],
              [
                79.992274,
                8.903027
              ],
              [
                80.02683,
                8.883481
              ],
              [
                80.079677,
                8.888887
              ],
              [
                80.08003,
                8.870007
              ],
              [
                80.047781,
                8.849834
              ],
              [
                80.056231,
                8.839376
              ],
              [
                80.080407,
                8.848424
              ],
              [
                80.141445,
                8.852224
              ],
              [
                80.142646,
                8.937536
              ],
              [
                80.174542,
                8.950266
              ],
              [
                80.194857,
                9.045841
              ],
              [
                80.219879,
                9.055399
              ],
              [
                80.217266,
                9.142161
              ]
            ]
          ],
          [
            [
              [
                80.108301,
                9.198448
              ],
              [
                80.107901,
                9.197821
              ],
              [
                80.107877,
                9.197038
              ],
              [
                80.10816,
                9.197469
              ],
              [
                80.108301,
                9.198448
              ]
            ]
          ]
        ]
      }
    },
    {
      "id": "feature_148",
      "type": "Feature",
      "properties": {
        "id": "LK-4209",
        "name": "Madhu",
        "area_sqkm": 565.01,
        "center_lat": 8.849314,
        "center_lng": 80.231202,
        "province_id": "LK-4",
        "district_id": "LK-42",
        "ed_id": "EC-11",
        "pd_id": "EC-11A",
        "lg_id": null
      },
      "geometry": {
        "type": "Polygon",
        "coordinates": [
          [
            [
              80.339979,
              8.95904
            ],
            [
              80.174542,
              8.950266
            ],
            [
              80.142646,
              8.937536
            ],
            [
              80.141445,
              8.852224
            ],
            [
              80.080407,
              8.848424
            ],
            [
              80.082266,
              8.813484
            ],
            [
              80.101592,
              8.806081
            ],
            [
              80.08196,
              8.782697
            ],
            [
              80.094578,
              8.749833
            ],
            [
              80.140998,
              8.737886
            ],
            [
              80.1454,
              8.657392
            ],
            [
              80.235227,
              8.680424
            ],
            [
              80.168987,
              8.752614
            ],
            [
              80.180968,
              8.773335
            ],
            [
              80.199141,
              8.765462
            ],
            [
              80.22826,
              8.826959
            ],
            [
              80.272138,
              8.822376
            ],
            [
              80.363566,
              8.838005
            ],
            [
              80.400664,
              8.860136
            ],
            [
              80.376583,
              8.941766
            ],
            [
              80.339979,
              8.95904
            ]
          ]
        ]
      }
    },
    {
      "id": "feature_149",
      "type": "Feature",
      "properties": {
        "id": "LK-4212",
        "name": "Nanaddan",
        "area_sqkm": 147.4,
        "center_lat": 8.835289,
        "center_lng": 79.993633,
        "province_id": "LK-4",
        "district_id": "LK-42",
        "ed_id": "EC-11",
        "pd_id": "EC-11A",
        "lg_id": "LG-42034"
      },
      "geometry": {
        "type": "MultiPolygon",
        "coordinates": [
          [
            [
              [
                79.925162,
                8.932209
              ],
              [
                79.904565,
                8.948151
              ],
              [
                79.91464,
                8.92461
              ],
              [
                79.914569,
                8.92461
              ],
              [
                79.911533,
                8.938555
              ],
              [
                79.91876,
                8.934637
              ],
              [
                79.933142,
                8.898366
              ],
              [
                79.913134,
                8.820574
              ],
              [
                79.923515,
                8.796798
              ],
              [
                79.958189,
                8.80663
              ],
              [
                79.979186,
                8.792293
              ],
              [
                80.031138,
                8.799305
              ],
              [
                80.034504,
                8.785713
              ],
              [
                80.08196,
                8.782697
              ],
              [
                80.101592,
                8.806081
              ],
              [
                80.082266,
                8.813484
              ],
              [
                80.080407,
                8.848424
              ],
              [
                80.056231,
                8.839376
              ],
              [
                80.025159,
                8.844938
              ],
              [
                80.005856,
                8.868597
              ],
              [
                79.956564,
                8.870359
              ],
              [
                79.941381,
                8.882776
              ],
              [
                79.952704,
                8.909882
              ],
              [
                79.925162,
                8.932209
              ]
            ]
          ],
          [
            [
              [
                79.925515,
                8.902283
              ],
              [
                79.889994,
                8.957395
              ],
              [
                79.889688,
                8.955829
              ],
              [
                79.890253,
                8.954183
              ],
              [
                79.925515,
                8.902283
              ]
            ]
          ],
          [
            [
              [
                79.902282,
                8.941766
              ],
              [
                79.902446,
                8.942236
              ],
              [
                79.901952,
                8.942667
              ],
              [
                79.901811,
                8.942119
              ],
              [
                79.902282,
                8.941766
              ]
            ]
          ],
          [
            [
              [
                79.91464,
                8.92461
              ],
              [
                79.91464,
                8.92461
              ],
              [
                79.914569,
                8.92461
              ],
              [
                79.91464,
                8.92461
              ]
            ]
          ],
          [
            [
              [
                79.913628,
                8.923474
              ],
              [
                79.913863,
                8.923435
              ],
              [
                79.914099,
                8.92367
              ],
              [
                79.913604,
                8.923905
              ],
              [
                79.913628,
                8.923474
              ]
            ]
          ],
          [
            [
              [
                79.91883,
                8.917246
              ],
              [
                79.92488,
                8.907179
              ],
              [
                79.925727,
                8.911566
              ],
              [
                79.915817,
                8.921829
              ],
              [
                79.916335,
                8.920967
              ],
              [
                79.917253,
                8.920301
              ],
              [
                79.917371,
                8.919479
              ],
              [
                79.917889,
                8.918225
              ],
              [
                79.91883,
                8.917246
              ]
            ]
          ],
          [
            [
              [
                79.928835,
                8.90761
              ],
              [
                79.929188,
                8.908433
              ],
              [
                79.928317,
                8.909177
              ],
              [
                79.928222,
                8.908354
              ],
              [
                79.928835,
                8.90761
              ]
            ]
          ],
          [
            [
              [
                79.925774,
                8.903536
              ],
              [
                79.925868,
                8.903536
              ],
              [
                79.925916,
                8.903928
              ],
              [
                79.925657,
                8.903811
              ],
              [
                79.925774,
                8.903536
              ]
            ]
          ],
          [
            [
              [
                79.928175,
                8.900089
              ],
              [
                79.928246,
                8.900207
              ],
              [
                79.928128,
                8.900324
              ],
              [
                79.928081,
                8.900246
              ],
              [
                79.928175,
                8.900089
              ]
            ]
          ],
          [
            [
              [
                79.918995,
                8.832991
              ],
              [
                79.918665,
                8.833265
              ],
              [
                79.918924,
                8.832247
              ],
              [
                79.919042,
                8.832521
              ],
              [
                79.918995,
                8.832991
              ]
            ]
          ],
          [
            [
              [
                79.919372,
                8.831385
              ],
              [
                79.92036,
                8.831777
              ],
              [
                79.919654,
                8.83303
              ],
              [
                79.918854,
                8.830014
              ],
              [
                79.919372,
                8.831385
              ]
            ]
          ],
          [
            [
              [
                79.918289,
                8.828291
              ],
              [
                79.918501,
                8.828408
              ],
              [
                79.918195,
                8.828526
              ],
              [
                79.9181,
                8.828408
              ],
              [
                79.918289,
                8.828291
              ]
            ]
          ],
          [
            [
              [
                79.918712,
                8.828291
              ],
              [
                79.918336,
                8.827311
              ],
              [
                79.918877,
                8.826724
              ],
              [
                79.919466,
                8.827507
              ],
              [
                79.918712,
                8.828291
              ]
            ]
          ],
          [
            [
              [
                79.917324,
                8.826646
              ],
              [
                79.917277,
                8.828291
              ],
              [
                79.9169,
                8.825
              ],
              [
                79.917441,
                8.825901
              ],
              [
                79.917324,
                8.826646
              ]
            ]
          ],
          [
            [
              [
                79.9169,
                8.821828
              ],
              [
                79.917206,
                8.821788
              ],
              [
                79.917371,
                8.824099
              ],
              [
                79.916288,
                8.822572
              ],
              [
                79.9169,
                8.821828
              ]
            ]
          ],
          [
            [
              [
                79.918195,
                8.823277
              ],
              [
                79.918265,
                8.822807
              ],
              [
                79.918053,
                8.822023
              ],
              [
                79.918712,
                8.823355
              ],
              [
                79.918195,
                8.823277
              ]
            ]
          ],
          [
            [
              [
                79.917794,
                8.823277
              ],
              [
                79.917347,
                8.822298
              ],
              [
                79.917512,
                8.821201
              ],
              [
                79.917865,
                8.820809
              ],
              [
                79.917488,
                8.821867
              ],
              [
                79.917794,
                8.823277
              ]
            ]
          ],
          [
            [
              [
                79.918265,
                8.821005
              ],
              [
                79.918665,
                8.8203
              ],
              [
                79.92036,
                8.820261
              ],
              [
                79.919089,
                8.821162
              ],
              [
                79.918265,
                8.821005
              ]
            ]
          ],
          [
            [
              [
                79.916947,
                8.820574
              ],
              [
                79.915888,
                8.820888
              ],
              [
                79.916429,
                8.818067
              ],
              [
                79.917983,
                8.818381
              ],
              [
                79.916947,
                8.820574
              ]
            ]
          ],
          [
            [
              [
                79.918124,
                8.818733
              ],
              [
                79.918807,
                8.817676
              ],
              [
                79.919936,
                8.818263
              ],
              [
                79.917841,
                8.820065
              ],
              [
                79.918124,
                8.818733
              ]
            ]
          ],
          [
            [
              [
                79.917441,
                8.811134
              ],
              [
                79.91697,
                8.812583
              ],
              [
                79.916194,
                8.812583
              ],
              [
                79.916806,
                8.811408
              ],
              [
                79.917441,
                8.811134
              ]
            ]
          ],
          [
            [
              [
                79.91617,
                8.810272
              ],
              [
                79.916641,
                8.810507
              ],
              [
                79.915794,
                8.812505
              ],
              [
                79.91577,
                8.810468
              ],
              [
                79.91617,
                8.810272
              ]
            ]
          ],
          [
            [
              [
                79.92029,
                8.811604
              ],
              [
                79.921396,
                8.811526
              ],
              [
                79.921655,
                8.811683
              ],
              [
                79.92076,
                8.812074
              ],
              [
                79.92029,
                8.811604
              ]
            ]
          ],
          [
            [
              [
                79.918712,
                8.809489
              ],
              [
                79.919489,
                8.809842
              ],
              [
                79.9181,
                8.810312
              ],
              [
                79.918336,
                8.809607
              ],
              [
                79.918712,
                8.809489
              ]
            ]
          ],
          [
            [
              [
                79.920266,
                8.809646
              ],
              [
                79.920078,
                8.810116
              ],
              [
                79.91956,
                8.810194
              ],
              [
                79.920054,
                8.809332
              ],
              [
                79.920266,
                8.809646
              ]
            ]
          ]
        ]
      }
    },
    {
      "id": "feature_150",
      "type": "Feature",
      "properties": {
        "id": "LK-4215",
        "name": "Musali",
        "area_sqkm": 463.26,
        "center_lat": 8.677386,
        "center_lng": 80.021293,
        "province_id": "LK-4",
        "district_id": "LK-42",
        "ed_id": "EC-11",
        "pd_id": "EC-11A",
        "lg_id": "LG-42033"
      },
      "geometry": {
        "type": "Polygon",
        "coordinates": [
          [
            [
              80.08196,
              8.782697
            ],
            [
              80.034504,
              8.785713
            ],
            [
              80.031138,
              8.799305
            ],
            [
              79.979186,
              8.792293
            ],
            [
              79.958189,
              8.80663
            ],
            [
              79.923515,
              8.796798
            ],
            [
              79.959601,
              8.725313
            ],
            [
              79.946395,
              8.629973
            ],
            [
              79.91843,
              8.589275
            ],
            [
              79.920525,
              8.566948
            ],
            [
              80.032998,
              8.526407
            ],
            [
              80.051853,
              8.525075
            ],
            [
              80.055949,
              8.639373
            ],
            [
              80.044038,
              8.674666
            ],
            [
              80.079371,
              8.654415
            ],
            [
              80.1454,
              8.657392
            ],
            [
              80.140998,
              8.737886
            ],
            [
              80.094578,
              8.749833
            ],
            [
              80.08196,
              8.782697
            ]
          ]
        ]
      }
    },
    {
      "id": "feature_151",
      "type": "Feature",
      "properties": {
        "id": "LK-4303",
        "name": "Vavuniya North",
        "area_sqkm": 686.72,
        "center_lat": 9.004658,
        "center_lng": 80.576682,
        "province_id": "LK-4",
        "district_id": "LK-43",
        "ed_id": "EC-11",
        "pd_id": "EC-11B",
        "lg_id": "LG-43031"
      },
      "geometry": {
        "type": "Polygon",
        "coordinates": [
          [
            [
              80.725889,
              9.04592
            ],
            [
              80.678197,
              9.029742
            ],
            [
              80.692321,
              9.074396
            ],
            [
              80.651621,
              9.077883
            ],
            [
              80.639051,
              9.119677
            ],
            [
              80.581991,
              9.12614
            ],
            [
              80.585263,
              9.112117
            ],
            [
              80.515256,
              9.075258
            ],
            [
              80.495058,
              9.113841
            ],
            [
              80.405066,
              9.115564
            ],
            [
              80.405043,
              9.090691
            ],
            [
              80.405019,
              9.090691
            ],
            [
              80.425922,
              9.090887
            ],
            [
              80.434561,
              9.031388
            ],
            [
              80.374935,
              8.980153
            ],
            [
              80.395062,
              8.960607
            ],
            [
              80.486302,
              8.955241
            ],
            [
              80.51848,
              8.927469
            ],
            [
              80.54581,
              8.938045
            ],
            [
              80.576318,
              8.925824
            ],
            [
              80.598704,
              8.911175
            ],
            [
              80.596279,
              8.869889
            ],
            [
              80.668169,
              8.872005
            ],
            [
              80.74505,
              8.903184
            ],
            [
              80.703197,
              8.984266
            ],
            [
              80.743379,
              9.035814
            ],
            [
              80.725889,
              9.04592
            ]
          ]
        ]
      }
    },
    {
      "id": "feature_152",
      "type": "Feature",
      "properties": {
        "id": "LK-4306",
        "name": "Vavuniya South",
        "area_sqkm": 216.25,
        "center_lat": 8.7351,
        "center_lng": 80.513638,
        "province_id": "LK-4",
        "district_id": "LK-43",
        "ed_id": "EC-11",
        "pd_id": "EC-11B",
        "lg_id": "LG-43032"
      },
      "geometry": {
        "type": "MultiPolygon",
        "coordinates": [
          [
            [
              [
                80.631636,
                8.828291
              ],
              [
                80.610944,
                8.833383
              ],
              [
                80.586981,
                8.806747
              ],
              [
                80.533593,
                8.823551
              ],
              [
                80.536583,
                8.806512
              ],
              [
                80.536606,
                8.806512
              ],
              [
                80.536583,
                8.806512
              ],
              [
                80.505487,
                8.822572
              ],
              [
                80.505463,
                8.822572
              ],
              [
                80.531922,
                8.778114
              ],
              [
                80.537218,
                8.805768
              ],
              [
                80.553555,
                8.803535
              ],
              [
                80.542585,
                8.768752
              ],
              [
                80.516644,
                8.757432
              ],
              [
                80.522718,
                8.731345
              ],
              [
                80.522694,
                8.731345
              ],
              [
                80.522718,
                8.731345
              ],
              [
                80.528603,
                8.708195
              ],
              [
                80.55299,
                8.695974
              ],
              [
                80.568785,
                8.700204
              ],
              [
                80.651809,
                8.792646
              ],
              [
                80.631636,
                8.828291
              ]
            ]
          ],
          [
            [
              [
                80.499672,
                8.806747
              ],
              [
                80.49294,
                8.802948
              ],
              [
                80.504498,
                8.791197
              ],
              [
                80.506828,
                8.804044
              ],
              [
                80.499672,
                8.806747
              ]
            ]
          ],
          [
            [
              [
                80.369286,
                8.736163
              ],
              [
                80.361683,
                8.740432
              ],
              [
                80.345134,
                8.734596
              ],
              [
                80.350548,
                8.709605
              ],
              [
                80.369286,
                8.736163
              ]
            ]
          ],
          [
            [
              [
                80.395415,
                8.727349
              ],
              [
                80.386588,
                8.724882
              ],
              [
                80.375736,
                8.700831
              ],
              [
                80.353161,
                8.693663
              ],
              [
                80.359846,
                8.671728
              ],
              [
                80.385693,
                8.672629
              ],
              [
                80.380797,
                8.657901
              ],
              [
                80.402524,
                8.656021
              ],
              [
                80.403936,
                8.642899
              ],
              [
                80.450121,
                8.693232
              ],
              [
                80.506028,
                8.658097
              ],
              [
                80.524954,
                8.666479
              ],
              [
                80.489362,
                8.685829
              ],
              [
                80.499249,
                8.722727
              ],
              [
                80.499249,
                8.722688
              ],
              [
                80.499249,
                8.722727
              ],
              [
                80.451769,
                8.709566
              ],
              [
                80.413234,
                8.689864
              ],
              [
                80.395415,
                8.727349
              ]
            ],
            [
              [
                80.402547,
                8.70514
              ],
              [
                80.40509,
                8.698951
              ],
              [
                80.392166,
                8.693976
              ],
              [
                80.390754,
                8.703456
              ],
              [
                80.402547,
                8.70514
              ]
            ]
          ],
          [
            [
              [
                80.388706,
                8.62586
              ],
              [
                80.388706,
                8.62586
              ],
              [
                80.379902,
                8.620807
              ],
              [
                80.388706,
                8.62586
              ]
            ]
          ],
          [
            [
              [
                80.381103,
                8.588413
              ],
              [
                80.350148,
                8.592056
              ],
              [
                80.346476,
                8.566321
              ],
              [
                80.381103,
                8.588413
              ]
            ]
          ]
        ]
      }
    },
    {
      "id": "feature_153",
      "type": "Feature",
      "properties": {
        "id": "LK-4309",
        "name": "Vavuniya",
        "area_sqkm": 616.85,
        "center_lat": 8.833801,
        "center_lng": 80.456699,
        "province_id": "LK-4",
        "district_id": "LK-43",
        "ed_id": "EC-11",
        "pd_id": "EC-11B",
        "lg_id": null
      },
      "geometry": {
        "type": "Polygon",
        "coordinates": [
          [
            [
              80.596279,
              8.869889
            ],
            [
              80.598704,
              8.911175
            ],
            [
              80.576318,
              8.925824
            ],
            [
              80.54581,
              8.938045
            ],
            [
              80.51848,
              8.927469
            ],
            [
              80.486302,
              8.955241
            ],
            [
              80.395062,
              8.960607
            ],
            [
              80.374935,
              8.980153
            ],
            [
              80.339979,
              8.95904
            ],
            [
              80.376583,
              8.941766
            ],
            [
              80.400664,
              8.860136
            ],
            [
              80.363566,
              8.838005
            ],
            [
              80.272138,
              8.822376
            ],
            [
              80.303492,
              8.752732
            ],
            [
              80.340968,
              8.770515
            ],
            [
              80.361683,
              8.740432
            ],
            [
              80.369286,
              8.736163
            ],
            [
              80.386588,
              8.724882
            ],
            [
              80.395415,
              8.727349
            ],
            [
              80.399016,
              8.730875
            ],
            [
              80.431172,
              8.734635
            ],
            [
              80.451769,
              8.709566
            ],
            [
              80.499249,
              8.722727
            ],
            [
              80.499249,
              8.722688
            ],
            [
              80.499249,
              8.722727
            ],
            [
              80.489362,
              8.685829
            ],
            [
              80.524954,
              8.666479
            ],
            [
              80.55299,
              8.695974
            ],
            [
              80.528603,
              8.708195
            ],
            [
              80.522718,
              8.731345
            ],
            [
              80.522694,
              8.731345
            ],
            [
              80.522718,
              8.731345
            ],
            [
              80.516644,
              8.757432
            ],
            [
              80.542585,
              8.768752
            ],
            [
              80.553555,
              8.803535
            ],
            [
              80.537218,
              8.805768
            ],
            [
              80.531922,
              8.778114
            ],
            [
              80.505463,
              8.822572
            ],
            [
              80.505487,
              8.822572
            ],
            [
              80.536583,
              8.806512
            ],
            [
              80.536606,
              8.806512
            ],
            [
              80.536583,
              8.806512
            ],
            [
              80.533593,
              8.823551
            ],
            [
              80.586981,
              8.806747
            ],
            [
              80.610944,
              8.833383
            ],
            [
              80.631636,
              8.828291
            ],
            [
              80.592372,
              8.846622
            ],
            [
              80.596279,
              8.869889
            ]
          ],
          [
            [
              80.499672,
              8.806747
            ],
            [
              80.506828,
              8.804044
            ],
            [
              80.504498,
              8.791197
            ],
            [
              80.49294,
              8.802948
            ],
            [
              80.499672,
              8.806747
            ]
          ]
        ]
      }
    },
    {
      "id": "feature_154",
      "type": "Feature",
      "properties": {
        "id": "LK-4312",
        "name": "Vengalacheddikulam",
        "area_sqkm": 415.08,
        "center_lat": 8.692808,
        "center_lng": 80.294587,
        "province_id": "LK-4",
        "district_id": "LK-43",
        "ed_id": "EC-11",
        "pd_id": "EC-11B",
        "lg_id": "LG-43034"
      },
      "geometry": {
        "type": "MultiPolygon",
        "coordinates": [
          [
            [
              [
                80.272138,
                8.822376
              ],
              [
                80.22826,
                8.826959
              ],
              [
                80.199141,
                8.765462
              ],
              [
                80.180968,
                8.773335
              ],
              [
                80.168987,
                8.752614
              ],
              [
                80.235227,
                8.680424
              ],
              [
                80.235981,
                8.629228
              ],
              [
                80.274421,
                8.609996
              ],
              [
                80.287815,
                8.55931
              ],
              [
                80.339979,
                8.547206
              ],
              [
                80.346476,
                8.566321
              ],
              [
                80.350148,
                8.592056
              ],
              [
                80.381103,
                8.588413
              ],
              [
                80.379902,
                8.620807
              ],
              [
                80.388706,
                8.62586
              ],
              [
                80.403936,
                8.642899
              ],
              [
                80.402524,
                8.656021
              ],
              [
                80.380797,
                8.657901
              ],
              [
                80.385693,
                8.672629
              ],
              [
                80.359846,
                8.671728
              ],
              [
                80.353161,
                8.693663
              ],
              [
                80.375736,
                8.700831
              ],
              [
                80.386588,
                8.724882
              ],
              [
                80.369286,
                8.736163
              ],
              [
                80.350548,
                8.709605
              ],
              [
                80.345134,
                8.734596
              ],
              [
                80.361683,
                8.740432
              ],
              [
                80.340968,
                8.770515
              ],
              [
                80.303492,
                8.752732
              ],
              [
                80.272138,
                8.822376
              ]
            ]
          ],
          [
            [
              [
                80.451769,
                8.709566
              ],
              [
                80.431172,
                8.734635
              ],
              [
                80.399016,
                8.730875
              ],
              [
                80.395415,
                8.727349
              ],
              [
                80.413234,
                8.689864
              ],
              [
                80.451769,
                8.709566
              ]
            ]
          ],
          [
            [
              [
                80.402547,
                8.70514
              ],
              [
                80.390754,
                8.703456
              ],
              [
                80.392166,
                8.693976
              ],
              [
                80.40509,
                8.698951
              ],
              [
                80.402547,
                8.70514
              ]
            ]
          ]
        ]
      }
    },
    {
      "id": "feature_155",
      "type": "Feature",
      "properties": {
        "id": "LK-4403",
        "name": "Thunukkai",
        "area_sqkm": 329.19,
        "center_lat": 9.222892,
        "center_lng": 80.286117,
        "province_id": "LK-4",
        "district_id": "LK-44",
        "ed_id": "EC-11",
        "pd_id": "EC-11C",
        "lg_id": "LG-44044"
      },
      "geometry": {
        "type": "Polygon",
        "coordinates": [
          [
            [
              80.406855,
              9.305147
            ],
            [
              80.241701,
              9.300251
            ],
            [
              80.214042,
              9.271344
            ],
            [
              80.217949,
              9.232565
            ],
            [
              80.191749,
              9.237226
            ],
            [
              80.195445,
              9.176004
            ],
            [
              80.217266,
              9.142161
            ],
            [
              80.262604,
              9.131036
            ],
            [
              80.304505,
              9.095352
            ],
            [
              80.32263,
              9.115407
            ],
            [
              80.335718,
              9.211492
            ],
            [
              80.387906,
              9.250858
            ],
            [
              80.406855,
              9.305147
            ]
          ]
        ]
      }
    },
    {
      "id": "feature_156",
      "type": "Feature",
      "properties": {
        "id": "LK-4406",
        "name": "Manthai East",
        "area_sqkm": 485.91,
        "center_lat": 9.06305,
        "center_lng": 80.308719,
        "province_id": "LK-4",
        "district_id": "LK-44",
        "ed_id": "EC-11",
        "pd_id": "EC-11C",
        "lg_id": "LG-44041"
      },
      "geometry": {
        "type": "Polygon",
        "coordinates": [
          [
            [
              80.405066,
              9.115564
            ],
            [
              80.402924,
              9.123633
            ],
            [
              80.400452,
              9.173262
            ],
            [
              80.335718,
              9.211492
            ],
            [
              80.32263,
              9.115407
            ],
            [
              80.304505,
              9.095352
            ],
            [
              80.262604,
              9.131036
            ],
            [
              80.217266,
              9.142161
            ],
            [
              80.219879,
              9.055399
            ],
            [
              80.194857,
              9.045841
            ],
            [
              80.174542,
              8.950266
            ],
            [
              80.339979,
              8.95904
            ],
            [
              80.374935,
              8.980153
            ],
            [
              80.434561,
              9.031388
            ],
            [
              80.425922,
              9.090887
            ],
            [
              80.405019,
              9.090691
            ],
            [
              80.405043,
              9.090691
            ],
            [
              80.405066,
              9.115564
            ]
          ]
        ]
      }
    },
    {
      "id": "feature_157",
      "type": "Feature",
      "properties": {
        "id": "LK-4409",
        "name": "Puthukkudiyiruppu",
        "area_sqkm": 326.53,
        "center_lat": 9.3143,
        "center_lng": 80.637424,
        "province_id": "LK-4",
        "district_id": "LK-44",
        "ed_id": "EC-11",
        "pd_id": "EC-11C",
        "lg_id": "LG-44043"
      },
      "geometry": {
        "type": "Polygon",
        "coordinates": [
          [
            [
              80.695452,
              9.217602
            ],
            [
              80.744556,
              9.329394
            ],
            [
              80.733304,
              9.347216
            ],
            [
              80.691309,
              9.351368
            ],
            [
              80.675655,
              9.383135
            ],
            [
              80.609485,
              9.427515
            ],
            [
              80.585498,
              9.408635
            ],
            [
              80.585333,
              9.362688
            ],
            [
              80.531851,
              9.405031
            ],
            [
              80.513396,
              9.345062
            ],
            [
              80.563841,
              9.331313
            ],
            [
              80.563818,
              9.331313
            ],
            [
              80.592607,
              9.320776
            ],
            [
              80.572316,
              9.242044
            ],
            [
              80.58644,
              9.215918
            ],
            [
              80.640746,
              9.230646
            ],
            [
              80.673748,
              9.20589
            ],
            [
              80.695452,
              9.217602
            ]
          ]
        ]
      }
    },
    {
      "id": "feature_158",
      "type": "Feature",
      "properties": {
        "id": "LK-4412",
        "name": "Oddusuddan",
        "area_sqkm": 762.54,
        "center_lat": 9.194731,
        "center_lng": 80.534922,
        "province_id": "LK-4",
        "district_id": "LK-44",
        "ed_id": "EC-11",
        "pd_id": "EC-11C",
        "lg_id": "LG-44043"
      },
      "geometry": {
        "type": "Polygon",
        "coordinates": [
          [
            [
              80.695452,
              9.217602
            ],
            [
              80.673748,
              9.20589
            ],
            [
              80.640746,
              9.230646
            ],
            [
              80.58644,
              9.215918
            ],
            [
              80.572316,
              9.242044
            ],
            [
              80.592607,
              9.320776
            ],
            [
              80.563818,
              9.331313
            ],
            [
              80.563841,
              9.331313
            ],
            [
              80.513396,
              9.345062
            ],
            [
              80.508405,
              9.345414
            ],
            [
              80.408173,
              9.339813
            ],
            [
              80.406855,
              9.305147
            ],
            [
              80.387906,
              9.250858
            ],
            [
              80.335718,
              9.211492
            ],
            [
              80.400452,
              9.173262
            ],
            [
              80.402924,
              9.123633
            ],
            [
              80.405066,
              9.115564
            ],
            [
              80.495058,
              9.113841
            ],
            [
              80.515256,
              9.075258
            ],
            [
              80.585263,
              9.112117
            ],
            [
              80.581991,
              9.12614
            ],
            [
              80.639051,
              9.119677
            ],
            [
              80.651621,
              9.077883
            ],
            [
              80.692321,
              9.074396
            ],
            [
              80.678197,
              9.029742
            ],
            [
              80.725889,
              9.04592
            ],
            [
              80.751806,
              9.106673
            ],
            [
              80.704326,
              9.098956
            ],
            [
              80.691874,
              9.110315
            ],
            [
              80.693545,
              9.1252
            ],
            [
              80.715884,
              9.124182
            ],
            [
              80.715272,
              9.19081
            ],
            [
              80.715249,
              9.19081
            ],
            [
              80.715272,
              9.19081
            ],
            [
              80.695452,
              9.217602
            ]
          ]
        ]
      }
    },
    {
      "id": "feature_159",
      "type": "Feature",
      "properties": {
        "id": "LK-4415",
        "name": "Maritimepattu",
        "area_sqkm": 612.64,
        "center_lat": 9.169164,
        "center_lng": 80.801013,
        "province_id": "LK-4",
        "district_id": "LK-44",
        "ed_id": "EC-11",
        "pd_id": "EC-11C",
        "lg_id": "LG-44042"
      },
      "geometry": {
        "type": "Polygon",
        "coordinates": [
          [
            [
              80.967218,
              8.986695
            ],
            [
              80.877696,
              9.135776
            ],
            [
              80.811503,
              9.291125
            ],
            [
              80.622808,
              9.458851
            ],
            [
              80.617206,
              9.452074
            ],
            [
              80.609485,
              9.427515
            ],
            [
              80.675655,
              9.383135
            ],
            [
              80.691309,
              9.351368
            ],
            [
              80.733304,
              9.347216
            ],
            [
              80.744556,
              9.329394
            ],
            [
              80.695452,
              9.217602
            ],
            [
              80.715272,
              9.19081
            ],
            [
              80.715249,
              9.19081
            ],
            [
              80.715272,
              9.19081
            ],
            [
              80.715884,
              9.124182
            ],
            [
              80.693545,
              9.1252
            ],
            [
              80.691874,
              9.110315
            ],
            [
              80.704326,
              9.098956
            ],
            [
              80.751806,
              9.106673
            ],
            [
              80.725889,
              9.04592
            ],
            [
              80.743379,
              9.035814
            ],
            [
              80.803452,
              9.002598
            ],
            [
              80.894645,
              9.051247
            ],
            [
              80.86249,
              9.024729
            ],
            [
              80.87739,
              9.027588
            ],
            [
              80.908816,
              8.985363
            ],
            [
              80.967218,
              8.986695
            ]
          ]
        ]
      }
    },
    {
      "id": "feature_160",
      "type": "Feature",
      "properties": {
        "id": "LK-4418",
        "name": "Welioya",
        "area_sqkm": 164.33,
        "center_lat": 8.984002,
        "center_lng": 80.796983,
        "province_id": "LK-4",
        "district_id": "LK-44",
        "ed_id": "EC-11",
        "pd_id": null,
        "lg_id": null
      },
      "geometry": {
        "type": "Polygon",
        "coordinates": [
          [
            [
              80.908816,
              8.985363
            ],
            [
              80.87739,
              9.027588
            ],
            [
              80.86249,
              9.024729
            ],
            [
              80.894645,
              9.051247
            ],
            [
              80.803452,
              9.002598
            ],
            [
              80.743379,
              9.035814
            ],
            [
              80.703197,
              8.984266
            ],
            [
              80.74505,
              8.903184
            ],
            [
              80.755125,
              8.905847
            ],
            [
              80.775558,
              8.94725
            ],
            [
              80.865526,
              8.95861
            ],
            [
              80.896151,
              8.980741
            ],
            [
              80.908816,
              8.985363
            ]
          ]
        ]
      }
    },
    {
      "id": "feature_161",
      "type": "Feature",
      "properties": {
        "id": "LK-4503",
        "name": "Pachchilaipalli",
        "area_sqkm": 176.03,
        "center_lat": 9.590645,
        "center_lng": 80.359079,
        "province_id": "LK-4",
        "district_id": "LK-45",
        "ed_id": "EC-10",
        "pd_id": "EC-10K",
        "lg_id": "LG-45032"
      },
      "geometry": {
        "type": "MultiPolygon",
        "coordinates": [
          [
            [
              [
                80.472625,
                9.518507
              ],
              [
                80.449274,
                9.525871
              ],
              [
                80.441153,
                9.578359
              ],
              [
                80.299444,
                9.684901
              ],
              [
                80.257519,
                9.613259
              ],
              [
                80.388141,
                9.517253
              ],
              [
                80.472625,
                9.518507
              ]
            ]
          ],
          [
            [
              [
                80.300644,
                9.586114
              ],
              [
                80.300856,
                9.587133
              ],
              [
                80.297349,
                9.587015
              ],
              [
                80.298478,
                9.585997
              ],
              [
                80.300644,
                9.586114
              ]
            ]
          ],
          [
            [
              [
                80.301162,
                9.585801
              ],
              [
                80.301492,
                9.585527
              ],
              [
                80.301821,
                9.585684
              ],
              [
                80.301068,
                9.586114
              ],
              [
                80.301162,
                9.585801
              ]
            ]
          ],
          [
            [
              [
                80.301044,
                9.584861
              ],
              [
                80.300456,
                9.585762
              ],
              [
                80.299373,
                9.585684
              ],
              [
                80.300785,
                9.584704
              ],
              [
                80.301044,
                9.584861
              ]
            ]
          ],
          [
            [
              [
                80.303445,
                9.5849
              ],
              [
                80.303916,
                9.584939
              ],
              [
                80.30394,
                9.585057
              ],
              [
                80.303469,
                9.585331
              ],
              [
                80.303445,
                9.5849
              ]
            ]
          ],
          [
            [
              [
                80.305964,
                9.584744
              ],
              [
                80.304552,
                9.5849
              ],
              [
                80.304363,
                9.584626
              ],
              [
                80.306082,
                9.583921
              ],
              [
                80.305964,
                9.584744
              ]
            ]
          ],
          [
            [
              [
                80.348924,
                9.550548
              ],
              [
                80.348171,
                9.551566
              ],
              [
                80.347771,
                9.551606
              ],
              [
                80.347771,
                9.551449
              ],
              [
                80.348924,
                9.550548
              ]
            ]
          ],
          [
            [
              [
                80.349677,
                9.549843
              ],
              [
                80.349842,
                9.549921
              ],
              [
                80.349654,
                9.550117
              ],
              [
                80.349536,
                9.55
              ],
              [
                80.349677,
                9.549843
              ]
            ]
          ],
          [
            [
              [
                80.352384,
                9.549765
              ],
              [
                80.350431,
                9.549686
              ],
              [
                80.358764,
                9.544281
              ],
              [
                80.358505,
                9.544947
              ],
              [
                80.352384,
                9.549765
              ]
            ]
          ],
          [
            [
              [
                80.358128,
                9.542753
              ],
              [
                80.359941,
                9.542636
              ],
              [
                80.358481,
                9.543615
              ],
              [
                80.358128,
                9.54338
              ],
              [
                80.357893,
                9.542949
              ],
              [
                80.358128,
                9.542753
              ]
            ]
          ]
        ]
      }
    },
    {
      "id": "feature_162",
      "type": "Feature",
      "properties": {
        "id": "LK-4506",
        "name": "Kandavalai",
        "area_sqkm": 274.3,
        "center_lat": 9.445569,
        "center_lng": 80.484949,
        "province_id": "LK-4",
        "district_id": "LK-45",
        "ed_id": "EC-10",
        "pd_id": "EC-10K",
        "lg_id": "LG-45031"
      },
      "geometry": {
        "type": "MultiPolygon",
        "coordinates": [
          [
            [
              [
                80.617206,
                9.452074
              ],
              [
                80.472625,
                9.518507
              ],
              [
                80.388141,
                9.517253
              ],
              [
                80.392402,
                9.483019
              ],
              [
                80.352926,
                9.465901
              ],
              [
                80.355421,
                9.419602
              ],
              [
                80.367709,
                9.432254
              ],
              [
                80.407797,
                9.420229
              ],
              [
                80.453746,
                9.437346
              ],
              [
                80.454688,
                9.408361
              ],
              [
                80.48948,
                9.409301
              ],
              [
                80.489503,
                9.40934
              ],
              [
                80.48948,
                9.409301
              ],
              [
                80.508405,
                9.345414
              ],
              [
                80.513396,
                9.345062
              ],
              [
                80.531851,
                9.405031
              ],
              [
                80.585333,
                9.362688
              ],
              [
                80.585498,
                9.408635
              ],
              [
                80.609485,
                9.427515
              ],
              [
                80.617206,
                9.452074
              ]
            ]
          ],
          [
            [
              [
                80.38122,
                9.484037
              ],
              [
                80.381126,
                9.481648
              ],
              [
                80.383574,
                9.482392
              ],
              [
                80.382421,
                9.484076
              ],
              [
                80.38122,
                9.484037
              ]
            ]
          ],
          [
            [
              [
                80.378584,
                9.483528
              ],
              [
                80.379902,
                9.483881
              ],
              [
                80.378843,
                9.483841
              ],
              [
                80.378184,
                9.483215
              ],
              [
                80.378584,
                9.483528
              ]
            ]
          ],
          [
            [
              [
                80.387882,
                9.483606
              ],
              [
                80.387317,
                9.483528
              ],
              [
                80.389012,
                9.483528
              ],
              [
                80.388188,
                9.483646
              ],
              [
                80.387882,
                9.483606
              ]
            ]
          ],
          [
            [
              [
                80.386776,
                9.483489
              ],
              [
                80.385081,
                9.483215
              ],
              [
                80.383268,
                9.483136
              ],
              [
                80.38647,
                9.48294
              ],
              [
                80.386776,
                9.483489
              ]
            ]
          ],
          [
            [
              [
                80.379055,
                9.48294
              ],
              [
                80.378537,
                9.482627
              ],
              [
                80.377901,
                9.482784
              ],
              [
                80.37889,
                9.482314
              ],
              [
                80.379055,
                9.48294
              ]
            ]
          ],
          [
            [
              [
                80.384445,
                9.482353
              ],
              [
                80.385081,
                9.481491
              ],
              [
                80.386964,
                9.48204
              ],
              [
                80.38654,
                9.482392
              ],
              [
                80.385269,
                9.481922
              ],
              [
                80.384445,
                9.482353
              ]
            ]
          ],
          [
            [
              [
                80.383622,
                9.48204
              ],
              [
                80.382703,
                9.482079
              ],
              [
                80.382468,
                9.481256
              ],
              [
                80.382986,
                9.480982
              ],
              [
                80.383622,
                9.48204
              ]
            ]
          ],
          [
            [
              [
                80.377454,
                9.481491
              ],
              [
                80.375288,
                9.480159
              ],
              [
                80.374771,
                9.47824
              ],
              [
                80.377313,
                9.47965
              ],
              [
                80.377454,
                9.481491
              ]
            ]
          ],
          [
            [
              [
                80.37237,
                9.4773
              ],
              [
                80.3755,
                9.481374
              ],
              [
                80.37503,
                9.481452
              ],
              [
                80.373193,
                9.480629
              ],
              [
                80.371969,
                9.477731
              ],
              [
                80.372628,
                9.476712
              ],
              [
                80.37237,
                9.4773
              ]
            ]
          ],
          [
            [
              [
                80.378207,
                9.480747
              ],
              [
                80.377242,
                9.479141
              ],
              [
                80.377713,
                9.478593
              ],
              [
                80.378702,
                9.479807
              ],
              [
                80.378207,
                9.480747
              ]
            ]
          ],
          [
            [
              [
                80.37889,
                9.480003
              ],
              [
                80.379549,
                9.479298
              ],
              [
                80.380043,
                9.479454
              ],
              [
                80.379643,
                9.480199
              ],
              [
                80.37889,
                9.480003
              ]
            ]
          ],
          [
            [
              [
                80.377195,
                9.479063
              ],
              [
                80.375594,
                9.477809
              ],
              [
                80.375312,
                9.476987
              ],
              [
                80.377619,
                9.478553
              ],
              [
                80.377195,
                9.479063
              ]
            ]
          ],
          [
            [
              [
                80.377219,
                9.478632
              ],
              [
                80.376654,
                9.477809
              ],
              [
                80.37696,
                9.477613
              ],
              [
                80.377572,
                9.477848
              ],
              [
                80.377219,
                9.478632
              ]
            ]
          ],
          [
            [
              [
                80.376701,
                9.477652
              ],
              [
                80.376089,
                9.477378
              ],
              [
                80.375948,
                9.477065
              ],
              [
                80.376395,
                9.476908
              ],
              [
                80.376701,
                9.477652
              ]
            ]
          ],
          [
            [
              [
                80.374135,
                9.476908
              ],
              [
                80.373288,
                9.477182
              ],
              [
                80.37018,
                9.474715
              ],
              [
                80.373099,
                9.476791
              ],
              [
                80.374135,
                9.476908
              ]
            ]
          ],
          [
            [
              [
                80.369262,
                9.474284
              ],
              [
                80.369003,
                9.47401
              ],
              [
                80.369098,
                9.473618
              ],
              [
                80.369686,
                9.474362
              ],
              [
                80.369262,
                9.474284
              ]
            ]
          ],
          [
            [
              [
                80.369145,
                9.474245
              ],
              [
                80.368697,
                9.474088
              ],
              [
                80.367779,
                9.473187
              ],
              [
                80.368038,
                9.473148
              ],
              [
                80.369145,
                9.474245
              ]
            ]
          ],
          [
            [
              [
                80.368274,
                9.473187
              ],
              [
                80.368674,
                9.473265
              ],
              [
                80.368886,
                9.473383
              ],
              [
                80.368486,
                9.4735
              ],
              [
                80.368274,
                9.473187
              ]
            ]
          ],
          [
            [
              [
                80.362271,
                9.470484
              ],
              [
                80.361377,
                9.469897
              ],
              [
                80.367709,
                9.472482
              ],
              [
                80.367167,
                9.472639
              ],
              [
                80.362271,
                9.470484
              ]
            ]
          ],
          [
            [
              [
                80.360458,
                9.469936
              ],
              [
                80.359894,
                9.469388
              ],
              [
                80.361235,
                9.469309
              ],
              [
                80.361212,
                9.469544
              ],
              [
                80.360458,
                9.469936
              ]
            ]
          ],
          [
            [
              [
                80.359894,
                9.469348
              ],
              [
                80.359164,
                9.469035
              ],
              [
                80.359917,
                9.468252
              ],
              [
                80.360364,
                9.4688
              ],
              [
                80.359894,
                9.469348
              ]
            ]
          ]
        ]
      }
    },
    {
      "id": "feature_163",
      "type": "Feature",
      "properties": {
        "id": "LK-4509",
        "name": "Karachchi",
        "area_sqkm": 395.57,
        "center_lat": 9.359072,
        "center_lng": 80.333852,
        "province_id": "LK-4",
        "district_id": "LK-45",
        "ed_id": "EC-10",
        "pd_id": "EC-10K",
        "lg_id": "LG-45031"
      },
      "geometry": {
        "type": "MultiPolygon",
        "coordinates": [
          [
            [
              [
                80.352926,
                9.465901
              ],
              [
                80.339932,
                9.473892
              ],
              [
                80.336519,
                9.455365
              ],
              [
                80.303116,
                9.456853
              ],
              [
                80.29603,
                9.39469
              ],
              [
                80.245067,
                9.372716
              ],
              [
                80.207333,
                9.376437
              ],
              [
                80.201824,
                9.334329
              ],
              [
                80.174471,
                9.291281
              ],
              [
                80.181227,
                9.229941
              ],
              [
                80.191749,
                9.237226
              ],
              [
                80.217949,
                9.232565
              ],
              [
                80.214042,
                9.271344
              ],
              [
                80.241701,
                9.300251
              ],
              [
                80.406855,
                9.305147
              ],
              [
                80.408173,
                9.339813
              ],
              [
                80.508405,
                9.345414
              ],
              [
                80.48948,
                9.409301
              ],
              [
                80.489503,
                9.40934
              ],
              [
                80.48948,
                9.409301
              ],
              [
                80.454688,
                9.408361
              ],
              [
                80.453746,
                9.437346
              ],
              [
                80.407797,
                9.420229
              ],
              [
                80.367709,
                9.432254
              ],
              [
                80.355421,
                9.419602
              ],
              [
                80.352926,
                9.465901
              ]
            ]
          ],
          [
            [
              [
                80.303845,
                9.484546
              ],
              [
                80.311967,
                9.468252
              ],
              [
                80.325031,
                9.465353
              ],
              [
                80.324866,
                9.465941
              ],
              [
                80.322465,
                9.467742
              ],
              [
                80.307376,
                9.478632
              ],
              [
                80.303845,
                9.484546
              ]
            ],
            [
              [
                80.307847,
                9.476947
              ],
              [
                80.306906,
                9.478005
              ],
              [
                80.306435,
                9.478984
              ],
              [
                80.308106,
                9.477339
              ],
              [
                80.307847,
                9.476947
              ]
            ]
          ],
          [
            [
              [
                80.303634,
                9.48247
              ],
              [
                80.303045,
                9.48157
              ],
              [
                80.304104,
                9.480943
              ],
              [
                80.304199,
                9.481374
              ],
              [
                80.303634,
                9.48247
              ]
            ]
          ],
          [
            [
              [
                80.31086,
                9.474088
              ],
              [
                80.310766,
                9.473579
              ],
              [
                80.311072,
                9.473422
              ],
              [
                80.31126,
                9.47354
              ],
              [
                80.31086,
                9.474088
              ]
            ]
          ],
          [
            [
              [
                80.318181,
                9.469936
              ],
              [
                80.317616,
                9.470054
              ],
              [
                80.317357,
                9.469897
              ],
              [
                80.318252,
                9.469583
              ],
              [
                80.318181,
                9.469936
              ]
            ]
          ],
          [
            [
              [
                80.338496,
                9.468683
              ],
              [
                80.338519,
                9.468761
              ],
              [
                80.337648,
                9.469388
              ],
              [
                80.337578,
                9.469192
              ],
              [
                80.338496,
                9.468683
              ]
            ]
          ],
          [
            [
              [
                80.299538,
                9.469035
              ],
              [
                80.303916,
                9.465706
              ],
              [
                80.304293,
                9.46645
              ],
              [
                80.303116,
                9.468095
              ],
              [
                80.300738,
                9.469113
              ],
              [
                80.299538,
                9.469035
              ]
            ]
          ],
          [
            [
              [
                80.296242,
                9.467586
              ],
              [
                80.296548,
                9.467664
              ],
              [
                80.296289,
                9.468252
              ],
              [
                80.296054,
                9.467977
              ],
              [
                80.296242,
                9.467586
              ]
            ]
          ],
          [
            [
              [
                80.312979,
                9.468134
              ],
              [
                80.31465,
                9.467116
              ],
              [
                80.318417,
                9.467233
              ],
              [
                80.31505,
                9.467155
              ],
              [
                80.312979,
                9.468134
              ]
            ]
          ],
          [
            [
              [
                80.296878,
                9.467625
              ],
              [
                80.297231,
                9.467625
              ],
              [
                80.296666,
                9.468134
              ],
              [
                80.296642,
                9.467782
              ],
              [
                80.296878,
                9.467625
              ]
            ]
          ],
          [
            [
              [
                80.311378,
                9.467586
              ],
              [
                80.311378,
                9.468134
              ],
              [
                80.310719,
                9.46786
              ],
              [
                80.310578,
                9.467703
              ],
              [
                80.310531,
                9.467468
              ],
              [
                80.310907,
                9.467312
              ],
              [
                80.311378,
                9.467586
              ]
            ]
          ],
          [
            [
              [
                80.350854,
                9.467312
              ],
              [
                80.351254,
                9.467077
              ],
              [
                80.35156,
                9.467233
              ],
              [
                80.351325,
                9.467507
              ],
              [
                80.350854,
                9.467312
              ]
            ]
          ],
          [
            [
              [
                80.296972,
                9.467351
              ],
              [
                80.296289,
                9.46739
              ],
              [
                80.296219,
                9.467155
              ],
              [
                80.296501,
                9.467037
              ],
              [
                80.296972,
                9.467351
              ]
            ]
          ],
          [
            [
              [
                80.351772,
                9.467233
              ],
              [
                80.35189,
                9.467272
              ],
              [
                80.351843,
                9.46739
              ],
              [
                80.351702,
                9.467351
              ],
              [
                80.351772,
                9.467233
              ]
            ]
          ],
          [
            [
              [
                80.350619,
                9.467116
              ],
              [
                80.350689,
                9.467116
              ],
              [
                80.350666,
                9.467312
              ],
              [
                80.350572,
                9.467272
              ],
              [
                80.350619,
                9.467116
              ]
            ]
          ],
          [
            [
              [
                80.350101,
                9.467077
              ],
              [
                80.349936,
                9.467194
              ],
              [
                80.349771,
                9.467194
              ],
              [
                80.350195,
                9.466802
              ],
              [
                80.350101,
                9.467077
              ]
            ]
          ],
          [
            [
              [
                80.299302,
                9.464961
              ],
              [
                80.299279,
                9.466959
              ],
              [
                80.297043,
                9.466567
              ],
              [
                80.296948,
                9.464961
              ],
              [
                80.299302,
                9.464961
              ]
            ]
          ],
          [
            [
              [
                80.350478,
                9.466842
              ],
              [
                80.350407,
                9.466646
              ],
              [
                80.350595,
                9.466607
              ],
              [
                80.350642,
                9.466881
              ],
              [
                80.350478,
                9.466842
              ]
            ]
          ],
          [
            [
              [
                80.350737,
                9.466607
              ],
              [
                80.350854,
                9.466528
              ],
              [
                80.351113,
                9.466802
              ],
              [
                80.350901,
                9.466881
              ],
              [
                80.350737,
                9.466607
              ]
            ]
          ],
          [
            [
              [
                80.351725,
                9.466802
              ],
              [
                80.351396,
                9.46645
              ],
              [
                80.351961,
                9.465627
              ],
              [
                80.352078,
                9.466254
              ],
              [
                80.351725,
                9.466802
              ]
            ]
          ],
          [
            [
              [
                80.308459,
                9.466411
              ],
              [
                80.305729,
                9.464844
              ],
              [
                80.307282,
                9.465157
              ],
              [
                80.30773,
                9.465666
              ],
              [
                80.308342,
                9.465784
              ],
              [
                80.309142,
                9.46645
              ],
              [
                80.308459,
                9.466411
              ]
            ]
          ],
          [
            [
              [
                80.305164,
                9.465079
              ],
              [
                80.305682,
                9.465471
              ],
              [
                80.304575,
                9.466372
              ],
              [
                80.304199,
                9.465588
              ],
              [
                80.305164,
                9.465079
              ]
            ]
          ],
          [
            [
              [
                80.319358,
                9.46265
              ],
              [
                80.317075,
                9.466176
              ],
              [
                80.311449,
                9.463825
              ],
              [
                80.31877,
                9.460927
              ],
              [
                80.319358,
                9.46265
              ]
            ]
          ],
          [
            [
              [
                80.299679,
                9.465392
              ],
              [
                80.30022,
                9.465196
              ],
              [
                80.300103,
                9.466058
              ],
              [
                80.299985,
                9.466019
              ],
              [
                80.299679,
                9.465392
              ]
            ]
          ],
          [
            [
              [
                80.325125,
                9.465353
              ],
              [
                80.326655,
                9.464766
              ],
              [
                80.326655,
                9.465275
              ],
              [
                80.325431,
                9.465666
              ],
              [
                80.325125,
                9.465353
              ]
            ]
          ],
          [
            [
              [
                80.349513,
                9.465353
              ],
              [
                80.349254,
                9.465196
              ],
              [
                80.349277,
                9.46504
              ],
              [
                80.349866,
                9.465431
              ],
              [
                80.349513,
                9.465353
              ]
            ]
          ],
          [
            [
              [
                80.327056,
                9.465353
              ],
              [
                80.326679,
                9.464648
              ],
              [
                80.327291,
                9.463982
              ],
              [
                80.327738,
                9.46504
              ],
              [
                80.327056,
                9.465353
              ]
            ]
          ],
          [
            [
              [
                80.328209,
                9.465079
              ],
              [
                80.329504,
                9.463316
              ],
              [
                80.33367,
                9.464178
              ],
              [
                80.331811,
                9.463825
              ],
              [
                80.328209,
                9.465079
              ]
            ]
          ],
          [
            [
              [
                80.299891,
                9.464452
              ],
              [
                80.300409,
                9.46457
              ],
              [
                80.300597,
                9.464766
              ],
              [
                80.300103,
                9.46504
              ],
              [
                80.299891,
                9.464452
              ]
            ]
          ],
          [
            [
              [
                80.309071,
                9.464883
              ],
              [
                80.306152,
                9.463865
              ],
              [
                80.309354,
                9.463865
              ],
              [
                80.310601,
                9.464139
              ],
              [
                80.309071,
                9.464883
              ]
            ]
          ],
          [
            [
              [
                80.296525,
                9.463277
              ],
              [
                80.297278,
                9.464295
              ],
              [
                80.297278,
                9.464609
              ],
              [
                80.295748,
                9.462572
              ],
              [
                80.296525,
                9.463277
              ]
            ]
          ],
          [
            [
              [
                80.300173,
                9.463825
              ],
              [
                80.300032,
                9.463316
              ],
              [
                80.300668,
                9.463395
              ],
              [
                80.300715,
                9.463512
              ],
              [
                80.300173,
                9.463825
              ]
            ]
          ],
          [
            [
              [
                80.335671,
                9.463708
              ],
              [
                80.335671,
                9.46359
              ],
              [
                80.335718,
                9.463551
              ],
              [
                80.335812,
                9.463786
              ],
              [
                80.335671,
                9.463708
              ]
            ]
          ],
          [
            [
              [
                80.30514,
                9.463512
              ],
              [
                80.304316,
                9.463395
              ],
              [
                80.304246,
                9.463199
              ],
              [
                80.304622,
                9.463081
              ],
              [
                80.30514,
                9.463512
              ]
            ]
          ],
          [
            [
              [
                80.335412,
                9.463316
              ],
              [
                80.335459,
                9.463434
              ],
              [
                80.335365,
                9.463551
              ],
              [
                80.335295,
                9.463434
              ],
              [
                80.335412,
                9.463316
              ]
            ]
          ],
          [
            [
              [
                80.336165,
                9.463473
              ],
              [
                80.336236,
                9.463003
              ],
              [
                80.336495,
                9.462925
              ],
              [
                80.336377,
                9.463512
              ],
              [
                80.336165,
                9.463473
              ]
            ]
          ],
          [
            [
              [
                80.335718,
                9.46312
              ],
              [
                80.335907,
                9.463238
              ],
              [
                80.335812,
                9.463473
              ],
              [
                80.335671,
                9.463395
              ],
              [
                80.335718,
                9.46312
              ]
            ]
          ],
          [
            [
              [
                80.299938,
                9.462925
              ],
              [
                80.298384,
                9.462846
              ],
              [
                80.298667,
                9.462611
              ],
              [
                80.299279,
                9.462611
              ],
              [
                80.299561,
                9.46269
              ],
              [
                80.299961,
                9.462885
              ],
              [
                80.299938,
                9.462925
              ]
            ]
          ],
          [
            [
              [
                80.334941,
                9.46312
              ],
              [
                80.335083,
                9.46316
              ],
              [
                80.334989,
                9.463277
              ],
              [
                80.334918,
                9.463199
              ],
              [
                80.334941,
                9.46312
              ]
            ]
          ],
          [
            [
              [
                80.334588,
                9.463081
              ],
              [
                80.334612,
                9.463042
              ],
              [
                80.334659,
                9.463199
              ],
              [
                80.334565,
                9.46316
              ],
              [
                80.334588,
                9.463081
              ]
            ]
          ],
          [
            [
              [
                80.335671,
                9.462964
              ],
              [
                80.335577,
                9.462925
              ],
              [
                80.335624,
                9.46269
              ],
              [
                80.335742,
                9.462846
              ],
              [
                80.335671,
                9.462964
              ]
            ]
          ],
          [
            [
              [
                80.33513,
                9.462768
              ],
              [
                80.335177,
                9.462768
              ],
              [
                80.335247,
                9.462925
              ],
              [
                80.335106,
                9.462807
              ],
              [
                80.33513,
                9.462768
              ]
            ]
          ],
          [
            [
              [
                80.297349,
                9.46269
              ],
              [
                80.297301,
                9.462376
              ],
              [
                80.29789,
                9.462337
              ],
              [
                80.297513,
                9.462376
              ],
              [
                80.297349,
                9.46269
              ]
            ]
          ],
          [
            [
              [
                80.300126,
                9.462376
              ],
              [
                80.301021,
                9.461867
              ],
              [
                80.302268,
                9.462298
              ],
              [
                80.299773,
                9.462415
              ],
              [
                80.300126,
                9.462376
              ]
            ]
          ],
          [
            [
              [
                80.302927,
                9.462024
              ],
              [
                80.302362,
                9.461828
              ],
              [
                80.302716,
                9.461789
              ],
              [
                80.302975,
                9.461945
              ],
              [
                80.302927,
                9.462024
              ]
            ]
          ],
          [
            [
              [
                80.335812,
                9.458851
              ],
              [
                80.336024,
                9.459008
              ],
              [
                80.336024,
                9.459086
              ],
              [
                80.335859,
                9.459125
              ],
              [
                80.335812,
                9.458851
              ]
            ]
          ],
          [
            [
              [
                80.336048,
                9.458812
              ],
              [
                80.33593,
                9.458655
              ],
              [
                80.33593,
                9.458616
              ],
              [
                80.336024,
                9.458655
              ],
              [
                80.336048,
                9.458812
              ]
            ]
          ],
          [
            [
              [
                80.330587,
                9.455208
              ],
              [
                80.330751,
                9.455286
              ],
              [
                80.330563,
                9.455521
              ],
              [
                80.330445,
                9.455326
              ],
              [
                80.330587,
                9.455208
              ]
            ]
          ]
        ]
      }
    },
    {
      "id": "feature_164",
      "type": "Feature",
      "properties": {
        "id": "LK-4512",
        "name": "Poonakary",
        "area_sqkm": 473.39,
        "center_lat": 9.396612,
        "center_lng": 80.168652,
        "province_id": "LK-4",
        "district_id": "LK-45",
        "ed_id": "EC-10",
        "pd_id": "EC-10K",
        "lg_id": "LG-45033"
      },
      "geometry": {
        "type": "MultiPolygon",
        "coordinates": [
          [
            [
              [
                80.303116,
                9.456853
              ],
              [
                80.249822,
                9.468878
              ],
              [
                80.250999,
                9.474401
              ],
              [
                80.277928,
                9.475733
              ],
              [
                80.248857,
                9.496141
              ],
              [
                80.248292,
                9.506364
              ],
              [
                80.284472,
                9.495867
              ],
              [
                80.264369,
                9.51365
              ],
              [
                80.196316,
                9.537504
              ],
              [
                80.196528,
                9.552663
              ],
              [
                80.170069,
                9.543537
              ],
              [
                80.060374,
                9.611144
              ],
              [
                80.051853,
                9.598806
              ],
              [
                80.133818,
                9.546709
              ],
              [
                80.185747,
                9.486622
              ],
              [
                80.147306,
                9.437581
              ],
              [
                80.053736,
                9.390852
              ],
              [
                80.06327,
                9.331
              ],
              [
                80.122095,
                9.299703
              ],
              [
                80.109996,
                9.275221
              ],
              [
                80.118729,
                9.211727
              ],
              [
                80.181227,
                9.229941
              ],
              [
                80.174471,
                9.291281
              ],
              [
                80.201824,
                9.334329
              ],
              [
                80.207333,
                9.376437
              ],
              [
                80.245067,
                9.372716
              ],
              [
                80.29603,
                9.39469
              ],
              [
                80.303116,
                9.456853
              ]
            ]
          ],
          [
            [
              [
                80.080454,
                9.610204
              ],
              [
                80.084338,
                9.60899
              ],
              [
                80.076052,
                9.612006
              ],
              [
                80.076193,
                9.611653
              ],
              [
                80.080454,
                9.610204
              ]
            ]
          ],
          [
            [
              [
                80.068354,
                9.609773
              ],
              [
                80.066024,
                9.609538
              ],
              [
                80.07391,
                9.603898
              ],
              [
                80.086998,
                9.59861
              ],
              [
                80.077558,
                9.602879
              ],
              [
                80.068354,
                9.609773
              ]
            ]
          ],
          [
            [
              [
                80.089634,
                9.599432
              ],
              [
                80.090176,
                9.597826
              ],
              [
                80.09905,
                9.59481
              ],
              [
                80.104488,
                9.594301
              ],
              [
                80.101498,
                9.594654
              ],
              [
                80.089634,
                9.599432
              ]
            ]
          ],
          [
            [
              [
                80.194504,
                9.545182
              ],
              [
                80.194433,
                9.545064
              ],
              [
                80.194645,
                9.544908
              ],
              [
                80.194739,
                9.545103
              ],
              [
                80.194504,
                9.545182
              ]
            ]
          ],
          [
            [
              [
                80.201683,
                9.542361
              ],
              [
                80.198835,
                9.542087
              ],
              [
                80.200906,
                9.539071
              ],
              [
                80.201848,
                9.541539
              ],
              [
                80.201683,
                9.542361
              ]
            ]
          ],
          [
            [
              [
                80.21809,
                9.53911
              ],
              [
                80.218114,
                9.538484
              ],
              [
                80.218396,
                9.538249
              ],
              [
                80.218867,
                9.539385
              ],
              [
                80.21809,
                9.53911
              ]
            ]
          ],
          [
            [
              [
                80.220091,
                9.539071
              ],
              [
                80.218961,
                9.53817
              ],
              [
                80.223175,
                9.536682
              ],
              [
                80.223057,
                9.537857
              ],
              [
                80.220091,
                9.539071
              ]
            ]
          ],
          [
            [
              [
                80.202907,
                9.536995
              ],
              [
                80.203143,
                9.537544
              ],
              [
                80.202695,
                9.538209
              ],
              [
                80.202107,
                9.537622
              ],
              [
                80.202907,
                9.536995
              ]
            ]
          ],
          [
            [
              [
                80.223811,
                9.536564
              ],
              [
                80.224658,
                9.536133
              ],
              [
                80.22487,
                9.536447
              ],
              [
                80.223928,
                9.537309
              ],
              [
                80.223811,
                9.536564
              ]
            ]
          ],
          [
            [
              [
                80.20858,
                9.536564
              ],
              [
                80.203449,
                9.536721
              ],
              [
                80.212041,
                9.531316
              ],
              [
                80.20971,
                9.53629
              ],
              [
                80.20858,
                9.536564
              ]
            ]
          ],
          [
            [
              [
                80.224893,
                9.534488
              ],
              [
                80.22713,
                9.53394
              ],
              [
                80.2264,
                9.534998
              ],
              [
                80.225082,
                9.535037
              ],
              [
                80.224893,
                9.534488
              ]
            ]
          ],
          [
            [
              [
                80.257543,
                9.498569
              ],
              [
                80.257849,
                9.498844
              ],
              [
                80.257849,
                9.499353
              ],
              [
                80.257614,
                9.499235
              ],
              [
                80.257543,
                9.498569
              ]
            ]
          ],
          [
            [
              [
                80.257307,
                9.49853
              ],
              [
                80.257331,
                9.499
              ],
              [
                80.256719,
                9.498452
              ],
              [
                80.257001,
                9.498295
              ],
              [
                80.257307,
                9.49853
              ]
            ]
          ],
          [
            [
              [
                80.261733,
                9.498373
              ],
              [
                80.262015,
                9.498569
              ],
              [
                80.262298,
                9.498569
              ],
              [
                80.261592,
                9.498608
              ],
              [
                80.261733,
                9.498373
              ]
            ]
          ],
          [
            [
              [
                80.259756,
                9.497473
              ],
              [
                80.260909,
                9.497473
              ],
              [
                80.261427,
                9.498491
              ],
              [
                80.260438,
                9.498295
              ],
              [
                80.259756,
                9.497473
              ]
            ]
          ],
          [
            [
              [
                80.264228,
                9.498178
              ],
              [
                80.26411,
                9.498021
              ],
              [
                80.264558,
                9.498178
              ],
              [
                80.264464,
                9.498334
              ],
              [
                80.264228,
                9.498178
              ]
            ]
          ],
          [
            [
              [
                80.262627,
                9.498178
              ],
              [
                80.262463,
                9.498099
              ],
              [
                80.262486,
                9.49806
              ],
              [
                80.262722,
                9.49806
              ],
              [
                80.262627,
                9.498178
              ]
            ]
          ],
          [
            [
              [
                80.253353,
                9.496219
              ],
              [
                80.252953,
                9.497551
              ],
              [
                80.252341,
                9.497943
              ],
              [
                80.252129,
                9.496963
              ],
              [
                80.253353,
                9.496219
              ]
            ]
          ],
          [
            [
              [
                80.260721,
                9.497355
              ],
              [
                80.260509,
                9.497277
              ],
              [
                80.260368,
                9.496768
              ],
              [
                80.261074,
                9.497081
              ],
              [
                80.260721,
                9.497355
              ]
            ]
          ],
          [
            [
              [
                80.286144,
                9.495867
              ],
              [
                80.281106,
                9.491832
              ],
              [
                80.265358,
                9.495397
              ],
              [
                80.278917,
                9.489599
              ],
              [
                80.286144,
                9.495867
              ]
            ]
          ],
          [
            [
              [
                80.262722,
                9.495318
              ],
              [
                80.262063,
                9.49477
              ],
              [
                80.265005,
                9.494927
              ],
              [
                80.26331,
                9.49618
              ],
              [
                80.262722,
                9.495318
              ]
            ]
          ],
          [
            [
              [
                80.262157,
                9.495867
              ],
              [
                80.261992,
                9.495867
              ],
              [
                80.26178,
                9.495671
              ],
              [
                80.262039,
                9.49571
              ],
              [
                80.262157,
                9.495867
              ]
            ]
          ],
          [
            [
              [
                80.255542,
                9.491284
              ],
              [
                80.255966,
                9.493281
              ],
              [
                80.25945,
                9.494339
              ],
              [
                80.253612,
                9.495201
              ],
              [
                80.255542,
                9.491284
              ]
            ]
          ],
          [
            [
              [
                80.26178,
                9.495083
              ],
              [
                80.261756,
                9.49524
              ],
              [
                80.261286,
                9.494966
              ],
              [
                80.261545,
                9.494809
              ],
              [
                80.26178,
                9.495083
              ]
            ]
          ],
          [
            [
              [
                80.260933,
                9.49477
              ],
              [
                80.260627,
                9.494731
              ],
              [
                80.260509,
                9.494574
              ],
              [
                80.260909,
                9.494574
              ],
              [
                80.260933,
                9.49477
              ]
            ]
          ],
          [
            [
              [
                80.277199,
                9.492968
              ],
              [
                80.27734,
                9.493007
              ],
              [
                80.277316,
                9.493242
              ],
              [
                80.277199,
                9.493046
              ],
              [
                80.277199,
                9.492968
              ]
            ]
          ],
          [
            [
              [
                80.258602,
                9.491871
              ],
              [
                80.257637,
                9.49097
              ],
              [
                80.257684,
                9.490853
              ],
              [
                80.258814,
                9.491166
              ],
              [
                80.258602,
                9.491871
              ]
            ]
          ],
          [
            [
              [
                80.257449,
                9.491793
              ],
              [
                80.256719,
                9.49144
              ],
              [
                80.256884,
                9.49097
              ],
              [
                80.257614,
                9.491088
              ],
              [
                80.257449,
                9.491793
              ]
            ]
          ],
          [
            [
              [
                80.2546,
                9.490931
              ],
              [
                80.255048,
                9.491088
              ],
              [
                80.255048,
                9.491245
              ],
              [
                80.254624,
                9.491323
              ],
              [
                80.2546,
                9.490931
              ]
            ]
          ],
          [
            [
              [
                80.255589,
                9.490383
              ],
              [
                80.256484,
                9.4905
              ],
              [
                80.256907,
                9.490814
              ],
              [
                80.255142,
                9.490931
              ],
              [
                80.255589,
                9.490383
              ]
            ]
          ],
          [
            [
              [
                80.257237,
                9.490618
              ],
              [
                80.256554,
                9.490344
              ],
              [
                80.256531,
                9.490148
              ],
              [
                80.257119,
                9.49003
              ],
              [
                80.257237,
                9.490618
              ]
            ]
          ],
          [
            [
              [
                80.26098,
                9.48768
              ],
              [
                80.260933,
                9.487406
              ],
              [
                80.261756,
                9.488033
              ],
              [
                80.261356,
                9.488033
              ],
              [
                80.26098,
                9.48768
              ]
            ]
          ],
          [
            [
              [
                80.263263,
                9.487406
              ],
              [
                80.262957,
                9.486662
              ],
              [
                80.263522,
                9.486975
              ],
              [
                80.263687,
                9.487406
              ],
              [
                80.263263,
                9.487406
              ]
            ]
          ],
          [
            [
              [
                80.266818,
                9.48674
              ],
              [
                80.266935,
                9.485682
              ],
              [
                80.267924,
                9.485996
              ],
              [
                80.267076,
                9.486857
              ],
              [
                80.266818,
                9.48674
              ]
            ]
          ],
          [
            [
              [
                80.266653,
                9.484664
              ],
              [
                80.266182,
                9.483763
              ],
              [
                80.266182,
                9.483332
              ],
              [
                80.26783,
                9.483959
              ],
              [
                80.266653,
                9.484664
              ]
            ]
          ],
          [
            [
              [
                80.266017,
                9.484468
              ],
              [
                80.26557,
                9.484311
              ],
              [
                80.265641,
                9.483489
              ],
              [
                80.266182,
                9.48392
              ],
              [
                80.266017,
                9.484468
              ]
            ]
          ],
          [
            [
              [
                80.278305,
                9.477809
              ],
              [
                80.27807,
                9.478083
              ],
              [
                80.277834,
                9.477966
              ],
              [
                80.278399,
                9.477457
              ],
              [
                80.278305,
                9.477809
              ]
            ]
          ],
          [
            [
              [
                80.28233,
                9.477692
              ],
              [
                80.281671,
                9.477927
              ],
              [
                80.280965,
                9.477848
              ],
              [
                80.283013,
                9.476556
              ],
              [
                80.28233,
                9.477692
              ]
            ]
          ],
          [
            [
              [
                80.269948,
                9.475772
              ],
              [
                80.270113,
                9.476321
              ],
              [
                80.269736,
                9.476673
              ],
              [
                80.269478,
                9.475733
              ],
              [
                80.269948,
                9.475772
              ]
            ]
          ],
          [
            [
              [
                80.282872,
                9.474245
              ],
              [
                80.286779,
                9.47542
              ],
              [
                80.28007,
                9.474832
              ],
              [
                80.280541,
                9.474323
              ],
              [
                80.282872,
                9.474245
              ]
            ]
          ],
          [
            [
              [
                80.290075,
                9.472208
              ],
              [
                80.29377,
                9.46833
              ],
              [
                80.292499,
                9.472756
              ],
              [
                80.290192,
                9.474245
              ],
              [
                80.290075,
                9.472208
              ]
            ]
          ],
          [
            [
              [
                80.277269,
                9.473618
              ],
              [
                80.276092,
                9.473971
              ],
              [
                80.275904,
                9.473892
              ],
              [
                80.276422,
                9.472913
              ],
              [
                80.277269,
                9.473618
              ]
            ]
          ],
          [
            [
              [
                80.25719,
                9.471542
              ],
              [
                80.253824,
                9.473109
              ],
              [
                80.255165,
                9.472247
              ],
              [
                80.256954,
                9.471424
              ],
              [
                80.25719,
                9.471542
              ]
            ]
          ],
          [
            [
              [
                80.259355,
                9.471777
              ],
              [
                80.259991,
                9.47209
              ],
              [
                80.259944,
                9.472325
              ],
              [
                80.259379,
                9.472286
              ],
              [
                80.259355,
                9.471777
              ]
            ]
          ],
          [
            [
              [
                80.258649,
                9.471072
              ],
              [
                80.259049,
                9.47115
              ],
              [
                80.259073,
                9.471816
              ],
              [
                80.258908,
                9.471738
              ],
              [
                80.258649,
                9.471072
              ]
            ]
          ],
          [
            [
              [
                80.258343,
                9.471777
              ],
              [
                80.257778,
                9.471464
              ],
              [
                80.258014,
                9.471385
              ],
              [
                80.258178,
                9.471464
              ],
              [
                80.258343,
                9.471777
              ]
            ]
          ],
          [
            [
              [
                80.273997,
                9.470132
              ],
              [
                80.27475,
                9.470759
              ],
              [
                80.272279,
                9.471229
              ],
              [
                80.273291,
                9.469858
              ],
              [
                80.273997,
                9.470132
              ]
            ]
          ],
          [
            [
              [
                80.259873,
                9.47115
              ],
              [
                80.258273,
                9.470759
              ],
              [
                80.258484,
                9.470641
              ],
              [
                80.259473,
                9.470719
              ],
              [
                80.259803,
                9.470915
              ],
              [
                80.259873,
                9.47115
              ]
            ]
          ],
          [
            [
              [
                80.253682,
                9.470563
              ],
              [
                80.253659,
                9.470798
              ],
              [
                80.253329,
                9.471072
              ],
              [
                80.253447,
                9.470563
              ],
              [
                80.253682,
                9.470563
              ]
            ]
          ],
          [
            [
              [
                80.269407,
                9.469897
              ],
              [
                80.265805,
                9.469388
              ],
              [
                80.269172,
                9.46692
              ],
              [
                80.272043,
                9.468017
              ],
              [
                80.269407,
                9.469897
              ]
            ]
          ],
          [
            [
              [
                80.26411,
                9.465275
              ],
              [
                80.261709,
                9.470406
              ],
              [
                80.259332,
                9.466293
              ],
              [
                80.263287,
                9.463238
              ],
              [
                80.263781,
                9.463199
              ],
              [
                80.264416,
                9.463708
              ],
              [
                80.26411,
                9.465275
              ]
            ]
          ],
          [
            [
              [
                80.273856,
                9.468722
              ],
              [
                80.275645,
                9.469701
              ],
              [
                80.275739,
                9.469975
              ],
              [
                80.27548,
                9.470132
              ],
              [
                80.275386,
                9.46974
              ],
              [
                80.274774,
                9.469505
              ],
              [
                80.273903,
                9.468918
              ],
              [
                80.273856,
                9.468722
              ]
            ]
          ],
          [
            [
              [
                80.273173,
                9.46786
              ],
              [
                80.273879,
                9.469074
              ],
              [
                80.27322,
                9.469583
              ],
              [
                80.272797,
                9.467977
              ],
              [
                80.273173,
                9.46786
              ]
            ]
          ],
          [
            [
              [
                80.294618,
                9.467272
              ],
              [
                80.295089,
                9.467272
              ],
              [
                80.295183,
                9.468957
              ],
              [
                80.29377,
                9.467821
              ],
              [
                80.294618,
                9.467272
              ]
            ]
          ],
          [
            [
              [
                80.274845,
                9.46739
              ],
              [
                80.275221,
                9.467703
              ],
              [
                80.274962,
                9.468565
              ],
              [
                80.274162,
                9.467507
              ],
              [
                80.274845,
                9.46739
              ]
            ]
          ],
          [
            [
              [
                80.272985,
                9.468526
              ],
              [
                80.27282,
                9.468408
              ],
              [
                80.272773,
                9.468134
              ],
              [
                80.272961,
                9.468291
              ],
              [
                80.272985,
                9.468526
              ]
            ]
          ],
          [
            [
              [
                80.286897,
                9.468056
              ],
              [
                80.286426,
                9.467977
              ],
              [
                80.286285,
                9.466842
              ],
              [
                80.28692,
                9.467938
              ],
              [
                80.286897,
                9.468056
              ]
            ]
          ],
          [
            [
              [
                80.293111,
                9.461867
              ],
              [
                80.293323,
                9.466567
              ],
              [
                80.287085,
                9.467938
              ],
              [
                80.28951,
                9.459634
              ],
              [
                80.293111,
                9.461867
              ]
            ]
          ],
          [
            [
              [
                80.289839,
                9.467586
              ],
              [
                80.290122,
                9.467351
              ],
              [
                80.290357,
                9.467429
              ],
              [
                80.289981,
                9.467782
              ],
              [
                80.289839,
                9.467586
              ]
            ]
          ],
          [
            [
              [
                80.275645,
                9.46739
              ],
              [
                80.27548,
                9.466959
              ],
              [
                80.27621,
                9.46598
              ],
              [
                80.276375,
                9.466332
              ],
              [
                80.275645,
                9.46739
              ]
            ]
          ],
          [
            [
              [
                80.271525,
                9.466372
              ],
              [
                80.271455,
                9.466567
              ],
              [
                80.268489,
                9.466802
              ],
              [
                80.26943,
                9.466254
              ],
              [
                80.271525,
                9.466372
              ]
            ]
          ],
          [
            [
              [
                80.274515,
                9.466411
              ],
              [
                80.274609,
                9.466215
              ],
              [
                80.276398,
                9.465431
              ],
              [
                80.275245,
                9.466097
              ],
              [
                80.274515,
                9.466411
              ]
            ]
          ],
          [
            [
              [
                80.285131,
                9.466097
              ],
              [
                80.283837,
                9.464726
              ],
              [
                80.284778,
                9.462611
              ],
              [
                80.286026,
                9.465784
              ],
              [
                80.285131,
                9.466097
              ]
            ]
          ],
          [
            [
              [
                80.279623,
                9.462494
              ],
              [
                80.279364,
                9.466058
              ],
              [
                80.27894,
                9.465666
              ],
              [
                80.278281,
                9.464413
              ],
              [
                80.278093,
                9.462102
              ],
              [
                80.279623,
                9.462494
              ]
            ],
            [
              [
                80.278846,
                9.463199
              ],
              [
                80.279553,
                9.462611
              ],
              [
                80.278352,
                9.462063
              ],
              [
                80.278258,
                9.463199
              ],
              [
                80.278846,
                9.463199
              ]
            ]
          ],
          [
            [
              [
                80.292217,
                9.46504
              ],
              [
                80.292311,
                9.465275
              ],
              [
                80.292264,
                9.465431
              ],
              [
                80.291981,
                9.465157
              ],
              [
                80.292217,
                9.46504
              ]
            ]
          ],
          [
            [
              [
                80.286614,
                9.464021
              ],
              [
                80.286709,
                9.46457
              ],
              [
                80.286379,
                9.464648
              ],
              [
                80.286355,
                9.464295
              ],
              [
                80.286614,
                9.464021
              ]
            ]
          ],
          [
            [
              [
                80.287226,
                9.464139
              ],
              [
                80.28725,
                9.463943
              ],
              [
                80.287532,
                9.463747
              ],
              [
                80.287485,
                9.464217
              ],
              [
                80.287226,
                9.464139
              ]
            ]
          ],
          [
            [
              [
                80.287509,
                9.462885
              ],
              [
                80.287697,
                9.462885
              ],
              [
                80.287556,
                9.46359
              ],
              [
                80.287297,
                9.463316
              ],
              [
                80.287509,
                9.462885
              ]
            ]
          ],
          [
            [
              [
                80.288097,
                9.462807
              ],
              [
                80.287744,
                9.46124
              ],
              [
                80.288874,
                9.459948
              ],
              [
                80.288686,
                9.46269
              ],
              [
                80.288097,
                9.462807
              ]
            ]
          ],
          [
            [
              [
                80.288121,
                9.459908
              ],
              [
                80.285202,
                9.462455
              ],
              [
                80.285131,
                9.462024
              ],
              [
                80.285437,
                9.461671
              ],
              [
                80.288121,
                9.459908
              ]
            ]
          ],
          [
            [
              [
                80.295112,
                9.461632
              ],
              [
                80.294712,
                9.460339
              ],
              [
                80.29756,
                9.459556
              ],
              [
                80.295866,
                9.461514
              ],
              [
                80.2949,
                9.460535
              ],
              [
                80.295112,
                9.461632
              ]
            ]
          ],
          [
            [
              [
                80.291958,
                9.460183
              ],
              [
                80.291511,
                9.460927
              ],
              [
                80.29071,
                9.459713
              ],
              [
                80.290804,
                9.459713
              ],
              [
                80.291958,
                9.460183
              ]
            ]
          ],
          [
            [
              [
                80.280588,
                9.460653
              ],
              [
                80.280141,
                9.460809
              ],
              [
                80.280023,
                9.460574
              ],
              [
                80.2804,
                9.460418
              ],
              [
                80.280588,
                9.460653
              ]
            ]
          ],
          [
            [
              [
                80.292923,
                9.460222
              ],
              [
                80.2933,
                9.4603
              ],
              [
                80.293041,
                9.460378
              ],
              [
                80.292805,
                9.4603
              ],
              [
                80.292923,
                9.460222
              ]
            ]
          ],
          [
            [
              [
                80.282825,
                9.459556
              ],
              [
                80.280871,
                9.459517
              ],
              [
                80.281389,
                9.459203
              ],
              [
                80.282424,
                9.459164
              ],
              [
                80.282825,
                9.459556
              ]
            ]
          ],
          [
            [
              [
                80.289416,
                9.459243
              ],
              [
                80.288851,
                9.459203
              ],
              [
                80.288827,
                9.458459
              ],
              [
                80.289604,
                9.459164
              ],
              [
                80.289416,
                9.459243
              ]
            ]
          ],
          [
            [
              [
                80.157334,
                9.455051
              ],
              [
                80.156934,
                9.454973
              ],
              [
                80.156934,
                9.454425
              ],
              [
                80.157381,
                9.454973
              ],
              [
                80.157334,
                9.455051
              ]
            ]
          ],
          [
            [
              [
                80.157052,
                9.453798
              ],
              [
                80.156934,
                9.453798
              ],
              [
                80.156817,
                9.453602
              ],
              [
                80.156934,
                9.453602
              ],
              [
                80.157052,
                9.453798
              ]
            ]
          ],
          [
            [
              [
                80.157334,
                9.448823
              ],
              [
                80.157782,
                9.448784
              ],
              [
                80.156463,
                9.450351
              ],
              [
                80.156181,
                9.449489
              ],
              [
                80.157334,
                9.448823
              ]
            ]
          ],
          [
            [
              [
                80.156817,
                9.448745
              ],
              [
                80.156228,
                9.448823
              ],
              [
                80.156369,
                9.44804
              ],
              [
                80.156793,
                9.448353
              ],
              [
                80.156817,
                9.448745
              ]
            ]
          ],
          [
            [
              [
                80.125791,
                9.429982
              ],
              [
                80.125203,
                9.429199
              ],
              [
                80.125415,
                9.428455
              ],
              [
                80.125815,
                9.429747
              ],
              [
                80.125791,
                9.429982
              ]
            ]
          ],
          [
            [
              [
                80.059456,
                9.330216
              ],
              [
                80.059433,
                9.340596
              ],
              [
                80.056537,
                9.348195
              ],
              [
                80.051994,
                9.337894
              ],
              [
                80.059456,
                9.330216
              ]
            ]
          ],
          [
            [
              [
                80.089564,
                9.311493
              ],
              [
                80.083255,
                9.320894
              ],
              [
                80.073086,
                9.322108
              ],
              [
                80.079112,
                9.313099
              ],
              [
                80.089564,
                9.311493
              ]
            ]
          ],
          [
            [
              [
                80.084244,
                9.318896
              ],
              [
                80.084573,
                9.319562
              ],
              [
                80.083961,
                9.320032
              ],
              [
                80.083914,
                9.319288
              ],
              [
                80.084244,
                9.318896
              ]
            ]
          ],
          [
            [
              [
                80.084432,
                9.318935
              ],
              [
                80.084408,
                9.318113
              ],
              [
                80.085068,
                9.317721
              ],
              [
                80.084714,
                9.319484
              ],
              [
                80.084432,
                9.318935
              ]
            ]
          ],
          [
            [
              [
                80.08841,
                9.313726
              ],
              [
                80.08874,
                9.313843
              ],
              [
                80.088457,
                9.314157
              ],
              [
                80.088457,
                9.313843
              ],
              [
                80.08841,
                9.313726
              ]
            ]
          ],
          [
            [
              [
                80.00781,
                9.279452
              ],
              [
                79.98799,
                9.30691
              ],
              [
                79.972571,
                9.294297
              ],
              [
                80.001196,
                9.270521
              ],
              [
                80.006257,
                9.273694
              ],
              [
                80.008375,
                9.276788
              ],
              [
                80.00854,
                9.278747
              ],
              [
                80.00781,
                9.279452
              ]
            ]
          ],
          [
            [
              [
                80.002608,
                9.286698
              ],
              [
                80.00242,
                9.286424
              ],
              [
                80.003126,
                9.287325
              ],
              [
                80.00289,
                9.287208
              ],
              [
                80.002608,
                9.286698
              ]
            ]
          ],
          [
            [
              [
                79.998206,
                9.283447
              ],
              [
                79.9983,
                9.283486
              ],
              [
                79.998065,
                9.283682
              ],
              [
                79.998088,
                9.283604
              ],
              [
                79.998206,
                9.283447
              ]
            ]
          ],
          [
            [
              [
                79.998277,
                9.282977
              ],
              [
                79.998159,
                9.282311
              ],
              [
                79.998371,
                9.281959
              ],
              [
                79.998371,
                9.283251
              ],
              [
                79.998277,
                9.282977
              ]
            ]
          ],
          [
            [
              [
                79.998253,
                9.282938
              ],
              [
                79.998065,
                9.282664
              ],
              [
                79.998112,
                9.282429
              ],
              [
                79.998277,
                9.282781
              ],
              [
                79.998253,
                9.282938
              ]
            ]
          ],
          [
            [
              [
                80.004185,
                9.27906
              ],
              [
                80.004656,
                9.27906
              ],
              [
                80.004868,
                9.281175
              ],
              [
                80.004468,
                9.280666
              ],
              [
                80.004185,
                9.27906
              ]
            ]
          ],
          [
            [
              [
                79.99863,
                9.280509
              ],
              [
                79.9987,
                9.280509
              ],
              [
                79.998512,
                9.280588
              ],
              [
                79.998512,
                9.280549
              ],
              [
                79.99863,
                9.280509
              ]
            ]
          ],
          [
            [
              [
                80.004067,
                9.279021
              ],
              [
                80.00402,
                9.279021
              ],
              [
                80.003926,
                9.278825
              ],
              [
                80.004138,
                9.278864
              ],
              [
                80.004067,
                9.279021
              ]
            ]
          ],
          [
            [
              [
                80.003455,
                9.278864
              ],
              [
                80.003314,
                9.278825
              ],
              [
                80.003338,
                9.278668
              ],
              [
                80.00355,
                9.278668
              ],
              [
                80.003455,
                9.278864
              ]
            ]
          ],
          [
            [
              [
                80.004138,
                9.278316
              ],
              [
                80.004279,
                9.277924
              ],
              [
                80.004373,
                9.277924
              ],
              [
                80.00442,
                9.278042
              ],
              [
                80.004138,
                9.278316
              ]
            ]
          ],
          [
            [
              [
                80.004091,
                9.278198
              ],
              [
                80.00402,
                9.278081
              ],
              [
                80.004114,
                9.277807
              ],
              [
                80.004209,
                9.278042
              ],
              [
                80.004091,
                9.278198
              ]
            ]
          ]
        ]
      }
    },
    {
      "id": "feature_165",
      "type": "Feature",
      "properties": {
        "id": "LK-5103",
        "name": "Koralai Pattu North",
        "area_sqkm": 515.5,
        "center_lat": 8.088188,
        "center_lng": 81.37461,
        "province_id": "LK-5",
        "district_id": "LK-51",
        "ed_id": "EC-12",
        "pd_id": "EC-12A",
        "lg_id": "LG-51035"
      },
      "geometry": {
        "type": "MultiPolygon",
        "coordinates": [
          [
            [
              [
                81.403691,
                8.266004
              ],
              [
                81.396276,
                8.248338
              ],
              [
                81.392745,
                8.261617
              ],
              [
                81.324762,
                8.262596
              ],
              [
                81.311392,
                8.251903
              ],
              [
                81.306637,
                8.029182
              ],
              [
                81.335614,
                7.963963
              ],
              [
                81.41426,
                7.963963
              ],
              [
                81.469979,
                7.945201
              ],
              [
                81.522378,
                7.946219
              ],
              [
                81.525203,
                7.933998
              ],
              [
                81.525321,
                7.933959
              ],
              [
                81.545306,
                7.947277
              ],
              [
                81.552038,
                7.992401
              ],
              [
                81.526733,
                7.985233
              ],
              [
                81.474075,
                8.040149
              ],
              [
                81.403691,
                8.266004
              ]
            ],
            [
              [
                81.386672,
                8.198044
              ],
              [
                81.434198,
                8.097142
              ],
              [
                81.433939,
                8.153625
              ],
              [
                81.447357,
                8.1161
              ],
              [
                81.435611,
                8.073091
              ],
              [
                81.446321,
                8.065336
              ],
              [
                81.430997,
                8.070584
              ],
              [
                81.435305,
                8.093146
              ],
              [
                81.407575,
                8.10572
              ],
              [
                81.404821,
                8.132787
              ],
              [
                81.386154,
                8.139915
              ],
              [
                81.386672,
                8.198044
              ]
            ]
          ],
          [
            [
              [
                81.441825,
                8.109715
              ],
              [
                81.445074,
                8.115121
              ],
              [
                81.444415,
                8.118294
              ],
              [
                81.440366,
                8.113476
              ],
              [
                81.441825,
                8.109715
              ]
            ]
          ],
          [
            [
              [
                81.463341,
                8.110146
              ],
              [
                81.4644,
                8.111125
              ],
              [
                81.463223,
                8.112496
              ],
              [
                81.462234,
                8.11046
              ],
              [
                81.463341,
                8.110146
              ]
            ]
          ]
        ]
      }
    },
    {
      "id": "feature_166",
      "type": "Feature",
      "properties": {
        "id": "LK-5104",
        "name": "Koralai Pattu Central",
        "area_sqkm": 8.04,
        "center_lat": 7.928343,
        "center_lng": 81.517588,
        "province_id": "LK-5",
        "district_id": "LK-51",
        "ed_id": "EC-12",
        "pd_id": "EC-12A",
        "lg_id": null
      },
      "geometry": {
        "type": "MultiPolygon",
        "coordinates": [
          [
            [
              [
                81.525203,
                7.933998
              ],
              [
                81.522378,
                7.946219
              ],
              [
                81.469979,
                7.945201
              ],
              [
                81.469955,
                7.94383
              ],
              [
                81.514045,
                7.922521
              ],
              [
                81.525203,
                7.933998
              ]
            ]
          ],
          [
            [
              [
                81.531064,
                7.927535
              ],
              [
                81.521131,
                7.919388
              ],
              [
                81.529134,
                7.899059
              ],
              [
                81.531064,
                7.927535
              ]
            ]
          ],
          [
            [
              [
                81.519765,
                7.920955
              ],
              [
                81.519765,
                7.920955
              ],
              [
                81.516752,
                7.922756
              ],
              [
                81.519765,
                7.920955
              ]
            ]
          ]
        ]
      }
    },
    {
      "id": "feature_167",
      "type": "Feature",
      "properties": {
        "id": "LK-5106",
        "name": "Koralai Pattu West",
        "area_sqkm": 22.94,
        "center_lat": 7.917486,
        "center_lng": 81.494041,
        "province_id": "LK-5",
        "district_id": "LK-51",
        "ed_id": "EC-12",
        "pd_id": "EC-12A",
        "lg_id": "LG-51036"
      },
      "geometry": {
        "type": "MultiPolygon",
        "coordinates": [
          [
            [
              [
                81.514045,
                7.922521
              ],
              [
                81.469955,
                7.94383
              ],
              [
                81.469955,
                7.906736
              ],
              [
                81.509267,
                7.892086
              ],
              [
                81.514045,
                7.922521
              ]
            ]
          ],
          [
            [
              [
                81.516752,
                7.922756
              ],
              [
                81.517835,
                7.902584
              ],
              [
                81.529134,
                7.899059
              ],
              [
                81.521131,
                7.919388
              ],
              [
                81.519765,
                7.920955
              ],
              [
                81.516752,
                7.922756
              ]
            ]
          ],
          [
            [
              [
                81.513457,
                7.912533
              ],
              [
                81.515034,
                7.907754
              ],
              [
                81.516234,
                7.907284
              ],
              [
                81.517576,
                7.911946
              ],
              [
                81.513457,
                7.912533
              ]
            ]
          ],
          [
            [
              [
                81.513056,
                7.912376
              ],
              [
                81.513033,
                7.91175
              ],
              [
                81.513103,
                7.911554
              ],
              [
                81.513433,
                7.911123
              ],
              [
                81.513433,
                7.911828
              ],
              [
                81.513056,
                7.912376
              ]
            ]
          ],
          [
            [
              [
                81.518871,
                7.907323
              ],
              [
                81.518871,
                7.907049
              ],
              [
                81.517906,
                7.906148
              ],
              [
                81.519012,
                7.906305
              ],
              [
                81.518871,
                7.907323
              ]
            ]
          ],
          [
            [
              [
                81.517058,
                7.904033
              ],
              [
                81.516682,
                7.903171
              ],
              [
                81.518259,
                7.905169
              ],
              [
                81.517176,
                7.904621
              ],
              [
                81.517058,
                7.904033
              ]
            ]
          ],
          [
            [
              [
                81.509855,
                7.90278
              ],
              [
                81.509596,
                7.902701
              ],
              [
                81.509125,
                7.902075
              ],
              [
                81.510444,
                7.902036
              ],
              [
                81.509855,
                7.90278
              ]
            ]
          ]
        ]
      }
    },
    {
      "id": "feature_168",
      "type": "Feature",
      "properties": {
        "id": "LK-5109",
        "name": "Koralai Pattu",
        "area_sqkm": 30.69,
        "center_lat": 7.906709,
        "center_lng": 81.546148,
        "province_id": "LK-5",
        "district_id": "LK-51",
        "ed_id": "EC-12",
        "pd_id": "EC-12A",
        "lg_id": null
      },
      "geometry": {
        "type": "MultiPolygon",
        "coordinates": [
          [
            [
              [
                81.566091,
                7.87963
              ],
              [
                81.566515,
                7.913904
              ],
              [
                81.582757,
                7.920602
              ],
              [
                81.557146,
                7.943125
              ],
              [
                81.531064,
                7.927535
              ],
              [
                81.529134,
                7.899059
              ],
              [
                81.517835,
                7.902584
              ],
              [
                81.523461,
                7.875047
              ],
              [
                81.566091,
                7.87963
              ]
            ]
          ],
          [
            [
              [
                81.525321,
                7.933959
              ],
              [
                81.525321,
                7.933959
              ],
              [
                81.545306,
                7.947277
              ],
              [
                81.525321,
                7.933959
              ]
            ]
          ],
          [
            [
              [
                81.524002,
                7.931374
              ],
              [
                81.524497,
                7.932275
              ],
              [
                81.522872,
                7.931531
              ],
              [
                81.521743,
                7.929024
              ],
              [
                81.522943,
                7.92965
              ],
              [
                81.524002,
                7.931374
              ]
            ]
          ],
          [
            [
              [
                81.522802,
                7.929063
              ],
              [
                81.528381,
                7.928162
              ],
              [
                81.530052,
                7.928632
              ],
              [
                81.525226,
                7.931021
              ],
              [
                81.522802,
                7.929063
              ]
            ]
          ],
          [
            [
              [
                81.518706,
                7.89146
              ],
              [
                81.518918,
                7.888835
              ],
              [
                81.520919,
                7.883978
              ],
              [
                81.522378,
                7.886955
              ],
              [
                81.518706,
                7.89146
              ]
            ]
          ]
        ]
      }
    },
    {
      "id": "feature_169",
      "type": "Feature",
      "properties": {
        "id": "LK-5110",
        "name": "Koralai Pattu South",
        "area_sqkm": 598.36,
        "center_lat": 7.864123,
        "center_lng": 81.376528,
        "province_id": "LK-5",
        "district_id": "LK-51",
        "ed_id": "EC-12",
        "pd_id": "EC-12A",
        "lg_id": null
      },
      "geometry": {
        "type": "MultiPolygon",
        "coordinates": [
          [
            [
              [
                81.469979,
                7.945201
              ],
              [
                81.41426,
                7.963963
              ],
              [
                81.335614,
                7.963963
              ],
              [
                81.33938,
                7.93627
              ],
              [
                81.288229,
                7.94759
              ],
              [
                81.253013,
                7.936388
              ],
              [
                81.236182,
                7.906618
              ],
              [
                81.224813,
                7.821032
              ],
              [
                81.237665,
                7.76024
              ],
              [
                81.399407,
                7.767447
              ],
              [
                81.406939,
                7.787933
              ],
              [
                81.448487,
                7.781392
              ],
              [
                81.4789,
                7.818251
              ],
              [
                81.505171,
                7.8065
              ],
              [
                81.514139,
                7.816096
              ],
              [
                81.51381,
                7.831098
              ],
              [
                81.547542,
                7.827887
              ],
              [
                81.509267,
                7.892086
              ],
              [
                81.469955,
                7.906736
              ],
              [
                81.469955,
                7.94383
              ],
              [
                81.469979,
                7.945201
              ]
            ]
          ],
          [
            [
              [
                81.516022,
                7.897883
              ],
              [
                81.515834,
                7.891068
              ],
              [
                81.5176,
                7.894201
              ],
              [
                81.517035,
                7.896513
              ],
              [
                81.515975,
                7.89804
              ],
              [
                81.516022,
                7.897883
              ]
            ]
          ],
          [
            [
              [
                81.579085,
                7.848607
              ],
              [
                81.566091,
                7.87963
              ],
              [
                81.523461,
                7.875047
              ],
              [
                81.548696,
                7.824244
              ],
              [
                81.566821,
                7.82585
              ],
              [
                81.579085,
                7.848607
              ]
            ]
          ]
        ]
      }
    },
    {
      "id": "feature_170",
      "type": "Feature",
      "properties": {
        "id": "LK-5112",
        "name": "Eravur Pattu",
        "area_sqkm": 599.22,
        "center_lat": 7.705871,
        "center_lng": 81.453462,
        "province_id": "LK-5",
        "district_id": "LK-51",
        "ed_id": "EC-12",
        "pd_id": null,
        "lg_id": null
      },
      "geometry": {
        "type": "Polygon",
        "coordinates": [
          [
            [
              81.647798,
              7.782998
            ],
            [
              81.620303,
              7.828592
            ],
            [
              81.603472,
              7.82491
            ],
            [
              81.579085,
              7.848607
            ],
            [
              81.566821,
              7.82585
            ],
            [
              81.548696,
              7.824244
            ],
            [
              81.514139,
              7.816096
            ],
            [
              81.505171,
              7.8065
            ],
            [
              81.4789,
              7.818251
            ],
            [
              81.448487,
              7.781392
            ],
            [
              81.406939,
              7.787933
            ],
            [
              81.399407,
              7.767447
            ],
            [
              81.237665,
              7.76024
            ],
            [
              81.240373,
              7.73948
            ],
            [
              81.321867,
              7.734623
            ],
            [
              81.367134,
              7.666075
            ],
            [
              81.444909,
              7.641476
            ],
            [
              81.43168,
              7.573947
            ],
            [
              81.446204,
              7.550719
            ],
            [
              81.446227,
              7.550719
            ],
            [
              81.446204,
              7.550719
            ],
            [
              81.500439,
              7.518208
            ],
            [
              81.500463,
              7.518208
            ],
            [
              81.500439,
              7.518208
            ],
            [
              81.494484,
              7.513625
            ],
            [
              81.547213,
              7.507828
            ],
            [
              81.54919,
              7.535012
            ],
            [
              81.507642,
              7.534581
            ],
            [
              81.516517,
              7.643944
            ],
            [
              81.554886,
              7.679902
            ],
            [
              81.567975,
              7.721657
            ],
            [
              81.60093,
              7.77109
            ],
            [
              81.604555,
              7.784956
            ],
            [
              81.611947,
              7.768113
            ],
            [
              81.645185,
              7.749899
            ],
            [
              81.653518,
              7.757302
            ],
            [
              81.636334,
              7.765724
            ],
            [
              81.63631,
              7.765724
            ],
            [
              81.636334,
              7.765724
            ],
            [
              81.647798,
              7.782998
            ]
          ]
        ]
      }
    },
    {
      "id": "feature_171",
      "type": "Feature",
      "properties": {
        "id": "LK-5118",
        "name": "Manmunai North",
        "area_sqkm": 45.7,
        "center_lat": 7.726202,
        "center_lng": 81.684938,
        "province_id": "LK-5",
        "district_id": "LK-51",
        "ed_id": "EC-12",
        "pd_id": "EC-12B",
        "lg_id": "LG-51011"
      },
      "geometry": {
        "type": "MultiPolygon",
        "coordinates": [
          [
            [
              [
                81.645185,
                7.749899
              ],
              [
                81.666747,
                7.733408
              ],
              [
                81.671643,
                7.692789
              ],
              [
                81.684308,
                7.692632
              ],
              [
                81.677481,
                7.729413
              ],
              [
                81.700221,
                7.714215
              ],
              [
                81.705588,
                7.727807
              ],
              [
                81.647798,
                7.782998
              ],
              [
                81.636334,
                7.765724
              ],
              [
                81.63631,
                7.765724
              ],
              [
                81.636334,
                7.765724
              ],
              [
                81.653518,
                7.757302
              ],
              [
                81.645185,
                7.749899
              ]
            ]
          ],
          [
            [
              [
                81.735295,
                7.694865
              ],
              [
                81.702575,
                7.748293
              ],
              [
                81.686662,
                7.761023
              ],
              [
                81.71159,
                7.729922
              ],
              [
                81.719311,
                7.684328
              ],
              [
                81.735295,
                7.694865
              ]
            ]
          ],
          [
            [
              [
                81.696313,
                7.715037
              ],
              [
                81.685202,
                7.712531
              ],
              [
                81.689887,
                7.703091
              ],
              [
                81.702692,
                7.711473
              ],
              [
                81.696313,
                7.715037
              ]
            ]
          ],
          [
            [
              [
                81.694383,
                7.703051
              ],
              [
                81.690357,
                7.686482
              ],
              [
                81.69596,
                7.670462
              ],
              [
                81.709448,
                7.688128
              ],
              [
                81.694383,
                7.703051
              ]
            ]
          ],
          [
            [
              [
                81.664699,
                7.699879
              ],
              [
                81.665264,
                7.703247
              ],
              [
                81.658791,
                7.701289
              ],
              [
                81.662298,
                7.696549
              ],
              [
                81.664699,
                7.699879
              ]
            ]
          ]
        ]
      }
    },
    {
      "id": "feature_172",
      "type": "Feature",
      "properties": {
        "id": "LK-5121",
        "name": "Manmunai West",
        "area_sqkm": 280.58,
        "center_lat": 7.632937,
        "center_lng": 81.598993,
        "province_id": "LK-5",
        "district_id": "LK-51",
        "ed_id": "EC-12",
        "pd_id": "EC-12B",
        "lg_id": "LG-51040"
      },
      "geometry": {
        "type": "MultiPolygon",
        "coordinates": [
          [
            [
              [
                81.70055,
                7.632819
              ],
              [
                81.686262,
                7.638656
              ],
              [
                81.697113,
                7.655812
              ],
              [
                81.685132,
                7.679158
              ],
              [
                81.670255,
                7.668308
              ],
              [
                81.650505,
                7.707752
              ],
              [
                81.635251,
                7.704344
              ],
              [
                81.65686,
                7.721383
              ],
              [
                81.619691,
                7.734779
              ],
              [
                81.609734,
                7.711551
              ],
              [
                81.567975,
                7.721657
              ],
              [
                81.554886,
                7.679902
              ],
              [
                81.516517,
                7.643944
              ],
              [
                81.507642,
                7.534581
              ],
              [
                81.54919,
                7.535012
              ],
              [
                81.601024,
                7.579744
              ],
              [
                81.65526,
                7.578726
              ],
              [
                81.668395,
                7.610806
              ],
              [
                81.709189,
                7.603285
              ],
              [
                81.70055,
                7.632819
              ]
            ]
          ],
          [
            [
              [
                81.699185,
                7.654716
              ],
              [
                81.700432,
                7.648762
              ],
              [
                81.704693,
                7.649036
              ],
              [
                81.703375,
                7.655421
              ],
              [
                81.699185,
                7.654716
              ]
            ]
          ],
          [
            [
              [
                81.695112,
                7.648918
              ],
              [
                81.694171,
                7.647626
              ],
              [
                81.695607,
                7.646999
              ],
              [
                81.695819,
                7.647822
              ],
              [
                81.695112,
                7.648918
              ]
            ]
          ]
        ]
      }
    },
    {
      "id": "feature_173",
      "type": "Feature",
      "properties": {
        "id": "LK-5124",
        "name": "Kattankudy",
        "area_sqkm": 3.88,
        "center_lat": 7.6829,
        "center_lng": 81.732091,
        "province_id": "LK-5",
        "district_id": "LK-51",
        "ed_id": "EC-12",
        "pd_id": "EC-12B",
        "lg_id": "LG-51021"
      },
      "geometry": {
        "type": "Polygon",
        "coordinates": [
          [
            [
              81.746099,
              7.677983
            ],
            [
              81.735295,
              7.694865
            ],
            [
              81.719311,
              7.684328
            ],
            [
              81.725173,
              7.67293
            ],
            [
              81.746099,
              7.677983
            ]
          ]
        ]
      }
    },
    {
      "id": "feature_174",
      "type": "Feature",
      "properties": {
        "id": "LK-5127",
        "name": "Manmunai Pattu",
        "area_sqkm": 25.45,
        "center_lat": 7.639195,
        "center_lng": 81.753752,
        "province_id": "LK-5",
        "district_id": "LK-51",
        "ed_id": "EC-12",
        "pd_id": "EC-12B",
        "lg_id": "LG-51037"
      },
      "geometry": {
        "type": "Polygon",
        "coordinates": [
          [
            [
              81.78574,
              7.602228
            ],
            [
              81.746099,
              7.677983
            ],
            [
              81.725173,
              7.67293
            ],
            [
              81.720653,
              7.657457
            ],
            [
              81.752102,
              7.636266
            ],
            [
              81.764719,
              7.59553
            ],
            [
              81.78574,
              7.602228
            ]
          ]
        ]
      }
    },
    {
      "id": "feature_175",
      "type": "Feature",
      "properties": {
        "id": "LK-5130",
        "name": "Manmunai South West",
        "area_sqkm": 145.14,
        "center_lat": 7.567598,
        "center_lng": 81.661919,
        "province_id": "LK-5",
        "district_id": "LK-51",
        "ed_id": "EC-12",
        "pd_id": "EC-12C",
        "lg_id": "LG-51039"
      },
      "geometry": {
        "type": "MultiPolygon",
        "coordinates": [
          [
            [
              [
                81.745252,
                7.563136
              ],
              [
                81.770275,
                7.580214
              ],
              [
                81.749466,
                7.590202
              ],
              [
                81.722301,
                7.647587
              ],
              [
                81.70055,
                7.632819
              ],
              [
                81.709189,
                7.603285
              ],
              [
                81.668395,
                7.610806
              ],
              [
                81.65526,
                7.578726
              ],
              [
                81.601024,
                7.579744
              ],
              [
                81.54919,
                7.535012
              ],
              [
                81.547213,
                7.507828
              ],
              [
                81.618302,
                7.50771
              ],
              [
                81.645844,
                7.522791
              ],
              [
                81.636569,
                7.546371
              ],
              [
                81.65413,
                7.553853
              ],
              [
                81.745252,
                7.563136
              ]
            ]
          ],
          [
            [
              [
                81.727597,
                7.636423
              ],
              [
                81.728586,
                7.637716
              ],
              [
                81.727786,
                7.642455
              ],
              [
                81.725926,
                7.640653
              ],
              [
                81.727597,
                7.636423
              ]
            ]
          ],
          [
            [
              [
                81.731693,
                7.634034
              ],
              [
                81.732729,
                7.634895
              ],
              [
                81.731575,
                7.636306
              ],
              [
                81.730987,
                7.63423
              ],
              [
                81.731693,
                7.634034
              ]
            ]
          ]
        ]
      }
    },
    {
      "id": "feature_176",
      "type": "Feature",
      "properties": {
        "id": "LK-5133",
        "name": "Porativu Pattu",
        "area_sqkm": 159.21,
        "center_lat": 7.497825,
        "center_lng": 81.704155,
        "province_id": "LK-5",
        "district_id": "LK-51",
        "ed_id": "EC-12",
        "pd_id": "EC-12C",
        "lg_id": "LG-51041"
      },
      "geometry": {
        "type": "MultiPolygon",
        "coordinates": [
          [
            [
              [
                81.745252,
                7.563136
              ],
              [
                81.65413,
                7.553853
              ],
              [
                81.636569,
                7.546371
              ],
              [
                81.645844,
                7.522791
              ],
              [
                81.663993,
                7.399444
              ],
              [
                81.707847,
                7.435206
              ],
              [
                81.75335,
                7.457964
              ],
              [
                81.769051,
                7.482955
              ],
              [
                81.746147,
                7.509708
              ],
              [
                81.76712,
                7.501835
              ],
              [
                81.781644,
                7.520558
              ],
              [
                81.743957,
                7.529332
              ],
              [
                81.740897,
                7.546802
              ],
              [
                81.762671,
                7.535168
              ],
              [
                81.771169,
                7.546802
              ],
              [
                81.745252,
                7.563136
              ]
            ]
          ],
          [
            [
              [
                81.77084,
                7.536696
              ],
              [
                81.771263,
                7.536383
              ],
              [
                81.771452,
                7.537166
              ],
              [
                81.770957,
                7.537049
              ],
              [
                81.77084,
                7.536696
              ]
            ]
          ]
        ]
      }
    },
    {
      "id": "feature_177",
      "type": "Feature",
      "properties": {
        "id": "LK-5136",
        "name": "Manmunai South & Eruvil Pattu",
        "area_sqkm": 43.92,
        "center_lat": 7.522348,
        "center_lng": 81.791102,
        "province_id": "LK-5",
        "district_id": "LK-51",
        "ed_id": "EC-12",
        "pd_id": "EC-12C",
        "lg_id": "LG-51038"
      },
      "geometry": {
        "type": "Polygon",
        "coordinates": [
          [
            [
              81.764719,
              7.59553
            ],
            [
              81.780679,
              7.583269
            ],
            [
              81.78301,
              7.519696
            ],
            [
              81.769922,
              7.497056
            ],
            [
              81.795439,
              7.47469
            ],
            [
              81.804996,
              7.498936
            ],
            [
              81.807915,
              7.458238
            ],
            [
              81.792943,
              7.432504
            ],
            [
              81.807821,
              7.432034
            ],
            [
              81.818602,
              7.457651
            ],
            [
              81.78574,
              7.602228
            ],
            [
              81.764719,
              7.59553
            ]
          ],
          [
            [
              81.807656,
              7.497604
            ],
            [
              81.816342,
              7.464545
            ],
            [
              81.815377,
              7.465093
            ],
            [
              81.813447,
              7.468188
            ],
            [
              81.811469,
              7.476139
            ],
            [
              81.809539,
              7.477275
            ],
            [
              81.805349,
              7.499406
            ],
            [
              81.807656,
              7.497604
            ]
          ]
        ]
      }
    },
    {
      "id": "feature_178",
      "type": "Feature",
      "properties": {
        "id": "LK-5115",
        "name": "Eravur Town",
        "area_sqkm": 1.86,
        "center_lat": 7.775874,
        "center_lng": 81.608206,
        "province_id": "LK-5",
        "district_id": "LK-51",
        "ed_id": "EC-12",
        "pd_id": "EC-12B",
        "lg_id": "LG-51022"
      },
      "geometry": {
        "type": "Polygon",
        "coordinates": [
          [
            [
              81.611947,
              7.768113
            ],
            [
              81.604555,
              7.784956
            ],
            [
              81.60093,
              7.77109
            ],
            [
              81.611947,
              7.768113
            ]
          ]
        ]
      }
    },
    {
      "id": "feature_179",
      "type": "Feature",
      "properties": {
        "id": "LK-5203",
        "name": "Dehiattakandiya",
        "area_sqkm": 374.18,
        "center_lat": 7.626104,
        "center_lng": 81.073565,
        "province_id": "LK-5",
        "district_id": "LK-52",
        "ed_id": "EC-13",
        "pd_id": "EC-13A",
        "lg_id": "LG-52034"
      },
      "geometry": {
        "type": "Polygon",
        "coordinates": [
          [
            [
              81.214573,
              7.642455
            ],
            [
              81.177569,
              7.667289
            ],
            [
              81.171848,
              7.643513
            ],
            [
              81.104007,
              7.660513
            ],
            [
              81.102336,
              7.691144
            ],
            [
              81.102312,
              7.691144
            ],
            [
              81.109421,
              7.714019
            ],
            [
              81.096945,
              7.728512
            ],
            [
              81.071781,
              7.716369
            ],
            [
              81.051066,
              7.736855
            ],
            [
              81.049418,
              7.712452
            ],
            [
              81.038378,
              7.703169
            ],
            [
              81.031552,
              7.715547
            ],
            [
              81.031552,
              7.715586
            ],
            [
              81.031552,
              7.715547
            ],
            [
              80.996925,
              7.723498
            ],
            [
              80.996948,
              7.723498
            ],
            [
              80.996925,
              7.723498
            ],
            [
              80.988145,
              7.725457
            ],
            [
              80.988474,
              7.720482
            ],
            [
              80.996737,
              7.659651
            ],
            [
              80.979506,
              7.621617
            ],
            [
              81.014344,
              7.593963
            ],
            [
              81.014344,
              7.551346
            ],
            [
              81.040379,
              7.50442
            ],
            [
              81.189338,
              7.572772
            ],
            [
              81.210148,
              7.611198
            ],
            [
              81.214573,
              7.642455
            ]
          ]
        ]
      }
    },
    {
      "id": "feature_180",
      "type": "Feature",
      "properties": {
        "id": "LK-5206",
        "name": "Padiyathalawa",
        "area_sqkm": 388.23,
        "center_lat": 7.422272,
        "center_lng": 81.261851,
        "province_id": "LK-5",
        "district_id": "LK-52",
        "ed_id": "EC-13",
        "pd_id": "EC-13A",
        "lg_id": "LG-52041"
      },
      "geometry": {
        "type": "Polygon",
        "coordinates": [
          [
            [
              81.365156,
              7.357219
            ],
            [
              81.365133,
              7.357219
            ],
            [
              81.325374,
              7.381387
            ],
            [
              81.327375,
              7.397642
            ],
            [
              81.292584,
              7.39631
            ],
            [
              81.322173,
              7.443354
            ],
            [
              81.279802,
              7.511353
            ],
            [
              81.301858,
              7.52283
            ],
            [
              81.261299,
              7.585776
            ],
            [
              81.22187,
              7.59032
            ],
            [
              81.210148,
              7.611198
            ],
            [
              81.189338,
              7.572772
            ],
            [
              81.205134,
              7.557574
            ],
            [
              81.207417,
              7.51715
            ],
            [
              81.18303,
              7.4421
            ],
            [
              81.202285,
              7.391297
            ],
            [
              81.194635,
              7.376138
            ],
            [
              81.223636,
              7.331562
            ],
            [
              81.24614,
              7.335048
            ],
            [
              81.270809,
              7.277978
            ],
            [
              81.284886,
              7.242372
            ],
            [
              81.321467,
              7.265169
            ],
            [
              81.320596,
              7.338221
            ],
            [
              81.360001,
              7.339945
            ],
            [
              81.365156,
              7.357219
            ]
          ]
        ]
      }
    },
    {
      "id": "feature_181",
      "type": "Feature",
      "properties": {
        "id": "LK-5209",
        "name": "Mahaoya",
        "area_sqkm": 680.41,
        "center_lat": 7.55649,
        "center_lng": 81.350833,
        "province_id": "LK-5",
        "district_id": "LK-52",
        "ed_id": "EC-13",
        "pd_id": "EC-13A",
        "lg_id": "LG-52038"
      },
      "geometry": {
        "type": "Polygon",
        "coordinates": [
          [
            [
              81.494484,
              7.513625
            ],
            [
              81.500439,
              7.518208
            ],
            [
              81.500463,
              7.518208
            ],
            [
              81.500439,
              7.518208
            ],
            [
              81.446204,
              7.550719
            ],
            [
              81.446227,
              7.550719
            ],
            [
              81.446204,
              7.550719
            ],
            [
              81.43168,
              7.573947
            ],
            [
              81.444909,
              7.641476
            ],
            [
              81.367134,
              7.666075
            ],
            [
              81.321867,
              7.734623
            ],
            [
              81.240373,
              7.73948
            ],
            [
              81.240985,
              7.68139
            ],
            [
              81.214573,
              7.642455
            ],
            [
              81.210148,
              7.611198
            ],
            [
              81.22187,
              7.59032
            ],
            [
              81.261299,
              7.585776
            ],
            [
              81.301858,
              7.52283
            ],
            [
              81.279802,
              7.511353
            ],
            [
              81.322173,
              7.443354
            ],
            [
              81.292584,
              7.39631
            ],
            [
              81.327375,
              7.397642
            ],
            [
              81.325374,
              7.381387
            ],
            [
              81.365133,
              7.357219
            ],
            [
              81.365156,
              7.357219
            ],
            [
              81.386507,
              7.369596
            ],
            [
              81.374714,
              7.409354
            ],
            [
              81.406116,
              7.415895
            ],
            [
              81.407057,
              7.431681
            ],
            [
              81.455149,
              7.458943
            ],
            [
              81.47963,
              7.454321
            ],
            [
              81.494484,
              7.513625
            ]
          ]
        ]
      }
    },
    {
      "id": "feature_182",
      "type": "Feature",
      "properties": {
        "id": "LK-5212",
        "name": "Uhana",
        "area_sqkm": 535.55,
        "center_lat": 7.401039,
        "center_lng": 81.592516,
        "province_id": "LK-5",
        "district_id": "LK-52",
        "ed_id": "EC-13",
        "pd_id": "EC-13A",
        "lg_id": "LG-52045"
      },
      "geometry": {
        "type": "Polygon",
        "coordinates": [
          [
            [
              81.707847,
              7.435206
            ],
            [
              81.663993,
              7.399444
            ],
            [
              81.645844,
              7.522791
            ],
            [
              81.618302,
              7.50771
            ],
            [
              81.547213,
              7.507828
            ],
            [
              81.494484,
              7.513625
            ],
            [
              81.47963,
              7.454321
            ],
            [
              81.462187,
              7.42796
            ],
            [
              81.478029,
              7.421771
            ],
            [
              81.491212,
              7.335753
            ],
            [
              81.481066,
              7.321104
            ],
            [
              81.521131,
              7.321809
            ],
            [
              81.612535,
              7.274452
            ],
            [
              81.648692,
              7.321809
            ],
            [
              81.678282,
              7.3298
            ],
            [
              81.690122,
              7.313662
            ],
            [
              81.690146,
              7.313662
            ],
            [
              81.690122,
              7.313662
            ],
            [
              81.690287,
              7.312643
            ],
            [
              81.69031,
              7.312643
            ],
            [
              81.690287,
              7.312643
            ],
            [
              81.716345,
              7.317931
            ],
            [
              81.740332,
              7.349228
            ],
            [
              81.731575,
              7.37367
            ],
            [
              81.744734,
              7.389965
            ],
            [
              81.735954,
              7.413349
            ],
            [
              81.707847,
              7.435206
            ]
          ]
        ]
      }
    },
    {
      "id": "feature_183",
      "type": "Feature",
      "properties": {
        "id": "LK-5215",
        "name": "Ampara",
        "area_sqkm": 139.52,
        "center_lat": 7.275779,
        "center_lng": 81.59961,
        "province_id": "LK-5",
        "district_id": "LK-52",
        "ed_id": "EC-13",
        "pd_id": "EC-13A",
        "lg_id": null
      },
      "geometry": {
        "type": "Polygon",
        "coordinates": [
          [
            [
              81.716345,
              7.317931
            ],
            [
              81.690287,
              7.312643
            ],
            [
              81.69031,
              7.312643
            ],
            [
              81.690287,
              7.312643
            ],
            [
              81.690122,
              7.313662
            ],
            [
              81.690146,
              7.313662
            ],
            [
              81.690122,
              7.313662
            ],
            [
              81.678282,
              7.3298
            ],
            [
              81.648692,
              7.321809
            ],
            [
              81.612535,
              7.274452
            ],
            [
              81.521131,
              7.321809
            ],
            [
              81.481066,
              7.321104
            ],
            [
              81.520024,
              7.287966
            ],
            [
              81.521107,
              7.242999
            ],
            [
              81.555946,
              7.219183
            ],
            [
              81.600412,
              7.234616
            ],
            [
              81.616113,
              7.22643
            ],
            [
              81.648786,
              7.270614
            ],
            [
              81.695842,
              7.277586
            ],
            [
              81.716345,
              7.317931
            ]
          ]
        ]
      }
    },
    {
      "id": "feature_184",
      "type": "Feature",
      "properties": {
        "id": "LK-5216",
        "name": "Navithanveli",
        "area_sqkm": 79.81,
        "center_lat": 7.419463,
        "center_lng": 81.762775,
        "province_id": "LK-5",
        "district_id": "LK-52",
        "ed_id": "EC-13",
        "pd_id": "EC-13B",
        "lg_id": "LG-52047"
      },
      "geometry": {
        "type": "Polygon",
        "coordinates": [
          [
            [
              81.812858,
              7.397525
            ],
            [
              81.788236,
              7.439593
            ],
            [
              81.794732,
              7.466621
            ],
            [
              81.774182,
              7.484247
            ],
            [
              81.75335,
              7.457964
            ],
            [
              81.707847,
              7.435206
            ],
            [
              81.735954,
              7.413349
            ],
            [
              81.744734,
              7.389965
            ],
            [
              81.731575,
              7.37367
            ],
            [
              81.744758,
              7.380564
            ],
            [
              81.758105,
              7.360666
            ],
            [
              81.812858,
              7.397525
            ]
          ]
        ]
      }
    },
    {
      "id": "feature_185",
      "type": "Feature",
      "properties": {
        "id": "LK-5218",
        "name": "Sammanthurai",
        "area_sqkm": 108.91,
        "center_lat": 7.329298,
        "center_lng": 81.767875,
        "province_id": "LK-5",
        "district_id": "LK-52",
        "ed_id": "EC-13",
        "pd_id": "EC-13B",
        "lg_id": "LG-52043"
      },
      "geometry": {
        "type": "Polygon",
        "coordinates": [
          [
            [
              81.822109,
              7.395527
            ],
            [
              81.812858,
              7.397525
            ],
            [
              81.758105,
              7.360666
            ],
            [
              81.744758,
              7.380564
            ],
            [
              81.731575,
              7.37367
            ],
            [
              81.740332,
              7.349228
            ],
            [
              81.716345,
              7.317931
            ],
            [
              81.695842,
              7.277586
            ],
            [
              81.737319,
              7.267362
            ],
            [
              81.775618,
              7.29768
            ],
            [
              81.813917,
              7.293097
            ],
            [
              81.820838,
              7.360705
            ],
            [
              81.820414,
              7.38311
            ],
            [
              81.822109,
              7.395527
            ]
          ]
        ]
      }
    },
    {
      "id": "feature_186",
      "type": "Feature",
      "properties": {
        "id": "LK-5221",
        "name": "Kalmunai North",
        "area_sqkm": 8.22,
        "center_lat": 7.415778,
        "center_lng": 81.821081,
        "province_id": "LK-5",
        "district_id": "LK-52",
        "ed_id": "EC-13",
        "pd_id": "EC-13C",
        "lg_id": "LG-52011"
      },
      "geometry": {
        "type": "Polygon",
        "coordinates": [
          [
            [
              81.832726,
              7.422202
            ],
            [
              81.825664,
              7.431603
            ],
            [
              81.805396,
              7.431603
            ],
            [
              81.791955,
              7.423377
            ],
            [
              81.801159,
              7.412409
            ],
            [
              81.810339,
              7.408884
            ],
            [
              81.820461,
              7.406534
            ],
            [
              81.839105,
              7.413584
            ],
            [
              81.832961,
              7.42181
            ],
            [
              81.832726,
              7.422202
            ]
          ],
          [
            [
              81.806102,
              7.439437
            ],
            [
              81.805867,
              7.450013
            ],
            [
              81.821874,
              7.441787
            ],
            [
              81.806102,
              7.439437
            ]
          ]
        ]
      }
    },
    {
      "id": "feature_187",
      "type": "Feature",
      "properties": {
        "id": "LK-5224",
        "name": "Kalmunai",
        "area_sqkm": 12.7,
        "center_lat": 7.424716,
        "center_lng": 81.81138,
        "province_id": "LK-5",
        "district_id": "LK-52",
        "ed_id": "EC-13",
        "pd_id": "EC-13C",
        "lg_id": "LG-52011"
      },
      "geometry": {
        "type": "Polygon",
        "coordinates": [
          [
            [
              81.820461,
              7.406534
            ],
            [
              81.832019,
              7.393999
            ],
            [
              81.839105,
              7.413584
            ],
            [
              81.820461,
              7.406534
            ]
          ],
          [
            [
              81.810339,
              7.408884
            ],
            [
              81.801159,
              7.412409
            ],
            [
              81.810339,
              7.408884
            ],
            [
              81.810339,
              7.408884
            ]
          ],
          [
            [
              81.825664,
              7.415151
            ],
            [
              81.826134,
              7.411234
            ],
            [
              81.823286,
              7.411234
            ],
            [
              81.82258,
              7.412801
            ],
            [
              81.825664,
              7.415151
            ]
          ],
          [
            [
              81.832726,
              7.422202
            ],
            [
              81.832961,
              7.42181
            ],
            [
              81.832726,
              7.422202
            ],
            [
              81.832726,
              7.422202
            ]
          ],
          [
            [
              81.807515,
              7.421027
            ],
            [
              81.815047,
              7.418677
            ],
            [
              81.815283,
              7.417501
            ],
            [
              81.810598,
              7.415151
            ],
            [
              81.809892,
              7.412801
            ],
            [
              81.806338,
              7.415543
            ],
            [
              81.807515,
              7.421027
            ]
          ],
          [
            [
              81.825664,
              7.431603
            ],
            [
              81.805396,
              7.431603
            ],
            [
              81.806102,
              7.439437
            ],
            [
              81.821874,
              7.441787
            ],
            [
              81.825664,
              7.431603
            ]
          ]
        ]
      }
    },
    {
      "id": "feature_188",
      "type": "Feature",
      "properties": {
        "id": "LK-5225",
        "name": "Sainthamaruthu",
        "area_sqkm": 3.35,
        "center_lat": 7.392063,
        "center_lng": 81.833112,
        "province_id": "LK-5",
        "district_id": "LK-52",
        "ed_id": "EC-13",
        "pd_id": "EC-13C",
        "lg_id": "LG-52011"
      },
      "geometry": {
        "type": "Polygon",
        "coordinates": [
          [
            [
              81.846002,
              7.389652
            ],
            [
              81.842918,
              7.400854
            ],
            [
              81.822109,
              7.395527
            ],
            [
              81.820414,
              7.38311
            ],
            [
              81.846002,
              7.389652
            ]
          ]
        ]
      }
    },
    {
      "id": "feature_189",
      "type": "Feature",
      "properties": {
        "id": "LK-5227",
        "name": "Karaitivu",
        "area_sqkm": 10.15,
        "center_lat": 7.372969,
        "center_lng": 81.833667,
        "province_id": "LK-5",
        "district_id": "LK-52",
        "ed_id": "EC-13",
        "pd_id": "EC-13D",
        "lg_id": "LG-52046"
      },
      "geometry": {
        "type": "Polygon",
        "coordinates": [
          [
            [
              81.854594,
              7.364857
            ],
            [
              81.846002,
              7.389652
            ],
            [
              81.820414,
              7.38311
            ],
            [
              81.820838,
              7.360705
            ],
            [
              81.830725,
              7.358942
            ],
            [
              81.854594,
              7.364857
            ]
          ]
        ]
      }
    },
    {
      "id": "feature_190",
      "type": "Feature",
      "properties": {
        "id": "LK-5230",
        "name": "Nintavur",
        "area_sqkm": 35.94,
        "center_lat": 7.326839,
        "center_lng": 81.839824,
        "province_id": "LK-5",
        "district_id": "LK-52",
        "ed_id": "EC-13",
        "pd_id": "EC-13D",
        "lg_id": "LG-52040"
      },
      "geometry": {
        "type": "Polygon",
        "coordinates": [
          [
            [
              81.854594,
              7.364857
            ],
            [
              81.830725,
              7.358942
            ],
            [
              81.820838,
              7.360705
            ],
            [
              81.813917,
              7.293097
            ],
            [
              81.866999,
              7.3005
            ],
            [
              81.854594,
              7.364857
            ]
          ]
        ]
      }
    },
    {
      "id": "feature_191",
      "type": "Feature",
      "properties": {
        "id": "LK-5233",
        "name": "Addalaichenai",
        "area_sqkm": 74.4,
        "center_lat": 7.264536,
        "center_lng": 81.812687,
        "province_id": "LK-5",
        "district_id": "LK-52",
        "ed_id": "EC-13",
        "pd_id": "EC-13D",
        "lg_id": "LG-52031"
      },
      "geometry": {
        "type": "Polygon",
        "coordinates": [
          [
            [
              81.866999,
              7.3005
            ],
            [
              81.813917,
              7.293097
            ],
            [
              81.775618,
              7.29768
            ],
            [
              81.756904,
              7.256865
            ],
            [
              81.756904,
              7.256904
            ],
            [
              81.757681,
              7.221573
            ],
            [
              81.800453,
              7.242568
            ],
            [
              81.863186,
              7.234812
            ],
            [
              81.866999,
              7.3005
            ]
          ]
        ]
      }
    },
    {
      "id": "feature_192",
      "type": "Feature",
      "properties": {
        "id": "LK-5234",
        "name": "Irakkamam",
        "area_sqkm": 67.23,
        "center_lat": 7.2411,
        "center_lng": 81.722174,
        "province_id": "LK-5",
        "district_id": "LK-52",
        "ed_id": "EC-13",
        "pd_id": "EC-13B",
        "lg_id": "LG-52048"
      },
      "geometry": {
        "type": "Polygon",
        "coordinates": [
          [
            [
              81.757681,
              7.221573
            ],
            [
              81.756904,
              7.256904
            ],
            [
              81.756904,
              7.256865
            ],
            [
              81.775618,
              7.29768
            ],
            [
              81.737319,
              7.267362
            ],
            [
              81.695842,
              7.277586
            ],
            [
              81.692099,
              7.257805
            ],
            [
              81.670867,
              7.254554
            ],
            [
              81.711849,
              7.196425
            ],
            [
              81.734024,
              7.193997
            ],
            [
              81.742851,
              7.196386
            ],
            [
              81.757681,
              7.221573
            ]
          ]
        ]
      }
    },
    {
      "id": "feature_193",
      "type": "Feature",
      "properties": {
        "id": "LK-5236",
        "name": "Akkaraipattu",
        "area_sqkm": 53.68,
        "center_lat": 7.212584,
        "center_lng": 81.798189,
        "province_id": "LK-5",
        "district_id": "LK-52",
        "ed_id": "EC-13",
        "pd_id": null,
        "lg_id": null
      },
      "geometry": {
        "type": "MultiPolygon",
        "coordinates": [
          [
            [
              [
                81.863186,
                7.234812
              ],
              [
                81.800453,
                7.242568
              ],
              [
                81.757681,
                7.221573
              ],
              [
                81.742851,
                7.196386
              ],
              [
                81.756739,
                7.173198
              ],
              [
                81.782562,
                7.172571
              ],
              [
                81.781362,
                7.189492
              ],
              [
                81.824675,
                7.200186
              ],
              [
                81.830183,
                7.220946
              ],
              [
                81.862174,
                7.209547
              ],
              [
                81.863186,
                7.234812
              ]
            ]
          ],
          [
            [
              [
                81.734024,
                7.193997
              ],
              [
                81.734024,
                7.193997
              ],
              [
                81.711849,
                7.196425
              ],
              [
                81.734024,
                7.193997
              ]
            ]
          ],
          [
            [
              [
                81.750266,
                7.149225
              ],
              [
                81.750266,
                7.149225
              ],
              [
                81.744475,
                7.164267
              ],
              [
                81.750266,
                7.149225
              ]
            ]
          ]
        ]
      }
    },
    {
      "id": "feature_194",
      "type": "Feature",
      "properties": {
        "id": "LK-5239",
        "name": "Alayadivembu",
        "area_sqkm": 69.69,
        "center_lat": 7.170789,
        "center_lng": 81.807373,
        "province_id": "LK-5",
        "district_id": "LK-52",
        "ed_id": "EC-13",
        "pd_id": "EC-13D",
        "lg_id": "LG-52032"
      },
      "geometry": {
        "type": "Polygon",
        "coordinates": [
          [
            [
              81.862174,
              7.209547
            ],
            [
              81.830183,
              7.220946
            ],
            [
              81.824675,
              7.200186
            ],
            [
              81.781362,
              7.189492
            ],
            [
              81.782562,
              7.172571
            ],
            [
              81.756739,
              7.173198
            ],
            [
              81.744475,
              7.164267
            ],
            [
              81.750266,
              7.149225
            ],
            [
              81.752432,
              7.13908
            ],
            [
              81.786658,
              7.127721
            ],
            [
              81.835527,
              7.136887
            ],
            [
              81.82903,
              7.162308
            ],
            [
              81.861915,
              7.18581
            ],
            [
              81.862174,
              7.209547
            ]
          ]
        ]
      }
    },
    {
      "id": "feature_195",
      "type": "Feature",
      "properties": {
        "id": "LK-5242",
        "name": "Damana",
        "area_sqkm": 489.54,
        "center_lat": 7.136138,
        "center_lng": 81.629472,
        "province_id": "LK-5",
        "district_id": "LK-52",
        "ed_id": "EC-13",
        "pd_id": null,
        "lg_id": null
      },
      "geometry": {
        "type": "Polygon",
        "coordinates": [
          [
            [
              81.695842,
              7.277586
            ],
            [
              81.648786,
              7.270614
            ],
            [
              81.616113,
              7.22643
            ],
            [
              81.600412,
              7.234616
            ],
            [
              81.555946,
              7.219183
            ],
            [
              81.523202,
              7.197796
            ],
            [
              81.501475,
              7.157138
            ],
            [
              81.518541,
              7.100185
            ],
            [
              81.613642,
              7.067556
            ],
            [
              81.617785,
              6.981107
            ],
            [
              81.689392,
              6.967515
            ],
            [
              81.683578,
              7.06313
            ],
            [
              81.697443,
              7.076447
            ],
            [
              81.725196,
              7.124078
            ],
            [
              81.752432,
              7.13908
            ],
            [
              81.750266,
              7.149225
            ],
            [
              81.744475,
              7.164267
            ],
            [
              81.756739,
              7.173198
            ],
            [
              81.742851,
              7.196386
            ],
            [
              81.734024,
              7.193997
            ],
            [
              81.711849,
              7.196425
            ],
            [
              81.670867,
              7.254554
            ],
            [
              81.692099,
              7.257805
            ],
            [
              81.695842,
              7.277586
            ]
          ]
        ]
      }
    },
    {
      "id": "feature_196",
      "type": "Feature",
      "properties": {
        "id": "LK-5245",
        "name": "Tirukkovil",
        "area_sqkm": 218.5,
        "center_lat": 7.079586,
        "center_lng": 81.794782,
        "province_id": "LK-5",
        "district_id": "LK-52",
        "ed_id": "EC-13",
        "pd_id": "EC-13D",
        "lg_id": "LG-52044"
      },
      "geometry": {
        "type": "Polygon",
        "coordinates": [
          [
            [
              81.861915,
              7.18581
            ],
            [
              81.82903,
              7.162308
            ],
            [
              81.835527,
              7.136887
            ],
            [
              81.786658,
              7.127721
            ],
            [
              81.752432,
              7.13908
            ],
            [
              81.725196,
              7.124078
            ],
            [
              81.697443,
              7.076447
            ],
            [
              81.71917,
              7.074293
            ],
            [
              81.73014,
              7.021492
            ],
            [
              81.782398,
              7.006646
            ],
            [
              81.779479,
              7.018907
            ],
            [
              81.813776,
              7.010446
            ],
            [
              81.835621,
              7.036494
            ],
            [
              81.840706,
              7.02443
            ],
            [
              81.875379,
              7.031284
            ],
            [
              81.858196,
              7.10038
            ],
            [
              81.861915,
              7.18581
            ]
          ]
        ]
      }
    },
    {
      "id": "feature_197",
      "type": "Feature",
      "properties": {
        "id": "LK-5248",
        "name": "Pottuvil",
        "area_sqkm": 309.36,
        "center_lat": 6.949757,
        "center_lng": 81.797796,
        "province_id": "LK-5",
        "district_id": "LK-52",
        "ed_id": "EC-13",
        "pd_id": "EC-13D",
        "lg_id": "LG-52042"
      },
      "geometry": {
        "type": "Polygon",
        "coordinates": [
          [
            [
              81.875379,
              7.031284
            ],
            [
              81.840706,
              7.02443
            ],
            [
              81.835621,
              7.036494
            ],
            [
              81.813776,
              7.010446
            ],
            [
              81.779479,
              7.018907
            ],
            [
              81.782398,
              7.006646
            ],
            [
              81.73014,
              7.021492
            ],
            [
              81.71917,
              7.074293
            ],
            [
              81.697443,
              7.076447
            ],
            [
              81.683578,
              7.06313
            ],
            [
              81.689392,
              6.967515
            ],
            [
              81.732988,
              6.95878
            ],
            [
              81.754927,
              6.919336
            ],
            [
              81.760412,
              6.838567
            ],
            [
              81.824934,
              6.809817
            ],
            [
              81.875379,
              7.031284
            ]
          ]
        ]
      }
    },
    {
      "id": "feature_198",
      "type": "Feature",
      "properties": {
        "id": "LK-5251",
        "name": "Lahugala",
        "area_sqkm": 815.3,
        "center_lat": 6.743613,
        "center_lng": 81.698939,
        "province_id": "LK-5",
        "district_id": "LK-52",
        "ed_id": "EC-13",
        "pd_id": "EC-13D",
        "lg_id": "LG-52037"
      },
      "geometry": {
        "type": "Polygon",
        "coordinates": [
          [
            [
              81.689392,
              6.967515
            ],
            [
              81.617785,
              6.981107
            ],
            [
              81.637911,
              6.958506
            ],
            [
              81.60851,
              6.580123
            ],
            [
              81.638594,
              6.542167
            ],
            [
              81.707047,
              6.510714
            ],
            [
              81.763166,
              6.595674
            ],
            [
              81.77277,
              6.670724
            ],
            [
              81.826629,
              6.764066
            ],
            [
              81.824934,
              6.809817
            ],
            [
              81.760412,
              6.838567
            ],
            [
              81.754927,
              6.919336
            ],
            [
              81.732988,
              6.95878
            ],
            [
              81.689392,
              6.967515
            ]
          ]
        ]
      }
    },
    {
      "id": "feature_199",
      "type": "Feature",
      "properties": {
        "id": "LK-5303",
        "name": "Padavi Sri Pura",
        "area_sqkm": 113.33,
        "center_lat": 8.915208,
        "center_lng": 80.855145,
        "province_id": "LK-5",
        "district_id": "LK-53",
        "ed_id": "EC-14",
        "pd_id": "EC-14A",
        "lg_id": "LG-53037"
      },
      "geometry": {
        "type": "Polygon",
        "coordinates": [
          [
            [
              80.896151,
              8.980741
            ],
            [
              80.865526,
              8.95861
            ],
            [
              80.775558,
              8.94725
            ],
            [
              80.755125,
              8.905847
            ],
            [
              80.811762,
              8.916463
            ],
            [
              80.884994,
              8.869498
            ],
            [
              80.912653,
              8.832599
            ],
            [
              80.92141,
              8.848698
            ],
            [
              80.926353,
              8.867422
            ],
            [
              80.904249,
              8.906709
            ],
            [
              80.911664,
              8.909843
            ],
            [
              80.914348,
              8.912232
            ],
            [
              80.89561,
              8.911919
            ],
            [
              80.896151,
              8.980741
            ]
          ]
        ]
      }
    },
    {
      "id": "feature_200",
      "type": "Feature",
      "properties": {
        "id": "LK-5306",
        "name": "Kuchchaweli",
        "area_sqkm": 446.97,
        "center_lat": 8.813051,
        "center_lng": 81.047186,
        "province_id": "LK-5",
        "district_id": "LK-53",
        "ed_id": "EC-14",
        "pd_id": "EC-14B",
        "lg_id": "LG-53034"
      },
      "geometry": {
        "type": "Polygon",
        "coordinates": [
          [
            [
              80.967218,
              8.986695
            ],
            [
              80.908816,
              8.985363
            ],
            [
              80.896151,
              8.980741
            ],
            [
              80.89561,
              8.911919
            ],
            [
              80.914348,
              8.912232
            ],
            [
              80.911664,
              8.909843
            ],
            [
              80.904249,
              8.906709
            ],
            [
              80.926353,
              8.867422
            ],
            [
              80.92141,
              8.848698
            ],
            [
              80.947327,
              8.868009
            ],
            [
              80.970278,
              8.828173
            ],
            [
              81.009566,
              8.819712
            ],
            [
              81.06067,
              8.756061
            ],
            [
              81.059682,
              8.733617
            ],
            [
              81.137951,
              8.627936
            ],
            [
              81.156383,
              8.649558
            ],
            [
              81.174438,
              8.647677
            ],
            [
              81.174485,
              8.647677
            ],
            [
              81.174438,
              8.647677
            ],
            [
              81.185407,
              8.626173
            ],
            [
              81.216433,
              8.662327
            ],
            [
              81.079714,
              8.868675
            ],
            [
              81.066202,
              8.857472
            ],
            [
              81.04045,
              8.879133
            ],
            [
              80.967218,
              8.986695
            ]
          ]
        ]
      }
    },
    {
      "id": "feature_201",
      "type": "Feature",
      "properties": {
        "id": "LK-5309",
        "name": "Gomarankadawala",
        "area_sqkm": 307.33,
        "center_lat": 8.749348,
        "center_lng": 80.966816,
        "province_id": "LK-5",
        "district_id": "LK-53",
        "ed_id": "EC-14",
        "pd_id": "EC-14A",
        "lg_id": "LG-53031"
      },
      "geometry": {
        "type": "Polygon",
        "coordinates": [
          [
            [
              81.059682,
              8.733617
            ],
            [
              81.06067,
              8.756061
            ],
            [
              81.009566,
              8.819712
            ],
            [
              80.970278,
              8.828173
            ],
            [
              80.947327,
              8.868009
            ],
            [
              80.92141,
              8.848698
            ],
            [
              80.912653,
              8.832599
            ],
            [
              80.913477,
              8.827116
            ],
            [
              80.883675,
              8.78771
            ],
            [
              80.880309,
              8.750851
            ],
            [
              80.910275,
              8.667654
            ],
            [
              80.947656,
              8.648852
            ],
            [
              80.995348,
              8.66221
            ],
            [
              81.018464,
              8.639804
            ],
            [
              81.033788,
              8.711995
            ],
            [
              81.059682,
              8.733617
            ]
          ]
        ]
      }
    },
    {
      "id": "feature_202",
      "type": "Feature",
      "properties": {
        "id": "LK-5312",
        "name": "Morawewa",
        "area_sqkm": 278.14,
        "center_lat": 8.625746,
        "center_lng": 81.019771,
        "province_id": "LK-5",
        "district_id": "LK-53",
        "ed_id": "EC-14",
        "pd_id": "EC-14A",
        "lg_id": "LG-53035"
      },
      "geometry": {
        "type": "Polygon",
        "coordinates": [
          [
            [
              81.137951,
              8.627936
            ],
            [
              81.059682,
              8.733617
            ],
            [
              81.033788,
              8.711995
            ],
            [
              81.018464,
              8.639804
            ],
            [
              80.995348,
              8.66221
            ],
            [
              80.947656,
              8.648852
            ],
            [
              80.910275,
              8.667654
            ],
            [
              80.894127,
              8.62206
            ],
            [
              80.942148,
              8.560093
            ],
            [
              80.949704,
              8.568946
            ],
            [
              81.022795,
              8.543485
            ],
            [
              81.073005,
              8.609212
            ],
            [
              81.12637,
              8.58665
            ],
            [
              81.137951,
              8.627936
            ]
          ]
        ]
      }
    },
    {
      "id": "feature_203",
      "type": "Feature",
      "properties": {
        "id": "LK-5315",
        "name": "Town & Gravets",
        "area_sqkm": 129.82,
        "center_lat": 8.582618,
        "center_lng": 81.174705,
        "province_id": "LK-5",
        "district_id": "LK-53",
        "ed_id": "EC-14",
        "pd_id": "EC-14B",
        "lg_id": null
      },
      "geometry": {
        "type": "Polygon",
        "coordinates": [
          [
            [
              81.132937,
              8.512384
            ],
            [
              81.152758,
              8.546344
            ],
            [
              81.177569,
              8.525819
            ],
            [
              81.184772,
              8.536043
            ],
            [
              81.18576,
              8.511992
            ],
            [
              81.213066,
              8.509368
            ],
            [
              81.191669,
              8.544268
            ],
            [
              81.206381,
              8.553943
            ],
            [
              81.191881,
              8.555353
            ],
            [
              81.200214,
              8.578856
            ],
            [
              81.203486,
              8.568319
            ],
            [
              81.21994,
              8.584379
            ],
            [
              81.207535,
              8.565342
            ],
            [
              81.224224,
              8.575918
            ],
            [
              81.233052,
              8.565577
            ],
            [
              81.227261,
              8.535612
            ],
            [
              81.246046,
              8.546266
            ],
            [
              81.216433,
              8.662327
            ],
            [
              81.185407,
              8.626173
            ],
            [
              81.174438,
              8.647677
            ],
            [
              81.174485,
              8.647677
            ],
            [
              81.174438,
              8.647677
            ],
            [
              81.156383,
              8.649558
            ],
            [
              81.137951,
              8.627936
            ],
            [
              81.12637,
              8.58665
            ],
            [
              81.115188,
              8.540939
            ],
            [
              81.132937,
              8.512384
            ]
          ]
        ]
      }
    },
    {
      "id": "feature_204",
      "type": "Feature",
      "properties": {
        "id": "LK-5318",
        "name": "Thambalagamuwa",
        "area_sqkm": 274.19,
        "center_lat": 8.509573,
        "center_lng": 81.042854,
        "province_id": "LK-5",
        "district_id": "LK-53",
        "ed_id": "EC-14",
        "pd_id": null,
        "lg_id": "LG-53039"
      },
      "geometry": {
        "type": "Polygon",
        "coordinates": [
          [
            [
              81.12637,
              8.58665
            ],
            [
              81.073005,
              8.609212
            ],
            [
              81.022795,
              8.543485
            ],
            [
              80.949704,
              8.568946
            ],
            [
              80.942148,
              8.560093
            ],
            [
              80.948951,
              8.508075
            ],
            [
              80.965288,
              8.487393
            ],
            [
              80.99337,
              8.483476
            ],
            [
              80.962463,
              8.449163
            ],
            [
              81.09365,
              8.410032
            ],
            [
              81.106691,
              8.461267
            ],
            [
              81.138093,
              8.4767
            ],
            [
              81.139528,
              8.492015
            ],
            [
              81.120555,
              8.504863
            ],
            [
              81.132937,
              8.512384
            ],
            [
              81.115188,
              8.540939
            ],
            [
              81.12637,
              8.58665
            ]
          ]
        ]
      }
    },
    {
      "id": "feature_205",
      "type": "Feature",
      "properties": {
        "id": "LK-5321",
        "name": "Kantale",
        "area_sqkm": 412.73,
        "center_lat": 8.342622,
        "center_lng": 81.055903,
        "province_id": "LK-5",
        "district_id": "LK-53",
        "ed_id": "EC-14",
        "pd_id": "EC-14A",
        "lg_id": "LG-53032"
      },
      "geometry": {
        "type": "Polygon",
        "coordinates": [
          [
            [
              81.09365,
              8.410032
            ],
            [
              80.962463,
              8.449163
            ],
            [
              80.928377,
              8.387941
            ],
            [
              80.94123,
              8.342268
            ],
            [
              80.968677,
              8.317199
            ],
            [
              80.987815,
              8.272937
            ],
            [
              81.05528,
              8.274151
            ],
            [
              81.055256,
              8.274151
            ],
            [
              81.05528,
              8.274151
            ],
            [
              81.135527,
              8.259933
            ],
            [
              81.135503,
              8.259933
            ],
            [
              81.135527,
              8.259933
            ],
            [
              81.181759,
              8.229693
            ],
            [
              81.160267,
              8.298829
            ],
            [
              81.19487,
              8.353197
            ],
            [
              81.209159,
              8.369413
            ],
            [
              81.131101,
              8.379558
            ],
            [
              81.107915,
              8.397381
            ],
            [
              81.112011,
              8.411443
            ],
            [
              81.09365,
              8.410032
            ]
          ]
        ]
      }
    },
    {
      "id": "feature_206",
      "type": "Feature",
      "properties": {
        "id": "LK-5324",
        "name": "Kinniya",
        "area_sqkm": 151.55,
        "center_lat": 8.435933,
        "center_lng": 81.160269,
        "province_id": "LK-5",
        "district_id": "LK-53",
        "ed_id": "EC-14",
        "pd_id": "EC-14C",
        "lg_id": null
      },
      "geometry": {
        "type": "Polygon",
        "coordinates": [
          [
            [
              81.230509,
              8.460523
            ],
            [
              81.205204,
              8.46914
            ],
            [
              81.178345,
              8.511522
            ],
            [
              81.139528,
              8.492015
            ],
            [
              81.138093,
              8.4767
            ],
            [
              81.106691,
              8.461267
            ],
            [
              81.09365,
              8.410032
            ],
            [
              81.112011,
              8.411443
            ],
            [
              81.107915,
              8.397381
            ],
            [
              81.131101,
              8.379558
            ],
            [
              81.209159,
              8.369413
            ],
            [
              81.209794,
              8.420687
            ],
            [
              81.223965,
              8.422254
            ],
            [
              81.230509,
              8.460523
            ]
          ]
        ]
      }
    },
    {
      "id": "feature_207",
      "type": "Feature",
      "properties": {
        "id": "LK-5327",
        "name": "Muthur",
        "area_sqkm": 194.19,
        "center_lat": 8.431494,
        "center_lng": 81.291319,
        "province_id": "LK-5",
        "district_id": "LK-53",
        "ed_id": "EC-14",
        "pd_id": "EC-14C",
        "lg_id": "LG-53036"
      },
      "geometry": {
        "type": "Polygon",
        "coordinates": [
          [
            [
              81.372689,
              8.409562
            ],
            [
              81.353504,
              8.495854
            ],
            [
              81.32102,
              8.525193
            ],
            [
              81.280414,
              8.507253
            ],
            [
              81.278695,
              8.465341
            ],
            [
              81.230509,
              8.460523
            ],
            [
              81.223965,
              8.422254
            ],
            [
              81.209794,
              8.420687
            ],
            [
              81.209159,
              8.369413
            ],
            [
              81.19487,
              8.353197
            ],
            [
              81.217492,
              8.352727
            ],
            [
              81.213114,
              8.369726
            ],
            [
              81.229026,
              8.362872
            ],
            [
              81.25412,
              8.384533
            ],
            [
              81.269797,
              8.374584
            ],
            [
              81.263583,
              8.360717
            ],
            [
              81.276082,
              8.364164
            ],
            [
              81.269679,
              8.33792
            ],
            [
              81.278766,
              8.334904
            ],
            [
              81.312616,
              8.403139
            ],
            [
              81.338627,
              8.404157
            ],
            [
              81.372689,
              8.409562
            ]
          ]
        ]
      }
    },
    {
      "id": "feature_208",
      "type": "Feature",
      "properties": {
        "id": "LK-5330",
        "name": "Seruvila",
        "area_sqkm": 293.32,
        "center_lat": 8.287808,
        "center_lng": 81.25641,
        "province_id": "LK-5",
        "district_id": "LK-53",
        "ed_id": "EC-14",
        "pd_id": "EC-14A",
        "lg_id": "LG-53038"
      },
      "geometry": {
        "type": "Polygon",
        "coordinates": [
          [
            [
              81.338627,
              8.404157
            ],
            [
              81.312616,
              8.403139
            ],
            [
              81.278766,
              8.334904
            ],
            [
              81.269679,
              8.33792
            ],
            [
              81.276082,
              8.364164
            ],
            [
              81.263583,
              8.360717
            ],
            [
              81.269797,
              8.374584
            ],
            [
              81.25412,
              8.384533
            ],
            [
              81.229026,
              8.362872
            ],
            [
              81.213114,
              8.369726
            ],
            [
              81.217492,
              8.352727
            ],
            [
              81.19487,
              8.353197
            ],
            [
              81.160267,
              8.298829
            ],
            [
              81.181759,
              8.229693
            ],
            [
              81.202544,
              8.227735
            ],
            [
              81.21309,
              8.1803
            ],
            [
              81.192446,
              8.151627
            ],
            [
              81.231427,
              8.155662
            ],
            [
              81.249765,
              8.225972
            ],
            [
              81.280414,
              8.256917
            ],
            [
              81.311392,
              8.251903
            ],
            [
              81.324762,
              8.262596
            ],
            [
              81.322314,
              8.293188
            ],
            [
              81.347313,
              8.312577
            ],
            [
              81.351527,
              8.375759
            ],
            [
              81.36212,
              8.371528
            ],
            [
              81.338627,
              8.404157
            ]
          ]
        ]
      }
    },
    {
      "id": "feature_209",
      "type": "Feature",
      "properties": {
        "id": "LK-5333",
        "name": "Verugal",
        "area_sqkm": 90.54,
        "center_lat": 8.318232,
        "center_lng": 81.363485,
        "province_id": "LK-5",
        "district_id": "LK-53",
        "ed_id": "EC-14",
        "pd_id": "EC-14A",
        "lg_id": "LG-53041"
      },
      "geometry": {
        "type": "Polygon",
        "coordinates": [
          [
            [
              81.372689,
              8.409562
            ],
            [
              81.338627,
              8.404157
            ],
            [
              81.36212,
              8.371528
            ],
            [
              81.351527,
              8.375759
            ],
            [
              81.347313,
              8.312577
            ],
            [
              81.322314,
              8.293188
            ],
            [
              81.324762,
              8.262596
            ],
            [
              81.392745,
              8.261617
            ],
            [
              81.396276,
              8.248338
            ],
            [
              81.403691,
              8.266004
            ],
            [
              81.372689,
              8.409562
            ]
          ]
        ]
      }
    },
    {
      "id": "feature_210",
      "type": "Feature",
      "properties": {
        "id": "LK-6103",
        "name": "Giribawa",
        "area_sqkm": 205.37,
        "center_lat": 8.103672,
        "center_lng": 80.183754,
        "province_id": "LK-6",
        "district_id": "LK-61",
        "ed_id": "EC-15",
        "pd_id": "EC-15A",
        "lg_id": "LG-61034"
      },
      "geometry": {
        "type": "Polygon",
        "coordinates": [
          [
            [
              80.256719,
              8.128399
            ],
            [
              80.100133,
              8.197926
            ],
            [
              80.11009,
              8.131376
            ],
            [
              80.110114,
              8.131376
            ],
            [
              80.11009,
              8.131376
            ],
            [
              80.12565,
              8.082257
            ],
            [
              80.15225,
              8.068469
            ],
            [
              80.147448,
              8.051822
            ],
            [
              80.174636,
              8.024207
            ],
            [
              80.230001,
              8.033569
            ],
            [
              80.273691,
              8.085743
            ],
            [
              80.256719,
              8.128399
            ]
          ]
        ]
      }
    },
    {
      "id": "feature_211",
      "type": "Feature",
      "properties": {
        "id": "LK-6106",
        "name": "Galgamuwa",
        "area_sqkm": 273.2,
        "center_lat": 8.01942,
        "center_lng": 80.261519,
        "province_id": "LK-6",
        "district_id": "LK-61",
        "ed_id": "EC-15",
        "pd_id": "EC-15A",
        "lg_id": "LG-61033"
      },
      "geometry": {
        "type": "Polygon",
        "coordinates": [
          [
            [
              80.277175,
              8.11657
            ],
            [
              80.256719,
              8.128399
            ],
            [
              80.273691,
              8.085743
            ],
            [
              80.230001,
              8.033569
            ],
            [
              80.174636,
              8.024207
            ],
            [
              80.147448,
              8.051822
            ],
            [
              80.141045,
              7.954758
            ],
            [
              80.169646,
              7.949353
            ],
            [
              80.248668,
              7.980062
            ],
            [
              80.259403,
              7.95609
            ],
            [
              80.292193,
              7.933293
            ],
            [
              80.308954,
              7.943125
            ],
            [
              80.325902,
              7.984802
            ],
            [
              80.349065,
              7.987465
            ],
            [
              80.343016,
              8.04387
            ],
            [
              80.370063,
              8.046808
            ],
            [
              80.36592,
              8.065257
            ],
            [
              80.36173,
              8.067059
            ],
            [
              80.317263,
              8.113828
            ],
            [
              80.277175,
              8.11657
            ]
          ]
        ]
      }
    },
    {
      "id": "feature_212",
      "type": "Feature",
      "properties": {
        "id": "LK-6109",
        "name": "Ehetuwewa",
        "area_sqkm": 171.52,
        "center_lat": 7.964571,
        "center_lng": 80.356533,
        "province_id": "LK-6",
        "district_id": "LK-61",
        "ed_id": "EC-15",
        "pd_id": "EC-15A",
        "lg_id": "LG-61033"
      },
      "geometry": {
        "type": "Polygon",
        "coordinates": [
          [
            [
              80.41766,
              7.949784
            ],
            [
              80.419755,
              8.043126
            ],
            [
              80.36592,
              8.065257
            ],
            [
              80.370063,
              8.046808
            ],
            [
              80.343016,
              8.04387
            ],
            [
              80.349065,
              7.987465
            ],
            [
              80.325902,
              7.984802
            ],
            [
              80.308954,
              7.943125
            ],
            [
              80.292193,
              7.933293
            ],
            [
              80.259403,
              7.95609
            ],
            [
              80.292782,
              7.896943
            ],
            [
              80.367826,
              7.879904
            ],
            [
              80.385128,
              7.960673
            ],
            [
              80.41766,
              7.949784
            ]
          ]
        ]
      }
    },
    {
      "id": "feature_213",
      "type": "Feature",
      "properties": {
        "id": "LK-6112",
        "name": "Ambanpola",
        "area_sqkm": 140.33,
        "center_lat": 7.907793,
        "center_lng": 80.223831,
        "province_id": "LK-6",
        "district_id": "LK-61",
        "ed_id": "EC-15",
        "pd_id": "EC-15C",
        "lg_id": "LG-61039"
      },
      "geometry": {
        "type": "Polygon",
        "coordinates": [
          [
            [
              80.259403,
              7.95609
            ],
            [
              80.248668,
              7.980062
            ],
            [
              80.169646,
              7.949353
            ],
            [
              80.16482,
              7.898902
            ],
            [
              80.202083,
              7.843124
            ],
            [
              80.244149,
              7.851467
            ],
            [
              80.245679,
              7.872345
            ],
            [
              80.308718,
              7.872971
            ],
            [
              80.292782,
              7.896943
            ],
            [
              80.259403,
              7.95609
            ]
          ]
        ]
      }
    },
    {
      "id": "feature_214",
      "type": "Feature",
      "properties": {
        "id": "LK-6115",
        "name": "Kotawehera",
        "area_sqkm": 189.56,
        "center_lat": 7.86602,
        "center_lng": 80.12381,
        "province_id": "LK-6",
        "district_id": "LK-61",
        "ed_id": "EC-15",
        "pd_id": "EC-15B",
        "lg_id": "LG-61041"
      },
      "geometry": {
        "type": "Polygon",
        "coordinates": [
          [
            [
              80.169646,
              7.949353
            ],
            [
              80.141045,
              7.954758
            ],
            [
              80.148319,
              7.942067
            ],
            [
              80.132759,
              7.934351
            ],
            [
              80.109925,
              7.950058
            ],
            [
              80.098603,
              7.914531
            ],
            [
              80.072474,
              7.914022
            ],
            [
              80.066918,
              7.874029
            ],
            [
              80.041307,
              7.865451
            ],
            [
              80.034033,
              7.84187
            ],
            [
              80.067554,
              7.841674
            ],
            [
              80.047592,
              7.822755
            ],
            [
              80.080618,
              7.804776
            ],
            [
              80.106889,
              7.824205
            ],
            [
              80.127933,
              7.796746
            ],
            [
              80.149566,
              7.803914
            ],
            [
              80.149566,
              7.803954
            ],
            [
              80.197634,
              7.804894
            ],
            [
              80.201871,
              7.815587
            ],
            [
              80.196434,
              7.834271
            ],
            [
              80.196457,
              7.834271
            ],
            [
              80.196434,
              7.834271
            ],
            [
              80.200812,
              7.836856
            ],
            [
              80.200812,
              7.836896
            ],
            [
              80.200812,
              7.836856
            ],
            [
              80.202083,
              7.843124
            ],
            [
              80.16482,
              7.898902
            ],
            [
              80.169646,
              7.949353
            ]
          ]
        ]
      }
    },
    {
      "id": "feature_215",
      "type": "Feature",
      "properties": {
        "id": "LK-6118",
        "name": "Rasnayakapura",
        "area_sqkm": 124.56,
        "center_lat": 7.765388,
        "center_lng": 80.02517,
        "province_id": "LK-6",
        "district_id": "LK-61",
        "ed_id": "EC-15",
        "pd_id": "EC-15B",
        "lg_id": "LG-61041"
      },
      "geometry": {
        "type": "Polygon",
        "coordinates": [
          [
            [
              80.080618,
              7.804776
            ],
            [
              80.047592,
              7.822755
            ],
            [
              80.067554,
              7.841674
            ],
            [
              80.034033,
              7.84187
            ],
            [
              80.00781,
              7.832822
            ],
            [
              79.994722,
              7.79373
            ],
            [
              79.999665,
              7.74465
            ],
            [
              79.939121,
              7.694473
            ],
            [
              79.963367,
              7.686757
            ],
            [
              79.989638,
              7.705362
            ],
            [
              79.998418,
              7.697528
            ],
            [
              80.0507,
              7.725378
            ],
            [
              80.071226,
              7.746256
            ],
            [
              80.073651,
              7.77767
            ],
            [
              80.091965,
              7.784016
            ],
            [
              80.080618,
              7.804776
            ]
          ]
        ]
      }
    },
    {
      "id": "feature_216",
      "type": "Feature",
      "properties": {
        "id": "LK-6121",
        "name": "Nikaweratiya",
        "area_sqkm": 151.32,
        "center_lat": 7.763229,
        "center_lng": 80.145972,
        "province_id": "LK-6",
        "district_id": "LK-61",
        "ed_id": "EC-15",
        "pd_id": "EC-15B",
        "lg_id": "LG-61041"
      },
      "geometry": {
        "type": "Polygon",
        "coordinates": [
          [
            [
              80.197634,
              7.804894
            ],
            [
              80.149566,
              7.803954
            ],
            [
              80.149566,
              7.803914
            ],
            [
              80.127933,
              7.796746
            ],
            [
              80.106889,
              7.824205
            ],
            [
              80.080618,
              7.804776
            ],
            [
              80.091965,
              7.784016
            ],
            [
              80.073651,
              7.77767
            ],
            [
              80.071226,
              7.746256
            ],
            [
              80.0507,
              7.725378
            ],
            [
              80.069319,
              7.718249
            ],
            [
              80.086974,
              7.734309
            ],
            [
              80.15877,
              7.719268
            ],
            [
              80.236192,
              7.735641
            ],
            [
              80.245373,
              7.747274
            ],
            [
              80.223928,
              7.772461
            ],
            [
              80.228095,
              7.791302
            ],
            [
              80.213241,
              7.775438
            ],
            [
              80.197634,
              7.804894
            ]
          ]
        ]
      }
    },
    {
      "id": "feature_217",
      "type": "Feature",
      "properties": {
        "id": "LK-6124",
        "name": "Maho",
        "area_sqkm": 261.4,
        "center_lat": 7.805441,
        "center_lng": 80.291121,
        "province_id": "LK-6",
        "district_id": "LK-61",
        "ed_id": "EC-15",
        "pd_id": "EC-15C",
        "lg_id": "LG-61039"
      },
      "geometry": {
        "type": "Polygon",
        "coordinates": [
          [
            [
              80.367826,
              7.879904
            ],
            [
              80.292782,
              7.896943
            ],
            [
              80.308718,
              7.872971
            ],
            [
              80.245679,
              7.872345
            ],
            [
              80.244149,
              7.851467
            ],
            [
              80.202083,
              7.843124
            ],
            [
              80.200812,
              7.836856
            ],
            [
              80.200812,
              7.836896
            ],
            [
              80.200812,
              7.836856
            ],
            [
              80.196434,
              7.834271
            ],
            [
              80.196457,
              7.834271
            ],
            [
              80.196434,
              7.834271
            ],
            [
              80.201871,
              7.815587
            ],
            [
              80.197634,
              7.804894
            ],
            [
              80.213241,
              7.775438
            ],
            [
              80.228095,
              7.791302
            ],
            [
              80.223928,
              7.772461
            ],
            [
              80.245373,
              7.747274
            ],
            [
              80.236192,
              7.735641
            ],
            [
              80.277834,
              7.710415
            ],
            [
              80.298667,
              7.703561
            ],
            [
              80.330257,
              7.746648
            ],
            [
              80.343981,
              7.740772
            ],
            [
              80.362765,
              7.760945
            ],
            [
              80.35189,
              7.826281
            ],
            [
              80.367826,
              7.879904
            ]
          ]
        ]
      }
    },
    {
      "id": "feature_218",
      "type": "Feature",
      "properties": {
        "id": "LK-6127",
        "name": "Polpitigama",
        "area_sqkm": 415.64,
        "center_lat": 7.803271,
        "center_lng": 80.428893,
        "province_id": "LK-6",
        "district_id": "LK-61",
        "ed_id": "EC-15",
        "pd_id": null,
        "lg_id": "LG-61045"
      },
      "geometry": {
        "type": "Polygon",
        "coordinates": [
          [
            [
              80.41766,
              7.949784
            ],
            [
              80.385128,
              7.960673
            ],
            [
              80.367826,
              7.879904
            ],
            [
              80.35189,
              7.826281
            ],
            [
              80.362765,
              7.760945
            ],
            [
              80.343981,
              7.740772
            ],
            [
              80.329527,
              7.703717
            ],
            [
              80.365826,
              7.678218
            ],
            [
              80.394426,
              7.699017
            ],
            [
              80.432843,
              7.691535
            ],
            [
              80.479028,
              7.717936
            ],
            [
              80.49826,
              7.693376
            ],
            [
              80.540796,
              7.708888
            ],
            [
              80.519516,
              7.772618
            ],
            [
              80.497883,
              7.78335
            ],
            [
              80.501297,
              7.816919
            ],
            [
              80.468812,
              7.850018
            ],
            [
              80.479852,
              7.88104
            ],
            [
              80.460314,
              7.945593
            ],
            [
              80.41766,
              7.949784
            ]
          ]
        ]
      }
    },
    {
      "id": "feature_219",
      "type": "Feature",
      "properties": {
        "id": "LK-6130",
        "name": "Ibbagamuwa",
        "area_sqkm": 217.17,
        "center_lat": 7.617703,
        "center_lng": 80.471158,
        "province_id": "LK-6",
        "district_id": "LK-61",
        "ed_id": "EC-15",
        "pd_id": "EC-15D",
        "lg_id": "LG-61035"
      },
      "geometry": {
        "type": "Polygon",
        "coordinates": [
          [
            [
              80.540796,
              7.708888
            ],
            [
              80.49826,
              7.693376
            ],
            [
              80.479028,
              7.717936
            ],
            [
              80.432843,
              7.691535
            ],
            [
              80.452216,
              7.648252
            ],
            [
              80.410198,
              7.639439
            ],
            [
              80.414082,
              7.595295
            ],
            [
              80.38953,
              7.572693
            ],
            [
              80.405302,
              7.551228
            ],
            [
              80.429147,
              7.518874
            ],
            [
              80.441129,
              7.507358
            ],
            [
              80.4835,
              7.523457
            ],
            [
              80.499625,
              7.590594
            ],
            [
              80.485902,
              7.59455
            ],
            [
              80.505463,
              7.599447
            ],
            [
              80.506993,
              7.62334
            ],
            [
              80.556591,
              7.634425
            ],
            [
              80.55379,
              7.669208
            ],
            [
              80.540796,
              7.708888
            ]
          ]
        ]
      }
    },
    {
      "id": "feature_220",
      "type": "Feature",
      "properties": {
        "id": "LK-6133",
        "name": "Ganewatta",
        "area_sqkm": 150.26,
        "center_lat": 7.656692,
        "center_lng": 80.37097,
        "province_id": "LK-6",
        "district_id": "LK-61",
        "ed_id": "EC-15",
        "pd_id": "EC-15D",
        "lg_id": "LG-61035"
      },
      "geometry": {
        "type": "Polygon",
        "coordinates": [
          [
            [
              80.343981,
              7.740772
            ],
            [
              80.330257,
              7.746648
            ],
            [
              80.298667,
              7.703561
            ],
            [
              80.277834,
              7.710415
            ],
            [
              80.345628,
              7.615898
            ],
            [
              80.38953,
              7.572693
            ],
            [
              80.414082,
              7.595295
            ],
            [
              80.410198,
              7.639439
            ],
            [
              80.452216,
              7.648252
            ],
            [
              80.432843,
              7.691535
            ],
            [
              80.394426,
              7.699017
            ],
            [
              80.365826,
              7.678218
            ],
            [
              80.329527,
              7.703717
            ],
            [
              80.343981,
              7.740772
            ]
          ]
        ]
      }
    },
    {
      "id": "feature_221",
      "type": "Feature",
      "properties": {
        "id": "LK-6136",
        "name": "Wariyapola",
        "area_sqkm": 201.99,
        "center_lat": 7.662389,
        "center_lng": 80.238951,
        "province_id": "LK-6",
        "district_id": "LK-61",
        "ed_id": "EC-15",
        "pd_id": "EC-15E",
        "lg_id": "LG-61047"
      },
      "geometry": {
        "type": "Polygon",
        "coordinates": [
          [
            [
              80.277834,
              7.710415
            ],
            [
              80.236192,
              7.735641
            ],
            [
              80.15877,
              7.719268
            ],
            [
              80.152956,
              7.696157
            ],
            [
              80.170352,
              7.680059
            ],
            [
              80.175342,
              7.633681
            ],
            [
              80.194292,
              7.619893
            ],
            [
              80.217384,
              7.614018
            ],
            [
              80.216137,
              7.586795
            ],
            [
              80.2405,
              7.59455
            ],
            [
              80.240477,
              7.59455
            ],
            [
              80.296172,
              7.588675
            ],
            [
              80.290263,
              7.66913
            ],
            [
              80.311731,
              7.606536
            ],
            [
              80.327032,
              7.60587
            ],
            [
              80.332635,
              7.624241
            ],
            [
              80.345628,
              7.615898
            ],
            [
              80.277834,
              7.710415
            ]
          ]
        ]
      }
    },
    {
      "id": "feature_222",
      "type": "Feature",
      "properties": {
        "id": "LK-6139",
        "name": "Kobeigane",
        "area_sqkm": 130.28,
        "center_lat": 7.684376,
        "center_lng": 80.100321,
        "province_id": "LK-6",
        "district_id": "LK-61",
        "ed_id": "EC-15",
        "pd_id": "EC-15B",
        "lg_id": "LG-61036"
      },
      "geometry": {
        "type": "Polygon",
        "coordinates": [
          [
            [
              80.15877,
              7.719268
            ],
            [
              80.086974,
              7.734309
            ],
            [
              80.069319,
              7.718249
            ],
            [
              80.0507,
              7.725378
            ],
            [
              79.998418,
              7.697528
            ],
            [
              79.991544,
              7.683271
            ],
            [
              80.047922,
              7.679158
            ],
            [
              80.065883,
              7.659964
            ],
            [
              80.103146,
              7.657575
            ],
            [
              80.122166,
              7.620442
            ],
            [
              80.134171,
              7.635522
            ],
            [
              80.175342,
              7.633681
            ],
            [
              80.170352,
              7.680059
            ],
            [
              80.152956,
              7.696157
            ],
            [
              80.15877,
              7.719268
            ]
          ]
        ]
      }
    },
    {
      "id": "feature_223",
      "type": "Feature",
      "properties": {
        "id": "LK-6142",
        "name": "Bingiriya",
        "area_sqkm": 193.62,
        "center_lat": 7.607565,
        "center_lng": 79.968083,
        "province_id": "LK-6",
        "district_id": "LK-61",
        "ed_id": "EC-15",
        "pd_id": "EC-15G",
        "lg_id": "LG-61032"
      },
      "geometry": {
        "type": "Polygon",
        "coordinates": [
          [
            [
              79.998418,
              7.697528
            ],
            [
              79.989638,
              7.705362
            ],
            [
              79.963367,
              7.686757
            ],
            [
              79.958495,
              7.673361
            ],
            [
              79.928364,
              7.674927
            ],
            [
              79.933519,
              7.650015
            ],
            [
              79.90586,
              7.616916
            ],
            [
              79.905883,
              7.616721
            ],
            [
              79.904636,
              7.587735
            ],
            [
              79.900163,
              7.557064
            ],
            [
              79.947596,
              7.525258
            ],
            [
              79.971559,
              7.540887
            ],
            [
              79.980151,
              7.5318
            ],
            [
              79.980175,
              7.5318
            ],
            [
              79.976173,
              7.515544
            ],
            [
              79.987378,
              7.525298
            ],
            [
              80.033563,
              7.55444
            ],
            [
              80.012565,
              7.582603
            ],
            [
              80.01805,
              7.616172
            ],
            [
              79.993216,
              7.608064
            ],
            [
              80.047922,
              7.679158
            ],
            [
              79.991544,
              7.683271
            ],
            [
              79.998418,
              7.697528
            ]
          ]
        ]
      }
    },
    {
      "id": "feature_224",
      "type": "Feature",
      "properties": {
        "id": "LK-6145",
        "name": "Panduwasnuwara West",
        "area_sqkm": 180.97,
        "center_lat": 7.59967,
        "center_lng": 80.078262,
        "province_id": "LK-6",
        "district_id": "LK-61",
        "ed_id": "EC-15",
        "pd_id": "EC-15F",
        "lg_id": "LG-61042"
      },
      "geometry": {
        "type": "Polygon",
        "coordinates": [
          [
            [
              80.175342,
              7.633681
            ],
            [
              80.134171,
              7.635522
            ],
            [
              80.122166,
              7.620442
            ],
            [
              80.103146,
              7.657575
            ],
            [
              80.065883,
              7.659964
            ],
            [
              80.047922,
              7.679158
            ],
            [
              79.993216,
              7.608064
            ],
            [
              80.01805,
              7.616172
            ],
            [
              80.012565,
              7.582603
            ],
            [
              80.033563,
              7.55444
            ],
            [
              80.052065,
              7.54735
            ],
            [
              80.047404,
              7.491533
            ],
            [
              80.071791,
              7.492395
            ],
            [
              80.080925,
              7.508729
            ],
            [
              80.090905,
              7.575553
            ],
            [
              80.123932,
              7.581507
            ],
            [
              80.130452,
              7.59929
            ],
            [
              80.145988,
              7.586716
            ],
            [
              80.173953,
              7.595647
            ],
            [
              80.194292,
              7.619893
            ],
            [
              80.175342,
              7.633681
            ]
          ]
        ]
      }
    },
    {
      "id": "feature_225",
      "type": "Feature",
      "properties": {
        "id": "LK-6148",
        "name": "Panduwasnuwara East",
        "area_sqkm": 102.5,
        "center_lat": 7.556704,
        "center_lng": 80.142781,
        "province_id": "LK-6",
        "district_id": "LK-61",
        "ed_id": "EC-15",
        "pd_id": "EC-15F",
        "lg_id": "LG-61042"
      },
      "geometry": {
        "type": "Polygon",
        "coordinates": [
          [
            [
              80.216137,
              7.586795
            ],
            [
              80.217384,
              7.614018
            ],
            [
              80.194292,
              7.619893
            ],
            [
              80.173953,
              7.595647
            ],
            [
              80.145988,
              7.586716
            ],
            [
              80.130452,
              7.59929
            ],
            [
              80.123932,
              7.581507
            ],
            [
              80.090905,
              7.575553
            ],
            [
              80.080925,
              7.508729
            ],
            [
              80.136502,
              7.50019
            ],
            [
              80.175154,
              7.546528
            ],
            [
              80.216137,
              7.586795
            ]
          ]
        ]
      }
    },
    {
      "id": "feature_226",
      "type": "Feature",
      "properties": {
        "id": "LK-6149",
        "name": "Bamunakotuwa",
        "area_sqkm": 110.54,
        "center_lat": 7.547987,
        "center_lng": 80.253693,
        "province_id": "LK-6",
        "district_id": "LK-61",
        "ed_id": "EC-15",
        "pd_id": "EC-15E",
        "lg_id": "LG-61047"
      },
      "geometry": {
        "type": "Polygon",
        "coordinates": [
          [
            [
              80.296172,
              7.588675
            ],
            [
              80.307706,
              7.509473
            ],
            [
              80.304246,
              7.502814
            ],
            [
              80.29297,
              7.487929
            ],
            [
              80.265287,
              7.49404
            ],
            [
              80.249492,
              7.521067
            ],
            [
              80.213759,
              7.519579
            ],
            [
              80.175154,
              7.546528
            ],
            [
              80.216137,
              7.586795
            ],
            [
              80.2405,
              7.59455
            ],
            [
              80.240477,
              7.59455
            ],
            [
              80.296172,
              7.588675
            ]
          ]
        ]
      }
    },
    {
      "id": "feature_227",
      "type": "Feature",
      "properties": {
        "id": "LK-6151",
        "name": "Maspotha",
        "area_sqkm": 66.36,
        "center_lat": 7.558038,
        "center_lng": 80.324834,
        "province_id": "LK-6",
        "district_id": "LK-61",
        "ed_id": "EC-15",
        "pd_id": "EC-15L",
        "lg_id": "LG-61038"
      },
      "geometry": {
        "type": "Polygon",
        "coordinates": [
          [
            [
              80.311731,
              7.606536
            ],
            [
              80.290263,
              7.66913
            ],
            [
              80.296172,
              7.588675
            ],
            [
              80.307706,
              7.509473
            ],
            [
              80.341274,
              7.489731
            ],
            [
              80.370769,
              7.514917
            ],
            [
              80.364366,
              7.530586
            ],
            [
              80.311731,
              7.606536
            ]
          ]
        ]
      }
    },
    {
      "id": "feature_228",
      "type": "Feature",
      "properties": {
        "id": "LK-6154",
        "name": "Kurunegala",
        "area_sqkm": 97.71,
        "center_lat": 7.512057,
        "center_lng": 80.353824,
        "province_id": "LK-6",
        "district_id": "LK-61",
        "ed_id": "EC-15",
        "pd_id": "EC-15L",
        "lg_id": null
      },
      "geometry": {
        "type": "MultiPolygon",
        "coordinates": [
          [
            [
              [
                80.378537,
                7.392589
              ],
              [
                80.354385,
                7.40199
              ],
              [
                80.366838,
                7.421889
              ],
              [
                80.350807,
                7.425727
              ],
              [
                80.374794,
                7.455261
              ],
              [
                80.369286,
                7.474886
              ],
              [
                80.38461,
                7.475826
              ],
              [
                80.370769,
                7.514917
              ],
              [
                80.341274,
                7.489731
              ],
              [
                80.307706,
                7.509473
              ],
              [
                80.304246,
                7.502814
              ],
              [
                80.316698,
                7.483307
              ],
              [
                80.316722,
                7.483307
              ],
              [
                80.316698,
                7.483307
              ],
              [
                80.330092,
                7.439398
              ],
              [
                80.348171,
                7.387105
              ],
              [
                80.378537,
                7.392589
              ]
            ],
            [
              [
                80.361541,
                7.396624
              ],
              [
                80.361918,
                7.394744
              ],
              [
                80.355233,
                7.400267
              ],
              [
                80.361118,
                7.399562
              ],
              [
                80.361541,
                7.396624
              ]
            ],
            [
              [
                80.346146,
                7.426315
              ],
              [
                80.346594,
                7.42181
              ],
              [
                80.342851,
                7.417815
              ],
              [
                80.342239,
                7.42322
              ],
              [
                80.346146,
                7.426315
              ]
            ]
          ],
          [
            [
              [
                80.345628,
                7.615898
              ],
              [
                80.332635,
                7.624241
              ],
              [
                80.327032,
                7.60587
              ],
              [
                80.311731,
                7.606536
              ],
              [
                80.364366,
                7.530586
              ],
              [
                80.405302,
                7.551228
              ],
              [
                80.38953,
                7.572693
              ],
              [
                80.345628,
                7.615898
              ]
            ]
          ]
        ]
      }
    },
    {
      "id": "feature_229",
      "type": "Feature",
      "properties": {
        "id": "LK-6157",
        "name": "Mallawapitiya",
        "area_sqkm": 79.25,
        "center_lat": 7.468271,
        "center_lng": 80.390824,
        "province_id": "LK-6",
        "district_id": "LK-61",
        "ed_id": "EC-15",
        "pd_id": "EC-15M",
        "lg_id": "LG-61038"
      },
      "geometry": {
        "type": "MultiPolygon",
        "coordinates": [
          [
            [
              [
                80.429147,
                7.518874
              ],
              [
                80.405302,
                7.551228
              ],
              [
                80.364366,
                7.530586
              ],
              [
                80.370769,
                7.514917
              ],
              [
                80.38461,
                7.475826
              ],
              [
                80.369286,
                7.474886
              ],
              [
                80.374794,
                7.455261
              ],
              [
                80.350807,
                7.425727
              ],
              [
                80.366838,
                7.421889
              ],
              [
                80.354385,
                7.40199
              ],
              [
                80.378537,
                7.392589
              ],
              [
                80.407138,
                7.386557
              ],
              [
                80.396333,
                7.414955
              ],
              [
                80.415424,
                7.423455
              ],
              [
                80.401747,
                7.46525
              ],
              [
                80.429147,
                7.518874
              ]
            ]
          ],
          [
            [
              [
                80.346146,
                7.426315
              ],
              [
                80.342239,
                7.42322
              ],
              [
                80.342851,
                7.417815
              ],
              [
                80.346594,
                7.42181
              ],
              [
                80.346146,
                7.426315
              ]
            ]
          ],
          [
            [
              [
                80.361541,
                7.396624
              ],
              [
                80.361118,
                7.399562
              ],
              [
                80.355233,
                7.400267
              ],
              [
                80.361918,
                7.394744
              ],
              [
                80.361541,
                7.396624
              ]
            ]
          ]
        ]
      }
    },
    {
      "id": "feature_230",
      "type": "Feature",
      "properties": {
        "id": "LK-6160",
        "name": "Mawathagama",
        "area_sqkm": 108.43,
        "center_lat": 7.424469,
        "center_lng": 80.444918,
        "province_id": "LK-6",
        "district_id": "LK-61",
        "ed_id": "EC-15",
        "pd_id": "EC-15M",
        "lg_id": "LG-61040"
      },
      "geometry": {
        "type": "Polygon",
        "coordinates": [
          [
            [
              80.429147,
              7.518874
            ],
            [
              80.401747,
              7.46525
            ],
            [
              80.415424,
              7.423455
            ],
            [
              80.396333,
              7.414955
            ],
            [
              80.407138,
              7.386557
            ],
            [
              80.421167,
              7.356239
            ],
            [
              80.458431,
              7.350756
            ],
            [
              80.465351,
              7.378214
            ],
            [
              80.469353,
              7.413467
            ],
            [
              80.51921,
              7.389612
            ],
            [
              80.517374,
              7.414094
            ],
            [
              80.465704,
              7.438301
            ],
            [
              80.463986,
              7.458748
            ],
            [
              80.436915,
              7.48033
            ],
            [
              80.441129,
              7.507358
            ],
            [
              80.429147,
              7.518874
            ]
          ]
        ]
      }
    },
    {
      "id": "feature_231",
      "type": "Feature",
      "properties": {
        "id": "LK-6163",
        "name": "Rideegama",
        "area_sqkm": 225.15,
        "center_lat": 7.517219,
        "center_lng": 80.518459,
        "province_id": "LK-6",
        "district_id": "LK-61",
        "ed_id": "EC-15",
        "pd_id": "EC-15N",
        "lg_id": "LG-61046"
      },
      "geometry": {
        "type": "Polygon",
        "coordinates": [
          [
            [
              80.556591,
              7.634425
            ],
            [
              80.506993,
              7.62334
            ],
            [
              80.505463,
              7.599447
            ],
            [
              80.485902,
              7.59455
            ],
            [
              80.499625,
              7.590594
            ],
            [
              80.4835,
              7.523457
            ],
            [
              80.441129,
              7.507358
            ],
            [
              80.436915,
              7.48033
            ],
            [
              80.463986,
              7.458748
            ],
            [
              80.465704,
              7.438301
            ],
            [
              80.517374,
              7.414094
            ],
            [
              80.555791,
              7.417384
            ],
            [
              80.540702,
              7.449347
            ],
            [
              80.565607,
              7.458395
            ],
            [
              80.574717,
              7.483346
            ],
            [
              80.552542,
              7.551071
            ],
            [
              80.574811,
              7.574809
            ],
            [
              80.577495,
              7.604343
            ],
            [
              80.577471,
              7.605949
            ],
            [
              80.567796,
              7.617739
            ],
            [
              80.556591,
              7.634425
            ]
          ]
        ]
      }
    },
    {
      "id": "feature_232",
      "type": "Feature",
      "properties": {
        "id": "LK-6166",
        "name": "Weerabugedara",
        "area_sqkm": 91.83,
        "center_lat": 7.465802,
        "center_lng": 80.271741,
        "province_id": "LK-6",
        "district_id": "LK-61",
        "ed_id": "EC-15",
        "pd_id": "EC-15K",
        "lg_id": "LG-61044"
      },
      "geometry": {
        "type": "Polygon",
        "coordinates": [
          [
            [
              80.304246,
              7.502814
            ],
            [
              80.29297,
              7.487929
            ],
            [
              80.265287,
              7.49404
            ],
            [
              80.249492,
              7.521067
            ],
            [
              80.213759,
              7.519579
            ],
            [
              80.227271,
              7.502461
            ],
            [
              80.218773,
              7.465211
            ],
            [
              80.239817,
              7.46004
            ],
            [
              80.257166,
              7.411548
            ],
            [
              80.301868,
              7.417971
            ],
            [
              80.310531,
              7.443197
            ],
            [
              80.330092,
              7.439398
            ],
            [
              80.316698,
              7.483307
            ],
            [
              80.316722,
              7.483307
            ],
            [
              80.316698,
              7.483307
            ],
            [
              80.304246,
              7.502814
            ]
          ]
        ]
      }
    },
    {
      "id": "feature_233",
      "type": "Feature",
      "properties": {
        "id": "LK-6169",
        "name": "Kuliyapitiya East",
        "area_sqkm": 113.78,
        "center_lat": 7.469028,
        "center_lng": 80.168506,
        "province_id": "LK-6",
        "district_id": "LK-61",
        "ed_id": "EC-15",
        "pd_id": "EC-15I",
        "lg_id": "LG-61037"
      },
      "geometry": {
        "type": "Polygon",
        "coordinates": [
          [
            [
              80.213759,
              7.519579
            ],
            [
              80.175154,
              7.546528
            ],
            [
              80.136502,
              7.50019
            ],
            [
              80.139939,
              7.485736
            ],
            [
              80.117764,
              7.467835
            ],
            [
              80.125462,
              7.432308
            ],
            [
              80.125438,
              7.432308
            ],
            [
              80.125462,
              7.432308
            ],
            [
              80.114516,
              7.408532
            ],
            [
              80.153662,
              7.414642
            ],
            [
              80.153662,
              7.414681
            ],
            [
              80.157264,
              7.394352
            ],
            [
              80.172188,
              7.383384
            ],
            [
              80.189113,
              7.405476
            ],
            [
              80.188501,
              7.47751
            ],
            [
              80.218773,
              7.465211
            ],
            [
              80.227271,
              7.502461
            ],
            [
              80.213759,
              7.519579
            ]
          ]
        ]
      }
    },
    {
      "id": "feature_234",
      "type": "Feature",
      "properties": {
        "id": "LK-6172",
        "name": "Kuliyapitiya West",
        "area_sqkm": 165.49,
        "center_lat": 7.472637,
        "center_lng": 80.055086,
        "province_id": "LK-6",
        "district_id": "LK-61",
        "ed_id": "EC-15",
        "pd_id": "EC-15I",
        "lg_id": null
      },
      "geometry": {
        "type": "Polygon",
        "coordinates": [
          [
            [
              80.080925,
              7.508729
            ],
            [
              80.071791,
              7.492395
            ],
            [
              80.047404,
              7.491533
            ],
            [
              80.052065,
              7.54735
            ],
            [
              80.033563,
              7.55444
            ],
            [
              79.987378,
              7.525298
            ],
            [
              79.997264,
              7.432229
            ],
            [
              80.067083,
              7.430232
            ],
            [
              80.085868,
              7.3987
            ],
            [
              80.114516,
              7.408532
            ],
            [
              80.125462,
              7.432308
            ],
            [
              80.125438,
              7.432308
            ],
            [
              80.125462,
              7.432308
            ],
            [
              80.117764,
              7.467835
            ],
            [
              80.139939,
              7.485736
            ],
            [
              80.136502,
              7.50019
            ],
            [
              80.080925,
              7.508729
            ]
          ]
        ]
      }
    },
    {
      "id": "feature_235",
      "type": "Feature",
      "properties": {
        "id": "LK-6175",
        "name": "Udubaddawa",
        "area_sqkm": 119.9,
        "center_lat": 7.480501,
        "center_lng": 79.947547,
        "province_id": "LK-6",
        "district_id": "LK-61",
        "ed_id": "EC-15",
        "pd_id": "EC-15G",
        "lg_id": "LG-61048"
      },
      "geometry": {
        "type": "Polygon",
        "coordinates": [
          [
            [
              79.987378,
              7.525298
            ],
            [
              79.976173,
              7.515544
            ],
            [
              79.980175,
              7.5318
            ],
            [
              79.980151,
              7.5318
            ],
            [
              79.971559,
              7.540887
            ],
            [
              79.947596,
              7.525258
            ],
            [
              79.900163,
              7.557064
            ],
            [
              79.907037,
              7.485462
            ],
            [
              79.919701,
              7.433248
            ],
            [
              79.923938,
              7.4119
            ],
            [
              79.939074,
              7.404889
            ],
            [
              79.997264,
              7.432229
            ],
            [
              79.987378,
              7.525298
            ]
          ]
        ]
      }
    },
    {
      "id": "feature_236",
      "type": "Feature",
      "properties": {
        "id": "LK-6178",
        "name": "Pannala",
        "area_sqkm": 282.22,
        "center_lat": 7.362153,
        "center_lng": 80.030535,
        "province_id": "LK-6",
        "district_id": "LK-61",
        "ed_id": "EC-15",
        "pd_id": "EC-15H",
        "lg_id": "LG-61043"
      },
      "geometry": {
        "type": "Polygon",
        "coordinates": [
          [
            [
              80.114516,
              7.408532
            ],
            [
              80.085868,
              7.3987
            ],
            [
              80.067083,
              7.430232
            ],
            [
              79.997264,
              7.432229
            ],
            [
              79.939074,
              7.404889
            ],
            [
              79.923938,
              7.4119
            ],
            [
              79.930223,
              7.379193
            ],
            [
              79.941617,
              7.276215
            ],
            [
              80.007857,
              7.321809
            ],
            [
              80.05536,
              7.283931
            ],
            [
              80.094766,
              7.30759
            ],
            [
              80.125203,
              7.330113
            ],
            [
              80.134948,
              7.351265
            ],
            [
              80.123461,
              7.371281
            ],
            [
              80.157264,
              7.394352
            ],
            [
              80.153662,
              7.414681
            ],
            [
              80.153662,
              7.414642
            ],
            [
              80.114516,
              7.408532
            ]
          ]
        ]
      }
    },
    {
      "id": "feature_237",
      "type": "Feature",
      "properties": {
        "id": "LK-6181",
        "name": "Narammala",
        "area_sqkm": 108.53,
        "center_lat": 7.397099,
        "center_lng": 80.193118,
        "province_id": "LK-6",
        "district_id": "LK-61",
        "ed_id": "EC-15",
        "pd_id": "EC-15J",
        "lg_id": "LG-61049"
      },
      "geometry": {
        "type": "Polygon",
        "coordinates": [
          [
            [
              80.218773,
              7.465211
            ],
            [
              80.188501,
              7.47751
            ],
            [
              80.189113,
              7.405476
            ],
            [
              80.172188,
              7.383384
            ],
            [
              80.157264,
              7.394352
            ],
            [
              80.123461,
              7.371281
            ],
            [
              80.134948,
              7.351265
            ],
            [
              80.125203,
              7.330113
            ],
            [
              80.148177,
              7.313583
            ],
            [
              80.197799,
              7.380917
            ],
            [
              80.26477,
              7.396232
            ],
            [
              80.257166,
              7.411548
            ],
            [
              80.239817,
              7.46004
            ],
            [
              80.218773,
              7.465211
            ]
          ]
        ]
      }
    },
    {
      "id": "feature_238",
      "type": "Feature",
      "properties": {
        "id": "LK-6184",
        "name": "Alawwa",
        "area_sqkm": 130.25,
        "center_lat": 7.32858,
        "center_lng": 80.217429,
        "province_id": "LK-6",
        "district_id": "LK-61",
        "ed_id": "EC-15",
        "pd_id": "EC-15J",
        "lg_id": "LG-61031"
      },
      "geometry": {
        "type": "Polygon",
        "coordinates": [
          [
            [
              80.278917,
              7.318088
            ],
            [
              80.263616,
              7.365562
            ],
            [
              80.263593,
              7.365562
            ],
            [
              80.263616,
              7.365562
            ],
            [
              80.276751,
              7.375394
            ],
            [
              80.26477,
              7.396232
            ],
            [
              80.197799,
              7.380917
            ],
            [
              80.148177,
              7.313583
            ],
            [
              80.196034,
              7.258236
            ],
            [
              80.278917,
              7.318088
            ]
          ]
        ]
      }
    },
    {
      "id": "feature_239",
      "type": "Feature",
      "properties": {
        "id": "LK-6187",
        "name": "Polgahawela",
        "area_sqkm": 96.57,
        "center_lat": 7.374765,
        "center_lng": 80.309654,
        "province_id": "LK-6",
        "district_id": "LK-61",
        "ed_id": "EC-15",
        "pd_id": "EC-15K",
        "lg_id": "LG-61044"
      },
      "geometry": {
        "type": "Polygon",
        "coordinates": [
          [
            [
              80.330092,
              7.439398
            ],
            [
              80.310531,
              7.443197
            ],
            [
              80.301868,
              7.417971
            ],
            [
              80.257166,
              7.411548
            ],
            [
              80.26477,
              7.396232
            ],
            [
              80.276751,
              7.375394
            ],
            [
              80.263616,
              7.365562
            ],
            [
              80.263593,
              7.365562
            ],
            [
              80.263616,
              7.365562
            ],
            [
              80.278917,
              7.318088
            ],
            [
              80.286826,
              7.315307
            ],
            [
              80.305941,
              7.319263
            ],
            [
              80.348571,
              7.334461
            ],
            [
              80.348171,
              7.387105
            ],
            [
              80.330092,
              7.439398
            ]
          ]
        ]
      }
    },
    {
      "id": "feature_240",
      "type": "Feature",
      "properties": {
        "id": "LK-6203",
        "name": "Kalpitiya",
        "area_sqkm": 162.65,
        "center_lat": 8.121529,
        "center_lng": 79.741752,
        "province_id": "LK-6",
        "district_id": "LK-62",
        "ed_id": "EC-16",
        "pd_id": "EC-16A",
        "lg_id": "LG-62034"
      },
      "geometry": {
        "type": "MultiPolygon",
        "coordinates": [
          [
            [
              [
                79.822976,
                7.978456
              ],
              [
                79.750663,
                7.990442
              ],
              [
                79.73628,
                8.015198
              ],
              [
                79.755064,
                8.063338
              ],
              [
                79.730983,
                8.085665
              ],
              [
                79.72797,
                8.137565
              ],
              [
                79.749344,
                8.182023
              ],
              [
                79.737645,
                8.201648
              ],
              [
                79.756053,
                8.224836
              ],
              [
                79.768953,
                8.217198
              ],
              [
                79.776744,
                8.261382
              ],
              [
                79.731219,
                8.22844
              ],
              [
                79.763703,
                8.268354
              ],
              [
                79.750474,
                8.264085
              ],
              [
                79.752593,
                8.285237
              ],
              [
                79.785878,
                8.383906
              ],
              [
                79.774744,
                8.37662
              ],
              [
                79.734091,
                8.233963
              ],
              [
                79.692496,
                8.20956
              ],
              [
                79.706078,
                8.057188
              ],
              [
                79.744825,
                7.93439
              ],
              [
                79.763327,
                7.930199
              ],
              [
                79.757159,
                7.940305
              ],
              [
                79.760832,
                7.961417
              ],
              [
                79.793528,
                7.944535
              ],
              [
                79.795153,
                7.958715
              ],
              [
                79.805722,
                7.950371
              ],
              [
                79.822294,
                7.967136
              ],
              [
                79.822976,
                7.978456
              ]
            ]
          ],
          [
            [
              [
                79.813137,
                8.407016
              ],
              [
                79.80897,
                8.448419
              ],
              [
                79.780252,
                8.493034
              ],
              [
                79.786019,
                8.547128
              ],
              [
                79.776815,
                8.499066
              ],
              [
                79.780205,
                8.483868
              ],
              [
                79.789597,
                8.462873
              ],
              [
                79.806146,
                8.445325
              ],
              [
                79.806028,
                8.406507
              ],
              [
                79.8105,
                8.403334
              ],
              [
                79.813137,
                8.407016
              ]
            ]
          ],
          [
            [
              [
                79.799437,
                8.34172
              ],
              [
                79.806734,
                8.320372
              ],
              [
                79.813937,
                8.320255
              ],
              [
                79.810312,
                8.33886
              ],
              [
                79.799437,
                8.34172
              ]
            ]
          ],
          [
            [
              [
                79.793505,
                8.303372
              ],
              [
                79.799437,
                8.294363
              ],
              [
                79.802262,
                8.304508
              ],
              [
                79.795058,
                8.305997
              ],
              [
                79.793505,
                8.303372
              ]
            ]
          ],
          [
            [
              [
                79.789927,
                8.285628
              ],
              [
                79.791904,
                8.282573
              ],
              [
                79.7952,
                8.283082
              ],
              [
                79.793481,
                8.285276
              ],
              [
                79.789927,
                8.285628
              ]
            ]
          ],
          [
            [
              [
                79.772037,
                8.278734
              ],
              [
                79.771895,
                8.274974
              ],
              [
                79.773661,
                8.272193
              ],
              [
                79.773967,
                8.274308
              ],
              [
                79.772037,
                8.278734
              ]
            ]
          ],
          [
            [
              [
                79.764833,
                8.274739
              ],
              [
                79.768364,
                8.278382
              ],
              [
                79.760078,
                8.278343
              ],
              [
                79.762738,
                8.274621
              ],
              [
                79.764833,
                8.274739
              ]
            ]
          ],
          [
            [
              [
                79.78576,
                8.275326
              ],
              [
                79.785454,
                8.274543
              ],
              [
                79.786584,
                8.273877
              ],
              [
                79.786937,
                8.274543
              ],
              [
                79.78576,
                8.275326
              ]
            ]
          ],
          [
            [
              [
                79.778675,
                8.274151
              ],
              [
                79.775097,
                8.267257
              ],
              [
                79.781758,
                8.262322
              ],
              [
                79.785901,
                8.268119
              ],
              [
                79.778675,
                8.274151
              ]
            ]
          ],
          [
            [
              [
                79.775779,
                8.244421
              ],
              [
                79.776391,
                8.245518
              ],
              [
                79.775685,
                8.245831
              ],
              [
                79.775026,
                8.245009
              ],
              [
                79.775779,
                8.244421
              ]
            ]
          ],
          [
            [
              [
                79.78084,
                8.241288
              ],
              [
                79.78077,
                8.24117
              ],
              [
                79.779663,
                8.240583
              ],
              [
                79.781264,
                8.2407
              ],
              [
                79.78084,
                8.241288
              ]
            ]
          ],
          [
            [
              [
                79.77811,
                8.233179
              ],
              [
                79.780064,
                8.234668
              ],
              [
                79.779381,
                8.238232
              ],
              [
                79.777663,
                8.234315
              ],
              [
                79.77811,
                8.233179
              ]
            ]
          ],
          [
            [
              [
                79.782724,
                8.218373
              ],
              [
                79.78197,
                8.215905
              ],
              [
                79.785478,
                8.215044
              ],
              [
                79.783383,
                8.219274
              ],
              [
                79.782724,
                8.218373
              ]
            ]
          ],
          [
            [
              [
                79.764998,
                8.211675
              ],
              [
                79.768859,
                8.207523
              ],
              [
                79.771519,
                8.214104
              ],
              [
                79.765516,
                8.213124
              ],
              [
                79.764998,
                8.211675
              ]
            ]
          ],
          [
            [
              [
                79.775874,
                8.189035
              ],
              [
                79.755323,
                8.173171
              ],
              [
                79.779216,
                8.188173
              ],
              [
                79.775379,
                8.192834
              ],
              [
                79.775874,
                8.189035
              ]
            ]
          ],
          [
            [
              [
                79.756642,
                8.177558
              ],
              [
                79.75723,
                8.179086
              ],
              [
                79.755488,
                8.180731
              ],
              [
                79.754688,
                8.179634
              ],
              [
                79.756642,
                8.177558
              ]
            ]
          ],
          [
            [
              [
                79.74925,
                8.180104
              ],
              [
                79.748779,
                8.179556
              ],
              [
                79.74885,
                8.178694
              ],
              [
                79.749344,
                8.179203
              ],
              [
                79.74925,
                8.180104
              ]
            ]
          ],
          [
            [
              [
                79.749486,
                8.173053
              ],
              [
                79.751486,
                8.176148
              ],
              [
                79.750663,
                8.177597
              ],
              [
                79.748214,
                8.176657
              ],
              [
                79.749486,
                8.173053
              ]
            ]
          ]
        ]
      }
    },
    {
      "id": "feature_241",
      "type": "Feature",
      "properties": {
        "id": "LK-6206",
        "name": "Vanathavilluwa",
        "area_sqkm": 737.44,
        "center_lat": 8.340926,
        "center_lng": 79.896228,
        "province_id": "LK-6",
        "district_id": "LK-62",
        "ed_id": "EC-16",
        "pd_id": null,
        "lg_id": "LG-62039"
      },
      "geometry": {
        "type": "MultiPolygon",
        "coordinates": [
          [
            [
              [
                79.920525,
                8.566948
              ],
              [
                79.91497,
                8.548812
              ],
              [
                79.870809,
                8.536317
              ],
              [
                79.864524,
                8.45261
              ],
              [
                79.842938,
                8.422136
              ],
              [
                79.833593,
                8.291425
              ],
              [
                79.810194,
                8.238232
              ],
              [
                79.789527,
                8.233101
              ],
              [
                79.810712,
                8.224092
              ],
              [
                79.810124,
                8.222408
              ],
              [
                79.798731,
                8.222016
              ],
              [
                79.79294,
                8.228087
              ],
              [
                79.792799,
                8.226756
              ],
              [
                79.79447,
                8.223779
              ],
              [
                79.819045,
                8.205839
              ],
              [
                79.819187,
                8.163183
              ],
              [
                79.833593,
                8.150922
              ],
              [
                79.817939,
                8.108893
              ],
              [
                79.834417,
                8.11281
              ],
              [
                79.867961,
                8.083902
              ],
              [
                79.879589,
                8.098043
              ],
              [
                79.926528,
                8.116257
              ],
              [
                79.925727,
                8.168118
              ],
              [
                79.942629,
                8.194049
              ],
              [
                79.925562,
                8.208385
              ],
              [
                79.926669,
                8.287469
              ],
              [
                79.947407,
                8.278147
              ],
              [
                79.957529,
                8.242815
              ],
              [
                80.000019,
                8.227813
              ],
              [
                79.974808,
                8.338351
              ],
              [
                79.951786,
                8.369805
              ],
              [
                79.955364,
                8.394952
              ],
              [
                79.981257,
                8.399574
              ],
              [
                80.032291,
                8.466281
              ],
              [
                80.043143,
                8.498988
              ],
              [
                80.032998,
                8.526407
              ],
              [
                79.920525,
                8.566948
              ]
            ]
          ],
          [
            [
              [
                79.805228,
                8.174973
              ],
              [
                79.810571,
                8.161851
              ],
              [
                79.812525,
                8.165102
              ],
              [
                79.808429,
                8.173367
              ],
              [
                79.805463,
                8.175364
              ],
              [
                79.805228,
                8.174973
              ]
            ]
          ]
        ]
      }
    },
    {
      "id": "feature_242",
      "type": "Feature",
      "properties": {
        "id": "LK-6209",
        "name": "Karuwalagaswewa",
        "area_sqkm": 499.76,
        "center_lat": 8.119648,
        "center_lng": 79.999768,
        "province_id": "LK-6",
        "district_id": "LK-62",
        "ed_id": "EC-16",
        "pd_id": "EC-16B",
        "lg_id": "LG-62035"
      },
      "geometry": {
        "type": "Polygon",
        "coordinates": [
          [
            [
              80.000019,
              8.227813
            ],
            [
              79.957529,
              8.242815
            ],
            [
              79.947407,
              8.278147
            ],
            [
              79.926669,
              8.287469
            ],
            [
              79.925562,
              8.208385
            ],
            [
              79.942629,
              8.194049
            ],
            [
              79.925727,
              8.168118
            ],
            [
              79.926528,
              8.116257
            ],
            [
              79.879589,
              8.098043
            ],
            [
              79.915511,
              8.070271
            ],
            [
              79.920807,
              8.001449
            ],
            [
              79.967957,
              7.961652
            ],
            [
              79.998253,
              7.962475
            ],
            [
              80.056278,
              8.081983
            ],
            [
              80.12565,
              8.082257
            ],
            [
              80.11009,
              8.131376
            ],
            [
              80.110114,
              8.131376
            ],
            [
              80.11009,
              8.131376
            ],
            [
              80.100133,
              8.197926
            ],
            [
              80.078618,
              8.223387
            ],
            [
              80.037376,
              8.236509
            ],
            [
              80.000019,
              8.227813
            ]
          ]
        ]
      }
    },
    {
      "id": "feature_243",
      "type": "Feature",
      "properties": {
        "id": "LK-6212",
        "name": "Nawagattegama",
        "area_sqkm": 171.5,
        "center_lat": 8.013076,
        "center_lng": 80.088937,
        "province_id": "LK-6",
        "district_id": "LK-62",
        "ed_id": "EC-16",
        "pd_id": "EC-16B",
        "lg_id": "LG-62037"
      },
      "geometry": {
        "type": "Polygon",
        "coordinates": [
          [
            [
              80.147448,
              8.051822
            ],
            [
              80.15225,
              8.068469
            ],
            [
              80.12565,
              8.082257
            ],
            [
              80.056278,
              8.081983
            ],
            [
              79.998253,
              7.962475
            ],
            [
              80.070755,
              7.964904
            ],
            [
              80.109925,
              7.950058
            ],
            [
              80.132759,
              7.934351
            ],
            [
              80.148319,
              7.942067
            ],
            [
              80.141045,
              7.954758
            ],
            [
              80.147448,
              8.051822
            ]
          ]
        ]
      }
    },
    {
      "id": "feature_244",
      "type": "Feature",
      "properties": {
        "id": "LK-6215",
        "name": "Puttalam",
        "area_sqkm": 173.97,
        "center_lat": 8.02708,
        "center_lng": 79.863353,
        "province_id": "LK-6",
        "district_id": "LK-62",
        "ed_id": "EC-16",
        "pd_id": "EC-16A",
        "lg_id": null
      },
      "geometry": {
        "type": "Polygon",
        "coordinates": [
          [
            [
              79.879589,
              8.098043
            ],
            [
              79.867961,
              8.083902
            ],
            [
              79.834417,
              8.11281
            ],
            [
              79.817939,
              8.108893
            ],
            [
              79.789668,
              8.07599
            ],
            [
              79.794329,
              8.065296
            ],
            [
              79.834323,
              8.018175
            ],
            [
              79.822976,
              7.978456
            ],
            [
              79.822294,
              7.967136
            ],
            [
              79.854049,
              7.950646
            ],
            [
              79.849176,
              7.94054
            ],
            [
              79.88724,
              7.933372
            ],
            [
              79.911015,
              7.97642
            ],
            [
              79.920807,
              8.001449
            ],
            [
              79.915511,
              8.070271
            ],
            [
              79.879589,
              8.098043
            ]
          ]
        ]
      }
    },
    {
      "id": "feature_245",
      "type": "Feature",
      "properties": {
        "id": "LK-6218",
        "name": "Mundel",
        "area_sqkm": 220.37,
        "center_lat": 7.865608,
        "center_lng": 79.813679,
        "province_id": "LK-6",
        "district_id": "LK-62",
        "ed_id": "EC-16",
        "pd_id": null,
        "lg_id": null
      },
      "geometry": {
        "type": "Polygon",
        "coordinates": [
          [
            [
              79.822294,
              7.967136
            ],
            [
              79.805722,
              7.950371
            ],
            [
              79.795153,
              7.958715
            ],
            [
              79.793528,
              7.944535
            ],
            [
              79.760832,
              7.961417
            ],
            [
              79.757159,
              7.940305
            ],
            [
              79.763327,
              7.930199
            ],
            [
              79.744825,
              7.93439
            ],
            [
              79.792681,
              7.728669
            ],
            [
              79.805322,
              7.72436
            ],
            [
              79.801791,
              7.750643
            ],
            [
              79.837806,
              7.733017
            ],
            [
              79.87321,
              7.743122
            ],
            [
              79.870691,
              7.780491
            ],
            [
              79.836394,
              7.775947
            ],
            [
              79.866784,
              7.841714
            ],
            [
              79.85951,
              7.872736
            ],
            [
              79.859534,
              7.872736
            ],
            [
              79.85951,
              7.872736
            ],
            [
              79.88724,
              7.933372
            ],
            [
              79.849176,
              7.94054
            ],
            [
              79.854049,
              7.950646
            ],
            [
              79.822294,
              7.967136
            ]
          ]
        ]
      }
    },
    {
      "id": "feature_246",
      "type": "Feature",
      "properties": {
        "id": "LK-6221",
        "name": "Mahakumbukkadawala",
        "area_sqkm": 185.05,
        "center_lat": 7.848981,
        "center_lng": 79.903955,
        "province_id": "LK-6",
        "district_id": "LK-62",
        "ed_id": "EC-16",
        "pd_id": "EC-16B",
        "lg_id": "LG-62031"
      },
      "geometry": {
        "type": "Polygon",
        "coordinates": [
          [
            [
              79.965533,
              7.7857
            ],
            [
              79.956917,
              7.809281
            ],
            [
              79.969488,
              7.843515
            ],
            [
              79.935637,
              7.856755
            ],
            [
              79.945336,
              7.86737
            ],
            [
              79.929447,
              7.89189
            ],
            [
              79.92947,
              7.89189
            ],
            [
              79.929447,
              7.89189
            ],
            [
              79.933519,
              7.925577
            ],
            [
              79.911015,
              7.97642
            ],
            [
              79.88724,
              7.933372
            ],
            [
              79.85951,
              7.872736
            ],
            [
              79.859534,
              7.872736
            ],
            [
              79.85951,
              7.872736
            ],
            [
              79.866784,
              7.841714
            ],
            [
              79.836394,
              7.775947
            ],
            [
              79.870691,
              7.780491
            ],
            [
              79.951386,
              7.770306
            ],
            [
              79.965533,
              7.7857
            ]
          ]
        ]
      }
    },
    {
      "id": "feature_247",
      "type": "Feature",
      "properties": {
        "id": "LK-6224",
        "name": "Anamaduwa",
        "area_sqkm": 248.63,
        "center_lat": 7.905754,
        "center_lng": 80.000002,
        "province_id": "LK-6",
        "district_id": "LK-62",
        "ed_id": "EC-16",
        "pd_id": "EC-16B",
        "lg_id": "LG-62031"
      },
      "geometry": {
        "type": "Polygon",
        "coordinates": [
          [
            [
              79.998253,
              7.962475
            ],
            [
              79.967957,
              7.961652
            ],
            [
              79.920807,
              8.001449
            ],
            [
              79.911015,
              7.97642
            ],
            [
              79.933519,
              7.925577
            ],
            [
              79.929447,
              7.89189
            ],
            [
              79.92947,
              7.89189
            ],
            [
              79.929447,
              7.89189
            ],
            [
              79.945336,
              7.86737
            ],
            [
              79.935637,
              7.856755
            ],
            [
              79.969488,
              7.843515
            ],
            [
              79.956917,
              7.809281
            ],
            [
              79.965533,
              7.7857
            ],
            [
              79.994722,
              7.79373
            ],
            [
              80.00781,
              7.832822
            ],
            [
              80.034033,
              7.84187
            ],
            [
              80.041307,
              7.865451
            ],
            [
              80.066918,
              7.874029
            ],
            [
              80.072474,
              7.914022
            ],
            [
              80.098603,
              7.914531
            ],
            [
              80.109925,
              7.950058
            ],
            [
              80.070755,
              7.964904
            ],
            [
              79.998253,
              7.962475
            ]
          ]
        ]
      }
    },
    {
      "id": "feature_248",
      "type": "Feature",
      "properties": {
        "id": "LK-6227",
        "name": "Pallama",
        "area_sqkm": 121.21,
        "center_lat": 7.729777,
        "center_lng": 79.934735,
        "province_id": "LK-6",
        "district_id": "LK-62",
        "ed_id": "EC-16",
        "pd_id": "EC-16B",
        "lg_id": null
      },
      "geometry": {
        "type": "Polygon",
        "coordinates": [
          [
            [
              79.994722,
              7.79373
            ],
            [
              79.965533,
              7.7857
            ],
            [
              79.951386,
              7.770306
            ],
            [
              79.870691,
              7.780491
            ],
            [
              79.87321,
              7.743122
            ],
            [
              79.903459,
              7.725065
            ],
            [
              79.903459,
              7.724987
            ],
            [
              79.915111,
              7.721383
            ],
            [
              79.90586,
              7.616916
            ],
            [
              79.933519,
              7.650015
            ],
            [
              79.928364,
              7.674927
            ],
            [
              79.958495,
              7.673361
            ],
            [
              79.963367,
              7.686757
            ],
            [
              79.939121,
              7.694473
            ],
            [
              79.999665,
              7.74465
            ],
            [
              79.994722,
              7.79373
            ]
          ]
        ]
      }
    },
    {
      "id": "feature_249",
      "type": "Feature",
      "properties": {
        "id": "LK-6230",
        "name": "Arachchikattuwa",
        "area_sqkm": 158.5,
        "center_lat": 7.677875,
        "center_lng": 79.849622,
        "province_id": "LK-6",
        "district_id": "LK-62",
        "ed_id": "EC-16",
        "pd_id": "EC-16C",
        "lg_id": "LG-62032"
      },
      "geometry": {
        "type": "Polygon",
        "coordinates": [
          [
            [
              79.87321,
              7.743122
            ],
            [
              79.837806,
              7.733017
            ],
            [
              79.801791,
              7.750643
            ],
            [
              79.805322,
              7.72436
            ],
            [
              79.792681,
              7.728669
            ],
            [
              79.799978,
              7.62714
            ],
            [
              79.786066,
              7.604186
            ],
            [
              79.803839,
              7.614292
            ],
            [
              79.820552,
              7.599642
            ],
            [
              79.883944,
              7.631449
            ],
            [
              79.905883,
              7.616721
            ],
            [
              79.90586,
              7.616916
            ],
            [
              79.915111,
              7.721383
            ],
            [
              79.903459,
              7.724987
            ],
            [
              79.903459,
              7.725065
            ],
            [
              79.87321,
              7.743122
            ]
          ]
        ]
      }
    },
    {
      "id": "feature_250",
      "type": "Feature",
      "properties": {
        "id": "LK-6233",
        "name": "Chilaw",
        "area_sqkm": 92.88,
        "center_lat": 7.57962,
        "center_lng": 79.838381,
        "province_id": "LK-6",
        "district_id": "LK-62",
        "ed_id": "EC-16",
        "pd_id": "EC-16C",
        "lg_id": null
      },
      "geometry": {
        "type": "Polygon",
        "coordinates": [
          [
            [
              79.905883,
              7.616721
            ],
            [
              79.883944,
              7.631449
            ],
            [
              79.820552,
              7.599642
            ],
            [
              79.803839,
              7.614292
            ],
            [
              79.786066,
              7.604186
            ],
            [
              79.793081,
              7.519931
            ],
            [
              79.814243,
              7.512136
            ],
            [
              79.826154,
              7.515897
            ],
            [
              79.826131,
              7.515897
            ],
            [
              79.826154,
              7.515897
            ],
            [
              79.823588,
              7.52001
            ],
            [
              79.823612,
              7.52001
            ],
            [
              79.823588,
              7.52001
            ],
            [
              79.82373,
              7.521811
            ],
            [
              79.823847,
              7.521811
            ],
            [
              79.823989,
              7.52189
            ],
            [
              79.824036,
              7.521851
            ],
            [
              79.824012,
              7.521811
            ],
            [
              79.823847,
              7.521811
            ],
            [
              79.82373,
              7.521811
            ],
            [
              79.838042,
              7.559885
            ],
            [
              79.866172,
              7.556242
            ],
            [
              79.874717,
              7.579078
            ],
            [
              79.904636,
              7.587735
            ],
            [
              79.905883,
              7.616721
            ]
          ]
        ]
      }
    },
    {
      "id": "feature_251",
      "type": "Feature",
      "properties": {
        "id": "LK-6236",
        "name": "Madampe",
        "area_sqkm": 93.03,
        "center_lat": 7.518084,
        "center_lng": 79.864026,
        "province_id": "LK-6",
        "district_id": "LK-62",
        "ed_id": "EC-16",
        "pd_id": "EC-16C",
        "lg_id": "LG-62033"
      },
      "geometry": {
        "type": "Polygon",
        "coordinates": [
          [
            [
              79.904636,
              7.587735
            ],
            [
              79.874717,
              7.579078
            ],
            [
              79.866172,
              7.556242
            ],
            [
              79.838042,
              7.559885
            ],
            [
              79.82373,
              7.521811
            ],
            [
              79.823847,
              7.521811
            ],
            [
              79.824012,
              7.521811
            ],
            [
              79.824036,
              7.521851
            ],
            [
              79.823989,
              7.52189
            ],
            [
              79.823847,
              7.521811
            ],
            [
              79.82373,
              7.521811
            ],
            [
              79.823588,
              7.52001
            ],
            [
              79.823612,
              7.52001
            ],
            [
              79.823588,
              7.52001
            ],
            [
              79.826154,
              7.515897
            ],
            [
              79.826131,
              7.515897
            ],
            [
              79.826154,
              7.515897
            ],
            [
              79.814243,
              7.512136
            ],
            [
              79.822553,
              7.471478
            ],
            [
              79.891877,
              7.472496
            ],
            [
              79.907037,
              7.485462
            ],
            [
              79.900163,
              7.557064
            ],
            [
              79.904636,
              7.587735
            ]
          ]
        ]
      }
    },
    {
      "id": "feature_252",
      "type": "Feature",
      "properties": {
        "id": "LK-6239",
        "name": "Mahawewa",
        "area_sqkm": 73.16,
        "center_lat": 7.45504,
        "center_lng": 79.850756,
        "province_id": "LK-6",
        "district_id": "LK-62",
        "ed_id": "EC-16",
        "pd_id": "EC-16D",
        "lg_id": "LG-62036"
      },
      "geometry": {
        "type": "Polygon",
        "coordinates": [
          [
            [
              79.814243,
              7.512136
            ],
            [
              79.793081,
              7.519931
            ],
            [
              79.817233,
              7.407983
            ],
            [
              79.880484,
              7.441944
            ],
            [
              79.914569,
              7.428704
            ],
            [
              79.919701,
              7.433248
            ],
            [
              79.907037,
              7.485462
            ],
            [
              79.891877,
              7.472496
            ],
            [
              79.822553,
              7.471478
            ],
            [
              79.814243,
              7.512136
            ]
          ]
        ]
      }
    },
    {
      "id": "feature_253",
      "type": "Feature",
      "properties": {
        "id": "LK-6242",
        "name": "Nattandiya",
        "area_sqkm": 77.81,
        "center_lat": 7.396723,
        "center_lng": 79.874381,
        "province_id": "LK-6",
        "district_id": "LK-62",
        "ed_id": "EC-16",
        "pd_id": "EC-16D",
        "lg_id": "LG-62036"
      },
      "geometry": {
        "type": "Polygon",
        "coordinates": [
          [
            [
              79.919701,
              7.433248
            ],
            [
              79.914569,
              7.428704
            ],
            [
              79.880484,
              7.441944
            ],
            [
              79.817233,
              7.407983
            ],
            [
              79.827072,
              7.3562
            ],
            [
              79.877471,
              7.367795
            ],
            [
              79.930223,
              7.379193
            ],
            [
              79.923938,
              7.4119
            ],
            [
              79.919701,
              7.433248
            ]
          ]
        ]
      }
    },
    {
      "id": "feature_254",
      "type": "Feature",
      "properties": {
        "id": "LK-6245",
        "name": "Wennappuwa",
        "area_sqkm": 41.25,
        "center_lat": 7.323434,
        "center_lng": 79.854768,
        "province_id": "LK-6",
        "district_id": "LK-62",
        "ed_id": "EC-16",
        "pd_id": "EC-16E",
        "lg_id": "LG-62040"
      },
      "geometry": {
        "type": "Polygon",
        "coordinates": [
          [
            [
              79.877471,
              7.367795
            ],
            [
              79.827072,
              7.3562
            ],
            [
              79.841008,
              7.272885
            ],
            [
              79.860946,
              7.270065
            ],
            [
              79.873775,
              7.2826
            ],
            [
              79.860475,
              7.292471
            ],
            [
              79.86902,
              7.319341
            ],
            [
              79.890677,
              7.332698
            ],
            [
              79.877424,
              7.337594
            ],
            [
              79.877471,
              7.367795
            ]
          ]
        ]
      }
    },
    {
      "id": "feature_255",
      "type": "Feature",
      "properties": {
        "id": "LK-6248",
        "name": "Dankotuwa",
        "area_sqkm": 76.68,
        "center_lat": 7.321135,
        "center_lng": 79.905767,
        "province_id": "LK-6",
        "district_id": "LK-62",
        "ed_id": "EC-16",
        "pd_id": "EC-16E",
        "lg_id": "LG-62040"
      },
      "geometry": {
        "type": "Polygon",
        "coordinates": [
          [
            [
              79.941617,
              7.276215
            ],
            [
              79.930223,
              7.379193
            ],
            [
              79.877471,
              7.367795
            ],
            [
              79.877424,
              7.337594
            ],
            [
              79.890677,
              7.332698
            ],
            [
              79.86902,
              7.319341
            ],
            [
              79.860475,
              7.292471
            ],
            [
              79.873775,
              7.2826
            ],
            [
              79.908331,
              7.280132
            ],
            [
              79.912592,
              7.267793
            ],
            [
              79.928246,
              7.272846
            ],
            [
              79.924103,
              7.284636
            ],
            [
              79.941617,
              7.276215
            ]
          ]
        ]
      }
    },
    {
      "id": "feature_256",
      "type": "Feature",
      "properties": {
        "id": "LK-7103",
        "name": "Padaviya",
        "area_sqkm": 247.26,
        "center_lat": 8.84868,
        "center_lng": 80.78417,
        "province_id": "LK-7",
        "district_id": "LK-71",
        "ed_id": "EC-17",
        "pd_id": "EC-17A",
        "lg_id": "LG-71043"
      },
      "geometry": {
        "type": "Polygon",
        "coordinates": [
          [
            [
              80.912653,
              8.832599
            ],
            [
              80.884994,
              8.869498
            ],
            [
              80.811762,
              8.916463
            ],
            [
              80.755125,
              8.905847
            ],
            [
              80.74505,
              8.903184
            ],
            [
              80.668169,
              8.872005
            ],
            [
              80.729632,
              8.811213
            ],
            [
              80.716214,
              8.804945
            ],
            [
              80.735846,
              8.771455
            ],
            [
              80.74771,
              8.793743
            ],
            [
              80.77883,
              8.792528
            ],
            [
              80.780195,
              8.755826
            ],
            [
              80.790552,
              8.802321
            ],
            [
              80.826827,
              8.792489
            ],
            [
              80.876072,
              8.826176
            ],
            [
              80.913477,
              8.827116
            ],
            [
              80.912653,
              8.832599
            ]
          ]
        ]
      }
    },
    {
      "id": "feature_257",
      "type": "Feature",
      "properties": {
        "id": "LK-7106",
        "name": "Kebithigollewa",
        "area_sqkm": 613.68,
        "center_lat": 8.712242,
        "center_lng": 80.715528,
        "province_id": "LK-7",
        "district_id": "LK-71",
        "ed_id": "EC-17",
        "pd_id": "EC-17A",
        "lg_id": "LG-71036"
      },
      "geometry": {
        "type": "Polygon",
        "coordinates": [
          [
            [
              80.913477,
              8.827116
            ],
            [
              80.876072,
              8.826176
            ],
            [
              80.826827,
              8.792489
            ],
            [
              80.790552,
              8.802321
            ],
            [
              80.780195,
              8.755826
            ],
            [
              80.77883,
              8.792528
            ],
            [
              80.74771,
              8.793743
            ],
            [
              80.735846,
              8.771455
            ],
            [
              80.716214,
              8.804945
            ],
            [
              80.729632,
              8.811213
            ],
            [
              80.668169,
              8.872005
            ],
            [
              80.596279,
              8.869889
            ],
            [
              80.592372,
              8.846622
            ],
            [
              80.631636,
              8.828291
            ],
            [
              80.651809,
              8.792646
            ],
            [
              80.568785,
              8.700204
            ],
            [
              80.61956,
              8.626095
            ],
            [
              80.643359,
              8.622648
            ],
            [
              80.626245,
              8.588061
            ],
            [
              80.64157,
              8.587395
            ],
            [
              80.660166,
              8.553356
            ],
            [
              80.712589,
              8.571922
            ],
            [
              80.787492,
              8.641724
            ],
            [
              80.785797,
              8.685477
            ],
            [
              80.825579,
              8.739335
            ],
            [
              80.861548,
              8.760761
            ],
            [
              80.880309,
              8.750851
            ],
            [
              80.883675,
              8.78771
            ],
            [
              80.913477,
              8.827116
            ]
          ]
        ]
      }
    },
    {
      "id": "feature_258",
      "type": "Feature",
      "properties": {
        "id": "LK-7109",
        "name": "Medawachchiya",
        "area_sqkm": 489.19,
        "center_lat": 8.588785,
        "center_lng": 80.496936,
        "province_id": "LK-7",
        "district_id": "LK-71",
        "ed_id": "EC-17",
        "pd_id": "EC-17A",
        "lg_id": "LG-71038"
      },
      "geometry": {
        "type": "Polygon",
        "coordinates": [
          [
            [
              80.626245,
              8.588061
            ],
            [
              80.643359,
              8.622648
            ],
            [
              80.61956,
              8.626095
            ],
            [
              80.568785,
              8.700204
            ],
            [
              80.55299,
              8.695974
            ],
            [
              80.524954,
              8.666479
            ],
            [
              80.506028,
              8.658097
            ],
            [
              80.450121,
              8.693232
            ],
            [
              80.403936,
              8.642899
            ],
            [
              80.388706,
              8.62586
            ],
            [
              80.379902,
              8.620807
            ],
            [
              80.381103,
              8.588413
            ],
            [
              80.346476,
              8.566321
            ],
            [
              80.339979,
              8.547206
            ],
            [
              80.39598,
              8.52155
            ],
            [
              80.458478,
              8.490409
            ],
            [
              80.500072,
              8.511405
            ],
            [
              80.541997,
              8.490527
            ],
            [
              80.586793,
              8.498243
            ],
            [
              80.595644,
              8.549674
            ],
            [
              80.626245,
              8.588061
            ]
          ]
        ]
      }
    },
    {
      "id": "feature_259",
      "type": "Feature",
      "properties": {
        "id": "LK-7112",
        "name": "Mahawilachchiya",
        "area_sqkm": 616.94,
        "center_lat": 8.543334,
        "center_lng": 80.170555,
        "province_id": "LK-7",
        "district_id": "LK-71",
        "ed_id": "EC-17",
        "pd_id": "EC-17D",
        "lg_id": "LG-71041"
      },
      "geometry": {
        "type": "Polygon",
        "coordinates": [
          [
            [
              80.235227,
              8.680424
            ],
            [
              80.1454,
              8.657392
            ],
            [
              80.079371,
              8.654415
            ],
            [
              80.044038,
              8.674666
            ],
            [
              80.055949,
              8.639373
            ],
            [
              80.051853,
              8.525075
            ],
            [
              80.08382,
              8.496951
            ],
            [
              80.126898,
              8.494875
            ],
            [
              80.129134,
              8.438039
            ],
            [
              80.157287,
              8.440076
            ],
            [
              80.172918,
              8.389155
            ],
            [
              80.214159,
              8.382927
            ],
            [
              80.233885,
              8.413949
            ],
            [
              80.266276,
              8.386335
            ],
            [
              80.294547,
              8.410072
            ],
            [
              80.27774,
              8.425348
            ],
            [
              80.290145,
              8.438901
            ],
            [
              80.27621,
              8.457232
            ],
            [
              80.305752,
              8.503688
            ],
            [
              80.28379,
              8.523587
            ],
            [
              80.287815,
              8.55931
            ],
            [
              80.274421,
              8.609996
            ],
            [
              80.235981,
              8.629228
            ],
            [
              80.235227,
              8.680424
            ]
          ]
        ]
      }
    },
    {
      "id": "feature_260",
      "type": "Feature",
      "properties": {
        "id": "LK-7115",
        "name": "Nuwaragam Palatha Central",
        "area_sqkm": 401.16,
        "center_lat": 8.415737,
        "center_lng": 80.352384,
        "province_id": "LK-7",
        "district_id": "LK-71",
        "ed_id": "EC-17",
        "pd_id": null,
        "lg_id": null
      },
      "geometry": {
        "type": "Polygon",
        "coordinates": [
          [
            [
              80.339979,
              8.547206
            ],
            [
              80.287815,
              8.55931
            ],
            [
              80.28379,
              8.523587
            ],
            [
              80.305752,
              8.503688
            ],
            [
              80.27621,
              8.457232
            ],
            [
              80.290145,
              8.438901
            ],
            [
              80.27774,
              8.425348
            ],
            [
              80.294547,
              8.410072
            ],
            [
              80.266276,
              8.386335
            ],
            [
              80.290428,
              8.290799
            ],
            [
              80.290428,
              8.290838
            ],
            [
              80.290428,
              8.290799
            ],
            [
              80.295677,
              8.291543
            ],
            [
              80.354291,
              8.280654
            ],
            [
              80.35528,
              8.297732
            ],
            [
              80.335083,
              8.303333
            ],
            [
              80.351396,
              8.315985
            ],
            [
              80.371216,
              8.335492
            ],
            [
              80.374394,
              8.316142
            ],
            [
              80.390801,
              8.314144
            ],
            [
              80.409021,
              8.351943
            ],
            [
              80.408997,
              8.351943
            ],
            [
              80.409021,
              8.351943
            ],
            [
              80.431666,
              8.353941
            ],
            [
              80.451322,
              8.364008
            ],
            [
              80.459325,
              8.401337
            ],
            [
              80.450545,
              8.441329
            ],
            [
              80.410174,
              8.44744
            ],
            [
              80.398875,
              8.465811
            ],
            [
              80.39598,
              8.52155
            ],
            [
              80.339979,
              8.547206
            ]
          ]
        ]
      }
    },
    {
      "id": "feature_261",
      "type": "Feature",
      "properties": {
        "id": "LK-7118",
        "name": "Rambewa",
        "area_sqkm": 306.11,
        "center_lat": 8.475597,
        "center_lng": 80.550939,
        "province_id": "LK-7",
        "district_id": "LK-71",
        "ed_id": "EC-17",
        "pd_id": null,
        "lg_id": "LG-71046"
      },
      "geometry": {
        "type": "Polygon",
        "coordinates": [
          [
            [
              80.626245,
              8.588061
            ],
            [
              80.595644,
              8.549674
            ],
            [
              80.586793,
              8.498243
            ],
            [
              80.541997,
              8.490527
            ],
            [
              80.500072,
              8.511405
            ],
            [
              80.458478,
              8.490409
            ],
            [
              80.39598,
              8.52155
            ],
            [
              80.398875,
              8.465811
            ],
            [
              80.410174,
              8.44744
            ],
            [
              80.450545,
              8.441329
            ],
            [
              80.459325,
              8.401337
            ],
            [
              80.491716,
              8.433221
            ],
            [
              80.523118,
              8.423115
            ],
            [
              80.538607,
              8.395461
            ],
            [
              80.543903,
              8.40494
            ],
            [
              80.543903,
              8.404901
            ],
            [
              80.543903,
              8.40494
            ],
            [
              80.596891,
              8.39977
            ],
            [
              80.621325,
              8.45359
            ],
            [
              80.65108,
              8.452179
            ],
            [
              80.678833,
              8.475055
            ],
            [
              80.655176,
              8.500202
            ],
            [
              80.668217,
              8.526759
            ],
            [
              80.660166,
              8.553356
            ],
            [
              80.64157,
              8.587395
            ],
            [
              80.626245,
              8.588061
            ]
          ]
        ]
      }
    },
    {
      "id": "feature_262",
      "type": "Feature",
      "properties": {
        "id": "LK-7121",
        "name": "Kahatagasdigiliya",
        "area_sqkm": 370.25,
        "center_lat": 8.423981,
        "center_lng": 80.711353,
        "province_id": "LK-7",
        "district_id": "LK-71",
        "ed_id": "EC-17",
        "pd_id": null,
        "lg_id": "LG-71035"
      },
      "geometry": {
        "type": "Polygon",
        "coordinates": [
          [
            [
              80.80736,
              8.329146
            ],
            [
              80.825014,
              8.372899
            ],
            [
              80.78568,
              8.409915
            ],
            [
              80.804935,
              8.426562
            ],
            [
              80.803005,
              8.482771
            ],
            [
              80.778406,
              8.473096
            ],
            [
              80.736599,
              8.48614
            ],
            [
              80.744603,
              8.514656
            ],
            [
              80.706586,
              8.532282
            ],
            [
              80.721793,
              8.559545
            ],
            [
              80.712589,
              8.571922
            ],
            [
              80.660166,
              8.553356
            ],
            [
              80.668217,
              8.526759
            ],
            [
              80.655176,
              8.500202
            ],
            [
              80.678833,
              8.475055
            ],
            [
              80.65108,
              8.452179
            ],
            [
              80.621325,
              8.45359
            ],
            [
              80.596891,
              8.39977
            ],
            [
              80.604236,
              8.381086
            ],
            [
              80.61996,
              8.386139
            ],
            [
              80.619937,
              8.386139
            ],
            [
              80.61996,
              8.386139
            ],
            [
              80.630718,
              8.36859
            ],
            [
              80.613934,
              8.364948
            ],
            [
              80.6169,
              8.339291
            ],
            [
              80.656894,
              8.330556
            ],
            [
              80.665486,
              8.351551
            ],
            [
              80.688202,
              8.326953
            ],
            [
              80.715202,
              8.353118
            ],
            [
              80.752842,
              8.334591
            ],
            [
              80.752818,
              8.334591
            ],
            [
              80.752842,
              8.334591
            ],
            [
              80.75715,
              8.350455
            ],
            [
              80.772121,
              8.328167
            ],
            [
              80.80736,
              8.329146
            ]
          ]
        ]
      }
    },
    {
      "id": "feature_263",
      "type": "Feature",
      "properties": {
        "id": "LK-7124",
        "name": "Horowpathana",
        "area_sqkm": 832.95,
        "center_lat": 8.5158,
        "center_lng": 80.852802,
        "province_id": "LK-7",
        "district_id": "LK-71",
        "ed_id": "EC-17",
        "pd_id": "EC-17B",
        "lg_id": "LG-71033"
      },
      "geometry": {
        "type": "Polygon",
        "coordinates": [
          [
            [
              80.880309,
              8.750851
            ],
            [
              80.861548,
              8.760761
            ],
            [
              80.825579,
              8.739335
            ],
            [
              80.785797,
              8.685477
            ],
            [
              80.787492,
              8.641724
            ],
            [
              80.712589,
              8.571922
            ],
            [
              80.721793,
              8.559545
            ],
            [
              80.706586,
              8.532282
            ],
            [
              80.744603,
              8.514656
            ],
            [
              80.736599,
              8.48614
            ],
            [
              80.778406,
              8.473096
            ],
            [
              80.803005,
              8.482771
            ],
            [
              80.804935,
              8.426562
            ],
            [
              80.78568,
              8.409915
            ],
            [
              80.825014,
              8.372899
            ],
            [
              80.80736,
              8.329146
            ],
            [
              80.80357,
              8.292091
            ],
            [
              80.818259,
              8.301335
            ],
            [
              80.822802,
              8.279048
            ],
            [
              80.899965,
              8.279909
            ],
            [
              80.911617,
              8.325543
            ],
            [
              80.94123,
              8.342268
            ],
            [
              80.928377,
              8.387941
            ],
            [
              80.962463,
              8.449163
            ],
            [
              80.99337,
              8.483476
            ],
            [
              80.965288,
              8.487393
            ],
            [
              80.948951,
              8.508075
            ],
            [
              80.942148,
              8.560093
            ],
            [
              80.894127,
              8.62206
            ],
            [
              80.910275,
              8.667654
            ],
            [
              80.880309,
              8.750851
            ]
          ]
        ]
      }
    },
    {
      "id": "feature_264",
      "type": "Feature",
      "properties": {
        "id": "LK-7127",
        "name": "Galenbidunuwewa",
        "area_sqkm": 292.54,
        "center_lat": 8.268046,
        "center_lng": 80.708793,
        "province_id": "LK-7",
        "district_id": "LK-71",
        "ed_id": "EC-17",
        "pd_id": null,
        "lg_id": "LG-71031"
      },
      "geometry": {
        "type": "Polygon",
        "coordinates": [
          [
            [
              80.80736,
              8.329146
            ],
            [
              80.772121,
              8.328167
            ],
            [
              80.75715,
              8.350455
            ],
            [
              80.752842,
              8.334591
            ],
            [
              80.752818,
              8.334591
            ],
            [
              80.752842,
              8.334591
            ],
            [
              80.715202,
              8.353118
            ],
            [
              80.688202,
              8.326953
            ],
            [
              80.665486,
              8.351551
            ],
            [
              80.656894,
              8.330556
            ],
            [
              80.628623,
              8.303216
            ],
            [
              80.645995,
              8.269333
            ],
            [
              80.600046,
              8.24732
            ],
            [
              80.600163,
              8.230046
            ],
            [
              80.610756,
              8.195772
            ],
            [
              80.641781,
              8.183394
            ],
            [
              80.638133,
              8.164436
            ],
            [
              80.655482,
              8.164514
            ],
            [
              80.681422,
              8.211636
            ],
            [
              80.717108,
              8.192756
            ],
            [
              80.743002,
              8.196986
            ],
            [
              80.741119,
              8.216571
            ],
            [
              80.789517,
              8.230359
            ],
            [
              80.805853,
              8.278891
            ],
            [
              80.822802,
              8.279048
            ],
            [
              80.818259,
              8.301335
            ],
            [
              80.80357,
              8.292091
            ],
            [
              80.80736,
              8.329146
            ]
          ]
        ]
      }
    },
    {
      "id": "feature_265",
      "type": "Feature",
      "properties": {
        "id": "LK-7130",
        "name": "Mihinthale",
        "area_sqkm": 229.44,
        "center_lat": 8.348988,
        "center_lng": 80.544542,
        "province_id": "LK-7",
        "district_id": "LK-71",
        "ed_id": "EC-17",
        "pd_id": null,
        "lg_id": null
      },
      "geometry": {
        "type": "Polygon",
        "coordinates": [
          [
            [
              80.596891,
              8.39977
            ],
            [
              80.543903,
              8.40494
            ],
            [
              80.543903,
              8.404901
            ],
            [
              80.543903,
              8.40494
            ],
            [
              80.538607,
              8.395461
            ],
            [
              80.523118,
              8.423115
            ],
            [
              80.491716,
              8.433221
            ],
            [
              80.459325,
              8.401337
            ],
            [
              80.451322,
              8.364008
            ],
            [
              80.431666,
              8.353941
            ],
            [
              80.437645,
              8.335727
            ],
            [
              80.494988,
              8.340035
            ],
            [
              80.50052,
              8.287508
            ],
            [
              80.575988,
              8.270117
            ],
            [
              80.576059,
              8.288879
            ],
            [
              80.611815,
              8.282455
            ],
            [
              80.628623,
              8.303216
            ],
            [
              80.656894,
              8.330556
            ],
            [
              80.6169,
              8.339291
            ],
            [
              80.613934,
              8.364948
            ],
            [
              80.630718,
              8.36859
            ],
            [
              80.61996,
              8.386139
            ],
            [
              80.619937,
              8.386139
            ],
            [
              80.61996,
              8.386139
            ],
            [
              80.604236,
              8.381086
            ],
            [
              80.596891,
              8.39977
            ]
          ]
        ]
      }
    },
    {
      "id": "feature_266",
      "type": "Feature",
      "properties": {
        "id": "LK-7133",
        "name": "Nuwaragam Palatha East",
        "area_sqkm": 92.04,
        "center_lat": 8.308879,
        "center_lng": 80.446024,
        "province_id": "LK-7",
        "district_id": "LK-71",
        "ed_id": "EC-17",
        "pd_id": null,
        "lg_id": null
      },
      "geometry": {
        "type": "MultiPolygon",
        "coordinates": [
          [
            [
              [
                80.431666,
                8.353941
              ],
              [
                80.409021,
                8.351943
              ],
              [
                80.408997,
                8.351943
              ],
              [
                80.409021,
                8.351943
              ],
              [
                80.390801,
                8.314144
              ],
              [
                80.424534,
                8.271409
              ],
              [
                80.484277,
                8.271174
              ],
              [
                80.50052,
                8.287508
              ],
              [
                80.494988,
                8.340035
              ],
              [
                80.437645,
                8.335727
              ],
              [
                80.431666,
                8.353941
              ]
            ]
          ],
          [
            [
              [
                80.374394,
                8.316142
              ],
              [
                80.371216,
                8.335492
              ],
              [
                80.351396,
                8.315985
              ],
              [
                80.374394,
                8.316142
              ]
            ]
          ]
        ]
      }
    },
    {
      "id": "feature_267",
      "type": "Feature",
      "properties": {
        "id": "LK-7136",
        "name": "Nachchaduwa",
        "area_sqkm": 110.03,
        "center_lat": 8.251842,
        "center_lng": 80.423925,
        "province_id": "LK-7",
        "district_id": "LK-71",
        "ed_id": "EC-17",
        "pd_id": null,
        "lg_id": null
      },
      "geometry": {
        "type": "Polygon",
        "coordinates": [
          [
            [
              80.374394,
              8.316142
            ],
            [
              80.351396,
              8.315985
            ],
            [
              80.335083,
              8.303333
            ],
            [
              80.35528,
              8.297732
            ],
            [
              80.354291,
              8.280654
            ],
            [
              80.37317,
              8.253861
            ],
            [
              80.397369,
              8.25864
            ],
            [
              80.377313,
              8.233493
            ],
            [
              80.406384,
              8.20815
            ],
            [
              80.408009,
              8.187429
            ],
            [
              80.4005,
              8.176657
            ],
            [
              80.402147,
              8.167844
            ],
            [
              80.43555,
              8.21097
            ],
            [
              80.448262,
              8.22656
            ],
            [
              80.471378,
              8.204585
            ],
            [
              80.492752,
              8.225463
            ],
            [
              80.48995,
              8.243129
            ],
            [
              80.519234,
              8.239878
            ],
            [
              80.50631,
              8.252451
            ],
            [
              80.488256,
              8.251864
            ],
            [
              80.484277,
              8.271174
            ],
            [
              80.424534,
              8.271409
            ],
            [
              80.390801,
              8.314144
            ],
            [
              80.374394,
              8.316142
            ]
          ]
        ]
      }
    },
    {
      "id": "feature_268",
      "type": "Feature",
      "properties": {
        "id": "LK-7139",
        "name": "Nochchiyagama",
        "area_sqkm": 838.29,
        "center_lat": 8.333933,
        "center_lng": 80.125586,
        "province_id": "LK-7",
        "district_id": "LK-71",
        "ed_id": "EC-17",
        "pd_id": "EC-17D",
        "lg_id": "LG-71040"
      },
      "geometry": {
        "type": "Polygon",
        "coordinates": [
          [
            [
              80.051853,
              8.525075
            ],
            [
              80.032998,
              8.526407
            ],
            [
              80.043143,
              8.498988
            ],
            [
              80.032291,
              8.466281
            ],
            [
              79.981257,
              8.399574
            ],
            [
              79.955364,
              8.394952
            ],
            [
              79.951786,
              8.369805
            ],
            [
              79.974808,
              8.338351
            ],
            [
              80.000019,
              8.227813
            ],
            [
              80.037376,
              8.236509
            ],
            [
              80.078618,
              8.223387
            ],
            [
              80.125226,
              8.236391
            ],
            [
              80.114045,
              8.22656
            ],
            [
              80.126309,
              8.219979
            ],
            [
              80.141798,
              8.248769
            ],
            [
              80.169975,
              8.228048
            ],
            [
              80.182616,
              8.192913
            ],
            [
              80.202837,
              8.2067
            ],
            [
              80.222845,
              8.178498
            ],
            [
              80.252176,
              8.17701
            ],
            [
              80.259285,
              8.179399
            ],
            [
              80.259261,
              8.179399
            ],
            [
              80.267453,
              8.190288
            ],
            [
              80.267477,
              8.190288
            ],
            [
              80.267453,
              8.190288
            ],
            [
              80.312061,
              8.220919
            ],
            [
              80.287862,
              8.222212
            ],
            [
              80.283319,
              8.23788
            ],
            [
              80.295677,
              8.291543
            ],
            [
              80.290428,
              8.290799
            ],
            [
              80.290428,
              8.290838
            ],
            [
              80.290428,
              8.290799
            ],
            [
              80.266276,
              8.386335
            ],
            [
              80.233885,
              8.413949
            ],
            [
              80.214159,
              8.382927
            ],
            [
              80.172918,
              8.389155
            ],
            [
              80.157287,
              8.440076
            ],
            [
              80.129134,
              8.438039
            ],
            [
              80.126898,
              8.494875
            ],
            [
              80.08382,
              8.496951
            ],
            [
              80.051853,
              8.525075
            ]
          ]
        ]
      }
    },
    {
      "id": "feature_269",
      "type": "Feature",
      "properties": {
        "id": "LK-7142",
        "name": "Rajanganaya",
        "area_sqkm": 105.84,
        "center_lat": 8.185818,
        "center_lng": 80.180922,
        "province_id": "LK-7",
        "district_id": "LK-71",
        "ed_id": "EC-17",
        "pd_id": "EC-17E",
        "lg_id": "LG-71045"
      },
      "geometry": {
        "type": "Polygon",
        "coordinates": [
          [
            [
              80.252176,
              8.17701
            ],
            [
              80.222845,
              8.178498
            ],
            [
              80.202837,
              8.2067
            ],
            [
              80.182616,
              8.192913
            ],
            [
              80.169975,
              8.228048
            ],
            [
              80.141798,
              8.248769
            ],
            [
              80.126309,
              8.219979
            ],
            [
              80.114045,
              8.22656
            ],
            [
              80.125226,
              8.236391
            ],
            [
              80.078618,
              8.223387
            ],
            [
              80.100133,
              8.197926
            ],
            [
              80.256719,
              8.128399
            ],
            [
              80.277175,
              8.11657
            ],
            [
              80.257284,
              8.134236
            ],
            [
              80.273032,
              8.135803
            ],
            [
              80.272726,
              8.156289
            ],
            [
              80.252176,
              8.17701
            ]
          ]
        ]
      }
    },
    {
      "id": "feature_270",
      "type": "Feature",
      "properties": {
        "id": "LK-7145",
        "name": "Thambuththegama",
        "area_sqkm": 113.34,
        "center_lat": 8.155242,
        "center_lng": 80.316891,
        "province_id": "LK-7",
        "district_id": "LK-71",
        "ed_id": "EC-17",
        "pd_id": null,
        "lg_id": "LG-71047"
      },
      "geometry": {
        "type": "Polygon",
        "coordinates": [
          [
            [
              80.383551,
              8.089817
            ],
            [
              80.334353,
              8.122485
            ],
            [
              80.354503,
              8.19256
            ],
            [
              80.35455,
              8.19256
            ],
            [
              80.354503,
              8.19256
            ],
            [
              80.348594,
              8.222721
            ],
            [
              80.320935,
              8.224993
            ],
            [
              80.320959,
              8.224993
            ],
            [
              80.320935,
              8.224993
            ],
            [
              80.312061,
              8.220919
            ],
            [
              80.267453,
              8.190288
            ],
            [
              80.267477,
              8.190288
            ],
            [
              80.267453,
              8.190288
            ],
            [
              80.259261,
              8.179399
            ],
            [
              80.259285,
              8.179399
            ],
            [
              80.252176,
              8.17701
            ],
            [
              80.272726,
              8.156289
            ],
            [
              80.273032,
              8.135803
            ],
            [
              80.257284,
              8.134236
            ],
            [
              80.277175,
              8.11657
            ],
            [
              80.317263,
              8.113828
            ],
            [
              80.36173,
              8.067059
            ],
            [
              80.383551,
              8.089817
            ]
          ]
        ]
      }
    },
    {
      "id": "feature_271",
      "type": "Feature",
      "properties": {
        "id": "LK-7148",
        "name": "Thalawa",
        "area_sqkm": 228.75,
        "center_lat": 8.183572,
        "center_lng": 80.380368,
        "province_id": "LK-7",
        "district_id": "LK-71",
        "ed_id": "EC-17",
        "pd_id": null,
        "lg_id": "LG-71047"
      },
      "geometry": {
        "type": "Polygon",
        "coordinates": [
          [
            [
              80.354291,
              8.280654
            ],
            [
              80.295677,
              8.291543
            ],
            [
              80.283319,
              8.23788
            ],
            [
              80.287862,
              8.222212
            ],
            [
              80.312061,
              8.220919
            ],
            [
              80.320935,
              8.224993
            ],
            [
              80.320959,
              8.224993
            ],
            [
              80.320935,
              8.224993
            ],
            [
              80.348594,
              8.222721
            ],
            [
              80.354503,
              8.19256
            ],
            [
              80.35455,
              8.19256
            ],
            [
              80.354503,
              8.19256
            ],
            [
              80.334353,
              8.122485
            ],
            [
              80.383551,
              8.089817
            ],
            [
              80.41048,
              8.088446
            ],
            [
              80.434114,
              8.105759
            ],
            [
              80.434091,
              8.105759
            ],
            [
              80.434114,
              8.105759
            ],
            [
              80.472154,
              8.116413
            ],
            [
              80.460455,
              8.130123
            ],
            [
              80.491363,
              8.139485
            ],
            [
              80.457607,
              8.14066
            ],
            [
              80.472037,
              8.198044
            ],
            [
              80.44619,
              8.195459
            ],
            [
              80.43555,
              8.21097
            ],
            [
              80.402147,
              8.167844
            ],
            [
              80.4005,
              8.176657
            ],
            [
              80.408009,
              8.187429
            ],
            [
              80.406384,
              8.20815
            ],
            [
              80.377313,
              8.233493
            ],
            [
              80.397369,
              8.25864
            ],
            [
              80.37317,
              8.253861
            ],
            [
              80.354291,
              8.280654
            ]
          ]
        ]
      }
    },
    {
      "id": "feature_272",
      "type": "Feature",
      "properties": {
        "id": "LK-7151",
        "name": "Thirappane",
        "area_sqkm": 272.37,
        "center_lat": 8.206458,
        "center_lng": 80.557149,
        "province_id": "LK-7",
        "district_id": "LK-71",
        "ed_id": "EC-17",
        "pd_id": "EC-17F",
        "lg_id": "LG-71048"
      },
      "geometry": {
        "type": "Polygon",
        "coordinates": [
          [
            [
              80.628623,
              8.303216
            ],
            [
              80.611815,
              8.282455
            ],
            [
              80.576059,
              8.288879
            ],
            [
              80.575988,
              8.270117
            ],
            [
              80.50052,
              8.287508
            ],
            [
              80.484277,
              8.271174
            ],
            [
              80.488256,
              8.251864
            ],
            [
              80.50631,
              8.252451
            ],
            [
              80.519234,
              8.239878
            ],
            [
              80.48995,
              8.243129
            ],
            [
              80.492752,
              8.225463
            ],
            [
              80.471378,
              8.204585
            ],
            [
              80.448262,
              8.22656
            ],
            [
              80.43555,
              8.21097
            ],
            [
              80.44619,
              8.195459
            ],
            [
              80.472037,
              8.198044
            ],
            [
              80.457607,
              8.14066
            ],
            [
              80.491363,
              8.139485
            ],
            [
              80.517562,
              8.152763
            ],
            [
              80.532581,
              8.12601
            ],
            [
              80.549694,
              8.130593
            ],
            [
              80.549882,
              8.151236
            ],
            [
              80.585286,
              8.175952
            ],
            [
              80.587758,
              8.140895
            ],
            [
              80.628952,
              8.110851
            ],
            [
              80.640416,
              8.141874
            ],
            [
              80.65687,
              8.13545
            ],
            [
              80.655482,
              8.164514
            ],
            [
              80.638133,
              8.164436
            ],
            [
              80.641781,
              8.183394
            ],
            [
              80.610756,
              8.195772
            ],
            [
              80.600163,
              8.230046
            ],
            [
              80.600046,
              8.24732
            ],
            [
              80.645995,
              8.269333
            ],
            [
              80.628623,
              8.303216
            ]
          ]
        ]
      }
    },
    {
      "id": "feature_273",
      "type": "Feature",
      "properties": {
        "id": "LK-7154",
        "name": "Kekirawa",
        "area_sqkm": 346.75,
        "center_lat": 8.059565,
        "center_lng": 80.624469,
        "province_id": "LK-7",
        "district_id": "LK-71",
        "ed_id": "EC-17",
        "pd_id": null,
        "lg_id": "LG-71037"
      },
      "geometry": {
        "type": "Polygon",
        "coordinates": [
          [
            [
              80.717108,
              8.192756
            ],
            [
              80.681422,
              8.211636
            ],
            [
              80.655482,
              8.164514
            ],
            [
              80.65687,
              8.13545
            ],
            [
              80.640416,
              8.141874
            ],
            [
              80.628952,
              8.110851
            ],
            [
              80.587758,
              8.140895
            ],
            [
              80.585286,
              8.175952
            ],
            [
              80.549882,
              8.151236
            ],
            [
              80.549694,
              8.130593
            ],
            [
              80.58272,
              8.068156
            ],
            [
              80.533216,
              8.064826
            ],
            [
              80.549882,
              8.031806
            ],
            [
              80.536912,
              8.03255
            ],
            [
              80.541385,
              7.995339
            ],
            [
              80.557768,
              7.972659
            ],
            [
              80.544139,
              7.96839
            ],
            [
              80.565324,
              7.946611
            ],
            [
              80.588346,
              7.958245
            ],
            [
              80.596821,
              7.930042
            ],
            [
              80.611227,
              7.940344
            ],
            [
              80.632224,
              7.900234
            ],
            [
              80.653904,
              7.913787
            ],
            [
              80.659436,
              7.958754
            ],
            [
              80.666569,
              8.037799
            ],
            [
              80.651268,
              8.064474
            ],
            [
              80.674549,
              8.093264
            ],
            [
              80.665886,
              8.109559
            ],
            [
              80.729702,
              8.13169
            ],
            [
              80.736364,
              8.170037
            ],
            [
              80.717108,
              8.192756
            ]
          ]
        ]
      }
    },
    {
      "id": "feature_274",
      "type": "Feature",
      "properties": {
        "id": "LK-7157",
        "name": "Palugaswewa",
        "area_sqkm": 205.62,
        "center_lat": 8.081177,
        "center_lng": 80.718542,
        "province_id": "LK-7",
        "district_id": "LK-71",
        "ed_id": "EC-17",
        "pd_id": "EC-17G",
        "lg_id": "LG-71037"
      },
      "geometry": {
        "type": "Polygon",
        "coordinates": [
          [
            [
              80.789517,
              8.230359
            ],
            [
              80.741119,
              8.216571
            ],
            [
              80.743002,
              8.196986
            ],
            [
              80.717108,
              8.192756
            ],
            [
              80.736364,
              8.170037
            ],
            [
              80.729702,
              8.13169
            ],
            [
              80.665886,
              8.109559
            ],
            [
              80.674549,
              8.093264
            ],
            [
              80.651268,
              8.064474
            ],
            [
              80.666569,
              8.037799
            ],
            [
              80.659436,
              7.958754
            ],
            [
              80.681987,
              7.955738
            ],
            [
              80.701408,
              7.983862
            ],
            [
              80.701408,
              7.983901
            ],
            [
              80.701408,
              7.983862
            ],
            [
              80.755643,
              8.011477
            ],
            [
              80.776499,
              8.068273
            ],
            [
              80.757032,
              8.070114
            ],
            [
              80.76021,
              8.151001
            ],
            [
              80.789517,
              8.230359
            ]
          ]
        ]
      }
    },
    {
      "id": "feature_275",
      "type": "Feature",
      "properties": {
        "id": "LK-7160",
        "name": "Ipalogama",
        "area_sqkm": 141.67,
        "center_lat": 8.085235,
        "center_lng": 80.507736,
        "province_id": "LK-7",
        "district_id": "LK-71",
        "ed_id": "EC-17",
        "pd_id": null,
        "lg_id": "LG-71034"
      },
      "geometry": {
        "type": "Polygon",
        "coordinates": [
          [
            [
              80.549694,
              8.130593
            ],
            [
              80.532581,
              8.12601
            ],
            [
              80.517562,
              8.152763
            ],
            [
              80.491363,
              8.139485
            ],
            [
              80.460455,
              8.130123
            ],
            [
              80.472154,
              8.116413
            ],
            [
              80.434114,
              8.105759
            ],
            [
              80.434091,
              8.105759
            ],
            [
              80.434114,
              8.105759
            ],
            [
              80.41048,
              8.088446
            ],
            [
              80.461185,
              8.073953
            ],
            [
              80.51688,
              8.005484
            ],
            [
              80.541385,
              7.995339
            ],
            [
              80.536912,
              8.03255
            ],
            [
              80.549882,
              8.031806
            ],
            [
              80.533216,
              8.064826
            ],
            [
              80.58272,
              8.068156
            ],
            [
              80.549694,
              8.130593
            ]
          ]
        ]
      }
    },
    {
      "id": "feature_276",
      "type": "Feature",
      "properties": {
        "id": "LK-7163",
        "name": "Galnewa",
        "area_sqkm": 138.58,
        "center_lat": 8.019713,
        "center_lng": 80.450037,
        "province_id": "LK-7",
        "district_id": "LK-71",
        "ed_id": "EC-17",
        "pd_id": "EC-17E",
        "lg_id": "LG-71032"
      },
      "geometry": {
        "type": "Polygon",
        "coordinates": [
          [
            [
              80.41048,
              8.088446
            ],
            [
              80.383551,
              8.089817
            ],
            [
              80.36173,
              8.067059
            ],
            [
              80.36592,
              8.065257
            ],
            [
              80.419755,
              8.043126
            ],
            [
              80.41766,
              7.949784
            ],
            [
              80.460314,
              7.945593
            ],
            [
              80.494023,
              7.948217
            ],
            [
              80.51688,
              8.005484
            ],
            [
              80.461185,
              8.073953
            ],
            [
              80.41048,
              8.088446
            ]
          ]
        ]
      }
    },
    {
      "id": "feature_277",
      "type": "Feature",
      "properties": {
        "id": "LK-7166",
        "name": "Palagala",
        "area_sqkm": 225.47,
        "center_lat": 7.90556,
        "center_lng": 80.537532,
        "province_id": "LK-7",
        "district_id": "LK-71",
        "ed_id": "EC-17",
        "pd_id": "EC-17G",
        "lg_id": "LG-71044"
      },
      "geometry": {
        "type": "Polygon",
        "coordinates": [
          [
            [
              80.541385,
              7.995339
            ],
            [
              80.51688,
              8.005484
            ],
            [
              80.494023,
              7.948217
            ],
            [
              80.460314,
              7.945593
            ],
            [
              80.479852,
              7.88104
            ],
            [
              80.468812,
              7.850018
            ],
            [
              80.501297,
              7.816919
            ],
            [
              80.563771,
              7.848686
            ],
            [
              80.574364,
              7.869093
            ],
            [
              80.600375,
              7.855462
            ],
            [
              80.621631,
              7.867918
            ],
            [
              80.632224,
              7.900234
            ],
            [
              80.611227,
              7.940344
            ],
            [
              80.596821,
              7.930042
            ],
            [
              80.588346,
              7.958245
            ],
            [
              80.565324,
              7.946611
            ],
            [
              80.544139,
              7.96839
            ],
            [
              80.557768,
              7.972659
            ],
            [
              80.541385,
              7.995339
            ]
          ]
        ]
      }
    },
    {
      "id": "feature_278",
      "type": "Feature",
      "properties": {
        "id": "LK-7203",
        "name": "Higurakgoda",
        "area_sqkm": 705.23,
        "center_lat": 8.114004,
        "center_lng": 80.865402,
        "province_id": "LK-7",
        "district_id": "LK-72",
        "ed_id": "EC-18",
        "pd_id": "EC-18A",
        "lg_id": "LG-72033"
      },
      "geometry": {
        "type": "Polygon",
        "coordinates": [
          [
            [
              80.94123,
              8.342268
            ],
            [
              80.911617,
              8.325543
            ],
            [
              80.899965,
              8.279909
            ],
            [
              80.822802,
              8.279048
            ],
            [
              80.805853,
              8.278891
            ],
            [
              80.789517,
              8.230359
            ],
            [
              80.76021,
              8.151001
            ],
            [
              80.757032,
              8.070114
            ],
            [
              80.776499,
              8.068273
            ],
            [
              80.755643,
              8.011477
            ],
            [
              80.778618,
              7.995926
            ],
            [
              80.786198,
              7.961927
            ],
            [
              80.799639,
              7.958245
            ],
            [
              80.813857,
              7.982804
            ],
            [
              80.832594,
              7.970701
            ],
            [
              80.842787,
              7.985742
            ],
            [
              80.868351,
              7.983157
            ],
            [
              80.878285,
              7.955307
            ],
            [
              80.90698,
              7.959302
            ],
            [
              80.91496,
              7.939521
            ],
            [
              80.936028,
              7.953544
            ],
            [
              80.959685,
              7.967841
            ],
            [
              80.959662,
              7.967841
            ],
            [
              80.959685,
              7.967841
            ],
            [
              81.013238,
              8.027536
            ],
            [
              81.015145,
              8.047748
            ],
            [
              80.998949,
              8.050451
            ],
            [
              81.018252,
              8.074971
            ],
            [
              80.978752,
              8.089699
            ],
            [
              80.980635,
              8.108149
            ],
            [
              80.934592,
              8.068861
            ],
            [
              80.93817,
              8.103566
            ],
            [
              80.906603,
              8.103017
            ],
            [
              80.877626,
              8.134392
            ],
            [
              80.906462,
              8.202901
            ],
            [
              80.930449,
              8.209717
            ],
            [
              80.932356,
              8.248887
            ],
            [
              80.968677,
              8.317199
            ],
            [
              80.94123,
              8.342268
            ]
          ]
        ]
      }
    },
    {
      "id": "feature_279",
      "type": "Feature",
      "properties": {
        "id": "LK-7206",
        "name": "Medirigiriya",
        "area_sqkm": 573.26,
        "center_lat": 8.185489,
        "center_lng": 81.040095,
        "province_id": "LK-7",
        "district_id": "LK-72",
        "ed_id": "EC-18",
        "pd_id": "EC-18B",
        "lg_id": "LG-72035"
      },
      "geometry": {
        "type": "Polygon",
        "coordinates": [
          [
            [
              81.181759,
              8.229693
            ],
            [
              81.135527,
              8.259933
            ],
            [
              81.135503,
              8.259933
            ],
            [
              81.135527,
              8.259933
            ],
            [
              81.05528,
              8.274151
            ],
            [
              81.055256,
              8.274151
            ],
            [
              81.05528,
              8.274151
            ],
            [
              80.987815,
              8.272937
            ],
            [
              80.968677,
              8.317199
            ],
            [
              80.932356,
              8.248887
            ],
            [
              80.930449,
              8.209717
            ],
            [
              80.906462,
              8.202901
            ],
            [
              80.877626,
              8.134392
            ],
            [
              80.906603,
              8.103017
            ],
            [
              80.93817,
              8.103566
            ],
            [
              80.934592,
              8.068861
            ],
            [
              80.980635,
              8.108149
            ],
            [
              80.978752,
              8.089699
            ],
            [
              81.018252,
              8.074971
            ],
            [
              81.013756,
              8.099296
            ],
            [
              81.034047,
              8.107404
            ],
            [
              81.091413,
              8.103997
            ],
            [
              81.089718,
              8.084999
            ],
            [
              81.109468,
              8.080259
            ],
            [
              81.135127,
              8.13545
            ],
            [
              81.185148,
              8.145791
            ],
            [
              81.192446,
              8.151627
            ],
            [
              81.21309,
              8.1803
            ],
            [
              81.202544,
              8.227735
            ],
            [
              81.181759,
              8.229693
            ]
          ]
        ]
      }
    },
    {
      "id": "feature_280",
      "type": "Feature",
      "properties": {
        "id": "LK-7209",
        "name": "Lankapura",
        "area_sqkm": 197.47,
        "center_lat": 8.058699,
        "center_lng": 81.098071,
        "province_id": "LK-7",
        "district_id": "LK-72",
        "ed_id": "EC-18",
        "pd_id": "EC-18B",
        "lg_id": "LG-72034"
      },
      "geometry": {
        "type": "Polygon",
        "coordinates": [
          [
            [
              81.185148,
              8.145791
            ],
            [
              81.135127,
              8.13545
            ],
            [
              81.109468,
              8.080259
            ],
            [
              81.089718,
              8.084999
            ],
            [
              81.091413,
              8.103997
            ],
            [
              81.034047,
              8.107404
            ],
            [
              81.013756,
              8.099296
            ],
            [
              81.018252,
              8.074971
            ],
            [
              80.998949,
              8.050451
            ],
            [
              81.015145,
              8.047748
            ],
            [
              81.013238,
              8.027536
            ],
            [
              81.063283,
              7.992048
            ],
            [
              81.094191,
              8.00521
            ],
            [
              81.092214,
              7.97971
            ],
            [
              81.125263,
              7.975558
            ],
            [
              81.133855,
              7.978731
            ],
            [
              81.147979,
              8.061771
            ],
            [
              81.188562,
              8.122602
            ],
            [
              81.185148,
              8.145791
            ]
          ]
        ]
      }
    },
    {
      "id": "feature_281",
      "type": "Feature",
      "properties": {
        "id": "LK-7210",
        "name": "Welikanda",
        "area_sqkm": 574.33,
        "center_lat": 8.05135,
        "center_lng": 81.240046,
        "province_id": "LK-7",
        "district_id": "LK-72",
        "ed_id": "EC-18",
        "pd_id": "EC-18C",
        "lg_id": "LG-72037"
      },
      "geometry": {
        "type": "Polygon",
        "coordinates": [
          [
            [
              81.311392,
              8.251903
            ],
            [
              81.280414,
              8.256917
            ],
            [
              81.249765,
              8.225972
            ],
            [
              81.231427,
              8.155662
            ],
            [
              81.192446,
              8.151627
            ],
            [
              81.185148,
              8.145791
            ],
            [
              81.188562,
              8.122602
            ],
            [
              81.147979,
              8.061771
            ],
            [
              81.133855,
              7.978731
            ],
            [
              81.12637,
              7.930277
            ],
            [
              81.165728,
              7.889344
            ],
            [
              81.16368,
              7.858713
            ],
            [
              81.21954,
              7.874499
            ],
            [
              81.236182,
              7.906618
            ],
            [
              81.253013,
              7.936388
            ],
            [
              81.288229,
              7.94759
            ],
            [
              81.33938,
              7.93627
            ],
            [
              81.335614,
              7.963963
            ],
            [
              81.306637,
              8.029182
            ],
            [
              81.311392,
              8.251903
            ]
          ]
        ]
      }
    },
    {
      "id": "feature_282",
      "type": "Feature",
      "properties": {
        "id": "LK-7212",
        "name": "Dimbulagala",
        "area_sqkm": 585.9,
        "center_lat": 7.785366,
        "center_lng": 81.126323,
        "province_id": "LK-7",
        "district_id": "LK-72",
        "ed_id": "EC-18",
        "pd_id": "EC-18C",
        "lg_id": "LG-72031"
      },
      "geometry": {
        "type": "Polygon",
        "coordinates": [
          [
            [
              81.133855,
              7.978731
            ],
            [
              81.125263,
              7.975558
            ],
            [
              81.059258,
              7.849783
            ],
            [
              81.022724,
              7.849743
            ],
            [
              80.984261,
              7.817428
            ],
            [
              80.988145,
              7.725457
            ],
            [
              80.996925,
              7.723498
            ],
            [
              80.996948,
              7.723498
            ],
            [
              80.996925,
              7.723498
            ],
            [
              81.031552,
              7.715547
            ],
            [
              81.031552,
              7.715586
            ],
            [
              81.031552,
              7.715547
            ],
            [
              81.038378,
              7.703169
            ],
            [
              81.049418,
              7.712452
            ],
            [
              81.051066,
              7.736855
            ],
            [
              81.071781,
              7.716369
            ],
            [
              81.096945,
              7.728512
            ],
            [
              81.109421,
              7.714019
            ],
            [
              81.102312,
              7.691144
            ],
            [
              81.102336,
              7.691144
            ],
            [
              81.104007,
              7.660513
            ],
            [
              81.171848,
              7.643513
            ],
            [
              81.177569,
              7.667289
            ],
            [
              81.214573,
              7.642455
            ],
            [
              81.240985,
              7.68139
            ],
            [
              81.240373,
              7.73948
            ],
            [
              81.237665,
              7.76024
            ],
            [
              81.224813,
              7.821032
            ],
            [
              81.236182,
              7.906618
            ],
            [
              81.21954,
              7.874499
            ],
            [
              81.16368,
              7.858713
            ],
            [
              81.165728,
              7.889344
            ],
            [
              81.12637,
              7.930277
            ],
            [
              81.133855,
              7.978731
            ]
          ]
        ]
      }
    },
    {
      "id": "feature_283",
      "type": "Feature",
      "properties": {
        "id": "LK-7215",
        "name": "Thamankaduwa",
        "area_sqkm": 467.45,
        "center_lat": 7.882873,
        "center_lng": 80.990104,
        "province_id": "LK-7",
        "district_id": "LK-72",
        "ed_id": "EC-18",
        "pd_id": "EC-18C",
        "lg_id": null
      },
      "geometry": {
        "type": "Polygon",
        "coordinates": [
          [
            [
              81.125263,
              7.975558
            ],
            [
              81.092214,
              7.97971
            ],
            [
              81.094191,
              8.00521
            ],
            [
              81.063283,
              7.992048
            ],
            [
              81.013238,
              8.027536
            ],
            [
              80.959685,
              7.967841
            ],
            [
              80.959662,
              7.967841
            ],
            [
              80.959685,
              7.967841
            ],
            [
              80.936028,
              7.953544
            ],
            [
              80.91496,
              7.939521
            ],
            [
              80.88457,
              7.714293
            ],
            [
              80.988474,
              7.720482
            ],
            [
              80.988145,
              7.725457
            ],
            [
              80.984261,
              7.817428
            ],
            [
              81.022724,
              7.849743
            ],
            [
              81.059258,
              7.849783
            ],
            [
              81.125263,
              7.975558
            ]
          ]
        ]
      }
    },
    {
      "id": "feature_284",
      "type": "Feature",
      "properties": {
        "id": "LK-7218",
        "name": "Elahera",
        "area_sqkm": 366.09,
        "center_lat": 7.815875,
        "center_lng": 80.845529,
        "province_id": "LK-7",
        "district_id": "LK-72",
        "ed_id": "EC-18",
        "pd_id": "EC-18A",
        "lg_id": "LG-72032"
      },
      "geometry": {
        "type": "Polygon",
        "coordinates": [
          [
            [
              80.91496,
              7.939521
            ],
            [
              80.90698,
              7.959302
            ],
            [
              80.878285,
              7.955307
            ],
            [
              80.868351,
              7.983157
            ],
            [
              80.842787,
              7.985742
            ],
            [
              80.832594,
              7.970701
            ],
            [
              80.852721,
              7.962592
            ],
            [
              80.81767,
              7.924519
            ],
            [
              80.803358,
              7.822403
            ],
            [
              80.796296,
              7.804306
            ],
            [
              80.770026,
              7.802387
            ],
            [
              80.770308,
              7.691575
            ],
            [
              80.792106,
              7.678374
            ],
            [
              80.837467,
              7.680529
            ],
            [
              80.852556,
              7.701798
            ],
            [
              80.876802,
              7.682879
            ],
            [
              80.88457,
              7.714293
            ],
            [
              80.91496,
              7.939521
            ]
          ]
        ]
      }
    },
    {
      "id": "feature_285",
      "type": "Feature",
      "properties": {
        "id": "LK-8103",
        "name": "Mahiyanganaya",
        "area_sqkm": 601.88,
        "center_lat": 7.43385,
        "center_lng": 81.081405,
        "province_id": "LK-8",
        "district_id": "LK-81",
        "ed_id": "EC-19",
        "pd_id": "EC-19A",
        "lg_id": "LG-81038"
      },
      "geometry": {
        "type": "Polygon",
        "coordinates": [
          [
            [
              81.189338,
              7.572772
            ],
            [
              81.040379,
              7.50442
            ],
            [
              81.014344,
              7.551346
            ],
            [
              81.014344,
              7.593963
            ],
            [
              80.979506,
              7.621617
            ],
            [
              80.97388,
              7.488399
            ],
            [
              80.968866,
              7.413584
            ],
            [
              81.011402,
              7.22216
            ],
            [
              81.01618,
              7.216089
            ],
            [
              81.020418,
              7.216089
            ],
            [
              81.061188,
              7.28401
            ],
            [
              81.042451,
              7.298738
            ],
            [
              81.025832,
              7.332581
            ],
            [
              81.048289,
              7.410921
            ],
            [
              81.069639,
              7.387928
            ],
            [
              81.063236,
              7.36846
            ],
            [
              81.091343,
              7.381582
            ],
            [
              81.130936,
              7.358629
            ],
            [
              81.152899,
              7.37982
            ],
            [
              81.177545,
              7.37226
            ],
            [
              81.189668,
              7.345037
            ],
            [
              81.175521,
              7.32083
            ],
            [
              81.181664,
              7.272259
            ],
            [
              81.223471,
              7.309784
            ],
            [
              81.223636,
              7.331562
            ],
            [
              81.194635,
              7.376138
            ],
            [
              81.202285,
              7.391297
            ],
            [
              81.18303,
              7.4421
            ],
            [
              81.207417,
              7.51715
            ],
            [
              81.205134,
              7.557574
            ],
            [
              81.189338,
              7.572772
            ]
          ]
        ]
      }
    },
    {
      "id": "feature_286",
      "type": "Feature",
      "properties": {
        "id": "LK-8106",
        "name": "Rideemaliyadda",
        "area_sqkm": 437.14,
        "center_lat": 7.274411,
        "center_lng": 81.128186,
        "province_id": "LK-8",
        "district_id": "LK-81",
        "ed_id": "EC-19",
        "pd_id": "EC-19A",
        "lg_id": "LG-81041"
      },
      "geometry": {
        "type": "Polygon",
        "coordinates": [
          [
            [
              81.223636,
              7.331562
            ],
            [
              81.223471,
              7.309784
            ],
            [
              81.181664,
              7.272259
            ],
            [
              81.175521,
              7.32083
            ],
            [
              81.189668,
              7.345037
            ],
            [
              81.177545,
              7.37226
            ],
            [
              81.152899,
              7.37982
            ],
            [
              81.130936,
              7.358629
            ],
            [
              81.091343,
              7.381582
            ],
            [
              81.063236,
              7.36846
            ],
            [
              81.069639,
              7.387928
            ],
            [
              81.048289,
              7.410921
            ],
            [
              81.025832,
              7.332581
            ],
            [
              81.042451,
              7.298738
            ],
            [
              81.061188,
              7.28401
            ],
            [
              81.020418,
              7.216089
            ],
            [
              81.079432,
              7.150714
            ],
            [
              81.121685,
              7.159997
            ],
            [
              81.149509,
              7.196308
            ],
            [
              81.163774,
              7.173237
            ],
            [
              81.185549,
              7.174373
            ],
            [
              81.235924,
              7.239513
            ],
            [
              81.230039,
              7.269282
            ],
            [
              81.270809,
              7.277978
            ],
            [
              81.24614,
              7.335048
            ],
            [
              81.223636,
              7.331562
            ]
          ]
        ]
      }
    },
    {
      "id": "feature_287",
      "type": "Feature",
      "properties": {
        "id": "LK-8109",
        "name": "Meegahakiula",
        "area_sqkm": 108.82,
        "center_lat": 7.126719,
        "center_lng": 81.081054,
        "province_id": "LK-8",
        "district_id": "LK-81",
        "ed_id": "EC-19",
        "pd_id": "EC-19B",
        "lg_id": "LG-81039"
      },
      "geometry": {
        "type": "Polygon",
        "coordinates": [
          [
            [
              81.121685,
              7.159997
            ],
            [
              81.079432,
              7.150714
            ],
            [
              81.020418,
              7.216089
            ],
            [
              81.01618,
              7.216089
            ],
            [
              81.040709,
              7.176919
            ],
            [
              81.034588,
              7.087689
            ],
            [
              81.066461,
              7.086279
            ],
            [
              81.092402,
              7.065166
            ],
            [
              81.107232,
              7.077113
            ],
            [
              81.104831,
              7.087337
            ],
            [
              81.161326,
              7.102848
            ],
            [
              81.121685,
              7.159997
            ]
          ]
        ]
      }
    },
    {
      "id": "feature_288",
      "type": "Feature",
      "properties": {
        "id": "LK-8112",
        "name": "Kandeketiya",
        "area_sqkm": 150.72,
        "center_lat": 7.129609,
        "center_lng": 80.994256,
        "province_id": "LK-8",
        "district_id": "LK-81",
        "ed_id": "EC-19",
        "pd_id": "EC-19B",
        "lg_id": "LG-81037"
      },
      "geometry": {
        "type": "Polygon",
        "coordinates": [
          [
            [
              81.01618,
              7.216089
            ],
            [
              81.011402,
              7.22216
            ],
            [
              80.972232,
              7.19717
            ],
            [
              80.94775,
              7.200225
            ],
            [
              80.962745,
              7.158587
            ],
            [
              80.950952,
              7.129719
            ],
            [
              80.966182,
              7.122276
            ],
            [
              80.951493,
              7.101477
            ],
            [
              80.957519,
              7.06313
            ],
            [
              80.966159,
              7.054316
            ],
            [
              80.972373,
              7.020356
            ],
            [
              81.005846,
              7.027877
            ],
            [
              80.999208,
              7.06074
            ],
            [
              81.034588,
              7.087689
            ],
            [
              81.040709,
              7.176919
            ],
            [
              81.01618,
              7.216089
            ]
          ]
        ]
      }
    },
    {
      "id": "feature_289",
      "type": "Feature",
      "properties": {
        "id": "LK-8115",
        "name": "Soranathota",
        "area_sqkm": 80.5,
        "center_lat": 7.045305,
        "center_lng": 81.050182,
        "province_id": "LK-8",
        "district_id": "LK-81",
        "ed_id": "EC-19",
        "pd_id": "EC-19B",
        "lg_id": "LG-81042"
      },
      "geometry": {
        "type": "Polygon",
        "coordinates": [
          [
            [
              81.092402,
              7.065166
            ],
            [
              81.066461,
              7.086279
            ],
            [
              81.034588,
              7.087689
            ],
            [
              80.999208,
              7.06074
            ],
            [
              81.005846,
              7.027877
            ],
            [
              81.02449,
              6.998734
            ],
            [
              81.04617,
              7.000888
            ],
            [
              81.063236,
              7.017261
            ],
            [
              81.101535,
              7.016948
            ],
            [
              81.092402,
              7.065166
            ]
          ]
        ]
      }
    },
    {
      "id": "feature_290",
      "type": "Feature",
      "properties": {
        "id": "LK-8118",
        "name": "Passara",
        "area_sqkm": 134.59,
        "center_lat": 6.964933,
        "center_lng": 81.147248,
        "province_id": "LK-8",
        "district_id": "LK-81",
        "ed_id": "EC-19",
        "pd_id": "EC-19C",
        "lg_id": "LG-81040"
      },
      "geometry": {
        "type": "Polygon",
        "coordinates": [
          [
            [
              81.219352,
              6.955843
            ],
            [
              81.182583,
              6.957762
            ],
            [
              81.179875,
              7.011425
            ],
            [
              81.157324,
              7.00555
            ],
            [
              81.152805,
              7.033204
            ],
            [
              81.125122,
              7.039236
            ],
            [
              81.107232,
              7.077113
            ],
            [
              81.092402,
              7.065166
            ],
            [
              81.101535,
              7.016948
            ],
            [
              81.1279,
              6.99137
            ],
            [
              81.112646,
              6.944953
            ],
            [
              81.124204,
              6.922783
            ],
            [
              81.10968,
              6.91064
            ],
            [
              81.113046,
              6.876641
            ],
            [
              81.126228,
              6.879265
            ],
            [
              81.177192,
              6.902571
            ],
            [
              81.18157,
              6.928032
            ],
            [
              81.206664,
              6.92247
            ],
            [
              81.207229,
              6.939117
            ],
            [
              81.227284,
              6.945423
            ],
            [
              81.219352,
              6.955843
            ]
          ]
        ]
      }
    },
    {
      "id": "feature_291",
      "type": "Feature",
      "properties": {
        "id": "LK-8119",
        "name": "Lunugala",
        "area_sqkm": 143.01,
        "center_lat": 7.037966,
        "center_lng": 81.186128,
        "province_id": "LK-8",
        "district_id": "LK-81",
        "ed_id": "EC-19",
        "pd_id": "EC-19C",
        "lg_id": "LG-81045"
      },
      "geometry": {
        "type": "Polygon",
        "coordinates": [
          [
            [
              81.161326,
              7.102848
            ],
            [
              81.104831,
              7.087337
            ],
            [
              81.107232,
              7.077113
            ],
            [
              81.125122,
              7.039236
            ],
            [
              81.152805,
              7.033204
            ],
            [
              81.157324,
              7.00555
            ],
            [
              81.179875,
              7.011425
            ],
            [
              81.182583,
              6.957762
            ],
            [
              81.219352,
              6.955843
            ],
            [
              81.23364,
              6.964813
            ],
            [
              81.245104,
              7.022432
            ],
            [
              81.228297,
              7.084046
            ],
            [
              81.212549,
              7.096463
            ],
            [
              81.168247,
              7.082989
            ],
            [
              81.161326,
              7.102848
            ]
          ]
        ]
      }
    },
    {
      "id": "feature_292",
      "type": "Feature",
      "properties": {
        "id": "LK-8121",
        "name": "Badulla",
        "area_sqkm": 48.85,
        "center_lat": 6.987256,
        "center_lng": 81.086841,
        "province_id": "LK-8",
        "district_id": "LK-81",
        "ed_id": "EC-19",
        "pd_id": "EC-19D",
        "lg_id": null
      },
      "geometry": {
        "type": "Polygon",
        "coordinates": [
          [
            [
              81.101535,
              7.016948
            ],
            [
              81.063236,
              7.017261
            ],
            [
              81.04617,
              7.000888
            ],
            [
              81.03932,
              6.982439
            ],
            [
              81.052596,
              6.985377
            ],
            [
              81.070604,
              6.959956
            ],
            [
              81.079667,
              6.973665
            ],
            [
              81.112646,
              6.944953
            ],
            [
              81.1279,
              6.99137
            ],
            [
              81.101535,
              7.016948
            ]
          ]
        ]
      }
    },
    {
      "id": "feature_293",
      "type": "Feature",
      "properties": {
        "id": "LK-8124",
        "name": "Hali-Ela",
        "area_sqkm": 170.05,
        "center_lat": 6.94587,
        "center_lng": 81.019408,
        "province_id": "LK-8",
        "district_id": "LK-81",
        "ed_id": "EC-19",
        "pd_id": "EC-19E",
        "lg_id": "LG-81035"
      },
      "geometry": {
        "type": "Polygon",
        "coordinates": [
          [
            [
              81.005846,
              7.027877
            ],
            [
              80.972373,
              7.020356
            ],
            [
              80.966159,
              7.054316
            ],
            [
              80.96178,
              7.022158
            ],
            [
              80.988686,
              6.977269
            ],
            [
              80.962981,
              6.957997
            ],
            [
              80.954412,
              6.915811
            ],
            [
              80.952882,
              6.876367
            ],
            [
              81.005258,
              6.874604
            ],
            [
              80.99869,
              6.892701
            ],
            [
              81.027809,
              6.911659
            ],
            [
              81.10968,
              6.91064
            ],
            [
              81.124204,
              6.922783
            ],
            [
              81.112646,
              6.944953
            ],
            [
              81.079667,
              6.973665
            ],
            [
              81.070604,
              6.959956
            ],
            [
              81.052596,
              6.985377
            ],
            [
              81.03932,
              6.982439
            ],
            [
              81.04617,
              7.000888
            ],
            [
              81.02449,
              6.998734
            ],
            [
              81.005846,
              7.027877
            ]
          ]
        ]
      }
    },
    {
      "id": "feature_294",
      "type": "Feature",
      "properties": {
        "id": "LK-8127",
        "name": "Uvaparanagama",
        "area_sqkm": 137.69,
        "center_lat": 6.966467,
        "center_lng": 80.917273,
        "province_id": "LK-8",
        "district_id": "LK-81",
        "ed_id": "EC-19",
        "pd_id": "EC-19F",
        "lg_id": "LG-81043"
      },
      "geometry": {
        "type": "Polygon",
        "coordinates": [
          [
            [
              80.966159,
              7.054316
            ],
            [
              80.957519,
              7.06313
            ],
            [
              80.93139,
              7.037121
            ],
            [
              80.919903,
              6.990312
            ],
            [
              80.863973,
              6.978836
            ],
            [
              80.835654,
              6.955138
            ],
            [
              80.829911,
              6.928228
            ],
            [
              80.9135,
              6.906567
            ],
            [
              80.954412,
              6.915811
            ],
            [
              80.962981,
              6.957997
            ],
            [
              80.988686,
              6.977269
            ],
            [
              80.96178,
              7.022158
            ],
            [
              80.966159,
              7.054316
            ]
          ]
        ]
      }
    },
    {
      "id": "feature_295",
      "type": "Feature",
      "properties": {
        "id": "LK-8130",
        "name": "Welimada",
        "area_sqkm": 194.0,
        "center_lat": 6.860252,
        "center_lng": 80.880744,
        "province_id": "LK-8",
        "district_id": "LK-81",
        "ed_id": "EC-19",
        "pd_id": "EC-19G",
        "lg_id": "LG-81044"
      },
      "geometry": {
        "type": "Polygon",
        "coordinates": [
          [
            [
              80.954412,
              6.915811
            ],
            [
              80.9135,
              6.906567
            ],
            [
              80.829911,
              6.928228
            ],
            [
              80.776287,
              6.913108
            ],
            [
              80.825179,
              6.875192
            ],
            [
              80.837302,
              6.840722
            ],
            [
              80.814845,
              6.828266
            ],
            [
              80.837279,
              6.811893
            ],
            [
              80.862419,
              6.779107
            ],
            [
              80.909875,
              6.777736
            ],
            [
              80.902389,
              6.790858
            ],
            [
              80.948151,
              6.844952
            ],
            [
              80.952882,
              6.876367
            ],
            [
              80.954412,
              6.915811
            ]
          ]
        ]
      }
    },
    {
      "id": "feature_296",
      "type": "Feature",
      "properties": {
        "id": "LK-8133",
        "name": "Bandarawela",
        "area_sqkm": 70.9,
        "center_lat": 6.830041,
        "center_lng": 81.007966,
        "province_id": "LK-8",
        "district_id": "LK-81",
        "ed_id": "EC-19",
        "pd_id": "EC-19H",
        "lg_id": null
      },
      "geometry": {
        "type": "Polygon",
        "coordinates": [
          [
            [
              81.005258,
              6.874604
            ],
            [
              80.952882,
              6.876367
            ],
            [
              80.948151,
              6.844952
            ],
            [
              80.966229,
              6.827286
            ],
            [
              80.972373,
              6.838685
            ],
            [
              80.991322,
              6.846558
            ],
            [
              80.975645,
              6.799672
            ],
            [
              81.007447,
              6.792934
            ],
            [
              81.017334,
              6.804842
            ],
            [
              81.029457,
              6.789879
            ],
            [
              81.065943,
              6.813107
            ],
            [
              81.07809,
              6.814047
            ],
            [
              81.038214,
              6.845814
            ],
            [
              81.002433,
              6.835669
            ],
            [
              81.005258,
              6.874604
            ]
          ]
        ]
      }
    },
    {
      "id": "feature_297",
      "type": "Feature",
      "properties": {
        "id": "LK-8136",
        "name": "Ella",
        "area_sqkm": 109.61,
        "center_lat": 6.868089,
        "center_lng": 81.066011,
        "province_id": "LK-8",
        "district_id": "LK-81",
        "ed_id": "EC-19",
        "pd_id": "EC-19H",
        "lg_id": null
      },
      "geometry": {
        "type": "Polygon",
        "coordinates": [
          [
            [
              81.10968,
              6.91064
            ],
            [
              81.027809,
              6.911659
            ],
            [
              80.99869,
              6.892701
            ],
            [
              81.005258,
              6.874604
            ],
            [
              81.002433,
              6.835669
            ],
            [
              81.038214,
              6.845814
            ],
            [
              81.07809,
              6.814047
            ],
            [
              81.130089,
              6.83277
            ],
            [
              81.137528,
              6.840565
            ],
            [
              81.110904,
              6.864733
            ],
            [
              81.126228,
              6.879265
            ],
            [
              81.113046,
              6.876641
            ],
            [
              81.10968,
              6.91064
            ]
          ]
        ]
      }
    },
    {
      "id": "feature_298",
      "type": "Feature",
      "properties": {
        "id": "LK-8139",
        "name": "Haputale",
        "area_sqkm": 69.04,
        "center_lat": 6.792339,
        "center_lng": 80.962138,
        "province_id": "LK-8",
        "district_id": "LK-81",
        "ed_id": "EC-19",
        "pd_id": "EC-19I",
        "lg_id": null
      },
      "geometry": {
        "type": "Polygon",
        "coordinates": [
          [
            [
              81.029457,
              6.789879
            ],
            [
              81.017334,
              6.804842
            ],
            [
              81.007447,
              6.792934
            ],
            [
              80.975645,
              6.799672
            ],
            [
              80.991322,
              6.846558
            ],
            [
              80.972373,
              6.838685
            ],
            [
              80.966229,
              6.827286
            ],
            [
              80.948151,
              6.844952
            ],
            [
              80.902389,
              6.790858
            ],
            [
              80.909875,
              6.777736
            ],
            [
              80.968866,
              6.749691
            ],
            [
              81.029457,
              6.789879
            ]
          ]
        ]
      }
    },
    {
      "id": "feature_299",
      "type": "Feature",
      "properties": {
        "id": "LK-8142",
        "name": "Haldummulla",
        "area_sqkm": 415.17,
        "center_lat": 6.698806,
        "center_lng": 80.969558,
        "province_id": "LK-8",
        "district_id": "LK-81",
        "ed_id": "EC-19",
        "pd_id": "EC-19I",
        "lg_id": "LG-81034"
      },
      "geometry": {
        "type": "Polygon",
        "coordinates": [
          [
            [
              81.023454,
              6.542559
            ],
            [
              81.035718,
              6.583688
            ],
            [
              81.062695,
              6.57648
            ],
            [
              81.065567,
              6.604056
            ],
            [
              81.086776,
              6.607386
            ],
            [
              81.061447,
              6.646712
            ],
            [
              81.084987,
              6.728382
            ],
            [
              81.052855,
              6.739271
            ],
            [
              81.065943,
              6.813107
            ],
            [
              81.029457,
              6.789879
            ],
            [
              80.968866,
              6.749691
            ],
            [
              80.909875,
              6.777736
            ],
            [
              80.862419,
              6.779107
            ],
            [
              80.837279,
              6.811893
            ],
            [
              80.808631,
              6.791681
            ],
            [
              80.814092,
              6.754469
            ],
            [
              80.858253,
              6.741426
            ],
            [
              80.852815,
              6.719099
            ],
            [
              80.81421,
              6.703979
            ],
            [
              80.827439,
              6.676991
            ],
            [
              80.851144,
              6.660344
            ],
            [
              80.926918,
              6.688859
            ],
            [
              80.939417,
              6.692659
            ],
            [
              80.953471,
              6.655721
            ],
            [
              80.976234,
              6.642443
            ],
            [
              80.978046,
              6.616316
            ],
            [
              80.999397,
              6.614436
            ],
            [
              80.995489,
              6.577029
            ],
            [
              81.023454,
              6.542559
            ]
          ]
        ]
      }
    },
    {
      "id": "feature_300",
      "type": "Feature",
      "properties": {
        "id": "LK-8203",
        "name": "Bibile",
        "area_sqkm": 466.05,
        "center_lat": 7.187842,
        "center_lng": 81.298497,
        "province_id": "LK-8",
        "district_id": "LK-82",
        "ed_id": "EC-20",
        "pd_id": "EC-20A",
        "lg_id": "LG-82032"
      },
      "geometry": {
        "type": "Polygon",
        "coordinates": [
          [
            [
              81.377397,
              7.09474
            ],
            [
              81.416285,
              7.114834
            ],
            [
              81.445968,
              7.186946
            ],
            [
              81.445945,
              7.186946
            ],
            [
              81.445968,
              7.186946
            ],
            [
              81.394652,
              7.209077
            ],
            [
              81.371936,
              7.291374
            ],
            [
              81.349762,
              7.315072
            ],
            [
              81.359672,
              7.319615
            ],
            [
              81.359672,
              7.319576
            ],
            [
              81.359672,
              7.319615
            ],
            [
              81.359742,
              7.319655
            ],
            [
              81.359766,
              7.319655
            ],
            [
              81.359742,
              7.319655
            ],
            [
              81.359931,
              7.320125
            ],
            [
              81.359907,
              7.320125
            ],
            [
              81.359931,
              7.320125
            ],
            [
              81.360119,
              7.320673
            ],
            [
              81.360143,
              7.320673
            ],
            [
              81.360119,
              7.320673
            ],
            [
              81.360001,
              7.339945
            ],
            [
              81.320596,
              7.338221
            ],
            [
              81.321467,
              7.265169
            ],
            [
              81.284886,
              7.242372
            ],
            [
              81.270809,
              7.277978
            ],
            [
              81.230039,
              7.269282
            ],
            [
              81.235924,
              7.239513
            ],
            [
              81.185549,
              7.174373
            ],
            [
              81.163774,
              7.173237
            ],
            [
              81.149509,
              7.196308
            ],
            [
              81.121685,
              7.159997
            ],
            [
              81.161326,
              7.102848
            ],
            [
              81.168247,
              7.082989
            ],
            [
              81.212549,
              7.096463
            ],
            [
              81.228297,
              7.084046
            ],
            [
              81.249859,
              7.135438
            ],
            [
              81.335802,
              7.155571
            ],
            [
              81.346419,
              7.10559
            ],
            [
              81.377397,
              7.09474
            ]
          ]
        ]
      }
    },
    {
      "id": "feature_301",
      "type": "Feature",
      "properties": {
        "id": "LK-8206",
        "name": "Madulla",
        "area_sqkm": 750.32,
        "center_lat": 7.160153,
        "center_lng": 81.426163,
        "province_id": "LK-8",
        "district_id": "LK-82",
        "ed_id": "EC-20",
        "pd_id": "EC-20A",
        "lg_id": "LG-82035"
      },
      "geometry": {
        "type": "Polygon",
        "coordinates": [
          [
            [
              81.47963,
              7.454321
            ],
            [
              81.455149,
              7.458943
            ],
            [
              81.407057,
              7.431681
            ],
            [
              81.406116,
              7.415895
            ],
            [
              81.374714,
              7.409354
            ],
            [
              81.386507,
              7.369596
            ],
            [
              81.365156,
              7.357219
            ],
            [
              81.365133,
              7.357219
            ],
            [
              81.360001,
              7.339945
            ],
            [
              81.360119,
              7.320673
            ],
            [
              81.360143,
              7.320673
            ],
            [
              81.360119,
              7.320673
            ],
            [
              81.359931,
              7.320125
            ],
            [
              81.359907,
              7.320125
            ],
            [
              81.359931,
              7.320125
            ],
            [
              81.359742,
              7.319655
            ],
            [
              81.359766,
              7.319655
            ],
            [
              81.359742,
              7.319655
            ],
            [
              81.359672,
              7.319615
            ],
            [
              81.359672,
              7.319576
            ],
            [
              81.359672,
              7.319615
            ],
            [
              81.349762,
              7.315072
            ],
            [
              81.371936,
              7.291374
            ],
            [
              81.394652,
              7.209077
            ],
            [
              81.445968,
              7.186946
            ],
            [
              81.445945,
              7.186946
            ],
            [
              81.445968,
              7.186946
            ],
            [
              81.416285,
              7.114834
            ],
            [
              81.377397,
              7.09474
            ],
            [
              81.383941,
              7.081618
            ],
            [
              81.358612,
              7.065441
            ],
            [
              81.359342,
              7.049929
            ],
            [
              81.311698,
              7.01546
            ],
            [
              81.315605,
              6.966105
            ],
            [
              81.326198,
              6.933712
            ],
            [
              81.347007,
              6.924703
            ],
            [
              81.340675,
              6.911698
            ],
            [
              81.3705,
              6.905235
            ],
            [
              81.402867,
              6.921765
            ],
            [
              81.447122,
              6.913539
            ],
            [
              81.479771,
              6.936924
            ],
            [
              81.484526,
              6.922
            ],
            [
              81.529063,
              6.915106
            ],
            [
              81.492624,
              7.016596
            ],
            [
              81.456443,
              7.022432
            ],
            [
              81.420898,
              7.055374
            ],
            [
              81.436905,
              7.064187
            ],
            [
              81.460257,
              7.045699
            ],
            [
              81.462658,
              7.060388
            ],
            [
              81.462658,
              7.060349
            ],
            [
              81.462658,
              7.060388
            ],
            [
              81.458327,
              7.116793
            ],
            [
              81.45835,
              7.116793
            ],
            [
              81.458327,
              7.116793
            ],
            [
              81.475934,
              7.1627
            ],
            [
              81.501475,
              7.157138
            ],
            [
              81.523202,
              7.197796
            ],
            [
              81.555946,
              7.219183
            ],
            [
              81.521107,
              7.242999
            ],
            [
              81.520024,
              7.287966
            ],
            [
              81.481066,
              7.321104
            ],
            [
              81.491212,
              7.335753
            ],
            [
              81.478029,
              7.421771
            ],
            [
              81.462187,
              7.42796
            ],
            [
              81.47963,
              7.454321
            ]
          ]
        ]
      }
    },
    {
      "id": "feature_302",
      "type": "Feature",
      "properties": {
        "id": "LK-8209",
        "name": "Medagama",
        "area_sqkm": 240.35,
        "center_lat": 7.053049,
        "center_lng": 81.292941,
        "province_id": "LK-8",
        "district_id": "LK-82",
        "ed_id": "EC-20",
        "pd_id": "EC-20A",
        "lg_id": "LG-82036"
      },
      "geometry": {
        "type": "Polygon",
        "coordinates": [
          [
            [
              81.377397,
              7.09474
            ],
            [
              81.346419,
              7.10559
            ],
            [
              81.335802,
              7.155571
            ],
            [
              81.249859,
              7.135438
            ],
            [
              81.228297,
              7.084046
            ],
            [
              81.245104,
              7.022432
            ],
            [
              81.23364,
              6.964813
            ],
            [
              81.286981,
              6.933712
            ],
            [
              81.315605,
              6.966105
            ],
            [
              81.311698,
              7.01546
            ],
            [
              81.359342,
              7.049929
            ],
            [
              81.358612,
              7.065441
            ],
            [
              81.383941,
              7.081618
            ],
            [
              81.377397,
              7.09474
            ]
          ]
        ]
      }
    },
    {
      "id": "feature_303",
      "type": "Feature",
      "properties": {
        "id": "LK-8212",
        "name": "Siyambalanduwa",
        "area_sqkm": 1059.94,
        "center_lat": 6.845567,
        "center_lng": 81.525567,
        "province_id": "LK-8",
        "district_id": "LK-82",
        "ed_id": "EC-20",
        "pd_id": "EC-20B",
        "lg_id": "LG-82038"
      },
      "geometry": {
        "type": "Polygon",
        "coordinates": [
          [
            [
              81.501475,
              7.157138
            ],
            [
              81.475934,
              7.1627
            ],
            [
              81.458327,
              7.116793
            ],
            [
              81.45835,
              7.116793
            ],
            [
              81.458327,
              7.116793
            ],
            [
              81.462658,
              7.060388
            ],
            [
              81.462658,
              7.060349
            ],
            [
              81.462658,
              7.060388
            ],
            [
              81.460257,
              7.045699
            ],
            [
              81.436905,
              7.064187
            ],
            [
              81.420898,
              7.055374
            ],
            [
              81.456443,
              7.022432
            ],
            [
              81.492624,
              7.016596
            ],
            [
              81.529063,
              6.915106
            ],
            [
              81.484526,
              6.922
            ],
            [
              81.479771,
              6.936924
            ],
            [
              81.447122,
              6.913539
            ],
            [
              81.402867,
              6.921765
            ],
            [
              81.3705,
              6.905235
            ],
            [
              81.39218,
              6.878521
            ],
            [
              81.450158,
              6.881341
            ],
            [
              81.423747,
              6.839664
            ],
            [
              81.435493,
              6.769746
            ],
            [
              81.409599,
              6.72
            ],
            [
              81.415225,
              6.67233
            ],
            [
              81.494154,
              6.606641
            ],
            [
              81.509855,
              6.619293
            ],
            [
              81.583134,
              6.61236
            ],
            [
              81.60851,
              6.580123
            ],
            [
              81.637911,
              6.958506
            ],
            [
              81.617785,
              6.981107
            ],
            [
              81.613642,
              7.067556
            ],
            [
              81.518541,
              7.100185
            ],
            [
              81.501475,
              7.157138
            ]
          ]
        ]
      }
    },
    {
      "id": "feature_304",
      "type": "Feature",
      "properties": {
        "id": "LK-8215",
        "name": "Monaragala",
        "area_sqkm": 290.52,
        "center_lat": 6.832233,
        "center_lng": 81.353268,
        "province_id": "LK-8",
        "district_id": "LK-82",
        "ed_id": "EC-20",
        "pd_id": "EC-20B",
        "lg_id": "LG-82037"
      },
      "geometry": {
        "type": "Polygon",
        "coordinates": [
          [
            [
              81.3705,
              6.905235
            ],
            [
              81.340675,
              6.911698
            ],
            [
              81.347007,
              6.924703
            ],
            [
              81.326198,
              6.933712
            ],
            [
              81.315605,
              6.966105
            ],
            [
              81.286981,
              6.933712
            ],
            [
              81.296209,
              6.85404
            ],
            [
              81.280131,
              6.85592
            ],
            [
              81.266761,
              6.83324
            ],
            [
              81.264265,
              6.796107
            ],
            [
              81.324033,
              6.773858
            ],
            [
              81.336791,
              6.744677
            ],
            [
              81.374572,
              6.745578
            ],
            [
              81.409599,
              6.72
            ],
            [
              81.435493,
              6.769746
            ],
            [
              81.423747,
              6.839664
            ],
            [
              81.450158,
              6.881341
            ],
            [
              81.39218,
              6.878521
            ],
            [
              81.3705,
              6.905235
            ]
          ]
        ]
      }
    },
    {
      "id": "feature_305",
      "type": "Feature",
      "properties": {
        "id": "LK-8218",
        "name": "Badalkumbura",
        "area_sqkm": 237.09,
        "center_lat": 6.869729,
        "center_lng": 81.216912,
        "province_id": "LK-8",
        "district_id": "LK-82",
        "ed_id": "EC-20",
        "pd_id": "EC-20B",
        "lg_id": "LG-82031"
      },
      "geometry": {
        "type": "Polygon",
        "coordinates": [
          [
            [
              81.286981,
              6.933712
            ],
            [
              81.23364,
              6.964813
            ],
            [
              81.219352,
              6.955843
            ],
            [
              81.227284,
              6.945423
            ],
            [
              81.207229,
              6.939117
            ],
            [
              81.206664,
              6.92247
            ],
            [
              81.18157,
              6.928032
            ],
            [
              81.177192,
              6.902571
            ],
            [
              81.126228,
              6.879265
            ],
            [
              81.110904,
              6.864733
            ],
            [
              81.137528,
              6.840565
            ],
            [
              81.130089,
              6.83277
            ],
            [
              81.152052,
              6.800063
            ],
            [
              81.198613,
              6.80637
            ],
            [
              81.217021,
              6.780361
            ],
            [
              81.230698,
              6.80116
            ],
            [
              81.264265,
              6.796107
            ],
            [
              81.266761,
              6.83324
            ],
            [
              81.280131,
              6.85592
            ],
            [
              81.296209,
              6.85404
            ],
            [
              81.286981,
              6.933712
            ]
          ]
        ]
      }
    },
    {
      "id": "feature_306",
      "type": "Feature",
      "properties": {
        "id": "LK-8221",
        "name": "Wellawaya",
        "area_sqkm": 574.94,
        "center_lat": 6.612619,
        "center_lng": 81.127975,
        "province_id": "LK-8",
        "district_id": "LK-82",
        "ed_id": "EC-20",
        "pd_id": "EC-20C",
        "lg_id": "LG-82040"
      },
      "geometry": {
        "type": "Polygon",
        "coordinates": [
          [
            [
              81.152052,
              6.800063
            ],
            [
              81.130089,
              6.83277
            ],
            [
              81.07809,
              6.814047
            ],
            [
              81.065943,
              6.813107
            ],
            [
              81.052855,
              6.739271
            ],
            [
              81.084987,
              6.728382
            ],
            [
              81.061447,
              6.646712
            ],
            [
              81.086776,
              6.607386
            ],
            [
              81.065567,
              6.604056
            ],
            [
              81.062695,
              6.57648
            ],
            [
              81.035718,
              6.583688
            ],
            [
              81.023454,
              6.542559
            ],
            [
              81.03167,
              6.525481
            ],
            [
              81.01917,
              6.487838
            ],
            [
              81.056692,
              6.460341
            ],
            [
              81.087035,
              6.470016
            ],
            [
              81.161703,
              6.447258
            ],
            [
              81.224389,
              6.484862
            ],
            [
              81.244045,
              6.491442
            ],
            [
              81.218669,
              6.536997
            ],
            [
              81.181617,
              6.586195
            ],
            [
              81.183971,
              6.671468
            ],
            [
              81.168741,
              6.700219
            ],
            [
              81.178487,
              6.7379
            ],
            [
              81.138163,
              6.774329
            ],
            [
              81.152052,
              6.800063
            ]
          ]
        ]
      }
    },
    {
      "id": "feature_307",
      "type": "Feature",
      "properties": {
        "id": "LK-8224",
        "name": "Buttala",
        "area_sqkm": 709.86,
        "center_lat": 6.660368,
        "center_lng": 81.299812,
        "province_id": "LK-8",
        "district_id": "LK-82",
        "ed_id": "EC-20",
        "pd_id": "EC-20C",
        "lg_id": "LG-82033"
      },
      "geometry": {
        "type": "Polygon",
        "coordinates": [
          [
            [
              81.264265,
              6.796107
            ],
            [
              81.230698,
              6.80116
            ],
            [
              81.217021,
              6.780361
            ],
            [
              81.198613,
              6.80637
            ],
            [
              81.152052,
              6.800063
            ],
            [
              81.138163,
              6.774329
            ],
            [
              81.178487,
              6.7379
            ],
            [
              81.168741,
              6.700219
            ],
            [
              81.183971,
              6.671468
            ],
            [
              81.181617,
              6.586195
            ],
            [
              81.218669,
              6.536997
            ],
            [
              81.262288,
              6.544713
            ],
            [
              81.284109,
              6.506405
            ],
            [
              81.304871,
              6.542089
            ],
            [
              81.494154,
              6.606641
            ],
            [
              81.415225,
              6.67233
            ],
            [
              81.409599,
              6.72
            ],
            [
              81.374572,
              6.745578
            ],
            [
              81.336791,
              6.744677
            ],
            [
              81.324033,
              6.773858
            ],
            [
              81.264265,
              6.796107
            ]
          ]
        ]
      }
    },
    {
      "id": "feature_308",
      "type": "Feature",
      "properties": {
        "id": "LK-8227",
        "name": "Katharagama",
        "area_sqkm": 609.08,
        "center_lat": 6.494507,
        "center_lng": 81.373695,
        "province_id": "LK-8",
        "district_id": "LK-82",
        "ed_id": "EC-20",
        "pd_id": "EC-20C",
        "lg_id": "LG-82034"
      },
      "geometry": {
        "type": "Polygon",
        "coordinates": [
          [
            [
              81.60851,
              6.580123
            ],
            [
              81.583134,
              6.61236
            ],
            [
              81.509855,
              6.619293
            ],
            [
              81.494154,
              6.606641
            ],
            [
              81.304871,
              6.542089
            ],
            [
              81.284109,
              6.506405
            ],
            [
              81.262288,
              6.544713
            ],
            [
              81.218669,
              6.536997
            ],
            [
              81.244045,
              6.491442
            ],
            [
              81.224389,
              6.484862
            ],
            [
              81.250047,
              6.383333
            ],
            [
              81.270174,
              6.383568
            ],
            [
              81.27773,
              6.366568
            ],
            [
              81.278507,
              6.365706
            ],
            [
              81.381917,
              6.397121
            ],
            [
              81.394416,
              6.417019
            ],
            [
              81.475464,
              6.408597
            ],
            [
              81.481207,
              6.495555
            ],
            [
              81.565832,
              6.554349
            ],
            [
              81.600036,
              6.560577
            ],
            [
              81.60851,
              6.580123
            ]
          ]
        ]
      }
    },
    {
      "id": "feature_309",
      "type": "Feature",
      "properties": {
        "id": "LK-8230",
        "name": "Thanamalwila",
        "area_sqkm": 635.54,
        "center_lat": 6.501944,
        "center_lng": 80.99412,
        "province_id": "LK-8",
        "district_id": "LK-82",
        "ed_id": "EC-20",
        "pd_id": "EC-20C",
        "lg_id": "LG-82039"
      },
      "geometry": {
        "type": "Polygon",
        "coordinates": [
          [
            [
              81.023454,
              6.542559
            ],
            [
              80.995489,
              6.577029
            ],
            [
              80.999397,
              6.614436
            ],
            [
              80.978046,
              6.616316
            ],
            [
              80.976234,
              6.642443
            ],
            [
              80.953471,
              6.655721
            ],
            [
              80.939417,
              6.692659
            ],
            [
              80.926918,
              6.688859
            ],
            [
              80.875248,
              6.610793
            ],
            [
              80.865008,
              6.552038
            ],
            [
              80.834972,
              6.506092
            ],
            [
              80.83363,
              6.476087
            ],
            [
              80.841351,
              6.428417
            ],
            [
              80.871105,
              6.444203
            ],
            [
              80.909922,
              6.420818
            ],
            [
              80.988074,
              6.421719
            ],
            [
              81.01152,
              6.391245
            ],
            [
              81.046123,
              6.398217
            ],
            [
              81.050337,
              6.420583
            ],
            [
              81.062624,
              6.410047
            ],
            [
              81.073311,
              6.422699
            ],
            [
              81.138022,
              6.423364
            ],
            [
              81.145719,
              6.39716
            ],
            [
              81.191339,
              6.401978
            ],
            [
              81.225095,
              6.343928
            ],
            [
              81.243009,
              6.34052
            ],
            [
              81.251107,
              6.340206
            ],
            [
              81.27773,
              6.366568
            ],
            [
              81.270174,
              6.383568
            ],
            [
              81.250047,
              6.383333
            ],
            [
              81.224389,
              6.484862
            ],
            [
              81.161703,
              6.447258
            ],
            [
              81.087035,
              6.470016
            ],
            [
              81.056692,
              6.460341
            ],
            [
              81.01917,
              6.487838
            ],
            [
              81.03167,
              6.525481
            ],
            [
              81.023454,
              6.542559
            ]
          ]
        ]
      }
    },
    {
      "id": "feature_310",
      "type": "Feature",
      "properties": {
        "id": "LK-8233",
        "name": "Sevanagala",
        "area_sqkm": 184.3,
        "center_lat": 6.375974,
        "center_lng": 80.930542,
        "province_id": "LK-8",
        "district_id": "LK-82",
        "ed_id": "EC-20",
        "pd_id": "EC-20C",
        "lg_id": "LG-82039"
      },
      "geometry": {
        "type": "Polygon",
        "coordinates": [
          [
            [
              81.01152,
              6.391245
            ],
            [
              80.988074,
              6.421719
            ],
            [
              80.909922,
              6.420818
            ],
            [
              80.871105,
              6.444203
            ],
            [
              80.841351,
              6.428417
            ],
            [
              80.845612,
              6.386075
            ],
            [
              80.867315,
              6.355483
            ],
            [
              80.903213,
              6.344398
            ],
            [
              80.93212,
              6.286191
            ],
            [
              80.953047,
              6.316822
            ],
            [
              81.019547,
              6.351605
            ],
            [
              81.01152,
              6.391245
            ]
          ]
        ]
      }
    },
    {
      "id": "feature_311",
      "type": "Feature",
      "properties": {
        "id": "LK-9103",
        "name": "Eheliyagoda",
        "area_sqkm": 140.97,
        "center_lat": 6.838464,
        "center_lng": 80.22653,
        "province_id": "LK-9",
        "district_id": "LK-91",
        "ed_id": "EC-21",
        "pd_id": "EC-21A",
        "lg_id": "LG-91034"
      },
      "geometry": {
        "type": "MultiPolygon",
        "coordinates": [
          [
            [
              [
                80.28539,
                6.853217
              ],
              [
                80.225717,
                6.930461
              ],
              [
                80.211076,
                6.916829
              ],
              [
                80.179297,
                6.865634
              ],
              [
                80.203284,
                6.826738
              ],
              [
                80.17772,
                6.815849
              ],
              [
                80.196504,
                6.753138
              ],
              [
                80.2667,
                6.76763
              ],
              [
                80.250505,
                6.812989
              ],
              [
                80.267736,
                6.82145
              ],
              [
                80.28539,
                6.853217
              ]
            ]
          ],
          [
            [
              [
                80.289015,
                6.841858
              ],
              [
                80.29024,
                6.843895
              ],
              [
                80.29031,
                6.844639
              ],
              [
                80.288639,
                6.842249
              ],
              [
                80.289015,
                6.841858
              ]
            ]
          ]
        ]
      }
    },
    {
      "id": "feature_312",
      "type": "Feature",
      "properties": {
        "id": "LK-9106",
        "name": "Kuruvita",
        "area_sqkm": 171.02,
        "center_lat": 6.79925,
        "center_lng": 80.354906,
        "province_id": "LK-9",
        "district_id": "LK-91",
        "ed_id": "EC-21",
        "pd_id": null,
        "lg_id": "LG-91039"
      },
      "geometry": {
        "type": "Polygon",
        "coordinates": [
          [
            [
              80.355256,
              6.84554
            ],
            [
              80.340403,
              6.82995
            ],
            [
              80.306294,
              6.86395
            ],
            [
              80.28539,
              6.853217
            ],
            [
              80.267736,
              6.82145
            ],
            [
              80.276445,
              6.817611
            ],
            [
              80.276563,
              6.81769
            ],
            [
              80.276445,
              6.817611
            ],
            [
              80.294971,
              6.812206
            ],
            [
              80.30248,
              6.761951
            ],
            [
              80.350007,
              6.716004
            ],
            [
              80.381715,
              6.729087
            ],
            [
              80.377972,
              6.749886
            ],
            [
              80.402359,
              6.75302
            ],
            [
              80.38986,
              6.78937
            ],
            [
              80.453276,
              6.816045
            ],
            [
              80.449321,
              6.830577
            ],
            [
              80.401747,
              6.859915
            ],
            [
              80.355256,
              6.84554
            ]
          ],
          [
            [
              80.289015,
              6.841858
            ],
            [
              80.288639,
              6.842249
            ],
            [
              80.29031,
              6.844639
            ],
            [
              80.29024,
              6.843895
            ],
            [
              80.289015,
              6.841858
            ]
          ]
        ]
      }
    },
    {
      "id": "feature_313",
      "type": "Feature",
      "properties": {
        "id": "LK-9109",
        "name": "Kiriella",
        "area_sqkm": 79.43,
        "center_lat": 6.757653,
        "center_lng": 80.275398,
        "province_id": "LK-9",
        "district_id": "LK-91",
        "ed_id": "EC-21",
        "pd_id": null,
        "lg_id": "LG-91039"
      },
      "geometry": {
        "type": "Polygon",
        "coordinates": [
          [
            [
              80.267736,
              6.82145
            ],
            [
              80.250505,
              6.812989
            ],
            [
              80.2667,
              6.76763
            ],
            [
              80.196504,
              6.753138
            ],
            [
              80.205308,
              6.730497
            ],
            [
              80.2933,
              6.725131
            ],
            [
              80.358269,
              6.698221
            ],
            [
              80.350007,
              6.716004
            ],
            [
              80.30248,
              6.761951
            ],
            [
              80.294971,
              6.812206
            ],
            [
              80.276445,
              6.817611
            ],
            [
              80.276563,
              6.81769
            ],
            [
              80.276445,
              6.817611
            ],
            [
              80.267736,
              6.82145
            ]
          ]
        ]
      }
    },
    {
      "id": "feature_314",
      "type": "Feature",
      "properties": {
        "id": "LK-9112",
        "name": "Ratnapura",
        "area_sqkm": 327.73,
        "center_lat": 6.728669,
        "center_lng": 80.48182,
        "province_id": "LK-9",
        "district_id": "LK-91",
        "ed_id": "EC-21",
        "pd_id": null,
        "lg_id": null
      },
      "geometry": {
        "type": "Polygon",
        "coordinates": [
          [
            [
              80.495106,
              6.831948
            ],
            [
              80.495106,
              6.831987
            ],
            [
              80.449321,
              6.830577
            ],
            [
              80.453276,
              6.816045
            ],
            [
              80.38986,
              6.78937
            ],
            [
              80.402359,
              6.75302
            ],
            [
              80.377972,
              6.749886
            ],
            [
              80.381715,
              6.729087
            ],
            [
              80.350007,
              6.716004
            ],
            [
              80.358269,
              6.698221
            ],
            [
              80.37397,
              6.696615
            ],
            [
              80.404878,
              6.650512
            ],
            [
              80.410151,
              6.674131
            ],
            [
              80.459113,
              6.663869
            ],
            [
              80.445296,
              6.68318
            ],
            [
              80.454099,
              6.703509
            ],
            [
              80.489527,
              6.675542
            ],
            [
              80.516997,
              6.680281
            ],
            [
              80.579166,
              6.656818
            ],
            [
              80.600069,
              6.661558
            ],
            [
              80.616029,
              6.681417
            ],
            [
              80.585969,
              6.735903
            ],
            [
              80.613345,
              6.759796
            ],
            [
              80.499955,
              6.779225
            ],
            [
              80.485619,
              6.795872
            ],
            [
              80.501579,
              6.808955
            ],
            [
              80.495106,
              6.831987
            ],
            [
              80.495106,
              6.831948
            ]
          ]
        ]
      }
    },
    {
      "id": "feature_315",
      "type": "Feature",
      "properties": {
        "id": "LK-9115",
        "name": "Imbulpe",
        "area_sqkm": 255.01,
        "center_lat": 6.714738,
        "center_lng": 80.736102,
        "province_id": "LK-9",
        "district_id": "LK-91",
        "ed_id": "EC-21",
        "pd_id": "EC-21D",
        "lg_id": null
      },
      "geometry": {
        "type": "Polygon",
        "coordinates": [
          [
            [
              80.827439,
              6.676991
            ],
            [
              80.81421,
              6.703979
            ],
            [
              80.852815,
              6.719099
            ],
            [
              80.858253,
              6.741426
            ],
            [
              80.814092,
              6.754469
            ],
            [
              80.808631,
              6.791681
            ],
            [
              80.791612,
              6.773232
            ],
            [
              80.775393,
              6.779029
            ],
            [
              80.746156,
              6.757211
            ],
            [
              80.613345,
              6.759796
            ],
            [
              80.585969,
              6.735903
            ],
            [
              80.759268,
              6.637429
            ],
            [
              80.789211,
              6.632729
            ],
            [
              80.794931,
              6.680673
            ],
            [
              80.827439,
              6.676991
            ]
          ]
        ]
      }
    },
    {
      "id": "feature_316",
      "type": "Feature",
      "properties": {
        "id": "LK-9118",
        "name": "Balangoda",
        "area_sqkm": 183.45,
        "center_lat": 6.64404,
        "center_lng": 80.72006,
        "province_id": "LK-9",
        "district_id": "LK-91",
        "ed_id": "EC-21",
        "pd_id": "EC-21D",
        "lg_id": null
      },
      "geometry": {
        "type": "Polygon",
        "coordinates": [
          [
            [
              80.827439,
              6.676991
            ],
            [
              80.794931,
              6.680673
            ],
            [
              80.789211,
              6.632729
            ],
            [
              80.759268,
              6.637429
            ],
            [
              80.585969,
              6.735903
            ],
            [
              80.616029,
              6.681417
            ],
            [
              80.600069,
              6.661558
            ],
            [
              80.663273,
              6.641894
            ],
            [
              80.651856,
              6.604996
            ],
            [
              80.720216,
              6.605114
            ],
            [
              80.748299,
              6.582434
            ],
            [
              80.811762,
              6.591365
            ],
            [
              80.821554,
              6.623445
            ],
            [
              80.839397,
              6.619528
            ],
            [
              80.83589,
              6.645811
            ],
            [
              80.851144,
              6.660344
            ],
            [
              80.827439,
              6.676991
            ]
          ]
        ]
      }
    },
    {
      "id": "feature_317",
      "type": "Feature",
      "properties": {
        "id": "LK-9121",
        "name": "Opanayake",
        "area_sqkm": 79.29,
        "center_lat": 6.60947,
        "center_lng": 80.625148,
        "province_id": "LK-9",
        "district_id": "LK-91",
        "ed_id": "EC-21",
        "pd_id": "EC-21E",
        "lg_id": "LG-91043"
      },
      "geometry": {
        "type": "Polygon",
        "coordinates": [
          [
            [
              80.600069,
              6.661558
            ],
            [
              80.579166,
              6.656818
            ],
            [
              80.575635,
              6.63218
            ],
            [
              80.602188,
              6.581651
            ],
            [
              80.650373,
              6.549649
            ],
            [
              80.659766,
              6.572328
            ],
            [
              80.678433,
              6.572446
            ],
            [
              80.639475,
              6.602293
            ],
            [
              80.651856,
              6.604996
            ],
            [
              80.663273,
              6.641894
            ],
            [
              80.600069,
              6.661558
            ]
          ]
        ]
      }
    },
    {
      "id": "feature_318",
      "type": "Feature",
      "properties": {
        "id": "LK-9124",
        "name": "Pelmadulla",
        "area_sqkm": 146.68,
        "center_lat": 6.635419,
        "center_lng": 80.509481,
        "province_id": "LK-9",
        "district_id": "LK-91",
        "ed_id": "EC-21",
        "pd_id": "EC-21C",
        "lg_id": null
      },
      "geometry": {
        "type": "Polygon",
        "coordinates": [
          [
            [
              80.579166,
              6.656818
            ],
            [
              80.516997,
              6.680281
            ],
            [
              80.489527,
              6.675542
            ],
            [
              80.454099,
              6.703509
            ],
            [
              80.445296,
              6.68318
            ],
            [
              80.459113,
              6.663869
            ],
            [
              80.410151,
              6.674131
            ],
            [
              80.404878,
              6.650512
            ],
            [
              80.405043,
              6.616356
            ],
            [
              80.466269,
              6.63692
            ],
            [
              80.520411,
              6.60954
            ],
            [
              80.515844,
              6.578831
            ],
            [
              80.579495,
              6.579066
            ],
            [
              80.602188,
              6.581651
            ],
            [
              80.575635,
              6.63218
            ],
            [
              80.579166,
              6.656818
            ]
          ]
        ]
      }
    },
    {
      "id": "feature_319",
      "type": "Feature",
      "properties": {
        "id": "LK-9127",
        "name": "Elapatha",
        "area_sqkm": 85.61,
        "center_lat": 6.663299,
        "center_lng": 80.354808,
        "province_id": "LK-9",
        "district_id": "LK-91",
        "ed_id": "EC-21",
        "pd_id": null,
        "lg_id": "LG-91040"
      },
      "geometry": {
        "type": "Polygon",
        "coordinates": [
          [
            [
              80.358269,
              6.698221
            ],
            [
              80.2933,
              6.725131
            ],
            [
              80.325643,
              6.649768
            ],
            [
              80.369757,
              6.598416
            ],
            [
              80.405043,
              6.616356
            ],
            [
              80.404878,
              6.650512
            ],
            [
              80.37397,
              6.696615
            ],
            [
              80.358269,
              6.698221
            ]
          ]
        ]
      }
    },
    {
      "id": "feature_320",
      "type": "Feature",
      "properties": {
        "id": "LK-9130",
        "name": "Ayagama",
        "area_sqkm": 163.35,
        "center_lat": 6.650948,
        "center_lng": 80.291308,
        "province_id": "LK-9",
        "district_id": "LK-91",
        "ed_id": "EC-21",
        "pd_id": "EC-21G",
        "lg_id": "LG-91032"
      },
      "geometry": {
        "type": "Polygon",
        "coordinates": [
          [
            [
              80.2933,
              6.725131
            ],
            [
              80.205308,
              6.730497
            ],
            [
              80.199117,
              6.726619
            ],
            [
              80.204037,
              6.722193
            ],
            [
              80.204014,
              6.722193
            ],
            [
              80.260697,
              6.622388
            ],
            [
              80.28539,
              6.61522
            ],
            [
              80.314438,
              6.570644
            ],
            [
              80.329009,
              6.549179
            ],
            [
              80.330139,
              6.575814
            ],
            [
              80.348218,
              6.578361
            ],
            [
              80.364649,
              6.54961
            ],
            [
              80.383692,
              6.556974
            ],
            [
              80.381809,
              6.581102
            ],
            [
              80.369757,
              6.598416
            ],
            [
              80.325643,
              6.649768
            ],
            [
              80.2933,
              6.725131
            ]
          ]
        ]
      }
    },
    {
      "id": "feature_321",
      "type": "Feature",
      "properties": {
        "id": "LK-9133",
        "name": "Kalawana",
        "area_sqkm": 382.4,
        "center_lat": 6.46448,
        "center_lng": 80.451221,
        "province_id": "LK-9",
        "district_id": "LK-91",
        "ed_id": "EC-21",
        "pd_id": "EC-21G",
        "lg_id": "LG-91037"
      },
      "geometry": {
        "type": "Polygon",
        "coordinates": [
          [
            [
              80.500426,
              6.488544
            ],
            [
              80.480205,
              6.493126
            ],
            [
              80.477404,
              6.475226
            ],
            [
              80.445978,
              6.497122
            ],
            [
              80.448191,
              6.531474
            ],
            [
              80.383433,
              6.581259
            ],
            [
              80.38341,
              6.581259
            ],
            [
              80.383433,
              6.581259
            ],
            [
              80.381809,
              6.581102
            ],
            [
              80.383692,
              6.556974
            ],
            [
              80.364649,
              6.54961
            ],
            [
              80.348218,
              6.578361
            ],
            [
              80.330139,
              6.575814
            ],
            [
              80.329009,
              6.549179
            ],
            [
              80.314438,
              6.570644
            ],
            [
              80.295277,
              6.564063
            ],
            [
              80.305729,
              6.538211
            ],
            [
              80.380914,
              6.426146
            ],
            [
              80.421309,
              6.39101
            ],
            [
              80.49108,
              6.380317
            ],
            [
              80.495741,
              6.368174
            ],
            [
              80.533617,
              6.374363
            ],
            [
              80.549294,
              6.396102
            ],
            [
              80.620972,
              6.394653
            ],
            [
              80.623091,
              6.393987
            ],
            [
              80.62947,
              6.409968
            ],
            [
              80.614452,
              6.41365
            ],
            [
              80.60932,
              6.445143
            ],
            [
              80.581237,
              6.444556
            ],
            [
              80.577071,
              6.466295
            ],
            [
              80.500426,
              6.488544
            ]
          ]
        ]
      }
    },
    {
      "id": "feature_322",
      "type": "Feature",
      "properties": {
        "id": "LK-9136",
        "name": "Nivithigala",
        "area_sqkm": 153.46,
        "center_lat": 6.56935,
        "center_lng": 80.456325,
        "province_id": "LK-9",
        "district_id": "LK-91",
        "ed_id": "EC-21",
        "pd_id": null,
        "lg_id": "LG-91040"
      },
      "geometry": {
        "type": "Polygon",
        "coordinates": [
          [
            [
              80.515844,
              6.578831
            ],
            [
              80.520411,
              6.60954
            ],
            [
              80.466269,
              6.63692
            ],
            [
              80.405043,
              6.616356
            ],
            [
              80.369757,
              6.598416
            ],
            [
              80.381809,
              6.581102
            ],
            [
              80.383433,
              6.581259
            ],
            [
              80.38341,
              6.581259
            ],
            [
              80.383433,
              6.581259
            ],
            [
              80.448191,
              6.531474
            ],
            [
              80.445978,
              6.497122
            ],
            [
              80.477404,
              6.475226
            ],
            [
              80.480205,
              6.493126
            ],
            [
              80.500426,
              6.488544
            ],
            [
              80.51196,
              6.518391
            ],
            [
              80.481876,
              6.537114
            ],
            [
              80.500237,
              6.56093
            ],
            [
              80.500261,
              6.56093
            ],
            [
              80.500237,
              6.56093
            ],
            [
              80.511419,
              6.575384
            ],
            [
              80.526437,
              6.56661
            ],
            [
              80.515844,
              6.578831
            ]
          ]
        ]
      }
    },
    {
      "id": "feature_323",
      "type": "Feature",
      "properties": {
        "id": "LK-9139",
        "name": "Kahawattha",
        "area_sqkm": 104.25,
        "center_lat": 6.527983,
        "center_lng": 80.545154,
        "province_id": "LK-9",
        "district_id": "LK-91",
        "ed_id": "EC-21",
        "pd_id": "EC-21F",
        "lg_id": "LG-91045"
      },
      "geometry": {
        "type": "Polygon",
        "coordinates": [
          [
            [
              80.579495,
              6.579066
            ],
            [
              80.515844,
              6.578831
            ],
            [
              80.526437,
              6.56661
            ],
            [
              80.511419,
              6.575384
            ],
            [
              80.500237,
              6.56093
            ],
            [
              80.500261,
              6.56093
            ],
            [
              80.500237,
              6.56093
            ],
            [
              80.481876,
              6.537114
            ],
            [
              80.51196,
              6.518391
            ],
            [
              80.500426,
              6.488544
            ],
            [
              80.577071,
              6.466295
            ],
            [
              80.578483,
              6.506483
            ],
            [
              80.60054,
              6.538955
            ],
            [
              80.579495,
              6.579066
            ]
          ]
        ]
      }
    },
    {
      "id": "feature_324",
      "type": "Feature",
      "properties": {
        "id": "LK-9142",
        "name": "Godakawela",
        "area_sqkm": 152.12,
        "center_lat": 6.498162,
        "center_lng": 80.641823,
        "province_id": "LK-9",
        "district_id": "LK-91",
        "ed_id": "EC-21",
        "pd_id": "EC-21E",
        "lg_id": "LG-91044"
      },
      "geometry": {
        "type": "Polygon",
        "coordinates": [
          [
            [
              80.602188,
              6.581651
            ],
            [
              80.579495,
              6.579066
            ],
            [
              80.60054,
              6.538955
            ],
            [
              80.578483,
              6.506483
            ],
            [
              80.577071,
              6.466295
            ],
            [
              80.581237,
              6.444556
            ],
            [
              80.60932,
              6.445143
            ],
            [
              80.641711,
              6.461007
            ],
            [
              80.695523,
              6.444556
            ],
            [
              80.703079,
              6.459166
            ],
            [
              80.738341,
              6.435938
            ],
            [
              80.753571,
              6.442675
            ],
            [
              80.707434,
              6.490189
            ],
            [
              80.687919,
              6.522622
            ],
            [
              80.644747,
              6.536566
            ],
            [
              80.644724,
              6.536566
            ],
            [
              80.644747,
              6.536566
            ],
            [
              80.645312,
              6.540953
            ],
            [
              80.645289,
              6.540953
            ],
            [
              80.645312,
              6.540953
            ],
            [
              80.650373,
              6.549649
            ],
            [
              80.602188,
              6.581651
            ]
          ]
        ]
      }
    },
    {
      "id": "feature_325",
      "type": "Feature",
      "properties": {
        "id": "LK-9145",
        "name": "Weligepola",
        "area_sqkm": 198.02,
        "center_lat": 6.541498,
        "center_lng": 80.740908,
        "province_id": "LK-9",
        "district_id": "LK-91",
        "ed_id": "EC-21",
        "pd_id": "EC-21E",
        "lg_id": "LG-91043"
      },
      "geometry": {
        "type": "Polygon",
        "coordinates": [
          [
            [
              80.811762,
              6.591365
            ],
            [
              80.748299,
              6.582434
            ],
            [
              80.720216,
              6.605114
            ],
            [
              80.651856,
              6.604996
            ],
            [
              80.639475,
              6.602293
            ],
            [
              80.678433,
              6.572446
            ],
            [
              80.659766,
              6.572328
            ],
            [
              80.650373,
              6.549649
            ],
            [
              80.645312,
              6.540953
            ],
            [
              80.645289,
              6.540953
            ],
            [
              80.645312,
              6.540953
            ],
            [
              80.644747,
              6.536566
            ],
            [
              80.644724,
              6.536566
            ],
            [
              80.644747,
              6.536566
            ],
            [
              80.687919,
              6.522622
            ],
            [
              80.707434,
              6.490189
            ],
            [
              80.83363,
              6.476087
            ],
            [
              80.834972,
              6.506092
            ],
            [
              80.831865,
              6.536723
            ],
            [
              80.804394,
              6.542285
            ],
            [
              80.811762,
              6.591365
            ]
          ]
        ]
      }
    },
    {
      "id": "feature_326",
      "type": "Feature",
      "properties": {
        "id": "LK-9148",
        "name": "Embilipitiya",
        "area_sqkm": 388.82,
        "center_lat": 6.355221,
        "center_lng": 80.813866,
        "province_id": "LK-9",
        "district_id": "LK-91",
        "ed_id": "EC-21",
        "pd_id": "EC-21H",
        "lg_id": null
      },
      "geometry": {
        "type": "Polygon",
        "coordinates": [
          [
            [
              80.83363,
              6.476087
            ],
            [
              80.707434,
              6.490189
            ],
            [
              80.753571,
              6.442675
            ],
            [
              80.738341,
              6.435938
            ],
            [
              80.74851,
              6.412906
            ],
            [
              80.714872,
              6.421837
            ],
            [
              80.725912,
              6.399197
            ],
            [
              80.75303,
              6.397943
            ],
            [
              80.740201,
              6.360457
            ],
            [
              80.740224,
              6.360457
            ],
            [
              80.740201,
              6.360457
            ],
            [
              80.728455,
              6.357324
            ],
            [
              80.728408,
              6.357324
            ],
            [
              80.728455,
              6.357324
            ],
            [
              80.707952,
              6.346434
            ],
            [
              80.743049,
              6.31976
            ],
            [
              80.701666,
              6.321757
            ],
            [
              80.68912,
              6.308204
            ],
            [
              80.806724,
              6.267389
            ],
            [
              80.863573,
              6.274949
            ],
            [
              80.881816,
              6.24612
            ],
            [
              80.909192,
              6.238599
            ],
            [
              80.940029,
              6.228767
            ],
            [
              80.952529,
              6.24044
            ],
            [
              80.93212,
              6.286191
            ],
            [
              80.903213,
              6.344398
            ],
            [
              80.867315,
              6.355483
            ],
            [
              80.845612,
              6.386075
            ],
            [
              80.841351,
              6.428417
            ],
            [
              80.83363,
              6.476087
            ]
          ]
        ]
      }
    },
    {
      "id": "feature_327",
      "type": "Feature",
      "properties": {
        "id": "LK-9151",
        "name": "Kolonna",
        "area_sqkm": 177.85,
        "center_lat": 6.391184,
        "center_lng": 80.678904,
        "province_id": "LK-9",
        "district_id": "LK-91",
        "ed_id": "EC-21",
        "pd_id": "EC-21H",
        "lg_id": "LG-91038"
      },
      "geometry": {
        "type": "Polygon",
        "coordinates": [
          [
            [
              80.738341,
              6.435938
            ],
            [
              80.703079,
              6.459166
            ],
            [
              80.695523,
              6.444556
            ],
            [
              80.641711,
              6.461007
            ],
            [
              80.60932,
              6.445143
            ],
            [
              80.614452,
              6.41365
            ],
            [
              80.62947,
              6.409968
            ],
            [
              80.623091,
              6.393987
            ],
            [
              80.620972,
              6.394653
            ],
            [
              80.612027,
              6.345847
            ],
            [
              80.662379,
              6.354308
            ],
            [
              80.670712,
              6.305541
            ],
            [
              80.670735,
              6.305541
            ],
            [
              80.68912,
              6.308204
            ],
            [
              80.701666,
              6.321757
            ],
            [
              80.743049,
              6.31976
            ],
            [
              80.707952,
              6.346434
            ],
            [
              80.728455,
              6.357324
            ],
            [
              80.728408,
              6.357324
            ],
            [
              80.728455,
              6.357324
            ],
            [
              80.740201,
              6.360457
            ],
            [
              80.740224,
              6.360457
            ],
            [
              80.740201,
              6.360457
            ],
            [
              80.75303,
              6.397943
            ],
            [
              80.725912,
              6.399197
            ],
            [
              80.714872,
              6.421837
            ],
            [
              80.74851,
              6.412906
            ],
            [
              80.738341,
              6.435938
            ]
          ]
        ]
      }
    },
    {
      "id": "feature_328",
      "type": "Feature",
      "properties": {
        "id": "LK-9119",
        "name": "Kalthota",
        "area_sqkm": 97.64,
        "center_lat": 6.600378,
        "center_lng": 80.85587,
        "province_id": "LK-9",
        "district_id": "LK-91",
        "ed_id": "EC-21",
        "pd_id": "EC-21D",
        "lg_id": "LG-91033"
      },
      "geometry": {
        "type": "Polygon",
        "coordinates": [
          [
            [
              80.926918,
              6.688859
            ],
            [
              80.851144,
              6.660344
            ],
            [
              80.83589,
              6.645811
            ],
            [
              80.839397,
              6.619528
            ],
            [
              80.821554,
              6.623445
            ],
            [
              80.811762,
              6.591365
            ],
            [
              80.804394,
              6.542285
            ],
            [
              80.831865,
              6.536723
            ],
            [
              80.834972,
              6.506092
            ],
            [
              80.865008,
              6.552038
            ],
            [
              80.875248,
              6.610793
            ],
            [
              80.926918,
              6.688859
            ]
          ]
        ]
      }
    },
    {
      "id": "feature_329",
      "type": "Feature",
      "properties": {
        "id": "LK-9203",
        "name": "Rambukkana",
        "area_sqkm": 127.79,
        "center_lat": 7.324762,
        "center_lng": 80.386138,
        "province_id": "LK-9",
        "district_id": "LK-92",
        "ed_id": "EC-22",
        "pd_id": "EC-22D",
        "lg_id": "LG-92037"
      },
      "geometry": {
        "type": "Polygon",
        "coordinates": [
          [
            [
              80.407138,
              7.386557
            ],
            [
              80.378537,
              7.392589
            ],
            [
              80.348171,
              7.387105
            ],
            [
              80.348571,
              7.334461
            ],
            [
              80.305941,
              7.319263
            ],
            [
              80.324443,
              7.291256
            ],
            [
              80.355539,
              7.287692
            ],
            [
              80.402971,
              7.288789
            ],
            [
              80.407656,
              7.266501
            ],
            [
              80.382986,
              7.271867
            ],
            [
              80.384916,
              7.253105
            ],
            [
              80.418131,
              7.247112
            ],
            [
              80.41354,
              7.287535
            ],
            [
              80.449627,
              7.285694
            ],
            [
              80.463727,
              7.302929
            ],
            [
              80.426982,
              7.329956
            ],
            [
              80.421167,
              7.356239
            ],
            [
              80.407138,
              7.386557
            ]
          ]
        ]
      }
    },
    {
      "id": "feature_330",
      "type": "Feature",
      "properties": {
        "id": "LK-9206",
        "name": "Mawanella",
        "area_sqkm": 120.09,
        "center_lat": 7.230038,
        "center_lng": 80.47224,
        "province_id": "LK-9",
        "district_id": "LK-92",
        "ed_id": "EC-22",
        "pd_id": "EC-22E",
        "lg_id": "LG-92036"
      },
      "geometry": {
        "type": "Polygon",
        "coordinates": [
          [
            [
              80.471048,
              7.295369
            ],
            [
              80.463727,
              7.302929
            ],
            [
              80.449627,
              7.285694
            ],
            [
              80.41354,
              7.287535
            ],
            [
              80.418131,
              7.247112
            ],
            [
              80.384916,
              7.253105
            ],
            [
              80.397769,
              7.225686
            ],
            [
              80.426275,
              7.231013
            ],
            [
              80.431807,
              7.210488
            ],
            [
              80.46441,
              7.229798
            ],
            [
              80.482276,
              7.209195
            ],
            [
              80.466081,
              7.192783
            ],
            [
              80.510548,
              7.148325
            ],
            [
              80.541267,
              7.165403
            ],
            [
              80.543291,
              7.181071
            ],
            [
              80.514644,
              7.206688
            ],
            [
              80.521517,
              7.235282
            ],
            [
              80.509324,
              7.247542
            ],
            [
              80.478769,
              7.268068
            ],
            [
              80.471048,
              7.295369
            ]
          ]
        ]
      }
    },
    {
      "id": "feature_331",
      "type": "Feature",
      "properties": {
        "id": "LK-9209",
        "name": "Aranayake",
        "area_sqkm": 120.09,
        "center_lat": 7.167804,
        "center_lng": 80.442178,
        "province_id": "LK-9",
        "district_id": "LK-92",
        "ed_id": "EC-22",
        "pd_id": "EC-22F",
        "lg_id": "LG-92031"
      },
      "geometry": {
        "type": "MultiPolygon",
        "coordinates": [
          [
            [
              [
                80.510548,
                7.148325
              ],
              [
                80.466081,
                7.192783
              ],
              [
                80.482276,
                7.209195
              ],
              [
                80.46441,
                7.229798
              ],
              [
                80.431807,
                7.210488
              ],
              [
                80.426275,
                7.231013
              ],
              [
                80.397769,
                7.225686
              ],
              [
                80.389671,
                7.194193
              ],
              [
                80.407185,
                7.176723
              ],
              [
                80.406455,
                7.113581
              ],
              [
                80.406455,
                7.113542
              ],
              [
                80.435456,
                7.085887
              ],
              [
                80.459796,
                7.090901
              ],
              [
                80.435244,
                7.091959
              ],
              [
                80.435221,
                7.111113
              ],
              [
                80.501414,
                7.12823
              ],
              [
                80.510548,
                7.148325
              ]
            ]
          ],
          [
            [
              [
                80.383975,
                7.176919
              ],
              [
                80.375642,
                7.171631
              ],
              [
                80.38913,
                7.161016
              ],
              [
                80.390801,
                7.173628
              ],
              [
                80.383975,
                7.176919
              ]
            ]
          ]
        ]
      }
    },
    {
      "id": "feature_332",
      "type": "Feature",
      "properties": {
        "id": "LK-9212",
        "name": "Kegalle",
        "area_sqkm": 106.25,
        "center_lat": 7.209156,
        "center_lng": 80.368156,
        "province_id": "LK-9",
        "district_id": "LK-92",
        "ed_id": "EC-22",
        "pd_id": null,
        "lg_id": null
      },
      "geometry": {
        "type": "Polygon",
        "coordinates": [
          [
            [
              80.384916,
              7.253105
            ],
            [
              80.382986,
              7.271867
            ],
            [
              80.407656,
              7.266501
            ],
            [
              80.402971,
              7.288789
            ],
            [
              80.355539,
              7.287692
            ],
            [
              80.313403,
              7.251655
            ],
            [
              80.317145,
              7.230621
            ],
            [
              80.33939,
              7.222395
            ],
            [
              80.342074,
              7.171278
            ],
            [
              80.361918,
              7.158548
            ],
            [
              80.361494,
              7.134498
            ],
            [
              80.406455,
              7.113542
            ],
            [
              80.406455,
              7.113581
            ],
            [
              80.407185,
              7.176723
            ],
            [
              80.389671,
              7.194193
            ],
            [
              80.397769,
              7.225686
            ],
            [
              80.384916,
              7.253105
            ]
          ],
          [
            [
              80.383975,
              7.176919
            ],
            [
              80.390801,
              7.173628
            ],
            [
              80.38913,
              7.161016
            ],
            [
              80.375642,
              7.171631
            ],
            [
              80.383975,
              7.176919
            ]
          ]
        ]
      }
    },
    {
      "id": "feature_333",
      "type": "Feature",
      "properties": {
        "id": "LK-9215",
        "name": "Galigamuwa",
        "area_sqkm": 124.59,
        "center_lat": 7.216127,
        "center_lng": 80.305524,
        "province_id": "LK-9",
        "district_id": "LK-92",
        "ed_id": "EC-22",
        "pd_id": "EC-22B",
        "lg_id": "LG-92034"
      },
      "geometry": {
        "type": "Polygon",
        "coordinates": [
          [
            [
              80.355539,
              7.287692
            ],
            [
              80.324443,
              7.291256
            ],
            [
              80.305941,
              7.319263
            ],
            [
              80.286826,
              7.315307
            ],
            [
              80.284072,
              7.258863
            ],
            [
              80.262957,
              7.251224
            ],
            [
              80.292311,
              7.218008
            ],
            [
              80.265217,
              7.190981
            ],
            [
              80.26524,
              7.190981
            ],
            [
              80.28386,
              7.118947
            ],
            [
              80.284496,
              7.119339
            ],
            [
              80.284472,
              7.119378
            ],
            [
              80.284496,
              7.119339
            ],
            [
              80.286049,
              7.118164
            ],
            [
              80.302598,
              7.108528
            ],
            [
              80.314203,
              7.119417
            ],
            [
              80.296313,
              7.127173
            ],
            [
              80.344287,
              7.155336
            ],
            [
              80.342074,
              7.171278
            ],
            [
              80.33939,
              7.222395
            ],
            [
              80.317145,
              7.230621
            ],
            [
              80.313403,
              7.251655
            ],
            [
              80.355539,
              7.287692
            ]
          ]
        ]
      }
    },
    {
      "id": "feature_334",
      "type": "Feature",
      "properties": {
        "id": "LK-9218",
        "name": "Warakapola",
        "area_sqkm": 196.98,
        "center_lat": 7.203746,
        "center_lng": 80.231762,
        "province_id": "LK-9",
        "district_id": "LK-92",
        "ed_id": "EC-22",
        "pd_id": "EC-22A",
        "lg_id": "LG-92039"
      },
      "geometry": {
        "type": "MultiPolygon",
        "coordinates": [
          [
            [
              [
                80.286826,
                7.315307
              ],
              [
                80.278917,
                7.318088
              ],
              [
                80.196034,
                7.258236
              ],
              [
                80.184405,
                7.196112
              ],
              [
                80.146153,
                7.188983
              ],
              [
                80.157028,
                7.143507
              ],
              [
                80.157005,
                7.143507
              ],
              [
                80.157028,
                7.143507
              ],
              [
                80.158888,
                7.136417
              ],
              [
                80.164985,
                7.125097
              ],
              [
                80.202225,
                7.136965
              ],
              [
                80.218208,
                7.159214
              ],
              [
                80.273597,
                7.09427
              ],
              [
                80.28386,
                7.118947
              ],
              [
                80.26524,
                7.190981
              ],
              [
                80.265217,
                7.190981
              ],
              [
                80.292311,
                7.218008
              ],
              [
                80.262957,
                7.251224
              ],
              [
                80.284072,
                7.258863
              ],
              [
                80.286826,
                7.315307
              ]
            ]
          ],
          [
            [
              [
                80.161171,
                7.198541
              ],
              [
                80.167056,
                7.200107
              ],
              [
                80.167009,
                7.201635
              ],
              [
                80.160606,
                7.202575
              ],
              [
                80.161171,
                7.198541
              ]
            ]
          ]
        ]
      }
    },
    {
      "id": "feature_335",
      "type": "Feature",
      "properties": {
        "id": "LK-9221",
        "name": "Ruwanwella",
        "area_sqkm": 140.64,
        "center_lat": 7.064225,
        "center_lng": 80.218789,
        "province_id": "LK-9",
        "district_id": "LK-92",
        "ed_id": "EC-22",
        "pd_id": "EC-22H",
        "lg_id": "LG-92038"
      },
      "geometry": {
        "type": "Polygon",
        "coordinates": [
          [
            [
              80.273597,
              7.09427
            ],
            [
              80.218208,
              7.159214
            ],
            [
              80.202225,
              7.136965
            ],
            [
              80.212441,
              7.130385
            ],
            [
              80.164844,
              7.060074
            ],
            [
              80.179297,
              6.977543
            ],
            [
              80.207309,
              6.978718
            ],
            [
              80.250246,
              7.04472
            ],
            [
              80.263852,
              7.02016
            ],
            [
              80.273056,
              7.064305
            ],
            [
              80.282919,
              7.084791
            ],
            [
              80.273597,
              7.09427
            ]
          ]
        ]
      }
    },
    {
      "id": "feature_336",
      "type": "Feature",
      "properties": {
        "id": "LK-9224",
        "name": "Bulathkohipitiya",
        "area_sqkm": 125.27,
        "center_lat": 7.098344,
        "center_lng": 80.355516,
        "province_id": "LK-9",
        "district_id": "LK-92",
        "ed_id": "EC-22",
        "pd_id": null,
        "lg_id": "LG-92041"
      },
      "geometry": {
        "type": "Polygon",
        "coordinates": [
          [
            [
              80.406455,
              7.113581
            ],
            [
              80.406455,
              7.113542
            ],
            [
              80.361494,
              7.134498
            ],
            [
              80.361918,
              7.158548
            ],
            [
              80.342074,
              7.171278
            ],
            [
              80.344287,
              7.155336
            ],
            [
              80.296313,
              7.127173
            ],
            [
              80.314203,
              7.119417
            ],
            [
              80.302598,
              7.108528
            ],
            [
              80.286049,
              7.118164
            ],
            [
              80.282919,
              7.084791
            ],
            [
              80.273056,
              7.064305
            ],
            [
              80.293088,
              7.046561
            ],
            [
              80.304246,
              7.053259
            ],
            [
              80.304246,
              7.05322
            ],
            [
              80.339932,
              7.069828
            ],
            [
              80.358693,
              7.061289
            ],
            [
              80.374512,
              7.080051
            ],
            [
              80.41467,
              7.080051
            ],
            [
              80.403936,
              7.050203
            ],
            [
              80.415894,
              7.041743
            ],
            [
              80.426629,
              7.074763
            ],
            [
              80.465916,
              7.06501
            ],
            [
              80.459796,
              7.090901
            ],
            [
              80.435456,
              7.085887
            ],
            [
              80.406455,
              7.113542
            ],
            [
              80.406455,
              7.113581
            ]
          ]
        ]
      }
    },
    {
      "id": "feature_337",
      "type": "Feature",
      "properties": {
        "id": "LK-9227",
        "name": "Yatiyantota",
        "area_sqkm": 179.91,
        "center_lat": 7.029854,
        "center_lng": 80.371683,
        "province_id": "LK-9",
        "district_id": "LK-92",
        "ed_id": "EC-22",
        "pd_id": "EC-22G",
        "lg_id": "LG-92040"
      },
      "geometry": {
        "type": "MultiPolygon",
        "coordinates": [
          [
            [
              [
                80.465916,
                7.06501
              ],
              [
                80.426629,
                7.074763
              ],
              [
                80.415894,
                7.041743
              ],
              [
                80.403936,
                7.050203
              ],
              [
                80.41467,
                7.080051
              ],
              [
                80.374512,
                7.080051
              ],
              [
                80.358693,
                7.061289
              ],
              [
                80.339932,
                7.069828
              ],
              [
                80.304246,
                7.05322
              ],
              [
                80.304246,
                7.053259
              ],
              [
                80.293088,
                7.046561
              ],
              [
                80.273056,
                7.064305
              ],
              [
                80.263852,
                7.02016
              ],
              [
                80.314179,
                6.981342
              ],
              [
                80.349254,
                6.99513
              ],
              [
                80.406149,
                6.99466
              ],
              [
                80.406314,
                6.96681
              ],
              [
                80.436962,
                6.954981
              ],
              [
                80.43209,
                6.993172
              ],
              [
                80.467117,
                7.022236
              ],
              [
                80.457254,
                7.033321
              ],
              [
                80.471495,
                7.064031
              ],
              [
                80.465916,
                7.06501
              ]
            ]
          ],
          [
            [
              [
                80.286049,
                7.118164
              ],
              [
                80.284496,
                7.119339
              ],
              [
                80.284472,
                7.119378
              ],
              [
                80.284496,
                7.119339
              ],
              [
                80.28386,
                7.118947
              ],
              [
                80.273597,
                7.09427
              ],
              [
                80.282919,
                7.084791
              ],
              [
                80.286049,
                7.118164
              ]
            ]
          ]
        ]
      }
    },
    {
      "id": "feature_338",
      "type": "Feature",
      "properties": {
        "id": "LK-9230",
        "name": "Dehiowita",
        "area_sqkm": 193.95,
        "center_lat": 6.939454,
        "center_lng": 80.280907,
        "province_id": "LK-9",
        "district_id": "LK-92",
        "ed_id": "EC-22",
        "pd_id": null,
        "lg_id": "LG-92032"
      },
      "geometry": {
        "type": "Polygon",
        "coordinates": [
          [
            [
              80.263852,
              7.02016
            ],
            [
              80.250246,
              7.04472
            ],
            [
              80.207309,
              6.978718
            ],
            [
              80.223928,
              6.941624
            ],
            [
              80.208227,
              6.937668
            ],
            [
              80.211076,
              6.916829
            ],
            [
              80.225717,
              6.930461
            ],
            [
              80.28539,
              6.853217
            ],
            [
              80.306294,
              6.86395
            ],
            [
              80.340403,
              6.82995
            ],
            [
              80.355256,
              6.84554
            ],
            [
              80.362554,
              6.858818
            ],
            [
              80.325549,
              6.892818
            ],
            [
              80.307706,
              6.936179
            ],
            [
              80.321453,
              6.933202
            ],
            [
              80.320512,
              6.960386
            ],
            [
              80.351349,
              6.971589
            ],
            [
              80.349254,
              6.99513
            ],
            [
              80.314179,
              6.981342
            ],
            [
              80.263852,
              7.02016
            ]
          ]
        ]
      }
    },
    {
      "id": "feature_339",
      "type": "Feature",
      "properties": {
        "id": "LK-9233",
        "name": "Deraniyagala",
        "area_sqkm": 222.16,
        "center_lat": 6.907025,
        "center_lng": 80.403181,
        "province_id": "LK-9",
        "district_id": "LK-92",
        "ed_id": "EC-22",
        "pd_id": "EC-22I",
        "lg_id": "LG-92033"
      },
      "geometry": {
        "type": "Polygon",
        "coordinates": [
          [
            [
              80.436962,
              6.954981
            ],
            [
              80.406314,
              6.96681
            ],
            [
              80.406149,
              6.99466
            ],
            [
              80.349254,
              6.99513
            ],
            [
              80.351349,
              6.971589
            ],
            [
              80.320512,
              6.960386
            ],
            [
              80.321453,
              6.933202
            ],
            [
              80.307706,
              6.936179
            ],
            [
              80.325549,
              6.892818
            ],
            [
              80.362554,
              6.858818
            ],
            [
              80.355256,
              6.84554
            ],
            [
              80.401747,
              6.859915
            ],
            [
              80.449321,
              6.830577
            ],
            [
              80.495106,
              6.831987
            ],
            [
              80.495106,
              6.831948
            ],
            [
              80.511136,
              6.846754
            ],
            [
              80.499366,
              6.86583
            ],
            [
              80.492422,
              6.891995
            ],
            [
              80.431078,
              6.912168
            ],
            [
              80.436962,
              6.954981
            ]
          ]
        ]
      }
    }
  ]
}