{
  "type": "Topology",
  "objects": {
    "data": {
      "geometries": [
        {
          "properties": {
            "id": "LG-11011",
            "name": "Colombo MC",
            "area_sqkm": "46.87",
            "center_lat": "6.923685",
            "center_lng": "79.862741",
            "other_names": "",
            "lg_code": "11",
            "province_id": "LK-1",
            "district_id": "LK-11",
            "dsd_id": "",
            "ed_id": "EC-01",
            "pd_id": ""
          },
          "type": "Polygon",
          "arcs": [
            [
              0,
              -152,
              -72,
              -67,
              -15,
              -13,
              -12,
              11,
              -11,
              -10,
              9,
              -9,
              -3
            ]
          ],
          "id": "feature_000"
        },
        {
          "properties": {
            "id": "LG-11012",
            "name": "Dehiwala Mount Lavinia MC",
            "area_sqkm": "21.32",
            "center_lat": "6.839519",
            "center_lng": "79.876964",
            "other_names": "",
            "lg_code": "12",
            "province_id": "LK-1",
            "district_id": "LK-11",
            "dsd_id": "",
            "ed_id": "EC-01",
            "pd_id": ""
          },
          "type": "Polygon",
          "arcs": [
            [
              1,
              2,
              -8,
              -7,
              6,
              -6,
              -19,
              -36,
              -35,
              34,
              -34,
              -33,
              32,
              -32,
              -31,
              30,
              -30,
              -29,
              28,
              -45,
              -4
            ]
          ],
          "id": "feature_001"
        },
        {
          "properties": {
            "id": "LG-11013",
            "name": "Moratuwa MC",
            "area_sqkm": "19.3",
            "center_lat": "6.782566",
            "center_lng": "79.890891",
            "other_names": "",
            "lg_code": "13",
            "province_id": "LK-1",
            "district_id": "LK-11",
            "dsd_id": "LK-1133",
            "ed_id": "EC-01",
            "pd_id": "EC-01O"
          },
          "type": "Polygon",
          "arcs": [
            [
              3,
              -44,
              -23,
              -221,
              -158,
              4
            ]
          ],
          "id": "feature_002"
        },
        {
          "properties": {
            "id": "LG-11014",
            "name": "Sri Jayawardanapura Kotte MC",
            "area_sqkm": "16.32",
            "center_lat": "6.891034",
            "center_lng": "79.898428",
            "other_names": "",
            "lg_code": "14",
            "province_id": "LK-1",
            "district_id": "LK-11",
            "dsd_id": "LK-1124",
            "ed_id": "EC-01",
            "pd_id": "EC-01I"
          },
          "type": "Polygon",
          "arcs": [
            [
              5,
              -7,
              6,
              7,
              8,
              -10,
              9,
              10,
              -12,
              11,
              12,
              -16,
              -52,
              -14,
              -20
            ]
          ],
          "id": "feature_003"
        },
        {
          "properties": {
            "id": "LG-11015",
            "name": "Kaduwela MC",
            "area_sqkm": "86.74",
            "center_lat": "6.903511",
            "center_lng": "79.977309",
            "other_names": "",
            "lg_code": "15",
            "province_id": "LK-1",
            "district_id": "LK-11",
            "dsd_id": "LK-1109",
            "ed_id": "EC-01",
            "pd_id": "EC-01J"
          },
          "type": "Polygon",
          "arcs": [
            [
              13,
              -58,
              -57,
              56,
              -56,
              -55,
              -54,
              -79,
              -81,
              -51,
              -50,
              -49,
              -48,
              -21
            ]
          ],
          "id": "feature_004"
        },
        {
          "properties": {
            "id": "LG-11021",
            "name": "Kolonnawa UC",
            "area_sqkm": "5.12",
            "center_lat": "6.938501",
            "center_lng": "79.887787",
            "other_names": "",
            "lg_code": "21",
            "province_id": "LK-1",
            "district_id": "LK-11",
            "dsd_id": "LK-1106",
            "ed_id": "EC-01",
            "pd_id": "EC-01H"
          },
          "type": "Polygon",
          "arcs": [
            [
              14,
              -66,
              -53,
              15
            ]
          ],
          "id": "feature_005"
        },
        {
          "properties": {
            "id": "LG-11022",
            "name": "Seethawakapura UC",
            "area_sqkm": "20.65",
            "center_lat": "6.954033",
            "center_lng": "80.200223",
            "other_names": "",
            "lg_code": "22",
            "province_id": "LK-1",
            "district_id": "LK-11",
            "dsd_id": "LK-1115",
            "ed_id": "EC-01",
            "pd_id": "EC-01K"
          },
          "type": "Polygon",
          "arcs": [
            [
              -1930,
              -1894,
              -60
            ]
          ],
          "id": "feature_006"
        },
        {
          "properties": {
            "id": "LG-11023",
            "name": "Maharagama UC",
            "area_sqkm": "37.8",
            "center_lat": "6.856502",
            "center_lng": "79.941942",
            "other_names": "",
            "lg_code": "23",
            "province_id": "LK-1",
            "district_id": "LK-11",
            "dsd_id": "LK-1121",
            "ed_id": "EC-01",
            "pd_id": "EC-01M"
          },
          "type": "Polygon",
          "arcs": [
            [
              16,
              17,
              18,
              19,
              20,
              -47,
              -28,
              -27,
              26,
              -26,
              -25,
              24,
              -24,
              21
            ]
          ],
          "id": "feature_007"
        },
        {
          "properties": {
            "id": "LG-11024",
            "name": "Kesbewa UC",
            "area_sqkm": "50.54",
            "center_lat": "6.794944",
            "center_lng": "79.93389",
            "other_names": "",
            "lg_code": "24",
            "province_id": "LK-1",
            "district_id": "LK-11",
            "dsd_id": "LK-1136",
            "ed_id": "EC-01",
            "pd_id": "EC-01N"
          },
          "type": "Polygon",
          "arcs": [
            [
              22,
              -43,
              -42,
              41,
              -41,
              -40,
              39,
              23,
              -25,
              24,
              25,
              -27,
              26,
              27,
              -46,
              -162,
              -222
            ]
          ],
          "id": "feature_008"
        },
        {
          "properties": {
            "id": "LG-11025",
            "name": "Boralesgamuwa UC",
            "area_sqkm": "10.87",
            "center_lat": "6.838445",
            "center_lng": "79.902511",
            "other_names": "",
            "lg_code": "25",
            "province_id": "LK-1",
            "district_id": "LK-11",
            "dsd_id": "LK-1136",
            "ed_id": "EC-01",
            "pd_id": "EC-01N"
          },
          "type": "Polygon",
          "arcs": [
            [
              -29,
              28,
              29,
              -31,
              30,
              31,
              -33,
              32,
              33,
              -35,
              34,
              35,
              36,
              37,
              38,
              -40,
              39,
              40,
              -42,
              41,
              42,
              43,
              44
            ]
          ],
          "id": "feature_009"
        },
        {
          "properties": {
            "id": "LG-11031",
            "name": "Homagama PS",
            "area_sqkm": "139.34",
            "center_lat": "6.831555",
            "center_lng": "80.022149",
            "other_names": "",
            "lg_code": "31",
            "province_id": "LK-1",
            "district_id": "LK-11",
            "dsd_id": "",
            "ed_id": "EC-01",
            "pd_id": ""
          },
          "type": "Polygon",
          "arcs": [
            [
              -163,
              45,
              46,
              47,
              48,
              49,
              50,
              -80,
              -59,
              -188,
              -187,
              186,
              -186
            ]
          ],
          "id": "feature_010"
        },
        {
          "properties": {
            "id": "LG-11033",
            "name": "Kotikawatta-Mullariyawa PS",
            "area_sqkm": "20.81",
            "center_lat": "6.933354",
            "center_lng": "79.921913",
            "other_names": "",
            "lg_code": "33",
            "province_id": "LK-1",
            "district_id": "LK-11",
            "dsd_id": "LK-1106",
            "ed_id": "EC-01",
            "pd_id": "EC-01H"
          },
          "type": "Polygon",
          "arcs": [
            [
              51,
              52,
              -70,
              -107,
              -78,
              53,
              54,
              55,
              -57,
              56,
              57
            ]
          ],
          "id": "feature_011"
        },
        {
          "properties": {
            "id": "LG-11034",
            "name": "Seethawaka PS",
            "area_sqkm": "212.5",
            "center_lat": "6.884347",
            "center_lng": "80.136868",
            "other_names": "",
            "lg_code": "34",
            "province_id": "LK-1",
            "district_id": "LK-11",
            "dsd_id": "",
            "ed_id": "EC-01",
            "pd_id": "EC-01K"
          },
          "type": "Polygon",
          "arcs": [
            [
              58,
              -84,
              -1931,
              59,
              -1893,
              -1816,
              -189
            ]
          ],
          "id": "feature_012"
        },
        {
          "properties": {
            "id": "LG-12011",
            "name": "Negombo MC",
            "area_sqkm": "30.4",
            "center_lat": "7.21369",
            "center_lng": "79.845016",
            "other_names": "",
            "lg_code": "11",
            "province_id": "LK-1",
            "district_id": "LK-12",
            "dsd_id": "",
            "ed_id": "EC-02",
            "pd_id": ""
          },
          "type": "Polygon",
          "arcs": [
            [
              -142,
              60,
              -1535,
              -95,
              -65,
              61
            ]
          ],
          "id": "feature_013"
        },
        {
          "properties": {
            "id": "LG-12012",
            "name": "Gampaha MC",
            "area_sqkm": "27.89",
            "center_lat": "7.093769",
            "center_lng": "80.023852",
            "other_names": "",
            "lg_code": "12",
            "province_id": "LK-1",
            "district_id": "LK-12",
            "dsd_id": "LK-1224",
            "ed_id": "EC-02",
            "pd_id": "EC-02H"
          },
          "type": "Polygon",
          "arcs": [
            [
              -85,
              -133,
              -77,
              -76,
              -75,
              -74,
              -73,
              -111
            ]
          ],
          "id": "feature_014"
        },
        {
          "properties": {
            "id": "LG-12022",
            "name": "Ja- Ela UC",
            "area_sqkm": "7.91",
            "center_lat": "7.071388",
            "center_lng": "79.887224",
            "other_names": "",
            "lg_code": "22",
            "province_id": "LK-1",
            "district_id": "LK-12",
            "dsd_id": "LK-1221",
            "ed_id": "EC-02",
            "pd_id": "EC-02I"
          },
          "type": "Polygon",
          "arcs": [
            [
              -146,
              -88,
              -87,
              86,
              -86
            ]
          ],
          "id": "feature_015"
        },
        {
          "properties": {
            "id": "LG-12023",
            "name": "Katunayaka- Seeduwa UC/Katana PS",
            "area_sqkm": "23.44",
            "center_lat": "7.157189",
            "center_lng": "79.878895",
            "other_names": "",
            "lg_code": "23/37",
            "province_id": "LK-1",
            "district_id": "LK-12",
            "dsd_id": "LK-1206",
            "ed_id": "EC-02",
            "pd_id": "EC-02C"
          },
          "type": "Polygon",
          "arcs": [
            [
              -89,
              -144,
              62,
              -100,
              63,
              64,
              -98
            ]
          ],
          "id": "feature_016"
        },
        {
          "properties": {
            "id": "LG-12024",
            "name": "Minuwangoda UC",
            "area_sqkm": "3.64",
            "center_lat": "7.170623",
            "center_lng": "79.952499",
            "other_names": "",
            "lg_code": "24",
            "province_id": "LK-1",
            "district_id": "LK-12",
            "dsd_id": "LK-1215",
            "ed_id": "EC-02",
            "pd_id": "EC-02F"
          },
          "type": "Polygon",
          "arcs": [
            [
              134
            ]
          ],
          "id": "feature_017"
        },
        {
          "properties": {
            "id": "LG-12025",
            "name": "Peliyagoda UC",
            "area_sqkm": "3.81",
            "center_lat": "6.963016",
            "center_lng": "79.88928",
            "other_names": "",
            "lg_code": "25",
            "province_id": "LK-1",
            "district_id": "LK-12",
            "dsd_id": "LK-1236",
            "ed_id": "EC-02",
            "pd_id": "EC-02M"
          },
          "type": "Polygon",
          "arcs": [
            [
              65,
              66,
              -71,
              67,
              68,
              69
            ]
          ],
          "id": "feature_018"
        },
        {
          "properties": {
            "id": "LG-12026",
            "name": "Wattala - Mabola UC",
            "area_sqkm": "3.95",
            "center_lat": "6.989689",
            "center_lng": "79.894309",
            "other_names": "",
            "lg_code": "26",
            "province_id": "LK-1",
            "district_id": "LK-12",
            "dsd_id": "LK-1218",
            "ed_id": "EC-02",
            "pd_id": "EC-02A"
          },
          "type": "Polygon",
          "arcs": [
            [
              70,
              71,
              -151,
              -150,
              149,
              -149,
              -108,
              -105,
              -104,
              -103
            ]
          ],
          "id": "feature_019"
        },
        {
          "properties": {
            "id": "LG-12031",
            "name": "Attanagalla PS",
            "area_sqkm": "154.83",
            "center_lat": "7.114342",
            "center_lng": "80.109868",
            "other_names": "",
            "lg_code": "31",
            "province_id": "LK-1",
            "district_id": "LK-12",
            "dsd_id": "LK-1227",
            "ed_id": "EC-02",
            "pd_id": "EC-02G"
          },
          "type": "Polygon",
          "arcs": [
            [
              72,
              73,
              74,
              75,
              76,
              -132,
              -131,
              130,
              -130,
              -140,
              -139,
              138,
              -138,
              -1944,
              -1933,
              -83,
              -114,
              -113,
              112,
              -112
            ],
            [
              119
            ]
          ],
          "id": "feature_020"
        },
        {
          "properties": {
            "id": "LG-12032",
            "name": "Biyagama PS",
            "area_sqkm": "61.01",
            "center_lat": "6.968689",
            "center_lng": "79.978247",
            "other_names": "",
            "lg_code": "32",
            "province_id": "LK-1",
            "district_id": "LK-12",
            "dsd_id": "LK-1239",
            "ed_id": "EC-02",
            "pd_id": "EC-02L"
          },
          "type": "Polygon",
          "arcs": [
            [
              77,
              -106,
              -118,
              -117,
              116,
              -116,
              -82,
              78
            ]
          ],
          "id": "feature_021"
        },
        {
          "properties": {
            "id": "LG-12033",
            "name": "Divulapitiya PS",
            "area_sqkm": "203.16",
            "center_lat": "7.253922",
            "center_lng": "80.006882",
            "other_names": "",
            "lg_code": "33",
            "province_id": "LK-1",
            "district_id": "LK-12",
            "dsd_id": "LK-1209",
            "ed_id": "EC-02",
            "pd_id": "EC-02D"
          },
          "type": "Polygon",
          "arcs": [
            [
              -96,
              -1533,
              -1430,
              -137,
              -129,
              -128,
              127,
              -127
            ]
          ],
          "id": "feature_022"
        },
        {
          "properties": {
            "id": "LG-12034",
            "name": "Dompe PS",
            "area_sqkm": "179.18",
            "center_lat": "6.990491",
            "center_lng": "80.098929",
            "other_names": "",
            "lg_code": "34",
            "province_id": "LK-1",
            "district_id": "LK-12",
            "dsd_id": "LK-1230",
            "ed_id": "EC-02",
            "pd_id": "EC-02K"
          },
          "type": "Polygon",
          "arcs": [
            [
              79,
              80,
              81,
              -115,
              82,
              -1932,
              83
            ]
          ],
          "id": "feature_023"
        },
        {
          "properties": {
            "id": "LG-12035",
            "name": "Gampaha PS",
            "area_sqkm": "63.93",
            "center_lat": "7.06141",
            "center_lng": "79.981326",
            "other_names": "",
            "lg_code": "35",
            "province_id": "LK-1",
            "district_id": "LK-12",
            "dsd_id": "LK-1224",
            "ed_id": "EC-02",
            "pd_id": "EC-02H"
          },
          "type": "Polygon",
          "arcs": [
            [
              -94,
              -93,
              -92,
              -91,
              90,
              -90,
              -134,
              84,
              -110
            ]
          ],
          "id": "feature_024"
        },
        {
          "properties": {
            "id": "LG-12036",
            "name": "Ja- Ela PS",
            "area_sqkm": "54.54",
            "center_lat": "7.072131",
            "center_lng": "79.912021",
            "other_names": "",
            "lg_code": "36",
            "province_id": "LK-1",
            "district_id": "LK-12",
            "dsd_id": "LK-1221",
            "ed_id": "EC-02",
            "pd_id": "EC-02I"
          },
          "type": "Polygon",
          "arcs": [
            [
              85,
              -87,
              86,
              87,
              -145,
              88,
              -97,
              -121,
              89,
              -91,
              90,
              91,
              92,
              93,
              -109,
              -147
            ]
          ],
          "id": "feature_025"
        },
        {
          "properties": {
            "id": "LG-12037",
            "name": "Katana PS",
            "area_sqkm": "83.15",
            "center_lat": "7.203003",
            "center_lng": "79.893504",
            "other_names": "",
            "lg_code": "37",
            "province_id": "LK-1",
            "district_id": "LK-12",
            "dsd_id": "LK-1206",
            "ed_id": "EC-02",
            "pd_id": "EC-02C"
          },
          "type": "MultiPolygon",
          "arcs": [
            [
              [
                94,
                -1534,
                95,
                -126,
                -125,
                124,
                -124,
                -123,
                122,
                -122,
                96,
                97
              ]
            ],
            [
              [
                98,
                99
              ]
            ]
          ],
          "id": "feature_026"
        },
        {
          "properties": {
            "id": "LG-12038",
            "name": "Kelaniya PS",
            "area_sqkm": "18.13",
            "center_lat": "6.9719",
            "center_lng": "79.914193",
            "other_names": "",
            "lg_code": "38",
            "province_id": "LK-1",
            "district_id": "LK-12",
            "dsd_id": "LK-1236",
            "ed_id": "EC-02",
            "pd_id": "EC-02M"
          },
          "type": "Polygon",
          "arcs": [
            [
              100,
              101,
              102,
              103,
              104,
              -119,
              105,
              106
            ]
          ],
          "id": "feature_027"
        },
        {
          "properties": {
            "id": "LG-12039",
            "name": "Mahara PS",
            "area_sqkm": "95.75",
            "center_lat": "7.029309",
            "center_lng": "80.01439",
            "other_names": "",
            "lg_code": "39",
            "province_id": "LK-1",
            "district_id": "LK-12",
            "dsd_id": "LK-1233",
            "ed_id": "EC-02",
            "pd_id": "EC-02J"
          },
          "type": "MultiPolygon",
          "arcs": [
            [
              [
                107,
                -148,
                108,
                109,
                110,
                111,
                -113,
                112,
                113,
                114,
                115,
                -117,
                116,
                117,
                118
              ]
            ],
            [
              [
                119
              ]
            ]
          ],
          "id": "feature_028"
        },
        {
          "properties": {
            "id": "LG-12040",
            "name": "Minuwangoda PS",
            "area_sqkm": "128.48",
            "center_lat": "7.154593",
            "center_lng": "79.979797",
            "other_names": "",
            "lg_code": "40",
            "province_id": "LK-1",
            "district_id": "LK-12",
            "dsd_id": "LK-1215",
            "ed_id": "EC-02",
            "pd_id": "EC-02F"
          },
          "type": "Polygon",
          "arcs": [
            [
              120,
              121,
              -123,
              122,
              123,
              -125,
              124,
              125,
              126,
              -128,
              127,
              128,
              -136,
              129,
              -131,
              130,
              131,
              132,
              133
            ],
            [
              134
            ]
          ],
          "id": "feature_029"
        },
        {
          "properties": {
            "id": "LG-12041",
            "name": "Mirigama PS",
            "area_sqkm": "188.81",
            "center_lat": "7.225181",
            "center_lng": "80.12288",
            "other_names": "",
            "lg_code": "41",
            "province_id": "LK-1",
            "district_id": "LK-12",
            "dsd_id": "LK-1212",
            "ed_id": "EC-02",
            "pd_id": "EC-02E"
          },
          "type": "Polygon",
          "arcs": [
            [
              135,
              136,
              -1429,
              -1463,
              -1399,
              -1937,
              -1936,
              1935,
              -1935,
              137,
              -139,
              138,
              139
            ],
            [
              1944
            ]
          ],
          "id": "feature_030"
        },
        {
          "properties": {
            "id": "LG-12042",
            "name": "Wattala PS",
            "area_sqkm": "53.22",
            "center_lat": "7.038584",
            "center_lng": "79.88011",
            "other_names": "",
            "lg_code": "42",
            "province_id": "LK-1",
            "district_id": "LK-12",
            "dsd_id": "LK-1218",
            "ed_id": "EC-02",
            "pd_id": "EC-02A"
          },
          "type": "Polygon",
          "arcs": [
            [
              140,
              141,
              142,
              143,
              144,
              145,
              146,
              147,
              148,
              -150,
              149,
              150,
              151
            ]
          ],
          "id": "feature_031"
        },
        {
          "properties": {
            "id": "LG-13011",
            "name": "Kalutara MC",
            "area_sqkm": "20.76",
            "center_lat": "6.574697",
            "center_lng": "79.973975",
            "other_names": "",
            "lg_code": "11",
            "province_id": "LK-1",
            "district_id": "LK-13",
            "dsd_id": "LK-1321",
            "ed_id": "EC-03",
            "pd_id": "EC-03F"
          },
          "type": "Polygon",
          "arcs": [
            [
              -200,
              -199,
              198,
              -198,
              -197,
              196,
              -196,
              -183,
              -182,
              181,
              -181,
              -167,
              152
            ]
          ],
          "id": "feature_032"
        },
        {
          "properties": {
            "id": "LG-13021",
            "name": "Beruwala UC",
            "area_sqkm": "4.73",
            "center_lat": "6.470168",
            "center_lng": "79.98435",
            "other_names": "",
            "lg_code": "21",
            "province_id": "LK-1",
            "district_id": "LK-13",
            "dsd_id": "LK-1324",
            "ed_id": "EC-03",
            "pd_id": "EC-03G"
          },
          "type": "MultiPolygon",
          "arcs": [
            [
              [
                153,
                -165
              ]
            ],
            [
              [
                154
              ]
            ],
            [
              [
                155
              ]
            ],
            [
              [
                156
              ]
            ]
          ],
          "id": "feature_033"
        },
        {
          "properties": {
            "id": "LG-13022",
            "name": "Horana UC/Horana PS",
            "area_sqkm": "5.01",
            "center_lat": "6.716079",
            "center_lng": "80.064276",
            "other_names": "",
            "lg_code": "22/36",
            "province_id": "LK-1",
            "district_id": "LK-13",
            "dsd_id": "LK-1309",
            "ed_id": "EC-03",
            "pd_id": "EC-03C"
          },
          "type": "Polygon",
          "arcs": [
            [
              -238,
              -192,
              -252,
              -191
            ]
          ],
          "id": "feature_034"
        },
        {
          "properties": {
            "id": "LG-13024",
            "name": "Panadura UC/Panadura PS",
            "area_sqkm": "7.45",
            "center_lat": "6.714246",
            "center_lng": "79.912254",
            "other_names": "",
            "lg_code": "24/39",
            "province_id": "LK-1",
            "district_id": "LK-13",
            "dsd_id": "LK-1303",
            "ed_id": "EC-03",
            "pd_id": "EC-03A"
          },
          "type": "Polygon",
          "arcs": [
            [
              157,
              -220,
              -219,
              -228,
              -161,
              -230,
              -229,
              -160,
              -211,
              -210,
              -209,
              208,
              -208,
              158
            ],
            [
              231
            ]
          ],
          "id": "feature_035"
        },
        {
          "properties": {
            "id": "LG-13031",
            "name": "Agalawatta PS",
            "area_sqkm": "92.24",
            "center_lat": "6.515637",
            "center_lng": "80.174536",
            "other_names": "",
            "lg_code": "31",
            "province_id": "LK-1",
            "district_id": "LK-13",
            "dsd_id": "LK-1333",
            "ed_id": "EC-03",
            "pd_id": ""
          },
          "type": "Polygon",
          "arcs": [
            [
              -207,
              -172,
              -171,
              170,
              -173,
              -244,
              -243,
              -236
            ]
          ],
          "id": "feature_036"
        },
        {
          "properties": {
            "id": "LG-13032",
            "name": "Bandaragama PS",
            "area_sqkm": "57.08",
            "center_lat": "6.718529",
            "center_lng": "79.975934",
            "other_names": "",
            "lg_code": "32",
            "province_id": "LK-1",
            "district_id": "LK-13",
            "dsd_id": "LK-1306",
            "ed_id": "EC-03",
            "pd_id": "EC-03B"
          },
          "type": "Polygon",
          "arcs": [
            [
              159,
              -229,
              -231,
              160,
              -227,
              -226,
              -225,
              -224,
              223,
              -223,
              161,
              162,
              -185,
              -250,
              -249,
              248,
              -248,
              -194,
              -212
            ]
          ],
          "id": "feature_037"
        },
        {
          "properties": {
            "id": "LG-13033",
            "name": "Beruwala PS",
            "area_sqkm": "68.79",
            "center_lat": "6.490077",
            "center_lng": "80.006139",
            "other_names": "",
            "lg_code": "33",
            "province_id": "LK-1",
            "district_id": "LK-13",
            "dsd_id": "LK-1324",
            "ed_id": "EC-03",
            "pd_id": "EC-03G"
          },
          "type": "MultiPolygon",
          "arcs": [
            [
              [
                163,
                164,
                165,
                166,
                -180,
                -179,
                178,
                -178,
                -177,
                -176,
                -175,
                -174,
                -204,
                -203,
                -202,
                -201,
                -451
              ]
            ],
            [
              [
                167
              ]
            ],
            [
              [
                168
              ]
            ],
            [
              [
                169
              ]
            ]
          ],
          "id": "feature_038"
        },
        {
          "properties": {
            "id": "LG-13034",
            "name": "Bulathsinhala PS",
            "area_sqkm": "211.03",
            "center_lat": "6.648237",
            "center_lng": "80.174565",
            "other_names": "",
            "lg_code": "34",
            "province_id": "LK-1",
            "district_id": "LK-13",
            "dsd_id": "LK-1312",
            "ed_id": "EC-03",
            "pd_id": "EC-03D"
          },
          "type": "Polygon",
          "arcs": [
            [
              -171,
              170,
              171,
              -206,
              -240,
              -190,
              -1806,
              -1805,
              -1804,
              -245,
              172
            ]
          ],
          "id": "feature_039"
        },
        {
          "properties": {
            "id": "LG-13035",
            "name": "Dodangoda PS",
            "area_sqkm": "109.85",
            "center_lat": "6.571467",
            "center_lng": "80.044831",
            "other_names": "",
            "lg_code": "35",
            "province_id": "LK-1",
            "district_id": "LK-13",
            "dsd_id": "LK-1327",
            "ed_id": "EC-03",
            "pd_id": "EC-03E"
          },
          "type": "Polygon",
          "arcs": [
            [
              203,
              173,
              174,
              175,
              176,
              177,
              -179,
              178,
              179,
              180,
              -182,
              181,
              182,
              -195,
              -257,
              -242,
              183
            ]
          ],
          "id": "feature_040"
        },
        {
          "properties": {
            "id": "LG-13036",
            "name": "Horana PS",
            "area_sqkm": "201.04",
            "center_lat": "6.760308",
            "center_lng": "80.100775",
            "other_names": "",
            "lg_code": "36",
            "province_id": "LK-1",
            "district_id": "LK-13",
            "dsd_id": "",
            "ed_id": "EC-03",
            "pd_id": "EC-03C"
          },
          "type": "MultiPolygon",
          "arcs": [
            [
              [
                184,
                185,
                -187,
                186,
                187,
                188,
                -1815,
                -1844,
                -1807,
                189,
                -239,
                190,
                -251
              ]
            ],
            [
              [
                -237,
                -255,
                -254,
                253,
                -253,
                191
              ]
            ]
          ],
          "id": "feature_041"
        },
        {
          "properties": {
            "id": "LG-13037",
            "name": "Kalutara PS",
            "area_sqkm": "54.81",
            "center_lat": "6.637438",
            "center_lng": "79.970166",
            "other_names": "",
            "lg_code": "37",
            "province_id": "LK-1",
            "district_id": "LK-13",
            "dsd_id": "LK-1321",
            "ed_id": "EC-03",
            "pd_id": "EC-03F"
          },
          "type": "Polygon",
          "arcs": [
            [
              192,
              -217,
              -216,
              215,
              -215,
              -214,
              213,
              -213,
              193,
              -247,
              194,
              195,
              -197,
              196,
              197,
              -199,
              198,
              199
            ]
          ],
          "id": "feature_042"
        },
        {
          "properties": {
            "id": "LG-13038",
            "name": "Mathugama PS",
            "area_sqkm": "138.88",
            "center_lat": "6.488",
            "center_lng": "80.090993",
            "other_names": "",
            "lg_code": "38",
            "province_id": "LK-1",
            "district_id": "LK-13",
            "dsd_id": "LK-1330",
            "ed_id": "EC-03",
            "pd_id": "EC-03E"
          },
          "type": "Polygon",
          "arcs": [
            [
              -452,
              200,
              201,
              202,
              203,
              204,
              -241,
              205,
              206,
              -235,
              -234,
              -233
            ]
          ],
          "id": "feature_043"
        },
        {
          "properties": {
            "id": "LG-13039",
            "name": "Panadura PS",
            "area_sqkm": "37.95",
            "center_lat": "6.716098",
            "center_lng": "79.92523",
            "other_names": "",
            "lg_code": "39",
            "province_id": "LK-1",
            "district_id": "LK-13",
            "dsd_id": "LK-1303",
            "ed_id": "EC-03",
            "pd_id": ""
          },
          "type": "MultiPolygon",
          "arcs": [
            [
              [
                207,
                -209,
                208,
                209,
                210,
                211,
                212,
                -214,
                213,
                214,
                -216,
                215,
                216,
                217
              ]
            ],
            [
              [
                218,
                219,
                220,
                221,
                222,
                -224,
                223,
                224,
                -226,
                226,
                227
              ]
            ],
            [
              [
                228,
                229,
                230
              ]
            ],
            [
              [
                231
              ]
            ]
          ],
          "id": "feature_044"
        },
        {
          "properties": {
            "id": "LG-13040",
            "name": "Walallawita PS",
            "area_sqkm": "211.65",
            "center_lat": "6.406665",
            "center_lng": "80.187579",
            "other_names": "",
            "lg_code": "40",
            "province_id": "LK-1",
            "district_id": "LK-13",
            "dsd_id": "LK-1339",
            "ed_id": "EC-03",
            "pd_id": "EC-03H"
          },
          "type": "Polygon",
          "arcs": [
            [
              -453,
              232,
              233,
              234,
              235,
              -246,
              -489,
              -485,
              -461
            ]
          ],
          "id": "feature_045"
        },
        {
          "properties": {
            "id": "LG-13041",
            "name": "Madurawala PS",
            "area_sqkm": "62.19",
            "center_lat": "6.651918",
            "center_lng": "80.093422",
            "other_names": "",
            "lg_code": "41",
            "province_id": "LK-1",
            "district_id": "LK-13",
            "dsd_id": "LK-1315",
            "ed_id": "EC-03",
            "pd_id": "EC-03D"
          },
          "type": "Polygon",
          "arcs": [
            [
              -256,
              236,
              237,
              238,
              239,
              240,
              241
            ]
          ],
          "id": "feature_046"
        },
        {
          "properties": {
            "id": "LG-13042",
            "name": "Palindanuwara PS",
            "area_sqkm": "284.12",
            "center_lat": "6.506966",
            "center_lng": "80.274635",
            "other_names": "",
            "lg_code": "42",
            "province_id": "LK-1",
            "district_id": "LK-13",
            "dsd_id": "LK-1336",
            "ed_id": "EC-03",
            "pd_id": "EC-03H"
          },
          "type": "Polygon",
          "arcs": [
            [
              242,
              243,
              244,
              -1808,
              -1831,
              -484,
              -490,
              245
            ]
          ],
          "id": "feature_047"
        },
        {
          "properties": {
            "id": "LG-13043",
            "name": "Millaniya PS",
            "area_sqkm": "79.42",
            "center_lat": "6.658585",
            "center_lng": "80.031028",
            "other_names": "",
            "lg_code": "43",
            "province_id": "LK-1",
            "district_id": "LK-13",
            "dsd_id": "LK-1318",
            "ed_id": "EC-03",
            "pd_id": "EC-03B"
          },
          "type": "Polygon",
          "arcs": [
            [
              246,
              247,
              -249,
              248,
              249,
              250,
              251,
              252,
              -254,
              253,
              254,
              255,
              256
            ]
          ],
          "id": "feature_048"
        },
        {
          "properties": {
            "id": "LG-21011",
            "name": "Kandy MC/ Pathadumbara PS",
            "area_sqkm": "29.09",
            "center_lat": "7.292359",
            "center_lng": "80.629803",
            "other_names": "",
            "lg_code": "11/40",
            "province_id": "LK-2",
            "district_id": "LK-21",
            "dsd_id": "",
            "ed_id": "EC-04",
            "pd_id": ""
          },
          "type": "Polygon",
          "arcs": [
            [
              -266,
              265,
              -265,
              -328,
              -261,
              -290,
              -270,
              -263,
              -262,
              -297,
              -264,
              -295,
              -269,
              -268,
              267,
              -267
            ]
          ],
          "id": "feature_049"
        },
        {
          "properties": {
            "id": "LG-21021",
            "name": "Gampola UC",
            "area_sqkm": "13.92",
            "center_lat": "7.169488",
            "center_lng": "80.571736",
            "other_names": "",
            "lg_code": "21",
            "province_id": "LK-2",
            "district_id": "LK-21",
            "dsd_id": "LK-2151",
            "ed_id": "EC-04",
            "pd_id": "EC-04L"
          },
          "type": "MultiPolygon",
          "arcs": [
            [
              [
                -1920,
                -318,
                -317,
                -322,
                -310,
                -259
              ]
            ],
            [
              [
                259
              ]
            ]
          ],
          "id": "feature_050"
        },
        {
          "properties": {
            "id": "LG-21022",
            "name": "Kadugannawa UC/Yatinuwara PS",
            "area_sqkm": "7.81",
            "center_lat": "7.262628",
            "center_lng": "80.538077",
            "other_names": "",
            "lg_code": "22/47",
            "province_id": "LK-2",
            "district_id": "LK-21",
            "dsd_id": "LK-2136",
            "ed_id": "EC-04",
            "pd_id": "EC-04J"
          },
          "type": "Polygon",
          "arcs": [
            [
              -1918,
              -331,
              -319
            ]
          ],
          "id": "feature_051"
        },
        {
          "properties": {
            "id": "LG-21023",
            "name": "Nawalapitiya UC/Pasbage Korale PS",
            "area_sqkm": "14.54",
            "center_lat": "7.047561",
            "center_lng": "80.540675",
            "other_names": "",
            "lg_code": "23/39",
            "province_id": "LK-2",
            "district_id": "LK-21",
            "dsd_id": "LK-2157",
            "ed_id": "EC-04",
            "pd_id": "EC-04M"
          },
          "type": "Polygon",
          "arcs": [
            [
              -393,
              -283
            ]
          ],
          "id": "feature_052"
        },
        {
          "properties": {
            "id": "LG-21024",
            "name": "Wattegama UC/ Pathadumbara PS",
            "area_sqkm": "9.49",
            "center_lat": "7.351362",
            "center_lng": "80.678548",
            "other_names": "",
            "lg_code": "24/40",
            "province_id": "LK-2",
            "district_id": "LK-21",
            "dsd_id": "LK-2112",
            "ed_id": "EC-04",
            "pd_id": "EC-04C"
          },
          "type": "Polygon",
          "arcs": [
            [
              -279,
              -271,
              -286,
              -258,
              -292
            ]
          ],
          "id": "feature_053"
        },
        {
          "properties": {
            "id": "LG-21025",
            "name": "Medadumbara PS",
            "area_sqkm": "0.89",
            "center_lat": "7.3365",
            "center_lng": "80.79031",
            "other_names": "",
            "lg_code": "25",
            "province_id": "LK-2",
            "district_id": "LK-21",
            "dsd_id": "LK-2124",
            "ed_id": "EC-04",
            "pd_id": "EC-04E"
          },
          "type": "Polygon",
          "arcs": [
            [
              275
            ]
          ],
          "id": "feature_054"
        },
        {
          "properties": {
            "id": "LG-21031",
            "name": "Akurana PS",
            "area_sqkm": "29.9",
            "center_lat": "7.391395",
            "center_lng": "80.617968",
            "other_names": "",
            "lg_code": "31",
            "province_id": "LK-2",
            "district_id": "LK-21",
            "dsd_id": "LK-2109",
            "ed_id": "EC-04",
            "pd_id": "EC-04B"
          },
          "type": "Polygon",
          "arcs": [
            [
              -302,
              -375,
              -293,
              257,
              -285
            ]
          ],
          "id": "feature_055"
        },
        {
          "properties": {
            "id": "LG-21032",
            "name": "Ganga Ihala Korale",
            "area_sqkm": "96.17",
            "center_lat": "7.112563",
            "center_lng": "80.512388",
            "other_names": "",
            "lg_code": "32",
            "province_id": "LK-2",
            "district_id": "LK-21",
            "dsd_id": "LK-2154",
            "ed_id": "EC-04",
            "pd_id": "EC-04M"
          },
          "type": "Polygon",
          "arcs": [
            [
              -1947,
              -1966,
              -1891,
              -1921,
              258,
              -316,
              -282
            ],
            [
              259
            ]
          ],
          "id": "feature_056"
        },
        {
          "properties": {
            "id": "LG-21033",
            "name": "Harispattuwa PS",
            "area_sqkm": "49.04",
            "center_lat": "7.328489",
            "center_lng": "80.587938",
            "other_names": "",
            "lg_code": "33",
            "province_id": "LK-2",
            "district_id": "LK-21",
            "dsd_id": "LK-2133",
            "ed_id": "EC-04",
            "pd_id": "EC-04B"
          },
          "type": "Polygon",
          "arcs": [
            [
              -326,
              -325,
              -306,
              -304,
              -284,
              260,
              -327
            ]
          ],
          "id": "feature_057"
        },
        {
          "properties": {
            "id": "LG-21034",
            "name": "Kandy Four Graverts &Gangawata Korale PS",
            "area_sqkm": "31.99",
            "center_lat": "7.258323",
            "center_lng": "80.646016",
            "other_names": "",
            "lg_code": "34",
            "province_id": "LK-2",
            "district_id": "LK-21",
            "dsd_id": "LK-2130",
            "ed_id": "EC-04",
            "pd_id": ""
          },
          "type": "MultiPolygon",
          "arcs": [
            [
              [
                261,
                262,
                -272,
                -300,
                -299,
                298,
                -298
              ]
            ],
            [
              [
                -296,
                263
              ]
            ],
            [
              [
                -320,
                -329,
                264,
                -266,
                265,
                266,
                -268,
                267,
                268,
                -294,
                -311
              ]
            ]
          ],
          "id": "feature_058"
        },
        {
          "properties": {
            "id": "LG-21035",
            "name": "Medadumbara PS",
            "area_sqkm": "82.37",
            "center_lat": "7.305974",
            "center_lng": "80.709274",
            "other_names": "",
            "lg_code": "35",
            "province_id": "LK-2",
            "district_id": "LK-21",
            "dsd_id": "",
            "ed_id": "EC-04",
            "pd_id": ""
          },
          "type": "Polygon",
          "arcs": [
            [
              269,
              -289,
              -288,
              287,
              -287,
              270,
              -278,
              -277,
              276,
              -281,
              -274,
              -273,
              272,
              -275,
              -390,
              -301,
              271
            ]
          ],
          "id": "feature_059"
        },
        {
          "properties": {
            "id": "LG-21036",
            "name": "Medadumbara PS",
            "area_sqkm": "186.74",
            "center_lat": "7.302292",
            "center_lng": "80.800531",
            "other_names": "",
            "lg_code": "36",
            "province_id": "LK-2",
            "district_id": "LK-21",
            "dsd_id": "LK-2124",
            "ed_id": "EC-04",
            "pd_id": "EC-04E"
          },
          "type": "Polygon",
          "arcs": [
            [
              -273,
              272,
              273,
              -280,
              -307,
              -406,
              -391,
              274
            ],
            [
              275
            ]
          ],
          "id": "feature_060"
        },
        {
          "properties": {
            "id": "LG-21037",
            "name": "Minipe PS",
            "area_sqkm": "249.31",
            "center_lat": "7.348541",
            "center_lng": "80.949201",
            "other_names": "",
            "lg_code": "37",
            "province_id": "LK-2",
            "district_id": "LK-21",
            "dsd_id": "LK-2121",
            "ed_id": "EC-04",
            "pd_id": "EC-04D"
          },
          "type": "Polygon",
          "arcs": [
            [
              -337,
              -377,
              -1713,
              -1707,
              -408,
              -309
            ]
          ],
          "id": "feature_061"
        },
        {
          "properties": {
            "id": "LG-21038",
            "name": "Panvila PS",
            "area_sqkm": "92.63",
            "center_lat": "7.409011",
            "center_lng": "80.742498",
            "other_names": "",
            "lg_code": "38",
            "province_id": "LK-2",
            "district_id": "LK-21",
            "dsd_id": "LK-2115",
            "ed_id": "EC-04",
            "pd_id": "EC-04C"
          },
          "type": "Polygon",
          "arcs": [
            [
              -277,
              276,
              277,
              278,
              -291,
              -373,
              -372,
              -371,
              -359,
              -335,
              -308,
              279,
              280
            ]
          ],
          "id": "feature_062"
        },
        {
          "properties": {
            "id": "LG-21039",
            "name": "Pasbage Korale PS",
            "area_sqkm": "107.03",
            "center_lat": "7.014613",
            "center_lng": "80.536217",
            "other_names": "",
            "lg_code": "39",
            "province_id": "LK-2",
            "district_id": "LK-21",
            "dsd_id": "LK-2157",
            "ed_id": "EC-04",
            "pd_id": "EC-04M"
          },
          "type": "Polygon",
          "arcs": [
            [
              -1948,
              281,
              -315,
              -394,
              282,
              -392,
              -433,
              -383
            ]
          ],
          "id": "feature_063"
        },
        {
          "properties": {
            "id": "LG-21040",
            "name": "Pathadumbara PS",
            "area_sqkm": "38.49",
            "center_lat": "7.350645",
            "center_lng": "80.657879",
            "other_names": "",
            "lg_code": "40",
            "province_id": "LK-2",
            "district_id": "LK-21",
            "dsd_id": "LK-2112",
            "ed_id": "EC-04",
            "pd_id": "EC-04C"
          },
          "type": "MultiPolygon",
          "arcs": [
            [
              [
                283,
                -303,
                284,
                285,
                286,
                -288,
                287,
                288,
                289
              ]
            ],
            [
              [
                290,
                291,
                292,
                -374
              ]
            ]
          ],
          "id": "feature_064"
        },
        {
          "properties": {
            "id": "LG-21041",
            "name": "Pathhewaheta PS",
            "area_sqkm": "133.33",
            "center_lat": "7.212482",
            "center_lng": "80.703446",
            "other_names": "",
            "lg_code": "41",
            "province_id": "LK-2",
            "district_id": "LK-21",
            "dsd_id": "",
            "ed_id": "EC-04",
            "pd_id": "EC-04G"
          },
          "type": "Polygon",
          "arcs": [
            [
              -313,
              -312,
              293,
              294,
              295,
              296,
              297,
              -299,
              298,
              299,
              300,
              -389,
              -314
            ]
          ],
          "id": "feature_065"
        },
        {
          "properties": {
            "id": "LG-21042",
            "name": "Pujapitiya PS",
            "area_sqkm": "58.6",
            "center_lat": "7.400318",
            "center_lng": "80.56578",
            "other_names": "",
            "lg_code": "42",
            "province_id": "LK-2",
            "district_id": "LK-21",
            "dsd_id": "LK-2106",
            "ed_id": "EC-04",
            "pd_id": "EC-04B"
          },
          "type": "Polygon",
          "arcs": [
            [
              -1412,
              -1448,
              -360,
              301,
              302,
              303,
              -305
            ]
          ],
          "id": "feature_066"
        },
        {
          "properties": {
            "id": "LG-21043",
            "name": "Thumpane PS",
            "area_sqkm": "114.91",
            "center_lat": "7.346769",
            "center_lng": "80.495134",
            "other_names": "",
            "lg_code": "43",
            "province_id": "LK-2",
            "district_id": "LK-21",
            "dsd_id": "",
            "ed_id": "EC-04",
            "pd_id": "EC-04A"
          },
          "type": "Polygon",
          "arcs": [
            [
              -1916,
              -1927,
              -1413,
              304,
              305,
              -324
            ]
          ],
          "id": "feature_067"
        },
        {
          "properties": {
            "id": "LG-21044",
            "name": "Udadumbara PS",
            "area_sqkm": "277.55",
            "center_lat": "7.328827",
            "center_lng": "80.874486",
            "other_names": "",
            "lg_code": "44",
            "province_id": "LK-2",
            "district_id": "LK-21",
            "dsd_id": "LK-2118",
            "ed_id": "EC-04",
            "pd_id": "EC-04D"
          },
          "type": "Polygon",
          "arcs": [
            [
              306,
              307,
              -338,
              308,
              -407
            ]
          ],
          "id": "feature_068"
        },
        {
          "properties": {
            "id": "LG-21045",
            "name": "Udapalatha PS",
            "area_sqkm": "173.72",
            "center_lat": "7.145243",
            "center_lng": "80.630403",
            "other_names": "",
            "lg_code": "45",
            "province_id": "LK-2",
            "district_id": "LK-21",
            "dsd_id": "",
            "ed_id": "EC-04",
            "pd_id": ""
          },
          "type": "MultiPolygon",
          "arcs": [
            [
              [
                309,
                -321,
                310,
                311,
                312,
                313,
                -388,
                -395,
                314,
                315
              ]
            ],
            [
              [
                -323,
                316
              ]
            ]
          ],
          "id": "feature_069"
        },
        {
          "properties": {
            "id": "LG-21046",
            "name": "Udunuwara PS",
            "area_sqkm": "68.84",
            "center_lat": "7.222683",
            "center_lng": "80.559451",
            "other_names": "",
            "lg_code": "46",
            "province_id": "LK-2",
            "district_id": "LK-21",
            "dsd_id": "LK-2139",
            "ed_id": "EC-04",
            "pd_id": "EC-04K"
          },
          "type": "Polygon",
          "arcs": [
            [
              317,
              -1919,
              318,
              -330,
              319,
              320,
              321,
              322
            ]
          ],
          "id": "feature_070"
        },
        {
          "properties": {
            "id": "LG-21047",
            "name": "Yatinuwara PS",
            "area_sqkm": "61.3",
            "center_lat": "7.285391",
            "center_lng": "80.538016",
            "other_names": "",
            "lg_code": "47",
            "province_id": "LK-2",
            "district_id": "LK-21",
            "dsd_id": "LK-2136",
            "ed_id": "EC-04",
            "pd_id": "EC-04J"
          },
          "type": "Polygon",
          "arcs": [
            [
              -1917,
              323,
              324,
              325,
              326,
              327,
              328,
              329,
              330
            ]
          ],
          "id": "feature_071"
        },
        {
          "properties": {
            "id": "LG-22011",
            "name": "Matale MC/ Matale PS",
            "area_sqkm": "17.19",
            "center_lat": "7.475768",
            "center_lng": "80.619063",
            "other_names": "",
            "lg_code": "11/35",
            "province_id": "LK-2",
            "district_id": "LK-22",
            "dsd_id": "",
            "ed_id": "EC-05",
            "pd_id": "EC-05C"
          },
          "type": "Polygon",
          "arcs": [
            [
              -345,
              -363,
              -343,
              -344,
              -361,
              -380,
              -341,
              -355,
              -354,
              -369,
              -368,
              367,
              -367,
              -342,
              -365
            ]
          ],
          "id": "feature_072"
        },
        {
          "properties": {
            "id": "LG-22012",
            "name": "Dambulla MC",
            "area_sqkm": "53.98",
            "center_lat": "7.860743",
            "center_lng": "80.656023",
            "other_names": "",
            "lg_code": "12",
            "province_id": "LK-2",
            "district_id": "LK-22",
            "dsd_id": "LK-2206",
            "ed_id": "EC-05",
            "pd_id": "EC-05A"
          },
          "type": "Polygon",
          "arcs": [
            [
              -333,
              -1602,
              -1559,
              -332
            ]
          ],
          "id": "feature_073"
        },
        {
          "properties": {
            "id": "LG-22031",
            "name": "Ambanganga Korale PS",
            "area_sqkm": "55.38",
            "center_lat": "7.561141",
            "center_lng": "80.678754",
            "other_names": "",
            "lg_code": "31",
            "province_id": "LK-2",
            "district_id": "LK-22",
            "dsd_id": "LK-2221",
            "ed_id": "EC-05",
            "pd_id": "EC-05B"
          },
          "type": "Polygon",
          "arcs": [
            [
              -339,
              -349,
              -336,
              -357
            ]
          ],
          "id": "feature_074"
        },
        {
          "properties": {
            "id": "LG-22032",
            "name": "Dambulla PS",
            "area_sqkm": "399.36",
            "center_lat": "7.877418",
            "center_lng": "80.726306",
            "other_names": "",
            "lg_code": "32",
            "province_id": "LK-2",
            "district_id": "LK-22",
            "dsd_id": "LK-2206",
            "ed_id": "EC-05",
            "pd_id": "EC-05A"
          },
          "type": "Polygon",
          "arcs": [
            [
              -334,
              331,
              -1558,
              -1557,
              1556,
              -1556,
              -1652,
              -1650,
              -347
            ]
          ],
          "id": "feature_075"
        },
        {
          "properties": {
            "id": "LG-22033",
            "name": "Galewela PS",
            "area_sqkm": "196.94",
            "center_lat": "7.779286",
            "center_lng": "80.570693",
            "other_names": "",
            "lg_code": "33",
            "province_id": "LK-2",
            "district_id": "LK-22",
            "dsd_id": "LK-2203",
            "ed_id": "EC-05",
            "pd_id": "EC-05A"
          },
          "type": "Polygon",
          "arcs": [
            [
              -1401,
              -1440,
              -1603,
              332,
              333,
              -346,
              -351
            ]
          ],
          "id": "feature_076"
        },
        {
          "properties": {
            "id": "LG-22034",
            "name": "Laggala-Pallegama PS",
            "area_sqkm": "384.63",
            "center_lat": "7.556101",
            "center_lng": "80.811179",
            "other_names": "",
            "lg_code": "34",
            "province_id": "LK-2",
            "district_id": "LK-22",
            "dsd_id": "",
            "ed_id": "EC-05",
            "pd_id": "EC-05B"
          },
          "type": "Polygon",
          "arcs": [
            [
              334,
              -358,
              335,
              -348,
              -1648,
              -376,
              336,
              337
            ]
          ],
          "id": "feature_077"
        },
        {
          "properties": {
            "id": "LG-22035",
            "name": "Matale PS",
            "area_sqkm": "54.64",
            "center_lat": "7.559794",
            "center_lng": "80.63285",
            "other_names": "",
            "lg_code": "35",
            "province_id": "LK-2",
            "district_id": "LK-22",
            "dsd_id": "LK-2218",
            "ed_id": "EC-05",
            "pd_id": "EC-05C"
          },
          "type": "MultiPolygon",
          "arcs": [
            [
              [
                -379,
                -353,
                -350,
                338,
                339,
                354,
                340
              ]
            ],
            [
              [
                -366,
                341
              ]
            ],
            [
              [
                342,
                -362,
                343
              ]
            ],
            [
              [
                -364,
                344
              ]
            ]
          ],
          "id": "feature_078"
        },
        {
          "properties": {
            "id": "LG-22036",
            "name": "Naula PS",
            "area_sqkm": "287.89",
            "center_lat": "7.688935",
            "center_lng": "80.707889",
            "other_names": "",
            "lg_code": "36",
            "province_id": "LK-2",
            "district_id": "LK-22",
            "dsd_id": "LK-2209",
            "ed_id": "EC-05",
            "pd_id": "EC-05B"
          },
          "type": "Polygon",
          "arcs": [
            [
              345,
              346,
              -1649,
              347,
              348,
              349,
              -352
            ]
          ],
          "id": "feature_079"
        },
        {
          "properties": {
            "id": "LG-22037",
            "name": "Pallepola PS",
            "area_sqkm": "82.9",
            "center_lat": "7.647136",
            "center_lng": "80.599248",
            "other_names": "",
            "lg_code": "37",
            "province_id": "LK-2",
            "district_id": "LK-22",
            "dsd_id": "LK-2212",
            "ed_id": "EC-05",
            "pd_id": "EC-05A"
          },
          "type": "Polygon",
          "arcs": [
            [
              -1445,
              -382,
              -1443,
              -1402,
              350,
              351,
              352,
              -378
            ]
          ],
          "id": "feature_080"
        },
        {
          "properties": {
            "id": "LG-22038",
            "name": "Rattota PS",
            "area_sqkm": "103.92",
            "center_lat": "7.485932",
            "center_lng": "80.685504",
            "other_names": "",
            "lg_code": "38",
            "province_id": "LK-2",
            "district_id": "LK-22",
            "dsd_id": "LK-2230",
            "ed_id": "EC-05",
            "pd_id": "EC-05D"
          },
          "type": "Polygon",
          "arcs": [
            [
              353,
              354,
              355,
              356,
              357,
              358,
              -370
            ]
          ],
          "id": "feature_081"
        },
        {
          "properties": {
            "id": "LG-22039",
            "name": "Ukuwela PS",
            "area_sqkm": "78.4",
            "center_lat": "7.429686",
            "center_lng": "80.639004",
            "other_names": "",
            "lg_code": "39",
            "province_id": "LK-2",
            "district_id": "LK-22",
            "dsd_id": "LK-2233",
            "ed_id": "EC-05",
            "pd_id": "EC-05D"
          },
          "type": "Polygon",
          "arcs": [
            [
              359,
              -1447,
              -381,
              360,
              361,
              362,
              363,
              364,
              365,
              366,
              -368,
              367,
              368,
              369,
              370,
              371,
              372,
              373,
              374
            ]
          ],
          "id": "feature_082"
        },
        {
          "properties": {
            "id": "LG-22040",
            "name": "Wilgamuwa PS",
            "area_sqkm": "276.13",
            "center_lat": "7.605904",
            "center_lng": "80.931318",
            "other_names": "",
            "lg_code": "40",
            "province_id": "LK-2",
            "district_id": "LK-22",
            "dsd_id": "LK-2227",
            "ed_id": "EC-05",
            "pd_id": "EC-05B"
          },
          "type": "Polygon",
          "arcs": [
            [
              375,
              -1651,
              -1675,
              -1289,
              -1709,
              376
            ]
          ],
          "id": "feature_083"
        },
        {
          "properties": {
            "id": "LG-22041",
            "name": "Yatawatta PS",
            "area_sqkm": "67.39",
            "center_lat": "7.548664",
            "center_lng": "80.588859",
            "other_names": "",
            "lg_code": "41",
            "province_id": "LK-2",
            "district_id": "LK-22",
            "dsd_id": "LK-2215",
            "ed_id": "EC-05",
            "pd_id": "EC-05C"
          },
          "type": "MultiPolygon",
          "arcs": [
            [
              [
                -1446,
                377,
                378,
                379,
                380
              ]
            ],
            [
              [
                -1444,
                381
              ]
            ]
          ],
          "id": "feature_084"
        },
        {
          "properties": {
            "id": "LG-23011",
            "name": "Nuwara Eliya MC/ Nuwara Eliya PS",
            "area_sqkm": "46.3",
            "center_lat": "6.965875",
            "center_lng": "80.779358",
            "other_names": "",
            "lg_code": "11/34",
            "province_id": "LK-2",
            "district_id": "LK-23",
            "dsd_id": "LK-2312",
            "ed_id": "EC-06",
            "pd_id": "EC-06A"
          },
          "type": "Polygon",
          "arcs": [
            [
              -387,
              -401,
              -400,
              -399,
              -1729,
              -1735,
              -404
            ]
          ],
          "id": "feature_085"
        },
        {
          "properties": {
            "id": "LG-23021",
            "name": "Hatton - Dickoya UC/ Ambagamuwa PS",
            "area_sqkm": "16.7",
            "center_lat": "6.886439",
            "center_lng": "80.60563",
            "other_names": "",
            "lg_code": "21/31",
            "province_id": "LK-2",
            "district_id": "LK-23",
            "dsd_id": "LK-2314",
            "ed_id": "EC-06",
            "pd_id": "EC-06A"
          },
          "type": "Polygon",
          "arcs": [
            [
              -386,
              -385,
              384,
              -384,
              -431,
              -412
            ]
          ],
          "id": "feature_086"
        },
        {
          "properties": {
            "id": "LG-23022",
            "name": "Thalawakale-Lindula UC/ Kotagala PS",
            "area_sqkm": "31.29",
            "center_lat": "6.93989",
            "center_lng": "80.66863",
            "other_names": "",
            "lg_code": "22/39",
            "province_id": "LK-2",
            "district_id": "LK-23",
            "dsd_id": "LK-2313",
            "ed_id": "EC-06",
            "pd_id": "EC-06A"
          },
          "type": "Polygon",
          "arcs": [
            [
              -416,
              -435,
              -397,
              -428,
              -402,
              -424
            ]
          ],
          "id": "feature_087"
        },
        {
          "properties": {
            "id": "LG-23031",
            "name": "Ambagamuwa PS",
            "area_sqkm": "185.13",
            "center_lat": "6.941279",
            "center_lng": "80.504309",
            "other_names": "",
            "lg_code": "31",
            "province_id": "LK-2",
            "district_id": "LK-23",
            "dsd_id": "",
            "ed_id": "EC-06",
            "pd_id": "EC-06A"
          },
          "type": "Polygon",
          "arcs": [
            [
              -1949,
              382,
              -432,
              383,
              -385,
              384,
              385,
              -411,
              -410,
              -1898
            ]
          ],
          "id": "feature_088"
        },
        {
          "properties": {
            "id": "LG-23032",
            "name": "Hanguranketha PS",
            "area_sqkm": "225.72",
            "center_lat": "7.123265",
            "center_lng": "80.776507",
            "other_names": "",
            "lg_code": "32",
            "province_id": "LK-2",
            "district_id": "LK-23",
            "dsd_id": "",
            "ed_id": "EC-06",
            "pd_id": "EC-06C"
          },
          "type": "Polygon",
          "arcs": [
            [
              386,
              -396,
              387,
              388,
              389,
              390,
              -405,
              -398
            ]
          ],
          "id": "feature_089"
        },
        {
          "properties": {
            "id": "LG-23033",
            "name": "Kothmale PS",
            "area_sqkm": "226.79",
            "center_lat": "7.038477",
            "center_lng": "80.656096",
            "other_names": "",
            "lg_code": "33",
            "province_id": "LK-2",
            "district_id": "LK-23",
            "dsd_id": "",
            "ed_id": "EC-06",
            "pd_id": "EC-06B"
          },
          "type": "Polygon",
          "arcs": [
            [
              391,
              392,
              393,
              394,
              395,
              -403,
              -426,
              396,
              -434
            ]
          ],
          "id": "feature_090"
        },
        {
          "properties": {
            "id": "LG-23034",
            "name": "Nuwara Eliya PS",
            "area_sqkm": "173.84",
            "center_lat": "6.920252",
            "center_lng": "80.781245",
            "other_names": "",
            "lg_code": "34",
            "province_id": "LK-2",
            "district_id": "LK-23",
            "dsd_id": "LK-2312",
            "ed_id": "EC-06",
            "pd_id": "EC-06A"
          },
          "type": "MultiPolygon",
          "arcs": [
            [
              [
                397,
                -409,
                -1730,
                398,
                399,
                400
              ]
            ],
            [
              [
                -1691,
                -1828,
                -413,
                -421,
                -420,
                419,
                -419,
                -418,
                417,
                -417,
                -425,
                401,
                -427,
                402,
                403,
                -1734
              ]
            ]
          ],
          "id": "feature_091"
        },
        {
          "properties": {
            "id": "LG-23035",
            "name": "Walapane PS",
            "area_sqkm": "322.88",
            "center_lat": "7.0925",
            "center_lng": "80.886866",
            "other_names": "",
            "lg_code": "35",
            "province_id": "LK-2",
            "district_id": "LK-23",
            "dsd_id": "",
            "ed_id": "EC-06",
            "pd_id": "EC-06D"
          },
          "type": "Polygon",
          "arcs": [
            [
              404,
              405,
              406,
              407,
              -1706,
              -1731,
              408
            ]
          ],
          "id": "feature_092"
        },
        {
          "properties": {
            "id": "LG-23036",
            "name": "Maskeliya PS",
            "area_sqkm": "156.2",
            "center_lat": "6.811348",
            "center_lng": "80.56089",
            "other_names": "",
            "lg_code": "36",
            "province_id": "LK-2",
            "district_id": "LK-23",
            "dsd_id": "LK-2314",
            "ed_id": "EC-06",
            "pd_id": "EC-06A"
          },
          "type": "MultiPolygon",
          "arcs": [
            [
              [
                414
              ]
            ],
            [
              [
                -1900,
                -1899,
                409,
                -414,
                -1826,
                -1861
              ]
            ]
          ],
          "id": "feature_093"
        },
        {
          "properties": {
            "id": "LG-23037",
            "name": "Noorwood PS",
            "area_sqkm": "128.8",
            "center_lat": "6.816981",
            "center_lng": "80.667324",
            "other_names": "",
            "lg_code": "37",
            "province_id": "LK-2",
            "district_id": "LK-23",
            "dsd_id": "LK-2314",
            "ed_id": "EC-06",
            "pd_id": "EC-06A"
          },
          "type": "Polygon",
          "arcs": [
            [
              410,
              411,
              -430,
              -422,
              412,
              -1827,
              413
            ],
            [
              414
            ]
          ],
          "id": "feature_094"
        },
        {
          "properties": {
            "id": "LG-23038",
            "name": "Agarapathana PS",
            "area_sqkm": "169.09",
            "center_lat": "6.859088",
            "center_lng": "80.720059",
            "other_names": "",
            "lg_code": "38",
            "province_id": "LK-2",
            "district_id": "LK-23",
            "dsd_id": "LK-2313",
            "ed_id": "EC-06",
            "pd_id": "EC-06A"
          },
          "type": "Polygon",
          "arcs": [
            [
              -429,
              415,
              -423,
              416,
              -418,
              417,
              418,
              -420,
              419,
              420,
              421
            ]
          ],
          "id": "feature_095"
        },
        {
          "properties": {
            "id": "LG-23039",
            "name": "Kotagala PS",
            "area_sqkm": "62.07",
            "center_lat": "6.943042",
            "center_lng": "80.625937",
            "other_names": "",
            "lg_code": "39",
            "province_id": "LK-2",
            "district_id": "LK-23",
            "dsd_id": "",
            "ed_id": "EC-06",
            "pd_id": "EC-06A"
          },
          "type": "MultiPolygon",
          "arcs": [
            [
              [
                422,
                423,
                424
              ]
            ],
            [
              [
                425,
                426,
                427
              ]
            ],
            [
              [
                428,
                429,
                430,
                431,
                432,
                433,
                434
              ]
            ]
          ],
          "id": "feature_096"
        },
        {
          "properties": {
            "id": "LG-31011",
            "name": "Galle MC",
            "area_sqkm": "17.19",
            "center_lat": "6.048309",
            "center_lng": "80.215172",
            "other_names": "",
            "lg_code": "11",
            "province_id": "LK-3",
            "district_id": "LK-31",
            "dsd_id": "LK-3139",
            "ed_id": "EC-07",
            "pd_id": "EC-07H"
          },
          "type": "Polygon",
          "arcs": [
            [
              -468,
              -459,
              -440,
              -462,
              435
            ]
          ],
          "id": "feature_097"
        },
        {
          "properties": {
            "id": "LG-31021",
            "name": "Ambalangoda UC",
            "area_sqkm": "7.23",
            "center_lat": "6.242114",
            "center_lng": "80.065724",
            "other_names": "",
            "lg_code": "21",
            "province_id": "LK-3",
            "district_id": "LK-31",
            "dsd_id": "LK-3133",
            "ed_id": "EC-07",
            "pd_id": "EC-07B"
          },
          "type": "Polygon",
          "arcs": [
            [
              436,
              -448,
              -474,
              -441,
              -470
            ]
          ],
          "id": "feature_098"
        },
        {
          "properties": {
            "id": "LG-31022",
            "name": "Hikkaduwa UC",
            "area_sqkm": "13.04",
            "center_lat": "6.128233",
            "center_lng": "80.119869",
            "other_names": "",
            "lg_code": "22",
            "province_id": "LK-3",
            "district_id": "LK-31",
            "dsd_id": "LK-3136",
            "ed_id": "EC-07",
            "pd_id": "EC-07G"
          },
          "type": "MultiPolygon",
          "arcs": [
            [
              [
                -472,
                -442,
                -443,
                -465,
                437
              ]
            ],
            [
              [
                438
              ]
            ]
          ],
          "id": "feature_099"
        },
        {
          "properties": {
            "id": "LG-31031",
            "name": "Akmeemana PS",
            "area_sqkm": "71.2",
            "center_lat": "6.059798",
            "center_lng": "80.284577",
            "other_names": "",
            "lg_code": "31",
            "province_id": "LK-3",
            "district_id": "LK-31",
            "dsd_id": "LK-3145",
            "ed_id": "EC-07",
            "pd_id": "EC-07I"
          },
          "type": "Polygon",
          "arcs": [
            [
              439,
              -458,
              -447,
              -446,
              -445,
              -499,
              -500,
              -463
            ]
          ],
          "id": "feature_100"
        },
        {
          "properties": {
            "id": "LG-31032",
            "name": "Ambalangoda PS",
            "area_sqkm": "67.37",
            "center_lat": "6.198961",
            "center_lng": "80.116809",
            "other_names": "",
            "lg_code": "32",
            "province_id": "LK-3",
            "district_id": "LK-31",
            "dsd_id": "",
            "ed_id": "EC-07",
            "pd_id": "EC-07B"
          },
          "type": "Polygon",
          "arcs": [
            [
              440,
              -478,
              -511,
              -510,
              -509,
              -508,
              -444,
              441,
              -471
            ]
          ],
          "id": "feature_101"
        },
        {
          "properties": {
            "id": "LG-31033",
            "name": "Baddegama PS",
            "area_sqkm": "112.86",
            "center_lat": "6.136369",
            "center_lng": "80.220155",
            "other_names": "",
            "lg_code": "33",
            "province_id": "LK-3",
            "district_id": "LK-31",
            "dsd_id": "",
            "ed_id": "EC-07",
            "pd_id": ""
          },
          "type": "Polygon",
          "arcs": [
            [
              -466,
              442,
              443,
              -520,
              -482,
              -481,
              480,
              -480,
              -479,
              478,
              -483,
              -497,
              -496,
              495,
              -495,
              -494,
              493,
              -493,
              444,
              445,
              446,
              -457,
              -456,
              455,
              -455
            ]
          ],
          "id": "feature_102"
        },
        {
          "properties": {
            "id": "LG-31034",
            "name": "Balapitiya PS",
            "area_sqkm": "54.26",
            "center_lat": "6.314523",
            "center_lng": "80.050593",
            "other_names": "",
            "lg_code": "34",
            "province_id": "LK-3",
            "district_id": "LK-31",
            "dsd_id": "LK-3106",
            "ed_id": "EC-07",
            "pd_id": "EC-07A"
          },
          "type": "Polygon",
          "arcs": [
            [
              -454,
              -475,
              447,
              448
            ]
          ],
          "id": "feature_103"
        },
        {
          "properties": {
            "id": "LG-31035",
            "name": "Benthota PS",
            "area_sqkm": "70.97",
            "center_lat": "6.386622",
            "center_lng": "80.055626",
            "other_names": "",
            "lg_code": "35",
            "province_id": "LK-3",
            "district_id": "LK-31",
            "dsd_id": "LK-3103",
            "ed_id": "EC-07",
            "pd_id": "EC-07D"
          },
          "type": "Polygon",
          "arcs": [
            [
              449,
              450,
              451,
              452,
              -460,
              -476,
              453
            ]
          ],
          "id": "feature_104"
        },
        {
          "properties": {
            "id": "LG-31036",
            "name": "Bope_Poddala PS",
            "area_sqkm": "33.72",
            "center_lat": "6.081956",
            "center_lng": "80.211473",
            "other_names": "",
            "lg_code": "36",
            "province_id": "LK-3",
            "district_id": "LK-31",
            "dsd_id": "",
            "ed_id": "EC-07",
            "pd_id": ""
          },
          "type": "Polygon",
          "arcs": [
            [
              -467,
              454,
              -456,
              455,
              456,
              457,
              458
            ]
          ],
          "id": "feature_105"
        },
        {
          "properties": {
            "id": "LG-31037",
            "name": "Elpitiya PS",
            "area_sqkm": "150.64",
            "center_lat": "6.290338",
            "center_lng": "80.185674",
            "other_names": "",
            "lg_code": "37",
            "province_id": "LK-3",
            "district_id": "LK-31",
            "dsd_id": "LK-3112",
            "ed_id": "EC-07",
            "pd_id": "EC-07D"
          },
          "type": "Polygon",
          "arcs": [
            [
              -477,
              459,
              460,
              -487,
              -515,
              -514,
              513,
              -513
            ]
          ],
          "id": "feature_106"
        },
        {
          "properties": {
            "id": "LG-31038",
            "name": "Habaraduwa PS",
            "area_sqkm": "48.81",
            "center_lat": "6.001825",
            "center_lng": "80.320646",
            "other_names": "",
            "lg_code": "38",
            "province_id": "LK-3",
            "district_id": "LK-31",
            "dsd_id": "LK-3154",
            "ed_id": "EC-07",
            "pd_id": "EC-07J"
          },
          "type": "Polygon",
          "arcs": [
            [
              461,
              462,
              -507,
              -506,
              -551,
              463
            ]
          ],
          "id": "feature_107"
        },
        {
          "properties": {
            "id": "LG-31039",
            "name": "Rajgama PS",
            "area_sqkm": "50.13",
            "center_lat": "6.142852",
            "center_lng": "80.123289",
            "other_names": "",
            "lg_code": "39",
            "province_id": "LK-3",
            "district_id": "LK-31",
            "dsd_id": "",
            "ed_id": "EC-07",
            "pd_id": "EC-07G"
          },
          "type": "MultiPolygon",
          "arcs": [
            [
              [
                464,
                465,
                466,
                467,
                468
              ]
            ],
            [
              [
                469,
                470,
                471,
                472
              ]
            ]
          ],
          "id": "feature_108"
        },
        {
          "properties": {
            "id": "LG-31040",
            "name": "Karandeniya PS",
            "area_sqkm": "88.55",
            "center_lat": "6.301085",
            "center_lng": "80.100581",
            "other_names": "",
            "lg_code": "40",
            "province_id": "LK-3",
            "district_id": "LK-31",
            "dsd_id": "LK-3109",
            "ed_id": "EC-07",
            "pd_id": "EC-07C"
          },
          "type": "Polygon",
          "arcs": [
            [
              473,
              474,
              475,
              476,
              -512,
              477
            ]
          ],
          "id": "feature_109"
        },
        {
          "properties": {
            "id": "LG-31041",
            "name": "Nagoda PS",
            "area_sqkm": "173.43",
            "center_lat": "6.199194",
            "center_lng": "80.313741",
            "other_names": "",
            "lg_code": "41",
            "province_id": "LK-3",
            "district_id": "LK-31",
            "dsd_id": "LK-3124",
            "ed_id": "EC-07",
            "pd_id": ""
          },
          "type": "Polygon",
          "arcs": [
            [
              -479,
              478,
              479,
              -481,
              480,
              481,
              -519,
              -518,
              517,
              -517,
              -486,
              -492,
              -525,
              -498,
              482
            ]
          ],
          "id": "feature_110"
        },
        {
          "properties": {
            "id": "LG-31042",
            "name": "Neluwa PS",
            "area_sqkm": "152.51",
            "center_lat": "6.360383",
            "center_lng": "80.409622",
            "other_names": "",
            "lg_code": "42",
            "province_id": "LK-3",
            "district_id": "LK-31",
            "dsd_id": "LK-3121",
            "ed_id": "EC-07",
            "pd_id": "EC-07E"
          },
          "type": "Polygon",
          "arcs": [
            [
              -491,
              483,
              -1834,
              -535,
              -565
            ]
          ],
          "id": "feature_111"
        },
        {
          "properties": {
            "id": "LG-31043",
            "name": "Niyagama PS",
            "area_sqkm": "104.37",
            "center_lat": "6.302514",
            "center_lng": "80.251476",
            "other_names": "",
            "lg_code": "43",
            "province_id": "LK-3",
            "district_id": "LK-31",
            "dsd_id": "LK-3115",
            "ed_id": "EC-07",
            "pd_id": "EC-07E"
          },
          "type": "Polygon",
          "arcs": [
            [
              484,
              -488,
              485,
              -516,
              486
            ]
          ],
          "id": "feature_112"
        },
        {
          "properties": {
            "id": "LG-31044",
            "name": "Thawalama PS",
            "area_sqkm": "173.7",
            "center_lat": "6.292952",
            "center_lng": "80.354998",
            "other_names": "",
            "lg_code": "44",
            "province_id": "LK-3",
            "district_id": "LK-31",
            "dsd_id": "LK-3118",
            "ed_id": "EC-07",
            "pd_id": "EC-07E"
          },
          "type": "Polygon",
          "arcs": [
            [
              487,
              488,
              489,
              490,
              -564,
              -526,
              491
            ]
          ],
          "id": "feature_113"
        },
        {
          "properties": {
            "id": "LG-31045",
            "name": "Yakkalamulla PS",
            "area_sqkm": "108.68",
            "center_lat": "6.107609",
            "center_lng": "80.360034",
            "other_names": "",
            "lg_code": "45",
            "province_id": "LK-3",
            "district_id": "LK-31",
            "dsd_id": "LK-3148",
            "ed_id": "EC-07",
            "pd_id": "EC-07F"
          },
          "type": "Polygon",
          "arcs": [
            [
              492,
              -494,
              493,
              494,
              -496,
              495,
              496,
              497,
              -524,
              -553,
              -505,
              -504,
              503,
              -503,
              -502,
              -501,
              498
            ]
          ],
          "id": "feature_114"
        },
        {
          "properties": {
            "id": "LG-31046",
            "name": "Imaduwa PS",
            "area_sqkm": "58.36",
            "center_lat": "6.032628",
            "center_lng": "80.358504",
            "other_names": "",
            "lg_code": "46",
            "province_id": "LK-3",
            "district_id": "LK-31",
            "dsd_id": "LK-3151",
            "ed_id": "EC-07",
            "pd_id": "EC-07J"
          },
          "type": "Polygon",
          "arcs": [
            [
              499,
              500,
              501,
              502,
              -504,
              503,
              504,
              -552,
              505,
              506
            ]
          ],
          "id": "feature_115"
        },
        {
          "properties": {
            "id": "LG-31047",
            "name": "Welivitiya_Divithura PS",
            "area_sqkm": "56.47",
            "center_lat": "6.206917",
            "center_lng": "80.180778",
            "other_names": "",
            "lg_code": "47",
            "province_id": "LK-3",
            "district_id": "LK-31",
            "dsd_id": "LK-3130",
            "ed_id": "EC-07",
            "pd_id": "EC-07C"
          },
          "type": "Polygon",
          "arcs": [
            [
              507,
              508,
              509,
              510,
              511,
              512,
              -514,
              513,
              514,
              515,
              516,
              -518,
              517,
              518,
              519
            ]
          ],
          "id": "feature_116"
        },
        {
          "properties": {
            "id": "LG-32011",
            "name": "Matara MC",
            "area_sqkm": "23.14",
            "center_lat": "5.952797",
            "center_lng": "80.538466",
            "other_names": "",
            "lg_code": "11",
            "province_id": "LK-3",
            "district_id": "LK-32",
            "dsd_id": "LK-3242",
            "ed_id": "EC-08",
            "pd_id": "EC-08F"
          },
          "type": "Polygon",
          "arcs": [
            [
              -558,
              -545,
              -556,
              -538,
              -544,
              -534,
              -539,
              -527,
              520
            ]
          ],
          "id": "feature_117"
        },
        {
          "properties": {
            "id": "LG-32021",
            "name": "Weligama UC",
            "area_sqkm": "4.93",
            "center_lat": "5.971829",
            "center_lng": "80.423023",
            "other_names": "",
            "lg_code": "21",
            "province_id": "LK-3",
            "district_id": "LK-32",
            "dsd_id": "LK-3239",
            "ed_id": "EC-08",
            "pd_id": "EC-08G"
          },
          "type": "Polygon",
          "arcs": [
            [
              521,
              -560,
              522,
              -562
            ]
          ],
          "id": "feature_118"
        },
        {
          "properties": {
            "id": "LG-32031",
            "name": "Akuressa PS",
            "area_sqkm": "150.06",
            "center_lat": "6.135891",
            "center_lng": "80.440469",
            "other_names": "",
            "lg_code": "31",
            "province_id": "LK-3",
            "district_id": "LK-32",
            "dsd_id": "LK-3218",
            "ed_id": "EC-08",
            "pd_id": "EC-08C"
          },
          "type": "Polygon",
          "arcs": [
            [
              523,
              524,
              525,
              -569,
              -574,
              -536,
              -554
            ]
          ],
          "id": "feature_119"
        },
        {
          "properties": {
            "id": "LG-32032",
            "name": "Devinuwara PS",
            "area_sqkm": "38.16",
            "center_lat": "5.977065",
            "center_lng": "80.614856",
            "other_names": "",
            "lg_code": "32",
            "province_id": "LK-3",
            "district_id": "LK-32",
            "dsd_id": "LK-3245",
            "ed_id": "EC-08",
            "pd_id": "EC-08E"
          },
          "type": "MultiPolygon",
          "arcs": [
            [
              [
                526,
                -541,
                -533,
                -578,
                -530,
                527
              ]
            ],
            [
              [
                528
              ]
            ]
          ],
          "id": "feature_120"
        },
        {
          "properties": {
            "id": "LG-32033",
            "name": "Dickwella PS",
            "area_sqkm": "51.11",
            "center_lat": "5.985368",
            "center_lng": "80.673372",
            "other_names": "",
            "lg_code": "33",
            "province_id": "LK-3",
            "district_id": "LK-32",
            "dsd_id": "LK-3248",
            "ed_id": "EC-08",
            "pd_id": "EC-08E"
          },
          "type": "Polygon",
          "arcs": [
            [
              529,
              -577,
              -584,
              -583,
              -587,
              -599,
              530
            ]
          ],
          "id": "feature_121"
        },
        {
          "properties": {
            "id": "LG-32034",
            "name": "Hakmana PS",
            "area_sqkm": "49.52",
            "center_lat": "6.094981",
            "center_lng": "80.649031",
            "other_names": "",
            "lg_code": "34",
            "province_id": "LK-3",
            "district_id": "LK-32",
            "dsd_id": "LK-3230",
            "ed_id": "EC-08",
            "pd_id": ""
          },
          "type": "Polygon",
          "arcs": [
            [
              -532,
              -546,
              -614,
              -586,
              -576
            ]
          ],
          "id": "feature_122"
        },
        {
          "properties": {
            "id": "LG-32035",
            "name": "Kamburupitiya PS",
            "area_sqkm": "110.7",
            "center_lat": "6.039269",
            "center_lng": "80.5605",
            "other_names": "",
            "lg_code": "35",
            "province_id": "LK-3",
            "district_id": "LK-32",
            "dsd_id": "",
            "ed_id": "EC-08",
            "pd_id": "EC-08D"
          },
          "type": "Polygon",
          "arcs": [
            [
              -543,
              -537,
              -572,
              -547,
              531,
              -575,
              532,
              -540,
              533
            ]
          ],
          "id": "feature_123"
        },
        {
          "properties": {
            "id": "LG-32036",
            "name": "Kotapola PS",
            "area_sqkm": "178.98",
            "center_lat": "6.322503",
            "center_lng": "80.538487",
            "other_names": "",
            "lg_code": "36",
            "province_id": "LK-3",
            "district_id": "LK-32",
            "dsd_id": "LK-3206",
            "ed_id": "EC-08",
            "pd_id": "EC-08A"
          },
          "type": "Polygon",
          "arcs": [
            [
              -566,
              534,
              -1833,
              -1838,
              -548
            ]
          ],
          "id": "feature_124"
        },
        {
          "properties": {
            "id": "LG-32037",
            "name": "Malimbada PS",
            "area_sqkm": "42.86",
            "center_lat": "6.019686",
            "center_lng": "80.49915",
            "other_names": "",
            "lg_code": "37",
            "province_id": "LK-3",
            "district_id": "LK-32",
            "dsd_id": "LK-3224",
            "ed_id": "EC-08",
            "pd_id": "EC-08C"
          },
          "type": "Polygon",
          "arcs": [
            [
              535,
              -573,
              536,
              -542,
              537,
              -555
            ]
          ],
          "id": "feature_125"
        },
        {
          "properties": {
            "id": "LG-32038",
            "name": "Matara PS",
            "area_sqkm": "33.49",
            "center_lat": "5.969664",
            "center_lng": "80.580371",
            "other_names": "",
            "lg_code": "38",
            "province_id": "LK-3",
            "district_id": "LK-32",
            "dsd_id": "LK-3242",
            "ed_id": "EC-08",
            "pd_id": "EC-08F"
          },
          "type": "MultiPolygon",
          "arcs": [
            [
              [
                538,
                539,
                540
              ]
            ],
            [
              [
                541,
                542,
                543
              ]
            ],
            [
              [
                -557,
                544
              ]
            ]
          ],
          "id": "feature_126"
        },
        {
          "properties": {
            "id": "LG-32039",
            "name": "Mulatiyana PS",
            "area_sqkm": "120.4",
            "center_lat": "6.147335",
            "center_lng": "80.586973",
            "other_names": "",
            "lg_code": "39",
            "province_id": "LK-3",
            "district_id": "LK-32",
            "dsd_id": "LK-3212",
            "ed_id": "EC-08",
            "pd_id": "EC-08B"
          },
          "type": "Polygon",
          "arcs": [
            [
              -571,
              -568,
              -549,
              -597,
              -615,
              545,
              546
            ]
          ],
          "id": "feature_127"
        },
        {
          "properties": {
            "id": "LG-32040",
            "name": "Pasgoda PS",
            "area_sqkm": "154.01",
            "center_lat": "6.276173",
            "center_lng": "80.608151",
            "other_names": "",
            "lg_code": "40",
            "province_id": "LK-3",
            "district_id": "LK-32",
            "dsd_id": "LK-3209",
            "ed_id": "EC-08",
            "pd_id": ""
          },
          "type": "Polygon",
          "arcs": [
            [
              -567,
              547,
              -1837,
              -1836,
              1835,
              -595,
              548
            ]
          ],
          "id": "feature_128"
        },
        {
          "properties": {
            "id": "LG-32042",
            "name": "Weligama PS",
            "area_sqkm": "107.06",
            "center_lat": "5.99918",
            "center_lng": "80.442313",
            "other_names": "",
            "lg_code": "42",
            "province_id": "LK-3",
            "district_id": "LK-32",
            "dsd_id": "",
            "ed_id": "EC-08",
            "pd_id": "EC-08G"
          },
          "type": "MultiPolygon",
          "arcs": [
            [
              [
                549,
                550,
                551,
                552,
                553,
                554,
                555,
                556,
                557,
                558,
                559
              ]
            ],
            [
              [
                560
              ]
            ],
            [
              [
                561,
                562
              ]
            ]
          ],
          "id": "feature_129"
        },
        {
          "properties": {
            "id": "LG-32043",
            "name": "Pitadeddara PS",
            "area_sqkm": "136.99",
            "center_lat": "6.239504",
            "center_lng": "80.473365",
            "other_names": "",
            "lg_code": "43",
            "province_id": "LK-3",
            "district_id": "LK-32",
            "dsd_id": "LK-3203",
            "ed_id": "EC-08",
            "pd_id": "EC-08A"
          },
          "type": "Polygon",
          "arcs": [
            [
              563,
              564,
              565,
              566,
              567,
              -570,
              568
            ]
          ],
          "id": "feature_130"
        },
        {
          "properties": {
            "id": "LG-32044",
            "name": "Athuraliya PS",
            "area_sqkm": "63.05",
            "center_lat": "6.117181",
            "center_lng": "80.509603",
            "other_names": "",
            "lg_code": "44",
            "province_id": "LK-3",
            "district_id": "LK-32",
            "dsd_id": "LK-3215",
            "ed_id": "EC-08",
            "pd_id": "EC-08C"
          },
          "type": "Polygon",
          "arcs": [
            [
              569,
              570,
              571,
              572,
              573
            ]
          ],
          "id": "feature_131"
        },
        {
          "properties": {
            "id": "LG-32045",
            "name": "Kirinda Puhulwella PS",
            "area_sqkm": "41.91",
            "center_lat": "6.046066",
            "center_lng": "80.636112",
            "other_names": "",
            "lg_code": "45",
            "province_id": "LK-3",
            "district_id": "LK-32",
            "dsd_id": "LK-3233",
            "ed_id": "EC-08",
            "pd_id": "EC-08D"
          },
          "type": "Polygon",
          "arcs": [
            [
              574,
              575,
              -585,
              576,
              577
            ]
          ],
          "id": "feature_132"
        },
        {
          "properties": {
            "id": "LG-33011",
            "name": "Hambantota MC",
            "area_sqkm": "91.8",
            "center_lat": "6.167139",
            "center_lng": "81.120387",
            "other_names": "",
            "lg_code": "11",
            "province_id": "LK-3",
            "district_id": "LK-33",
            "dsd_id": "LK-3312",
            "ed_id": "EC-09",
            "pd_id": "EC-09D"
          },
          "type": "Polygon",
          "arcs": [
            [
              -593,
              578
            ]
          ],
          "id": "feature_133"
        },
        {
          "properties": {
            "id": "LG-33021",
            "name": "Tangalle UC",
            "area_sqkm": "3.18",
            "center_lat": "6.031879",
            "center_lng": "80.794863",
            "other_names": "",
            "lg_code": "21",
            "province_id": "LK-3",
            "district_id": "LK-33",
            "dsd_id": "LK-3333",
            "ed_id": "EC-09",
            "pd_id": "EC-09C"
          },
          "type": "Polygon",
          "arcs": [
            [
              -606,
              579
            ]
          ],
          "id": "feature_134"
        },
        {
          "properties": {
            "id": "LG-33031",
            "name": "Ambalantota PS",
            "area_sqkm": "212.81",
            "center_lat": "6.16102",
            "center_lng": "80.96355",
            "other_names": "",
            "lg_code": "31",
            "province_id": "LK-3",
            "district_id": "LK-33",
            "dsd_id": "LK-3315",
            "ed_id": "EC-09",
            "pd_id": ""
          },
          "type": "Polygon",
          "arcs": [
            [
              -582,
              -1821,
              -628,
              -591,
              -590,
              589,
              -589,
              -588,
              580,
              -604
            ]
          ],
          "id": "feature_135"
        },
        {
          "properties": {
            "id": "LG-33032",
            "name": "Angunakolapelessa PS",
            "area_sqkm": "171.85",
            "center_lat": "6.19339",
            "center_lng": "80.851244",
            "other_names": "",
            "lg_code": "32",
            "province_id": "LK-3",
            "district_id": "LK-33",
            "dsd_id": "LK-3318",
            "ed_id": "EC-09",
            "pd_id": "EC-09C"
          },
          "type": "Polygon",
          "arcs": [
            [
              -621,
              -620,
              619,
              -619,
              -618,
              -617,
              -596,
              -1822,
              581,
              -603
            ]
          ],
          "id": "feature_136"
        },
        {
          "properties": {
            "id": "LG-33033",
            "name": "Beliatta PS",
            "area_sqkm": "102.7",
            "center_lat": "6.050734",
            "center_lng": "80.720383",
            "other_names": "",
            "lg_code": "33",
            "province_id": "LK-3",
            "district_id": "LK-33",
            "dsd_id": "LK-3330",
            "ed_id": "EC-09",
            "pd_id": "EC-09B"
          },
          "type": "Polygon",
          "arcs": [
            [
              582,
              583,
              584,
              585,
              -625,
              -602,
              -601,
              600,
              -600,
              586
            ]
          ],
          "id": "feature_137"
        },
        {
          "properties": {
            "id": "LG-33034",
            "name": "Hambantota PS",
            "area_sqkm": "251.98",
            "center_lat": "6.218205",
            "center_lng": "81.123751",
            "other_names": "",
            "lg_code": "34",
            "province_id": "LK-3",
            "district_id": "LK-33",
            "dsd_id": "LK-3312",
            "ed_id": "EC-09",
            "pd_id": "EC-09D"
          },
          "type": "Polygon",
          "arcs": [
            [
              587,
              588,
              -590,
              589,
              590,
              -627,
              -598,
              -613,
              -612,
              611,
              -611,
              591,
              592,
              593
            ]
          ],
          "id": "feature_138"
        },
        {
          "properties": {
            "id": "LG-33035",
            "name": "Katuwana PS",
            "area_sqkm": "169.07",
            "center_lat": "6.242033",
            "center_lng": "80.694471",
            "other_names": "",
            "lg_code": "35",
            "province_id": "LK-3",
            "district_id": "LK-33",
            "dsd_id": "",
            "ed_id": "EC-09",
            "pd_id": ""
          },
          "type": "Polygon",
          "arcs": [
            [
              594,
              -1836,
              -1835,
              -1823,
              595,
              -616,
              596
            ]
          ],
          "id": "feature_139"
        },
        {
          "properties": {
            "id": "LG-33036",
            "name": "Lunugamvehera PS",
            "area_sqkm": "284.91",
            "center_lat": "6.33159",
            "center_lng": "81.162489",
            "other_names": "",
            "lg_code": "36",
            "province_id": "LK-3",
            "district_id": "LK-33",
            "dsd_id": "LK-3306",
            "ed_id": "EC-09",
            "pd_id": "EC-09D"
          },
          "type": "MultiPolygon",
          "arcs": [
            [
              [
                -1791,
                -1753,
                -609
              ]
            ],
            [
              [
                -626,
                -1793,
                -608,
                597
              ]
            ]
          ],
          "id": "feature_140"
        },
        {
          "properties": {
            "id": "LG-33037",
            "name": "Tangalle PS",
            "area_sqkm": "149.58",
            "center_lat": "6.07345",
            "center_lng": "80.827124",
            "other_names": "",
            "lg_code": "37",
            "province_id": "LK-3",
            "district_id": "LK-33",
            "dsd_id": "LK-3333",
            "ed_id": "EC-09",
            "pd_id": ""
          },
          "type": "Polygon",
          "arcs": [
            [
              598,
              599,
              -601,
              600,
              601,
              -624,
              -623,
              622,
              -622,
              602,
              603,
              604,
              605,
              606
            ]
          ],
          "id": "feature_141"
        },
        {
          "properties": {
            "id": "LG-33038",
            "name": "Thissamaharama PS",
            "area_sqkm": "792.11",
            "center_lat": "6.362319",
            "center_lng": "81.429386",
            "other_names": "",
            "lg_code": "38",
            "province_id": "LK-3",
            "district_id": "LK-33",
            "dsd_id": "LK-3309",
            "ed_id": "EC-09",
            "pd_id": "EC-09D"
          },
          "type": "Polygon",
          "arcs": [
            [
              607,
              -1792,
              608,
              -1755,
              -1297,
              609,
              610,
              -612,
              611,
              612
            ]
          ],
          "id": "feature_142"
        },
        {
          "properties": {
            "id": "LG-33039",
            "name": "Weeraketiya PS",
            "area_sqkm": "201.41",
            "center_lat": "6.167414",
            "center_lng": "80.742377",
            "other_names": "",
            "lg_code": "39",
            "province_id": "LK-3",
            "district_id": "LK-33",
            "dsd_id": "",
            "ed_id": "EC-09",
            "pd_id": ""
          },
          "type": "Polygon",
          "arcs": [
            [
              613,
              614,
              615,
              616,
              -618,
              618,
              -620,
              619,
              620,
              621,
              -623,
              622,
              623,
              624
            ]
          ],
          "id": "feature_143"
        },
        {
          "properties": {
            "id": "LG-33040",
            "name": "Sooriyawewa PS",
            "area_sqkm": "193.66",
            "center_lat": "6.29244",
            "center_lng": "81.015794",
            "other_names": "",
            "lg_code": "40",
            "province_id": "LK-3",
            "district_id": "LK-33",
            "dsd_id": "LK-3303",
            "ed_id": "EC-09",
            "pd_id": "EC-09D"
          },
          "type": "Polygon",
          "arcs": [
            [
              -1820,
              -1794,
              625,
              626,
              627
            ]
          ],
          "id": "feature_144"
        },
        {
          "properties": {
            "id": "LG-41011",
            "name": "Jaffna MC",
            "area_sqkm": "22.75",
            "center_lat": "9.667866",
            "center_lng": "80.028321",
            "other_names": "",
            "lg_code": "11",
            "province_id": "LK-4",
            "district_id": "LK-41",
            "dsd_id": "",
            "ed_id": "EC-10",
            "pd_id": ""
          },
          "type": "Polygon",
          "arcs": [
            [
              -754,
              628,
              -741,
              -740,
              738,
              739,
              -738,
              -707,
              -706,
              -708,
              -717,
              -637,
              -702,
              629
            ]
          ],
          "id": "feature_145"
        },
        {
          "properties": {
            "id": "LG-41021",
            "name": "Chavakachcheri UC",
            "area_sqkm": "21.72",
            "center_lat": "9.667126",
            "center_lng": "80.162788",
            "other_names": "",
            "lg_code": "21",
            "province_id": "LK-4",
            "district_id": "LK-41",
            "dsd_id": "LK-4130",
            "ed_id": "EC-10",
            "pd_id": "EC-10H"
          },
          "type": "MultiPolygon",
          "arcs": [
            [
              [
                -639,
                630
              ]
            ],
            [
              [
                631
              ]
            ],
            [
              [
                632
              ]
            ]
          ],
          "id": "feature_146"
        },
        {
          "properties": {
            "id": "LG-41022",
            "name": "Point Pedro UC",
            "area_sqkm": "4.91",
            "center_lat": "9.820294",
            "center_lng": "80.241709",
            "other_names": "",
            "lg_code": "22",
            "province_id": "LK-4",
            "district_id": "LK-41",
            "dsd_id": "LK-4127",
            "ed_id": "EC-10",
            "pd_id": "EC-10G"
          },
          "type": "Polygon",
          "arcs": [
            [
              -711,
              633
            ]
          ],
          "id": "feature_147"
        },
        {
          "properties": {
            "id": "LG-41023",
            "name": "Valvettiturai UC/ Vadamaradchi South West PS",
            "area_sqkm": "7.93",
            "center_lat": "9.81762",
            "center_lng": "80.152502",
            "other_names": "",
            "lg_code": "23/36",
            "province_id": "LK-4",
            "district_id": "LK-41",
            "dsd_id": "",
            "ed_id": "EC-10",
            "pd_id": "EC-10F"
          },
          "type": "Polygon",
          "arcs": [
            [
              -720,
              634,
              -709,
              -714
            ]
          ],
          "id": "feature_148"
        },
        {
          "properties": {
            "id": "LG-41031",
            "name": "Chavakachcheri PS",
            "area_sqkm": "213.43",
            "center_lat": "9.678263",
            "center_lng": "80.192078",
            "other_names": "",
            "lg_code": "31",
            "province_id": "LK-4",
            "district_id": "LK-41",
            "dsd_id": "LK-4130",
            "ed_id": "EC-10",
            "pd_id": "EC-10H"
          },
          "type": "MultiPolygon",
          "arcs": [
            [
              [
                635,
                636,
                -722,
                -716,
                -713,
                -1007,
                637,
                638
              ]
            ],
            [
              [
                639
              ]
            ],
            [
              [
                640
              ]
            ],
            [
              [
                641
              ]
            ],
            [
              [
                642
              ]
            ],
            [
              [
                643
              ]
            ],
            [
              [
                644
              ]
            ],
            [
              [
                645
              ]
            ],
            [
              [
                646
              ]
            ],
            [
              [
                647
              ]
            ],
            [
              [
                648
              ]
            ],
            [
              [
                649
              ]
            ],
            [
              [
                650
              ]
            ],
            [
              [
                651
              ]
            ],
            [
              [
                652
              ]
            ],
            [
              [
                653
              ]
            ],
            [
              [
                654
              ]
            ],
            [
              [
                655
              ]
            ],
            [
              [
                656
              ]
            ],
            [
              [
                657
              ]
            ],
            [
              [
                658
              ]
            ],
            [
              [
                659
              ]
            ],
            [
              [
                660
              ]
            ],
            [
              [
                661
              ]
            ],
            [
              [
                662
              ]
            ],
            [
              [
                663
              ]
            ],
            [
              [
                664
              ]
            ],
            [
              [
                665
              ]
            ],
            [
              [
                666
              ]
            ],
            [
              [
                667
              ]
            ],
            [
              [
                668
              ]
            ],
            [
              [
                669
              ]
            ],
            [
              [
                670
              ]
            ],
            [
              [
                671
              ]
            ],
            [
              [
                672
              ]
            ],
            [
              [
                673
              ]
            ],
            [
              [
                674
              ]
            ],
            [
              [
                675
              ]
            ],
            [
              [
                676
              ]
            ],
            [
              [
                677
              ]
            ],
            [
              [
                678
              ]
            ],
            [
              [
                679
              ]
            ],
            [
              [
                680
              ]
            ],
            [
              [
                681
              ]
            ],
            [
              [
                682
              ]
            ],
            [
              [
                683
              ]
            ],
            [
              [
                684
              ]
            ],
            [
              [
                685
              ]
            ],
            [
              [
                686
              ]
            ],
            [
              [
                687
              ]
            ],
            [
              [
                688
              ]
            ],
            [
              [
                689
              ]
            ],
            [
              [
                690
              ]
            ],
            [
              [
                691
              ]
            ]
          ],
          "id": "feature_149"
        },
        {
          "properties": {
            "id": "LG-41032",
            "name": "Delft PS",
            "area_sqkm": "48.44",
            "center_lat": "9.513087",
            "center_lng": "79.690805",
            "other_names": "",
            "lg_code": "32",
            "province_id": "LK-4",
            "district_id": "LK-41",
            "dsd_id": "LK-4142",
            "ed_id": "EC-10",
            "pd_id": "EC-10A"
          },
          "type": "MultiPolygon",
          "arcs": [
            [
              [
                692
              ]
            ],
            [
              [
                693
              ]
            ]
          ],
          "id": "feature_150"
        },
        {
          "properties": {
            "id": "LG-41033",
            "name": "Kayts PS",
            "area_sqkm": "32.47",
            "center_lat": "9.67518",
            "center_lng": "79.850124",
            "other_names": "",
            "lg_code": "33",
            "province_id": "LK-4",
            "district_id": "LK-41",
            "dsd_id": "LK-4103",
            "ed_id": "EC-10",
            "pd_id": "EC-10A"
          },
          "type": "MultiPolygon",
          "arcs": [
            [
              [
                -752,
                694
              ]
            ],
            [
              [
                695
              ]
            ],
            [
              [
                696
              ]
            ],
            [
              [
                697
              ]
            ],
            [
              [
                698
              ]
            ],
            [
              [
                699
              ]
            ]
          ],
          "id": "feature_151"
        },
        {
          "properties": {
            "id": "LG-41034",
            "name": "Nallur PS",
            "area_sqkm": "20.9",
            "center_lat": "9.665127",
            "center_lng": "80.057198",
            "other_names": "",
            "lg_code": "34",
            "province_id": "LK-4",
            "district_id": "LK-41",
            "dsd_id": "LK-4133",
            "ed_id": "EC-10",
            "pd_id": "EC-10I"
          },
          "type": "MultiPolygon",
          "arcs": [
            [
              [
                700,
                701
              ]
            ],
            [
              [
                702
              ]
            ],
            [
              [
                703
              ]
            ],
            [
              [
                704
              ]
            ],
            [
              [
                705,
                706,
                -737,
                -730,
                -718,
                707
              ]
            ]
          ],
          "id": "feature_152"
        },
        {
          "properties": {
            "id": "LG-41035",
            "name": "Point Pedro PS",
            "area_sqkm": "215.87",
            "center_lat": "9.63596",
            "center_lng": "80.388399",
            "other_names": "",
            "lg_code": "35",
            "province_id": "LK-4",
            "district_id": "LK-41",
            "dsd_id": "",
            "ed_id": "EC-10",
            "pd_id": ""
          },
          "type": "Polygon",
          "arcs": [
            [
              -715,
              708,
              709,
              710,
              711,
              -920,
              -934,
              -1008,
              712
            ]
          ],
          "id": "feature_153"
        },
        {
          "properties": {
            "id": "LG-41036",
            "name": "Vadamaradchi South West PS",
            "area_sqkm": "86.11",
            "center_lat": "9.775736",
            "center_lng": "80.183422",
            "other_names": "",
            "lg_code": "36",
            "province_id": "LK-4",
            "district_id": "LK-41",
            "dsd_id": "LK-4121",
            "ed_id": "EC-10",
            "pd_id": ""
          },
          "type": "Polygon",
          "arcs": [
            [
              -721,
              713,
              714,
              715
            ]
          ],
          "id": "feature_154"
        },
        {
          "properties": {
            "id": "LG-41037",
            "name": "Valikamam East PS",
            "area_sqkm": "108.75",
            "center_lat": "9.736957",
            "center_lng": "80.097029",
            "other_names": "",
            "lg_code": "37",
            "province_id": "LK-4",
            "district_id": "LK-41",
            "dsd_id": "LK-4118",
            "ed_id": "EC-10",
            "pd_id": "EC-10E"
          },
          "type": "Polygon",
          "arcs": [
            [
              716,
              717,
              -729,
              -728,
              -724,
              718,
              719,
              720,
              721
            ]
          ],
          "id": "feature_155"
        },
        {
          "properties": {
            "id": "LG-41038",
            "name": "Valikamam North PS",
            "area_sqkm": "61.68",
            "center_lat": "9.789107",
            "center_lng": "80.042169",
            "other_names": "",
            "lg_code": "38",
            "province_id": "LK-4",
            "district_id": "LK-41",
            "dsd_id": "LK-4112",
            "ed_id": "EC-10",
            "pd_id": "EC-10C"
          },
          "type": "Polygon",
          "arcs": [
            [
              -735,
              -734,
              733,
              -733,
              -732,
              722,
              723,
              -727,
              -726,
              -725
            ]
          ],
          "id": "feature_156"
        },
        {
          "properties": {
            "id": "LG-41039",
            "name": "Valikamam South PS",
            "area_sqkm": "34.38",
            "center_lat": "9.744762",
            "center_lng": "80.034763",
            "other_names": "",
            "lg_code": "39",
            "province_id": "LK-4",
            "district_id": "LK-41",
            "dsd_id": "LK-4115",
            "ed_id": "EC-10",
            "pd_id": ""
          },
          "type": "Polygon",
          "arcs": [
            [
              -736,
              724,
              725,
              726,
              727,
              728,
              729
            ]
          ],
          "id": "feature_157"
        },
        {
          "properties": {
            "id": "LG-41040",
            "name": "Valikamam South West PS",
            "area_sqkm": "47.65",
            "center_lat": "9.750615",
            "center_lng": "79.981145",
            "other_names": "",
            "lg_code": "40",
            "province_id": "LK-4",
            "district_id": "LK-41",
            "dsd_id": "LK-4109",
            "ed_id": "EC-10",
            "pd_id": ""
          },
          "type": "Polygon",
          "arcs": [
            [
              -748,
              -747,
              746,
              -746,
              -745,
              744,
              -744,
              730,
              731,
              732,
              -734,
              733,
              734,
              735,
              736,
              737,
              -740,
              738,
              739,
              740,
              741
            ]
          ],
          "id": "feature_158"
        },
        {
          "properties": {
            "id": "LG-41041",
            "name": "Valikamam West PS",
            "area_sqkm": "48.94",
            "center_lat": "9.74171",
            "center_lng": "79.945292",
            "other_names": "",
            "lg_code": "41",
            "province_id": "LK-4",
            "district_id": "LK-41",
            "dsd_id": "LK-4106",
            "ed_id": "EC-10",
            "pd_id": "EC-10B"
          },
          "type": "MultiPolygon",
          "arcs": [
            [
              [
                -797,
                742,
                743,
                -745,
                744,
                745,
                -747,
                746,
                747,
                748
              ]
            ],
            [
              [
                749
              ]
            ]
          ],
          "id": "feature_159"
        },
        {
          "properties": {
            "id": "LG-41042",
            "name": "Velanai PS",
            "area_sqkm": "90.73",
            "center_lat": "9.622153",
            "center_lng": "79.891398",
            "other_names": "",
            "lg_code": "42",
            "province_id": "LK-4",
            "district_id": "LK-41",
            "dsd_id": "LK-4139",
            "ed_id": "EC-10",
            "pd_id": "EC-10A"
          },
          "type": "MultiPolygon",
          "arcs": [
            [
              [
                750
              ]
            ],
            [
              [
                751,
                752,
                753,
                754
              ]
            ],
            [
              [
                755
              ]
            ],
            [
              [
                756
              ]
            ],
            [
              [
                757
              ]
            ],
            [
              [
                758
              ]
            ],
            [
              [
                759
              ]
            ],
            [
              [
                760
              ]
            ],
            [
              [
                761
              ]
            ],
            [
              [
                762
              ]
            ],
            [
              [
                763
              ]
            ],
            [
              [
                764
              ]
            ],
            [
              [
                765
              ]
            ],
            [
              [
                766
              ]
            ],
            [
              [
                767
              ]
            ],
            [
              [
                768
              ]
            ],
            [
              [
                769
              ]
            ],
            [
              [
                770
              ]
            ],
            [
              [
                771
              ]
            ],
            [
              [
                772
              ]
            ],
            [
              [
                773
              ]
            ],
            [
              [
                774
              ]
            ],
            [
              [
                775
              ]
            ],
            [
              [
                776
              ]
            ],
            [
              [
                777
              ]
            ],
            [
              [
                778
              ]
            ],
            [
              [
                779
              ]
            ],
            [
              [
                780
              ]
            ],
            [
              [
                781
              ]
            ],
            [
              [
                782
              ]
            ],
            [
              [
                783
              ]
            ],
            [
              [
                784
              ]
            ],
            [
              [
                785
              ]
            ],
            [
              [
                786
              ]
            ],
            [
              [
                787
              ]
            ],
            [
              [
                788
              ]
            ],
            [
              [
                789
              ]
            ],
            [
              [
                790
              ]
            ],
            [
              [
                791
              ]
            ],
            [
              [
                792
              ]
            ],
            [
              [
                793
              ]
            ],
            [
              [
                794
              ]
            ],
            [
              [
                795
              ]
            ]
          ],
          "id": "feature_160"
        },
        {
          "properties": {
            "id": "LG-41043",
            "name": "Karainagar PS",
            "area_sqkm": "23.64",
            "center_lat": "9.735886",
            "center_lng": "79.874717",
            "other_names": "",
            "lg_code": "43",
            "province_id": "LK-4",
            "district_id": "LK-41",
            "dsd_id": "LK-4104",
            "ed_id": "EC-10",
            "pd_id": "EC-10B"
          },
          "type": "MultiPolygon",
          "arcs": [
            [
              [
                796,
                797
              ]
            ],
            [
              [
                798
              ]
            ],
            [
              [
                799
              ]
            ]
          ],
          "id": "feature_161"
        },
        {
          "properties": {
            "id": "LG-42021",
            "name": "Mannar UC",
            "area_sqkm": "16.71",
            "center_lat": "8.980788",
            "center_lng": "79.896059",
            "other_names": "",
            "lg_code": "21",
            "province_id": "LK-4",
            "district_id": "LK-42",
            "dsd_id": "LK-4203",
            "ed_id": "EC-11",
            "pd_id": "EC-11A"
          },
          "type": "MultiPolygon",
          "arcs": [
            [
              [
                -825,
                800
              ]
            ],
            [
              [
                801
              ]
            ],
            [
              [
                802
              ]
            ],
            [
              [
                803
              ]
            ],
            [
              [
                804
              ]
            ],
            [
              [
                805
              ]
            ],
            [
              [
                806
              ]
            ],
            [
              [
                807
              ]
            ],
            [
              [
                808
              ]
            ],
            [
              [
                809
              ]
            ],
            [
              [
                810
              ]
            ],
            [
              [
                811
              ]
            ],
            [
              [
                812
              ]
            ],
            [
              [
                813
              ]
            ],
            [
              [
                814
              ]
            ],
            [
              [
                815
              ]
            ],
            [
              [
                816
              ]
            ]
          ],
          "id": "feature_162"
        },
        {
          "properties": {
            "id": "LG-42031",
            "name": "Mannar PS",
            "area_sqkm": "203.47",
            "center_lat": "8.992898",
            "center_lng": "79.886867",
            "other_names": "",
            "lg_code": "31",
            "province_id": "LK-4",
            "district_id": "LK-42",
            "dsd_id": "LK-4203",
            "ed_id": "EC-11",
            "pd_id": "EC-11A"
          },
          "type": "MultiPolygon",
          "arcs": [
            [
              [
                817,
                -840,
                -845
              ]
            ],
            [
              [
                818
              ]
            ],
            [
              [
                819
              ]
            ],
            [
              [
                820
              ]
            ],
            [
              [
                821
              ]
            ],
            [
              [
                822
              ]
            ],
            [
              [
                823
              ]
            ],
            [
              [
                824,
                825
              ]
            ],
            [
              [
                826
              ]
            ],
            [
              [
                827
              ]
            ],
            [
              [
                828
              ]
            ],
            [
              [
                829
              ]
            ],
            [
              [
                830
              ]
            ],
            [
              [
                831
              ]
            ],
            [
              [
                832
              ]
            ],
            [
              [
                833
              ]
            ],
            [
              [
                834
              ]
            ],
            [
              [
                835
              ]
            ],
            [
              [
                836
              ]
            ],
            [
              [
                837
              ]
            ]
          ],
          "id": "feature_163"
        },
        {
          "properties": {
            "id": "LG-42032",
            "name": "Manthai West PS",
            "area_sqkm": "1084.59",
            "center_lat": "8.958245",
            "center_lng": "80.171352",
            "other_names": "",
            "lg_code": "32",
            "province_id": "LK-4",
            "district_id": "LK-42",
            "dsd_id": "",
            "ed_id": "EC-11",
            "pd_id": "EC-11A"
          },
          "type": "MultiPolygon",
          "arcs": [
            [
              [
                838,
                -1024,
                -932,
                -929,
                -915,
                -887,
                -906,
                -846,
                839
              ]
            ],
            [
              [
                -1580,
                -843,
                -847,
                -904
              ]
            ],
            [
              [
                840
              ]
            ]
          ],
          "id": "feature_164"
        },
        {
          "properties": {
            "id": "LG-42033",
            "name": "Musali PS",
            "area_sqkm": "463.26",
            "center_lat": "8.677386",
            "center_lng": "80.021293",
            "other_names": "",
            "lg_code": "33",
            "province_id": "LK-4",
            "district_id": "LK-42",
            "dsd_id": "LK-4215",
            "ed_id": "EC-11",
            "pd_id": "EC-11A"
          },
          "type": "Polygon",
          "arcs": [
            [
              841,
              -848,
              842,
              -1579,
              -1578,
              -1526
            ]
          ],
          "id": "feature_165"
        },
        {
          "properties": {
            "id": "LG-42034",
            "name": "Nanattan PS",
            "area_sqkm": "242.79",
            "center_lat": "8.802894",
            "center_lng": "80.053139",
            "other_names": "",
            "lg_code": "34",
            "province_id": "LK-4",
            "district_id": "LK-42",
            "dsd_id": "",
            "ed_id": "EC-11",
            "pd_id": "EC-11A"
          },
          "type": "MultiPolygon",
          "arcs": [
            [
              [
                -871,
                843,
                844,
                845,
                -905,
                846,
                847,
                848
              ]
            ],
            [
              [
                849
              ]
            ],
            [
              [
                850
              ]
            ],
            [
              [
                851
              ]
            ],
            [
              [
                852
              ]
            ],
            [
              [
                853
              ]
            ],
            [
              [
                854
              ]
            ],
            [
              [
                855
              ]
            ],
            [
              [
                856
              ]
            ],
            [
              [
                857
              ]
            ],
            [
              [
                858
              ]
            ],
            [
              [
                859
              ]
            ],
            [
              [
                860
              ]
            ],
            [
              [
                861
              ]
            ],
            [
              [
                862
              ]
            ],
            [
              [
                863
              ]
            ],
            [
              [
                864
              ]
            ],
            [
              [
                865
              ]
            ],
            [
              [
                866
              ]
            ],
            [
              [
                867
              ]
            ],
            [
              [
                868
              ]
            ],
            [
              [
                869
              ]
            ],
            [
              [
                870,
                871
              ]
            ],
            [
              [
                872
              ]
            ],
            [
              [
                873
              ]
            ]
          ],
          "id": "feature_166"
        },
        {
          "properties": {
            "id": "LG-43011",
            "name": "Vavuniya MC/ Vavuniya South (Tamil) PS",
            "area_sqkm": "33.57",
            "center_lat": "8.756608",
            "center_lng": "80.493521",
            "other_names": "",
            "lg_code": "11/33",
            "province_id": "LK-4",
            "district_id": "LK-43",
            "dsd_id": "LK-4309",
            "ed_id": "EC-11",
            "pd_id": "EC-11B"
          },
          "type": "Polygon",
          "arcs": [
            [
              -882,
              -881,
              880,
              -880,
              874,
              875,
              -879,
              -878,
              877,
              -877,
              -898
            ]
          ],
          "id": "feature_167"
        },
        {
          "properties": {
            "id": "LG-43031",
            "name": "Vavuniya North PS",
            "area_sqkm": "686.72",
            "center_lat": "9.004658",
            "center_lng": "80.576682",
            "other_names": "",
            "lg_code": "31",
            "province_id": "LK-4",
            "district_id": "LK-43",
            "dsd_id": "LK-4303",
            "ed_id": "EC-11",
            "pd_id": "EC-11B"
          },
          "type": "Polygon",
          "arcs": [
            [
              -918,
              -917,
              -916,
              -928,
              -919,
              -913,
              -1593,
              -1549,
              -888
            ]
          ],
          "id": "feature_168"
        },
        {
          "properties": {
            "id": "LG-43032",
            "name": "Vavuniya South (Sinhala) PS",
            "area_sqkm": "216.25",
            "center_lat": "8.7351",
            "center_lng": "80.513638",
            "other_names": "",
            "lg_code": "32",
            "province_id": "LK-4",
            "district_id": "LK-43",
            "dsd_id": "LK-4306",
            "ed_id": "EC-11",
            "pd_id": "EC-11B"
          },
          "type": "MultiPolygon",
          "arcs": [
            [
              [
                -1567,
                -899,
                876,
                -878,
                877,
                878,
                -893,
                -892,
                -891,
                -890,
                889,
                -889,
                -1547
              ]
            ],
            [
              [
                -910,
                -885,
                -900,
                -884,
                879,
                -881,
                880,
                881,
                -897,
                -1565
              ],
              [
                882
              ]
            ],
            [
              [
                895
              ]
            ],
            [
              [
                -911,
                -1563
              ]
            ],
            [
              [
                -912,
                -1561
              ]
            ],
            [
              [
                -886,
                -908
              ]
            ]
          ],
          "id": "feature_169"
        },
        {
          "properties": {
            "id": "LG-43033",
            "name": "Vavuniya South (Tamil) PS",
            "area_sqkm": "583.28",
            "center_lat": "8.838244",
            "center_lng": "80.45458",
            "other_names": "",
            "lg_code": "33",
            "province_id": "LK-4",
            "district_id": "LK-43",
            "dsd_id": "LK-4309",
            "ed_id": "EC-11",
            "pd_id": "EC-11B"
          },
          "type": "MultiPolygon",
          "arcs": [
            [
              [
                883,
                -902,
                -901,
                884,
                -909,
                885,
                -907,
                886,
                -914,
                887,
                -1548,
                888,
                -890,
                889,
                890,
                891,
                892,
                893,
                894
              ],
              [
                895
              ]
            ],
            [
              [
                -1566,
                896,
                897,
                898
              ]
            ]
          ],
          "id": "feature_170"
        },
        {
          "properties": {
            "id": "LG-43034",
            "name": "Vengalacheddikulam PS",
            "area_sqkm": "415.08",
            "center_lat": "8.692808",
            "center_lng": "80.294587",
            "other_names": "",
            "lg_code": "34",
            "province_id": "LK-4",
            "district_id": "LK-43",
            "dsd_id": "LK-4312",
            "ed_id": "EC-11",
            "pd_id": "EC-11B"
          },
          "type": "MultiPolygon",
          "arcs": [
            [
              [
                899,
                900,
                901
              ]
            ],
            [
              [
                902
              ]
            ],
            [
              [
                -1560,
                -1581,
                903,
                904,
                905,
                906,
                907,
                908,
                909,
                -1564,
                910,
                -1562,
                911
              ]
            ]
          ],
          "id": "feature_171"
        },
        {
          "properties": {
            "id": "LG-44031",
            "name": "Vavuniya North PS",
            "area_sqkm": "85.77",
            "center_lat": "8.973439",
            "center_lng": "80.749125",
            "other_names": "",
            "lg_code": "31",
            "province_id": "LK-4",
            "district_id": "LK-44",
            "dsd_id": "LK-4418",
            "ed_id": "EC-11",
            "pd_id": "EC-11B"
          },
          "type": "Polygon",
          "arcs": [
            [
              -1594,
              912,
              -922,
              -1375
            ]
          ],
          "id": "feature_172"
        },
        {
          "properties": {
            "id": "LG-44041",
            "name": "Manthai East PS",
            "area_sqkm": "485.91",
            "center_lat": "9.06305",
            "center_lng": "80.308719",
            "other_names": "",
            "lg_code": "41",
            "province_id": "LK-4",
            "district_id": "LK-44",
            "dsd_id": "LK-4406",
            "ed_id": "EC-11",
            "pd_id": "EC-11C"
          },
          "type": "Polygon",
          "arcs": [
            [
              913,
              914,
              -931,
              -924,
              -923,
              915,
              916,
              917
            ]
          ],
          "id": "feature_173"
        },
        {
          "properties": {
            "id": "LG-44042",
            "name": "Maritimepattu PS",
            "area_sqkm": "691.21",
            "center_lat": "9.149428",
            "center_lng": "80.806493",
            "other_names": "",
            "lg_code": "42",
            "province_id": "LK-4",
            "district_id": "LK-44",
            "dsd_id": "",
            "ed_id": "EC-11",
            "pd_id": "EC-11C"
          },
          "type": "Polygon",
          "arcs": [
            [
              918,
              -927,
              -926,
              925,
              -925,
              -935,
              919,
              920,
              -1367,
              -1376,
              921
            ]
          ],
          "id": "feature_174"
        },
        {
          "properties": {
            "id": "LG-44043",
            "name": "Puthukudiyiruppu PS",
            "area_sqkm": "1089.07",
            "center_lat": "9.230581",
            "center_lng": "80.565654",
            "other_names": "",
            "lg_code": "43",
            "province_id": "LK-4",
            "district_id": "LK-44",
            "dsd_id": "",
            "ed_id": "EC-11",
            "pd_id": "EC-11C"
          },
          "type": "Polygon",
          "arcs": [
            [
              922,
              923,
              -930,
              -936,
              924,
              -926,
              925,
              926,
              927
            ]
          ],
          "id": "feature_175"
        },
        {
          "properties": {
            "id": "LG-44044",
            "name": "Thunukkai PS",
            "area_sqkm": "329.19",
            "center_lat": "9.222892",
            "center_lng": "80.286117",
            "other_names": "",
            "lg_code": "44",
            "province_id": "LK-4",
            "district_id": "LK-44",
            "dsd_id": "LK-4403",
            "ed_id": "EC-11",
            "pd_id": "EC-11C"
          },
          "type": "Polygon",
          "arcs": [
            [
              928,
              -937,
              929,
              930
            ]
          ],
          "id": "feature_176"
        },
        {
          "properties": {
            "id": "LG-45031",
            "name": "Karachchi PS",
            "area_sqkm": "669.87",
            "center_lat": "9.394491",
            "center_lng": "80.395724",
            "other_names": "",
            "lg_code": "31",
            "province_id": "LK-4",
            "district_id": "LK-45",
            "dsd_id": "",
            "ed_id": "EC-10",
            "pd_id": "EC-10K"
          },
          "type": "MultiPolygon",
          "arcs": [
            [
              [
                931,
                -1023,
                -1022,
                1021,
                -1021,
                932,
                -1009,
                933,
                934,
                935,
                936
              ]
            ],
            [
              [
                937
              ]
            ],
            [
              [
                938
              ]
            ],
            [
              [
                939
              ]
            ],
            [
              [
                940
              ]
            ],
            [
              [
                941
              ]
            ],
            [
              [
                942
              ]
            ],
            [
              [
                943
              ]
            ],
            [
              [
                944
              ]
            ],
            [
              [
                945
              ]
            ],
            [
              [
                946
              ]
            ],
            [
              [
                947
              ]
            ],
            [
              [
                948
              ]
            ],
            [
              [
                949
              ]
            ],
            [
              [
                950
              ]
            ],
            [
              [
                951
              ]
            ],
            [
              [
                952
              ]
            ],
            [
              [
                953
              ]
            ],
            [
              [
                954
              ]
            ],
            [
              [
                955
              ]
            ],
            [
              [
                956
              ]
            ],
            [
              [
                957
              ]
            ],
            [
              [
                958
              ]
            ],
            [
              [
                959
              ]
            ],
            [
              [
                960
              ]
            ],
            [
              [
                961
              ]
            ],
            [
              [
                962
              ]
            ],
            [
              [
                963
              ]
            ],
            [
              [
                964
              ]
            ],
            [
              [
                965
              ]
            ],
            [
              [
                966
              ]
            ],
            [
              [
                967
              ]
            ],
            [
              [
                968
              ]
            ],
            [
              [
                969
              ]
            ],
            [
              [
                970
              ]
            ],
            [
              [
                971
              ]
            ],
            [
              [
                972
              ]
            ],
            [
              [
                973
              ]
            ],
            [
              [
                974
              ]
            ],
            [
              [
                975
              ]
            ],
            [
              [
                976
              ]
            ],
            [
              [
                977
              ]
            ],
            [
              [
                978
              ]
            ],
            [
              [
                979
              ]
            ],
            [
              [
                980
              ]
            ],
            [
              [
                981
              ],
              [
                982
              ]
            ],
            [
              [
                983
              ]
            ],
            [
              [
                984
              ]
            ],
            [
              [
                985
              ]
            ],
            [
              [
                986
              ]
            ],
            [
              [
                987
              ]
            ],
            [
              [
                988
              ]
            ],
            [
              [
                989
              ]
            ],
            [
              [
                990
              ]
            ],
            [
              [
                991
              ]
            ],
            [
              [
                992
              ]
            ],
            [
              [
                993
              ]
            ],
            [
              [
                994
              ]
            ],
            [
              [
                995
              ]
            ],
            [
              [
                996
              ]
            ],
            [
              [
                997
              ]
            ],
            [
              [
                998
              ]
            ],
            [
              [
                999
              ]
            ],
            [
              [
                1000
              ]
            ],
            [
              [
                1001
              ]
            ],
            [
              [
                1002
              ]
            ],
            [
              [
                1003
              ]
            ],
            [
              [
                1004
              ]
            ],
            [
              [
                1005
              ]
            ]
          ],
          "id": "feature_177"
        },
        {
          "properties": {
            "id": "LG-45032",
            "name": "Pachchillaipalli PS",
            "area_sqkm": "176.03",
            "center_lat": "9.590645",
            "center_lng": "80.359079",
            "other_names": "",
            "lg_code": "32",
            "province_id": "LK-4",
            "district_id": "LK-45",
            "dsd_id": "LK-4503",
            "ed_id": "EC-10",
            "pd_id": "EC-10K"
          },
          "type": "MultiPolygon",
          "arcs": [
            [
              [
                1006,
                1007,
                1008,
                1009
              ]
            ],
            [
              [
                1010
              ]
            ],
            [
              [
                1011
              ]
            ],
            [
              [
                1012
              ]
            ],
            [
              [
                1013
              ]
            ],
            [
              [
                1014
              ]
            ],
            [
              [
                1015
              ]
            ],
            [
              [
                1016
              ]
            ],
            [
              [
                1017
              ]
            ],
            [
              [
                1018
              ]
            ]
          ],
          "id": "feature_178"
        },
        {
          "properties": {
            "id": "LG-45033",
            "name": "Poonagari PS",
            "area_sqkm": "473.39",
            "center_lat": "9.396612",
            "center_lng": "80.168652",
            "other_names": "",
            "lg_code": "33",
            "province_id": "LK-4",
            "district_id": "LK-45",
            "dsd_id": "LK-4512",
            "ed_id": "EC-10",
            "pd_id": "EC-10K"
          },
          "type": "MultiPolygon",
          "arcs": [
            [
              [
                1019,
                1020,
                -1022,
                1021,
                1022,
                1023
              ]
            ],
            [
              [
                1024
              ]
            ],
            [
              [
                1025
              ]
            ],
            [
              [
                1026
              ]
            ],
            [
              [
                1027
              ]
            ],
            [
              [
                1028
              ]
            ],
            [
              [
                1029
              ]
            ],
            [
              [
                1030
              ]
            ],
            [
              [
                1031
              ]
            ],
            [
              [
                1032
              ]
            ],
            [
              [
                1033
              ]
            ],
            [
              [
                1034
              ]
            ],
            [
              [
                1035
              ]
            ],
            [
              [
                1036
              ]
            ],
            [
              [
                1037
              ]
            ],
            [
              [
                1038
              ]
            ],
            [
              [
                1039
              ]
            ],
            [
              [
                1040
              ]
            ],
            [
              [
                1041
              ]
            ],
            [
              [
                1042
              ]
            ],
            [
              [
                1043
              ]
            ],
            [
              [
                1044
              ]
            ],
            [
              [
                1045
              ],
              [
                1046
              ]
            ],
            [
              [
                1047
              ]
            ],
            [
              [
                1048
              ]
            ],
            [
              [
                1049
              ]
            ],
            [
              [
                1050
              ]
            ],
            [
              [
                1051
              ]
            ],
            [
              [
                1052
              ]
            ],
            [
              [
                1053
              ]
            ],
            [
              [
                1054
              ]
            ],
            [
              [
                1055
              ]
            ],
            [
              [
                1056
              ]
            ],
            [
              [
                1057
              ]
            ],
            [
              [
                1058
              ]
            ],
            [
              [
                1059
              ]
            ],
            [
              [
                1060
              ]
            ],
            [
              [
                1061
              ]
            ],
            [
              [
                1062
              ]
            ],
            [
              [
                1063
              ]
            ],
            [
              [
                1064
              ]
            ],
            [
              [
                1065
              ]
            ],
            [
              [
                1066
              ]
            ],
            [
              [
                1067
              ]
            ],
            [
              [
                1068
              ]
            ],
            [
              [
                1069
              ]
            ],
            [
              [
                1070
              ]
            ],
            [
              [
                1071
              ]
            ],
            [
              [
                1072
              ]
            ],
            [
              [
                1073
              ]
            ],
            [
              [
                1074
              ]
            ],
            [
              [
                1075
              ]
            ],
            [
              [
                1076
              ]
            ],
            [
              [
                1077
              ]
            ],
            [
              [
                1078
              ]
            ],
            [
              [
                1079
              ]
            ],
            [
              [
                1080
              ]
            ],
            [
              [
                1081
              ]
            ],
            [
              [
                1082
              ]
            ],
            [
              [
                1083
              ]
            ],
            [
              [
                1084
              ]
            ],
            [
              [
                1085
              ]
            ],
            [
              [
                1086
              ]
            ],
            [
              [
                1087
              ]
            ],
            [
              [
                1088
              ]
            ],
            [
              [
                1089
              ]
            ],
            [
              [
                1090
              ]
            ],
            [
              [
                1091
              ]
            ],
            [
              [
                1092
              ]
            ],
            [
              [
                1093
              ]
            ],
            [
              [
                1094
              ]
            ],
            [
              [
                1095
              ]
            ],
            [
              [
                1096
              ]
            ],
            [
              [
                1097
              ]
            ],
            [
              [
                1098
              ]
            ],
            [
              [
                1099
              ]
            ],
            [
              [
                1100
              ]
            ],
            [
              [
                1101
              ]
            ],
            [
              [
                1102
              ]
            ],
            [
              [
                1103
              ]
            ],
            [
              [
                1104
              ]
            ],
            [
              [
                1105
              ]
            ],
            [
              [
                1106
              ]
            ],
            [
              [
                1107
              ]
            ],
            [
              [
                1108
              ]
            ],
            [
              [
                1109
              ]
            ],
            [
              [
                1110
              ]
            ],
            [
              [
                1111
              ]
            ],
            [
              [
                1112
              ]
            ],
            [
              [
                1113
              ]
            ],
            [
              [
                1114
              ]
            ],
            [
              [
                1115
              ]
            ],
            [
              [
                1116
              ]
            ],
            [
              [
                1117
              ]
            ],
            [
              [
                1118
              ]
            ],
            [
              [
                1119
              ]
            ],
            [
              [
                1120
              ]
            ],
            [
              [
                1121
              ]
            ]
          ],
          "id": "feature_179"
        },
        {
          "properties": {
            "id": "LG-51001",
            "name": "Eravur Pattu PS",
            "area_sqkm": "4.76",
            "center_lat": "7.759147",
            "center_lng": "81.636557",
            "other_names": "",
            "lg_code": "1",
            "province_id": "LK-5",
            "district_id": "LK-51",
            "dsd_id": "LK-5112",
            "ed_id": "EC-12",
            "pd_id": "EC-12B"
          },
          "type": "Polygon",
          "arcs": [
            [
              1122,
              -1126,
              1168,
              -1168
            ]
          ],
          "id": "feature_180"
        },
        {
          "properties": {
            "id": "LG-51002",
            "name": "Eravur Pattu PS",
            "area_sqkm": "6.86",
            "center_lat": "7.781256",
            "center_lng": "81.633447",
            "other_names": "",
            "lg_code": "2",
            "province_id": "LK-5",
            "district_id": "LK-51",
            "dsd_id": "LK-5112",
            "ed_id": "EC-12",
            "pd_id": ""
          },
          "type": "Polygon",
          "arcs": [
            [
              1123,
              -1143,
              1124,
              -1170,
              -1169,
              1125,
              1126,
              -1212,
              -1131
            ]
          ],
          "id": "feature_181"
        },
        {
          "properties": {
            "id": "LG-51003",
            "name": "Eravur Pattu PS",
            "area_sqkm": "1.82",
            "center_lat": "7.790749",
            "center_lng": "81.617729",
            "other_names": "",
            "lg_code": "3",
            "province_id": "LK-5",
            "district_id": "LK-51",
            "dsd_id": "LK-5112",
            "ed_id": "EC-12",
            "pd_id": "EC-12B"
          },
          "type": "Polygon",
          "arcs": [
            [
              -1132,
              1134,
              -1134,
              1127,
              -1145,
              1128
            ]
          ],
          "id": "feature_182"
        },
        {
          "properties": {
            "id": "LG-51004",
            "name": "Eravur Pattu PS",
            "area_sqkm": "1.15",
            "center_lat": "7.780385",
            "center_lng": "81.617286",
            "other_names": "",
            "lg_code": "4",
            "province_id": "LK-5",
            "district_id": "LK-51",
            "dsd_id": "LK-5112",
            "ed_id": "EC-12",
            "pd_id": "EC-12B"
          },
          "type": "Polygon",
          "arcs": [
            [
              1129,
              1130,
              -1211,
              -1136,
              -1135,
              1131
            ]
          ],
          "id": "feature_183"
        },
        {
          "properties": {
            "id": "LG-51005",
            "name": "Koralai Pattu PS",
            "area_sqkm": "3.96",
            "center_lat": "7.912009",
            "center_lng": "81.549065",
            "other_names": "",
            "lg_code": "5",
            "province_id": "LK-5",
            "district_id": "LK-51",
            "dsd_id": "",
            "ed_id": "EC-12",
            "pd_id": ""
          },
          "type": "MultiPolygon",
          "arcs": [
            [
              [
                -1210,
                1132,
                1133,
                -1135,
                1134,
                1135
              ]
            ],
            [
              [
                1136,
                -1229
              ]
            ],
            [
              [
                -1152,
                1137,
                -1223,
                1138,
                -1147
              ]
            ],
            [
              [
                1139
              ]
            ],
            [
              [
                1140
              ]
            ]
          ],
          "id": "feature_184"
        },
        {
          "properties": {
            "id": "LG-51006",
            "name": "Koralai Pattu PS",
            "area_sqkm": "19.75",
            "center_lat": "7.861704",
            "center_lng": "81.585223",
            "other_names": "",
            "lg_code": "6",
            "province_id": "LK-5",
            "district_id": "LK-51",
            "dsd_id": "",
            "ed_id": "EC-12",
            "pd_id": ""
          },
          "type": "MultiPolygon",
          "arcs": [
            [
              [
                -1192,
                -1187,
                -1150,
                1141,
                1142,
                1143,
                1144,
                1145
              ]
            ],
            [
              [
                -1181,
                -1153,
                1146,
                1147
              ]
            ]
          ],
          "id": "feature_185"
        },
        {
          "properties": {
            "id": "LG-51007",
            "name": "Koralai Pattu PS",
            "area_sqkm": "16.63",
            "center_lat": "7.84243",
            "center_lng": "81.575476",
            "other_names": "",
            "lg_code": "7",
            "province_id": "LK-5",
            "district_id": "LK-51",
            "dsd_id": "",
            "ed_id": "EC-12",
            "pd_id": ""
          },
          "type": "MultiPolygon",
          "arcs": [
            [
              [
                -1176,
                -1156,
                -1154,
                -1218,
                1148,
                1149,
                -1186
              ]
            ],
            [
              [
                -1180,
                -1164,
                1150,
                1151,
                1152
              ]
            ]
          ],
          "id": "feature_186"
        },
        {
          "properties": {
            "id": "LG-51008",
            "name": "Eravur Pattu PS",
            "area_sqkm": "0.86",
            "center_lat": "7.821029",
            "center_lng": "81.558593",
            "other_names": "",
            "lg_code": "8",
            "province_id": "LK-5",
            "district_id": "LK-51",
            "dsd_id": "LK-5112",
            "ed_id": "EC-12",
            "pd_id": "EC-12A"
          },
          "type": "Polygon",
          "arcs": [
            [
              1153,
              -1155,
              -1160,
              -1219
            ]
          ],
          "id": "feature_187"
        },
        {
          "properties": {
            "id": "LG-51009",
            "name": "Eravur Pattu PS",
            "area_sqkm": "2.1",
            "center_lat": "7.813881",
            "center_lng": "81.565911",
            "other_names": "",
            "lg_code": "9",
            "province_id": "LK-5",
            "district_id": "LK-51",
            "dsd_id": "LK-5112",
            "ed_id": "EC-12",
            "pd_id": "EC-12A"
          },
          "type": "Polygon",
          "arcs": [
            [
              -1175,
              -1161,
              1154,
              1155
            ]
          ],
          "id": "feature_188"
        },
        {
          "properties": {
            "id": "LG-51010",
            "name": "Koralai Pattu PS",
            "area_sqkm": "10.1",
            "center_lat": "7.834922",
            "center_lng": "81.536284",
            "other_names": "",
            "lg_code": "10",
            "province_id": "LK-5",
            "district_id": "LK-51",
            "dsd_id": "",
            "ed_id": "EC-12",
            "pd_id": "EC-12A"
          },
          "type": "MultiPolygon",
          "arcs": [
            [
              [
                1156,
                -1189,
                1157,
                -1208
              ]
            ],
            [
              [
                -1198,
                1158,
                -1214,
                1159,
                1160,
                -1174
              ]
            ],
            [
              [
                -1178,
                1161,
                -1239,
                1162,
                -1235,
                1163,
                -1179
              ]
            ],
            [
              [
                1164,
                -1184
              ]
            ]
          ],
          "id": "feature_189"
        },
        {
          "properties": {
            "id": "LG-51011",
            "name": "Koralai Pattu PS",
            "area_sqkm": "77.48",
            "center_lat": "7.764301",
            "center_lng": "81.628713",
            "other_names": "",
            "lg_code": "11",
            "province_id": "LK-5",
            "district_id": "LK-51",
            "dsd_id": "",
            "ed_id": "EC-12",
            "pd_id": ""
          },
          "type": "MultiPolygon",
          "arcs": [
            [
              [
                1165,
                -1206
              ]
            ],
            [
              [
                1166
              ]
            ],
            [
              [
                1167,
                -1169,
                1168,
                1169,
                1170
              ]
            ],
            [
              [
                1171
              ]
            ],
            [
              [
                1172
              ]
            ],
            [
              [
                -1199,
                1173,
                1174,
                1175,
                -1185,
                -1193
              ]
            ],
            [
              [
                1176,
                1177,
                1178,
                1179,
                1180,
                1181,
                -1216
              ]
            ],
            [
              [
                1182,
                1183
              ]
            ]
          ],
          "id": "feature_190"
        },
        {
          "properties": {
            "id": "LG-51012",
            "name": "Eravur Pattu PS",
            "area_sqkm": "4.45",
            "center_lat": "7.791113",
            "center_lng": "81.583752",
            "other_names": "",
            "lg_code": "12",
            "province_id": "LK-5",
            "district_id": "LK-51",
            "dsd_id": "LK-5112",
            "ed_id": "EC-12",
            "pd_id": "EC-12A"
          },
          "type": "Polygon",
          "arcs": [
            [
              -1194,
              1184,
              1185,
              1186,
              -1191
            ]
          ],
          "id": "feature_191"
        },
        {
          "properties": {
            "id": "LG-51013",
            "name": "Eravur Pattu PS",
            "area_sqkm": "1.9",
            "center_lat": "7.779962",
            "center_lng": "81.592291",
            "other_names": "",
            "lg_code": "13",
            "province_id": "LK-5",
            "district_id": "LK-51",
            "dsd_id": "LK-5112",
            "ed_id": "EC-12",
            "pd_id": "EC-12A"
          },
          "type": "Polygon",
          "arcs": [
            [
              1187,
              1188,
              1189,
              -1195,
              1190,
              1191
            ]
          ],
          "id": "feature_192"
        },
        {
          "properties": {
            "id": "LG-51014",
            "name": "Eravur Pattu PS",
            "area_sqkm": "79.22",
            "center_lat": "7.739319",
            "center_lng": "81.531287",
            "other_names": "",
            "lg_code": "14",
            "province_id": "LK-5",
            "district_id": "LK-51",
            "dsd_id": "LK-5112",
            "ed_id": "EC-12",
            "pd_id": "EC-12B"
          },
          "type": "Polygon",
          "arcs": [
            [
              -1265,
              -1202,
              -1200,
              1192,
              1193,
              1194,
              1195
            ]
          ],
          "id": "feature_193"
        },
        {
          "properties": {
            "id": "LG-51015",
            "name": "Eravur Pattu PS",
            "area_sqkm": "226.89",
            "center_lat": "7.739272",
            "center_lng": "81.353361",
            "other_names": "",
            "lg_code": "15",
            "province_id": "LK-5",
            "district_id": "LK-51",
            "dsd_id": "LK-5112",
            "ed_id": "EC-12",
            "pd_id": "EC-12A"
          },
          "type": "Polygon",
          "arcs": [
            [
              1196,
              1197,
              1198,
              1199,
              -1201,
              -1301,
              -1643,
              -1221
            ]
          ],
          "id": "feature_194"
        },
        {
          "properties": {
            "id": "LG-51016",
            "name": "Eravur Pattu PS",
            "area_sqkm": "88.65",
            "center_lat": "7.676967",
            "center_lng": "81.479238",
            "other_names": "",
            "lg_code": "16",
            "province_id": "LK-5",
            "district_id": "LK-51",
            "dsd_id": "LK-5112",
            "ed_id": "EC-12",
            "pd_id": "EC-12B"
          },
          "type": "Polygon",
          "arcs": [
            [
              -1203,
              -1302,
              1200,
              1201,
              -1264
            ]
          ],
          "id": "feature_195"
        },
        {
          "properties": {
            "id": "LG-51017",
            "name": "Eravur Pattu PS",
            "area_sqkm": "109.67",
            "center_lat": "7.595566",
            "center_lng": "81.47896",
            "other_names": "",
            "lg_code": "17",
            "province_id": "LK-5",
            "district_id": "LK-51",
            "dsd_id": "LK-5112",
            "ed_id": "EC-12",
            "pd_id": "EC-12B"
          },
          "type": "Polygon",
          "arcs": [
            [
              -1204,
              1305,
              -1305,
              -1304,
              1303,
              -1303,
              1202,
              -1263
            ]
          ],
          "id": "feature_196"
        },
        {
          "properties": {
            "id": "LG-51018",
            "name": "Eravur Pattu PS",
            "area_sqkm": "15.11",
            "center_lat": "7.522429",
            "center_lng": "81.525216",
            "other_names": "",
            "lg_code": "18",
            "province_id": "LK-5",
            "district_id": "LK-51",
            "dsd_id": "LK-5112",
            "ed_id": "EC-12",
            "pd_id": "EC-12B"
          },
          "type": "Polygon",
          "arcs": [
            [
              -1257,
              -1334,
              -1307,
              -1306,
              1203,
              -1262
            ]
          ],
          "id": "feature_197"
        },
        {
          "properties": {
            "id": "LG-51021",
            "name": "Kattankudy UC",
            "area_sqkm": "3.82",
            "center_lat": "7.682997",
            "center_lng": "81.732007",
            "other_names": "",
            "lg_code": "21",
            "province_id": "LK-5",
            "district_id": "LK-51",
            "dsd_id": "LK-5124",
            "ed_id": "EC-12",
            "pd_id": "EC-12B"
          },
          "type": "Polygon",
          "arcs": [
            [
              1204,
              1205,
              1206,
              -1252
            ]
          ],
          "id": "feature_198"
        },
        {
          "properties": {
            "id": "LG-51022",
            "name": "Eravur UC",
            "area_sqkm": "1.81",
            "center_lat": "7.775767",
            "center_lng": "81.608359",
            "other_names": "",
            "lg_code": "22",
            "province_id": "LK-5",
            "district_id": "LK-51",
            "dsd_id": "LK-5115",
            "ed_id": "EC-12",
            "pd_id": "EC-12B"
          },
          "type": "Polygon",
          "arcs": [
            [
              1207,
              1208,
              1209,
              1210,
              1211,
              1212
            ]
          ],
          "id": "feature_199"
        },
        {
          "properties": {
            "id": "LG-51034",
            "name": "Koralai Pattu PS",
            "area_sqkm": "507.41",
            "center_lat": "7.852806",
            "center_lng": "81.381482",
            "other_names": "",
            "lg_code": "34",
            "province_id": "LK-5",
            "district_id": "LK-51",
            "dsd_id": "",
            "ed_id": "EC-12",
            "pd_id": "EC-12A"
          },
          "type": "MultiPolygon",
          "arcs": [
            [
              [
                1213,
                1214,
                1215,
                1216,
                1217,
                1218
              ]
            ],
            [
              [
                1219,
                1220,
                -1642,
                -1246
              ]
            ],
            [
              [
                -1243,
                1221,
                1222,
                1223,
                -1233,
                1224
              ]
            ],
            [
              [
                -1241,
                1225
              ]
            ],
            [
              [
                1226
              ]
            ]
          ],
          "id": "feature_200"
        },
        {
          "properties": {
            "id": "LG-51035",
            "name": "Koralai Pattu North PS",
            "area_sqkm": "515.63",
            "center_lat": "8.088146",
            "center_lng": "81.374648",
            "other_names": "",
            "lg_code": "35",
            "province_id": "LK-5",
            "district_id": "LK-51",
            "dsd_id": "",
            "ed_id": "EC-12",
            "pd_id": "EC-12A"
          },
          "type": "MultiPolygon",
          "arcs": [
            [
              [
                -1671,
                -1381,
                -1397,
                1227,
                1228,
                1229,
                -1244
              ],
              [
                1230
              ]
            ],
            [
              [
                1231,
                1232,
                1233,
                1234
              ]
            ],
            [
              [
                1235
              ]
            ],
            [
              [
                1236
              ]
            ]
          ],
          "id": "feature_201"
        },
        {
          "properties": {
            "id": "LG-51036",
            "name": "Koralai Pattu West PS",
            "area_sqkm": "121.61",
            "center_lat": "7.925529",
            "center_lng": "81.386946",
            "other_names": "",
            "lg_code": "36",
            "province_id": "LK-5",
            "district_id": "LK-51",
            "dsd_id": "",
            "ed_id": "EC-12",
            "pd_id": "EC-12A"
          },
          "type": "MultiPolygon",
          "arcs": [
            [
              [
                1237,
                1238,
                1239,
                1240,
                1241,
                1242
              ]
            ],
            [
              [
                -1641,
                -1672,
                1243,
                1244,
                1245
              ]
            ],
            [
              [
                1246
              ]
            ],
            [
              [
                1247
              ]
            ],
            [
              [
                1248
              ]
            ],
            [
              [
                1249
              ]
            ],
            [
              [
                1250
              ]
            ]
          ],
          "id": "feature_202"
        },
        {
          "properties": {
            "id": "LG-51037",
            "name": "Manmunaipattu PS",
            "area_sqkm": "25.22",
            "center_lat": "7.638865",
            "center_lng": "81.75385",
            "other_names": "",
            "lg_code": "37",
            "province_id": "LK-5",
            "district_id": "LK-51",
            "dsd_id": "LK-5127",
            "ed_id": "EC-12",
            "pd_id": "EC-12B"
          },
          "type": "Polygon",
          "arcs": [
            [
              1251,
              1252
            ]
          ],
          "id": "feature_203"
        },
        {
          "properties": {
            "id": "LG-51038",
            "name": "Manmunai South & Eruvil Pattu PS",
            "area_sqkm": "42.01",
            "center_lat": "7.5231",
            "center_lng": "81.791174",
            "other_names": "",
            "lg_code": "38",
            "province_id": "LK-5",
            "district_id": "LK-51",
            "dsd_id": "LK-5136",
            "ed_id": "EC-12",
            "pd_id": "EC-12C"
          },
          "type": "Polygon",
          "arcs": [
            [
              -1279,
              1253,
              -1277,
              1254
            ],
            [
              1255
            ]
          ],
          "id": "feature_204"
        },
        {
          "properties": {
            "id": "LG-51039",
            "name": "Manmunai South-West PS",
            "area_sqkm": "143.89",
            "center_lat": "7.567683",
            "center_lng": "81.661643",
            "other_names": "",
            "lg_code": "39",
            "province_id": "LK-5",
            "district_id": "LK-51",
            "dsd_id": "LK-5130",
            "ed_id": "EC-12",
            "pd_id": "EC-12C"
          },
          "type": "MultiPolygon",
          "arcs": [
            [
              [
                -1335,
                1256,
                -1267,
                1257,
                -1273,
                1258,
                -1271
              ]
            ],
            [
              [
                1259
              ]
            ],
            [
              [
                1260
              ]
            ]
          ],
          "id": "feature_205"
        },
        {
          "properties": {
            "id": "LG-51040",
            "name": "Manmunai West (Vavunativu) PS",
            "area_sqkm": "280.58",
            "center_lat": "7.632937",
            "center_lng": "81.598993",
            "other_names": "",
            "lg_code": "40",
            "province_id": "LK-5",
            "district_id": "LK-51",
            "dsd_id": "LK-5121",
            "ed_id": "EC-12",
            "pd_id": "EC-12B"
          },
          "type": "MultiPolygon",
          "arcs": [
            [
              [
                1261,
                1262,
                1263,
                1264,
                1265,
                1266
              ]
            ],
            [
              [
                1267
              ]
            ],
            [
              [
                1268
              ]
            ]
          ],
          "id": "feature_206"
        },
        {
          "properties": {
            "id": "LG-51041",
            "name": "Porativepattu PS",
            "area_sqkm": "156.56",
            "center_lat": "7.497842",
            "center_lng": "81.704954",
            "other_names": "",
            "lg_code": "41",
            "province_id": "LK-5",
            "district_id": "LK-51",
            "dsd_id": "LK-5133",
            "ed_id": "EC-12",
            "pd_id": "EC-12C"
          },
          "type": "MultiPolygon",
          "arcs": [
            [
              [
                -1338,
                1269,
                -1336,
                1270,
                1271,
                1272,
                1273,
                -1349
              ]
            ],
            [
              [
                1274
              ]
            ]
          ],
          "id": "feature_207"
        },
        {
          "properties": {
            "id": "LG-52011",
            "name": "Kalmunai MC",
            "area_sqkm": "24.26",
            "center_lat": "7.41718",
            "center_lng": "81.817666",
            "other_names": "",
            "lg_code": "11",
            "province_id": "LK-5",
            "district_id": "LK-52",
            "dsd_id": "",
            "ed_id": "EC-13",
            "pd_id": "EC-13C"
          },
          "type": "Polygon",
          "arcs": [
            [
              -1345,
              -1325,
              -1351,
              1275,
              1276,
              1277,
              1278,
              1279
            ]
          ],
          "id": "feature_208"
        },
        {
          "properties": {
            "id": "LG-52012",
            "name": "Akkaraipattu MC",
            "area_sqkm": "7.34",
            "center_lat": "7.22736",
            "center_lng": "81.846785",
            "other_names": "",
            "lg_code": "12",
            "province_id": "LK-5",
            "district_id": "LK-52",
            "dsd_id": "LK-5236",
            "ed_id": "EC-13",
            "pd_id": ""
          },
          "type": "Polygon",
          "arcs": [
            [
              -1290,
              -1283,
              1280,
              -1284
            ]
          ],
          "id": "feature_209"
        },
        {
          "properties": {
            "id": "LG-52021",
            "name": "Ampara UC/ Namaloya PS",
            "area_sqkm": "43.44",
            "center_lat": "7.293568",
            "center_lng": "81.664401",
            "other_names": "",
            "lg_code": "21/39",
            "province_id": "LK-5",
            "district_id": "LK-52",
            "dsd_id": "LK-5215",
            "ed_id": "EC-13",
            "pd_id": "EC-13A"
          },
          "type": "Polygon",
          "arcs": [
            [
              -1286,
              -1314,
              -1313,
              1312,
              -1312,
              -1342,
              -1341,
              1340,
              -1340,
              -1324,
              -1311
            ]
          ],
          "id": "feature_210"
        },
        {
          "properties": {
            "id": "LG-52031",
            "name": "Addalachchanai PS",
            "area_sqkm": "74.4",
            "center_lat": "7.264536",
            "center_lng": "81.812687",
            "other_names": "",
            "lg_code": "31",
            "province_id": "LK-5",
            "district_id": "LK-52",
            "dsd_id": "LK-5233",
            "ed_id": "EC-13",
            "pd_id": "EC-13D"
          },
          "type": "Polygon",
          "arcs": [
            [
              -1355,
              -1327,
              -1317,
              1281,
              1282,
              -1293
            ]
          ],
          "id": "feature_211"
        },
        {
          "properties": {
            "id": "LG-52032",
            "name": "Alayadiwembu PS",
            "area_sqkm": "69.69",
            "center_lat": "7.170789",
            "center_lng": "81.807373",
            "other_names": "",
            "lg_code": "32",
            "province_id": "LK-5",
            "district_id": "LK-52",
            "dsd_id": "LK-5239",
            "ed_id": "EC-13",
            "pd_id": "EC-13D"
          },
          "type": "Polygon",
          "arcs": [
            [
              -1288,
              -1294,
              -1287,
              -1291,
              1283,
              1284,
              -1329
            ]
          ],
          "id": "feature_212"
        },
        {
          "properties": {
            "id": "LG-52033",
            "name": "Damana PS",
            "area_sqkm": "478.17",
            "center_lat": "7.133109",
            "center_lng": "81.628447",
            "other_names": "",
            "lg_code": "33",
            "province_id": "LK-5",
            "district_id": "LK-52",
            "dsd_id": "LK-5242",
            "ed_id": "EC-13",
            "pd_id": ""
          },
          "type": "Polygon",
          "arcs": [
            [
              -1770,
              -1315,
              1285,
              -1310,
              -1309,
              1308,
              -1308,
              -1359,
              -1296,
              -1357,
              -1292,
              1286,
              -1295,
              1287,
              -1328,
              -1322,
              -1298,
              -1787
            ]
          ],
          "id": "feature_213"
        },
        {
          "properties": {
            "id": "LG-52034",
            "name": "Dehiattakandiya PS",
            "area_sqkm": "374.18",
            "center_lat": "7.626104",
            "center_lng": "81.073565",
            "other_names": "",
            "lg_code": "34",
            "province_id": "LK-5",
            "district_id": "LK-52",
            "dsd_id": "LK-5203",
            "ed_id": "EC-13",
            "pd_id": "EC-13A"
          },
          "type": "Polygon",
          "arcs": [
            [
              1288,
              -1674,
              -1640,
              -1639,
              1638,
              -1638,
              -1637,
              1636,
              -1647,
              -1646,
              -1645,
              -1300,
              -1318,
              -1710
            ]
          ],
          "id": "feature_214"
        },
        {
          "properties": {
            "id": "LG-52036",
            "name": "Akkaraipattu PS",
            "area_sqkm": "46.34",
            "center_lat": "7.210244",
            "center_lng": "81.790491",
            "other_names": "",
            "lg_code": "36",
            "province_id": "LK-5",
            "district_id": "LK-52",
            "dsd_id": "LK-5236",
            "ed_id": "EC-13",
            "pd_id": "EC-13B"
          },
          "type": "MultiPolygon",
          "arcs": [
            [
              [
                1289,
                1290,
                1291,
                -1356,
                1292
              ]
            ],
            [
              [
                1293,
                1294
              ]
            ],
            [
              [
                -1358,
                1295
              ]
            ]
          ],
          "id": "feature_215"
        },
        {
          "properties": {
            "id": "LG-52037",
            "name": "Lahugala PS",
            "area_sqkm": "815.3",
            "center_lat": "6.743613",
            "center_lng": "81.698939",
            "other_names": "",
            "lg_code": "37",
            "province_id": "LK-5",
            "district_id": "LK-52",
            "dsd_id": "LK-5251",
            "ed_id": "EC-13",
            "pd_id": "EC-13D"
          },
          "type": "Polygon",
          "arcs": [
            [
              1296,
              -1788,
              1297,
              -1321,
              1298
            ]
          ],
          "id": "feature_216"
        },
        {
          "properties": {
            "id": "LG-52038",
            "name": "Mahaoya PS",
            "area_sqkm": "680.41",
            "center_lat": "7.55649",
            "center_lng": "81.350833",
            "other_names": "",
            "lg_code": "38",
            "province_id": "LK-5",
            "district_id": "LK-52",
            "dsd_id": "LK-5209",
            "ed_id": "EC-13",
            "pd_id": "EC-13A"
          },
          "type": "Polygon",
          "arcs": [
            [
              -1766,
              -1319,
              1299,
              -1644,
              1300,
              1301,
              1302,
              -1304,
              1303,
              1304,
              -1306,
              1305,
              1306,
              -1333,
              -1767
            ]
          ],
          "id": "feature_217"
        },
        {
          "properties": {
            "id": "LG-52039",
            "name": "Namaloya PS",
            "area_sqkm": "107.44",
            "center_lat": "7.267299",
            "center_lng": "81.58113",
            "other_names": "",
            "lg_code": "39",
            "province_id": "LK-5",
            "district_id": "LK-52",
            "dsd_id": "",
            "ed_id": "EC-13",
            "pd_id": "EC-13A"
          },
          "type": "MultiPolygon",
          "arcs": [
            [
              [
                1307,
                -1309,
                1308,
                1309,
                1310,
                -1353
              ]
            ],
            [
              [
                -1769,
                -1332,
                1311,
                -1313,
                1312,
                1313,
                1314
              ]
            ]
          ],
          "id": "feature_218"
        },
        {
          "properties": {
            "id": "LG-52040",
            "name": "Ninthavur PS",
            "area_sqkm": "35.94",
            "center_lat": "7.326839",
            "center_lng": "81.839824",
            "other_names": "",
            "lg_code": "40",
            "province_id": "LK-5",
            "district_id": "LK-52",
            "dsd_id": "LK-5230",
            "ed_id": "EC-13",
            "pd_id": "EC-13D"
          },
          "type": "Polygon",
          "arcs": [
            [
              -1326,
              -1343,
              -1347,
              1315,
              1316
            ]
          ],
          "id": "feature_219"
        },
        {
          "properties": {
            "id": "LG-52041",
            "name": "Padiyathalawa  PS",
            "area_sqkm": "388.23",
            "center_lat": "7.422272",
            "center_lng": "81.261851",
            "other_names": "",
            "lg_code": "41",
            "province_id": "LK-5",
            "district_id": "LK-52",
            "dsd_id": "LK-5206",
            "ed_id": "EC-13",
            "pd_id": "EC-13A"
          },
          "type": "Polygon",
          "arcs": [
            [
              -1711,
              1317,
              1318,
              1765,
              1319,
              -1750,
              -1721
            ]
          ],
          "id": "feature_220"
        },
        {
          "properties": {
            "id": "LG-52042",
            "name": "Pothuvil  PS",
            "area_sqkm": "309.36",
            "center_lat": "6.949757",
            "center_lng": "81.797796",
            "other_names": "",
            "lg_code": "42",
            "province_id": "LK-5",
            "district_id": "LK-52",
            "dsd_id": "LK-5248",
            "ed_id": "EC-13",
            "pd_id": "EC-13D"
          },
          "type": "Polygon",
          "arcs": [
            [
              1320,
              1321,
              -1331,
              1322
            ]
          ],
          "id": "feature_221"
        },
        {
          "properties": {
            "id": "LG-52043",
            "name": "Sammanthurai PS",
            "area_sqkm": "108.91",
            "center_lat": "7.329298",
            "center_lng": "81.767875",
            "other_names": "",
            "lg_code": "43",
            "province_id": "LK-5",
            "district_id": "LK-52",
            "dsd_id": "LK-5218",
            "ed_id": "EC-13",
            "pd_id": "EC-13B"
          },
          "type": "Polygon",
          "arcs": [
            [
              1323,
              -1339,
              -1352,
              1324,
              -1344,
              1325,
              1326,
              -1354
            ]
          ],
          "id": "feature_222"
        },
        {
          "properties": {
            "id": "LG-52044",
            "name": "Thirukkovili PS",
            "area_sqkm": "218.5",
            "center_lat": "7.079586",
            "center_lng": "81.794782",
            "other_names": "",
            "lg_code": "44",
            "province_id": "LK-5",
            "district_id": "LK-52",
            "dsd_id": "LK-5245",
            "ed_id": "EC-13",
            "pd_id": "EC-13D"
          },
          "type": "Polygon",
          "arcs": [
            [
              1327,
              1328,
              1329,
              1330
            ]
          ],
          "id": "feature_223"
        },
        {
          "properties": {
            "id": "LG-52045",
            "name": "Uhana PS",
            "area_sqkm": "535.55",
            "center_lat": "7.401039",
            "center_lng": "81.592516",
            "other_names": "",
            "lg_code": "45",
            "province_id": "LK-5",
            "district_id": "LK-52",
            "dsd_id": "LK-5212",
            "ed_id": "EC-13",
            "pd_id": "EC-13A"
          },
          "type": "Polygon",
          "arcs": [
            [
              1331,
              -1768,
              1332,
              1333,
              1334,
              1335,
              1336,
              1337,
              -1348,
              1338,
              1339,
              -1341,
              1340,
              1341
            ]
          ],
          "id": "feature_224"
        },
        {
          "properties": {
            "id": "LG-52046",
            "name": "Karathivu PS",
            "area_sqkm": "10.15",
            "center_lat": "7.372969",
            "center_lng": "81.833667",
            "other_names": "",
            "lg_code": "46",
            "province_id": "LK-5",
            "district_id": "LK-52",
            "dsd_id": "LK-5227",
            "ed_id": "EC-13",
            "pd_id": "EC-13D"
          },
          "type": "Polygon",
          "arcs": [
            [
              1342,
              1343,
              1344,
              1345,
              1346
            ]
          ],
          "id": "feature_225"
        },
        {
          "properties": {
            "id": "LG-52047",
            "name": "Navithanveli PS",
            "area_sqkm": "79.81",
            "center_lat": "7.419463",
            "center_lng": "81.762775",
            "other_names": "",
            "lg_code": "47",
            "province_id": "LK-5",
            "district_id": "LK-52",
            "dsd_id": "LK-5216",
            "ed_id": "EC-13",
            "pd_id": "EC-13B"
          },
          "type": "Polygon",
          "arcs": [
            [
              1347,
              1348,
              1349,
              1350,
              1351
            ]
          ],
          "id": "feature_226"
        },
        {
          "properties": {
            "id": "LG-52048",
            "name": "Irakkamam PS",
            "area_sqkm": "67.23",
            "center_lat": "7.2411",
            "center_lng": "81.722174",
            "other_names": "",
            "lg_code": "48",
            "province_id": "LK-5",
            "district_id": "LK-52",
            "dsd_id": "LK-5234",
            "ed_id": "EC-13",
            "pd_id": "EC-13B"
          },
          "type": "Polygon",
          "arcs": [
            [
              1352,
              1353,
              1354,
              1355,
              1356,
              1357,
              1358
            ]
          ],
          "id": "feature_227"
        },
        {
          "properties": {
            "id": "LG-53011",
            "name": "Trincomalee MC",
            "area_sqkm": "14.03",
            "center_lat": "8.57326",
            "center_lng": "81.22406",
            "other_names": "",
            "lg_code": "11",
            "province_id": "LK-5",
            "district_id": "LK-53",
            "dsd_id": "LK-5315",
            "ed_id": "EC-14",
            "pd_id": "EC-14B"
          },
          "type": "Polygon",
          "arcs": [
            [
              -1392,
              1359
            ]
          ],
          "id": "feature_228"
        },
        {
          "properties": {
            "id": "LG-53022",
            "name": "Kinniya UC",
            "area_sqkm": "7.6",
            "center_lat": "8.486597",
            "center_lng": "81.187854",
            "other_names": "",
            "lg_code": "22",
            "province_id": "LK-5",
            "district_id": "LK-53",
            "dsd_id": "LK-5324",
            "ed_id": "EC-14",
            "pd_id": "EC-14C"
          },
          "type": "Polygon",
          "arcs": [
            [
              1360,
              -1363
            ]
          ],
          "id": "feature_229"
        },
        {
          "properties": {
            "id": "LG-53031",
            "name": "Gomarankadawala PS",
            "area_sqkm": "307.33",
            "center_lat": "8.749348",
            "center_lng": "80.966816",
            "other_names": "",
            "lg_code": "31",
            "province_id": "LK-5",
            "district_id": "LK-53",
            "dsd_id": "LK-5309",
            "ed_id": "EC-14",
            "pd_id": "EC-14A"
          },
          "type": "Polygon",
          "arcs": [
            [
              -1538,
              -1550,
              -1596,
              -1374,
              -1366,
              -1369
            ]
          ],
          "id": "feature_230"
        },
        {
          "properties": {
            "id": "LG-53032",
            "name": "Kanthale PS",
            "area_sqkm": "412.73",
            "center_lat": "8.342622",
            "center_lng": "81.055903",
            "other_names": "",
            "lg_code": "32",
            "province_id": "LK-5",
            "district_id": "LK-53",
            "dsd_id": "LK-5321",
            "ed_id": "EC-14",
            "pd_id": "EC-14A"
          },
          "type": "Polygon",
          "arcs": [
            [
              -1656,
              -1541,
              -1385,
              -1365,
              -1371,
              -1378,
              -1662,
              -1661,
              1660,
              -1660
            ]
          ],
          "id": "feature_231"
        },
        {
          "properties": {
            "id": "LG-53033",
            "name": "Kinniya PS",
            "area_sqkm": "143.95",
            "center_lat": "8.433257",
            "center_lng": "81.158812",
            "other_names": "",
            "lg_code": "33",
            "province_id": "LK-5",
            "district_id": "LK-53",
            "dsd_id": "LK-5324",
            "ed_id": "EC-14",
            "pd_id": "EC-14C"
          },
          "type": "Polygon",
          "arcs": [
            [
              -1384,
              1361,
              1362,
              1363,
              -1372,
              1364
            ]
          ],
          "id": "feature_232"
        },
        {
          "properties": {
            "id": "LG-53034",
            "name": "Kuchchaveli PS",
            "area_sqkm": "446.97",
            "center_lat": "8.813051",
            "center_lng": "81.047186",
            "other_names": "",
            "lg_code": "34",
            "province_id": "LK-5",
            "district_id": "LK-53",
            "dsd_id": "LK-5306",
            "ed_id": "EC-14",
            "pd_id": "EC-14B"
          },
          "type": "Polygon",
          "arcs": [
            [
              -1390,
              -1389,
              1388,
              -1388,
              -1370,
              1365,
              -1377,
              1366,
              1367
            ]
          ],
          "id": "feature_233"
        },
        {
          "properties": {
            "id": "LG-53035",
            "name": "Morawewa PS",
            "area_sqkm": "278.14",
            "center_lat": "8.625746",
            "center_lng": "81.019771",
            "other_names": "",
            "lg_code": "35",
            "province_id": "LK-5",
            "district_id": "LK-53",
            "dsd_id": "LK-5312",
            "ed_id": "EC-14",
            "pd_id": "EC-14A"
          },
          "type": "Polygon",
          "arcs": [
            [
              -1387,
              -1382,
              -1539,
              1368,
              1369
            ]
          ],
          "id": "feature_234"
        },
        {
          "properties": {
            "id": "LG-53036",
            "name": "Muttur PS",
            "area_sqkm": "194.19",
            "center_lat": "8.431494",
            "center_lng": "81.291319",
            "other_names": "",
            "lg_code": "36",
            "province_id": "LK-5",
            "district_id": "LK-53",
            "dsd_id": "LK-5327",
            "ed_id": "EC-14",
            "pd_id": "EC-14C"
          },
          "type": "Polygon",
          "arcs": [
            [
              -1379,
              1370,
              1371,
              1372,
              -1395,
              -1380
            ]
          ],
          "id": "feature_235"
        },
        {
          "properties": {
            "id": "LG-53037",
            "name": "Padavi Sri Pura PS",
            "area_sqkm": "113.33",
            "center_lat": "8.915208",
            "center_lng": "80.855145",
            "other_names": "",
            "lg_code": "37",
            "province_id": "LK-5",
            "district_id": "LK-53",
            "dsd_id": "LK-5303",
            "ed_id": "EC-14",
            "pd_id": "EC-14A"
          },
          "type": "Polygon",
          "arcs": [
            [
              1373,
              -1595,
              1374,
              1375,
              1376
            ]
          ],
          "id": "feature_236"
        },
        {
          "properties": {
            "id": "LG-53038",
            "name": "Seruvila PS",
            "area_sqkm": "293.32",
            "center_lat": "8.287808",
            "center_lng": "81.25641",
            "other_names": "",
            "lg_code": "38",
            "province_id": "LK-5",
            "district_id": "LK-53",
            "dsd_id": "LK-5330",
            "ed_id": "EC-14",
            "pd_id": "EC-14A"
          },
          "type": "Polygon",
          "arcs": [
            [
              -1663,
              1377,
              1378,
              1379,
              -1394,
              1380,
              -1670
            ]
          ],
          "id": "feature_237"
        },
        {
          "properties": {
            "id": "LG-53039",
            "name": "Thambalagamuwa PS",
            "area_sqkm": "274.19",
            "center_lat": "8.509573",
            "center_lng": "81.042854",
            "other_names": "",
            "lg_code": "39",
            "province_id": "LK-5",
            "district_id": "LK-53",
            "dsd_id": "LK-5318",
            "ed_id": "EC-14",
            "pd_id": ""
          },
          "type": "Polygon",
          "arcs": [
            [
              -1540,
              1381,
              -1386,
              1382,
              1383,
              1384
            ]
          ],
          "id": "feature_238"
        },
        {
          "properties": {
            "id": "LG-53040",
            "name": "Trincomalee Town and Gravets  PS",
            "area_sqkm": "115.79",
            "center_lat": "8.583752",
            "center_lng": "81.168726",
            "other_names": "",
            "lg_code": "40",
            "province_id": "LK-5",
            "district_id": "LK-53",
            "dsd_id": "LK-5315",
            "ed_id": "EC-14",
            "pd_id": "EC-14B"
          },
          "type": "Polygon",
          "arcs": [
            [
              1385,
              1386,
              1387,
              -1389,
              1388,
              1389,
              1390,
              1391,
              1392
            ]
          ],
          "id": "feature_239"
        },
        {
          "properties": {
            "id": "LG-53041",
            "name": "Verugal PS",
            "area_sqkm": "90.54",
            "center_lat": "8.318232",
            "center_lng": "81.363485",
            "other_names": "",
            "lg_code": "41",
            "province_id": "LK-5",
            "district_id": "LK-53",
            "dsd_id": "LK-5333",
            "ed_id": "EC-14",
            "pd_id": "EC-14A"
          },
          "type": "Polygon",
          "arcs": [
            [
              1393,
              1394,
              1395,
              1396
            ]
          ],
          "id": "feature_240"
        },
        {
          "properties": {
            "id": "LG-61011",
            "name": "Kurunegala MC",
            "area_sqkm": "11.14",
            "center_lat": "7.487294",
            "center_lng": "80.364933",
            "other_names": "",
            "lg_code": "11",
            "province_id": "LK-6",
            "district_id": "LK-61",
            "dsd_id": "LK-6154",
            "ed_id": "EC-15",
            "pd_id": "EC-15L"
          },
          "type": "Polygon",
          "arcs": [
            [
              1397
            ]
          ],
          "id": "feature_241"
        },
        {
          "properties": {
            "id": "LG-61021",
            "name": "Kuliyapitiya UC/ Kuliyapitiya PS",
            "area_sqkm": "4.55",
            "center_lat": "7.469177",
            "center_lng": "80.03641",
            "other_names": "",
            "lg_code": "21/37",
            "province_id": "LK-6",
            "district_id": "LK-61",
            "dsd_id": "LK-6172",
            "ed_id": "EC-15",
            "pd_id": "EC-15I"
          },
          "type": "Polygon",
          "arcs": [
            [
              1404
            ]
          ],
          "id": "feature_242"
        },
        {
          "properties": {
            "id": "LG-61031",
            "name": "Alawwa PS",
            "area_sqkm": "130.25",
            "center_lat": "7.32858",
            "center_lng": "80.217429",
            "other_names": "",
            "lg_code": "31",
            "province_id": "LK-6",
            "district_id": "LK-61",
            "dsd_id": "LK-6184",
            "ed_id": "EC-15",
            "pd_id": "EC-15J"
          },
          "type": "Polygon",
          "arcs": [
            [
              -1467,
              -1432,
              -1431,
              1430,
              -1437,
              -1938,
              1398
            ]
          ],
          "id": "feature_243"
        },
        {
          "properties": {
            "id": "LG-61032",
            "name": "Bingiriya PS",
            "area_sqkm": "193.62",
            "center_lat": "7.607565",
            "center_lng": "79.968083",
            "other_names": "",
            "lg_code": "32",
            "province_id": "LK-6",
            "district_id": "LK-61",
            "dsd_id": "LK-6142",
            "ed_id": "EC-15",
            "pd_id": "EC-15G"
          },
          "type": "Polygon",
          "arcs": [
            [
              -1480,
              -1476,
              -1471,
              -1422,
              -1403,
              -1423,
              -1404,
              -1460,
              -1459,
              -1458
            ]
          ],
          "id": "feature_244"
        },
        {
          "properties": {
            "id": "LG-61033",
            "name": "Galgamuwa PS",
            "area_sqkm": "444.72",
            "center_lat": "7.998266",
            "center_lng": "80.298164",
            "other_names": "",
            "lg_code": "33",
            "province_id": "LK-6",
            "district_id": "LK-61",
            "dsd_id": "",
            "ed_id": "EC-15",
            "pd_id": "EC-15A"
          },
          "type": "Polygon",
          "arcs": [
            [
              -1512,
              -1400,
              -1608,
              -1629,
              -1536,
              -1439,
              -1408,
              -1414
            ]
          ],
          "id": "feature_245"
        },
        {
          "properties": {
            "id": "LG-61034",
            "name": "Giribawa PS",
            "area_sqkm": "205.37",
            "center_lat": "8.103672",
            "center_lng": "80.183754",
            "other_names": "",
            "lg_code": "34",
            "province_id": "LK-6",
            "district_id": "LK-61",
            "dsd_id": "LK-6103",
            "ed_id": "EC-15",
            "pd_id": "EC-15A"
          },
          "type": "Polygon",
          "arcs": [
            [
              -1511,
              -1505,
              -1504,
              1503,
              -1503,
              -1609,
              1399
            ]
          ],
          "id": "feature_246"
        },
        {
          "properties": {
            "id": "LG-61035",
            "name": "Ibbagamuwa PS",
            "area_sqkm": "367.43",
            "center_lat": "7.633648",
            "center_lng": "80.430185",
            "other_names": "",
            "lg_code": "35",
            "province_id": "LK-6",
            "district_id": "LK-61",
            "dsd_id": "",
            "ed_id": "EC-15",
            "pd_id": "EC-15D"
          },
          "type": "Polygon",
          "arcs": [
            [
              -1454,
              -1409,
              -1441,
              1400,
              1401,
              -1442,
              -1411,
              -1406
            ]
          ],
          "id": "feature_247"
        },
        {
          "properties": {
            "id": "LG-61036",
            "name": "Kobeigane PS",
            "area_sqkm": "130.28",
            "center_lat": "7.684376",
            "center_lng": "80.100321",
            "other_names": "",
            "lg_code": "36",
            "province_id": "LK-6",
            "district_id": "LK-61",
            "dsd_id": "LK-6139",
            "ed_id": "EC-15",
            "pd_id": "EC-15B"
          },
          "type": "Polygon",
          "arcs": [
            [
              1402,
              -1421,
              -1451,
              -1424
            ]
          ],
          "id": "feature_248"
        },
        {
          "properties": {
            "id": "LG-61037",
            "name": "Kuliyapitiya PS",
            "area_sqkm": "274.72",
            "center_lat": "7.471199",
            "center_lng": "80.102369",
            "other_names": "",
            "lg_code": "37",
            "province_id": "LK-6",
            "district_id": "LK-61",
            "dsd_id": "",
            "ed_id": "EC-15",
            "pd_id": "EC-15I"
          },
          "type": "Polygon",
          "arcs": [
            [
              -1461,
              1403,
              -1425,
              -1457,
              -1433,
              -1465,
              -1428,
              -1427,
              -1426
            ],
            [
              1404
            ]
          ],
          "id": "feature_249"
        },
        {
          "properties": {
            "id": "LG-61038",
            "name": "Kurunegala PS",
            "area_sqkm": "232.17",
            "center_lat": "7.511441",
            "center_lng": "80.357635",
            "other_names": "",
            "lg_code": "38",
            "province_id": "LK-6",
            "district_id": "LK-61",
            "dsd_id": "",
            "ed_id": "EC-15",
            "pd_id": ""
          },
          "type": "Polygon",
          "arcs": [
            [
              -1435,
              1434,
              -1434,
              -1455,
              1405,
              -1410,
              -1925,
              -1436
            ],
            [
              1406
            ]
          ],
          "id": "feature_250"
        },
        {
          "properties": {
            "id": "LG-61039",
            "name": "Maho PS",
            "area_sqkm": "401.73",
            "center_lat": "7.841195",
            "center_lng": "80.267615",
            "other_names": "",
            "lg_code": "39",
            "province_id": "LK-6",
            "district_id": "LK-61",
            "dsd_id": "",
            "ed_id": "EC-15",
            "pd_id": "EC-15C"
          },
          "type": "Polygon",
          "arcs": [
            [
              -1419,
              -1418,
              1417,
              -1417,
              -1416,
              1415,
              -1415,
              1407,
              -1438,
              1408,
              -1453,
              -1420
            ]
          ],
          "id": "feature_251"
        },
        {
          "properties": {
            "id": "LG-61040",
            "name": "Mawathagama PS",
            "area_sqkm": "108.43",
            "center_lat": "7.424469",
            "center_lng": "80.444918",
            "other_names": "",
            "lg_code": "40",
            "province_id": "LK-6",
            "district_id": "LK-61",
            "dsd_id": "LK-6160",
            "ed_id": "EC-15",
            "pd_id": "EC-15M"
          },
          "type": "Polygon",
          "arcs": [
            [
              -1926,
              1409,
              1410,
              -1449,
              1411,
              1412
            ]
          ],
          "id": "feature_252"
        },
        {
          "properties": {
            "id": "LG-61041",
            "name": "Nikaweratiya PS",
            "area_sqkm": "465.44",
            "center_lat": "7.80567",
            "center_lng": "80.104616",
            "other_names": "",
            "lg_code": "41",
            "province_id": "LK-6",
            "district_id": "LK-61",
            "dsd_id": "",
            "ed_id": "EC-15",
            "pd_id": "EC-15B"
          },
          "type": "Polygon",
          "arcs": [
            [
              -1513,
              1413,
              1414,
              -1416,
              1415,
              1416,
              -1418,
              1417,
              1418,
              1419,
              -1452,
              1420,
              1421,
              -1470
            ]
          ],
          "id": "feature_253"
        },
        {
          "properties": {
            "id": "LG-61042",
            "name": "Panduwasnuwara PS",
            "area_sqkm": "283.47",
            "center_lat": "7.584134",
            "center_lng": "80.101591",
            "other_names": "",
            "lg_code": "42",
            "province_id": "LK-6",
            "district_id": "LK-61",
            "dsd_id": "",
            "ed_id": "EC-15",
            "pd_id": "EC-15F"
          },
          "type": "Polygon",
          "arcs": [
            [
              1422,
              1423,
              -1450,
              1424
            ]
          ],
          "id": "feature_254"
        },
        {
          "properties": {
            "id": "LG-61043",
            "name": "Pannala PS",
            "area_sqkm": "282.22",
            "center_lat": "7.362153",
            "center_lng": "80.030535",
            "other_names": "",
            "lg_code": "43",
            "province_id": "LK-6",
            "district_id": "LK-61",
            "dsd_id": "LK-6178",
            "ed_id": "EC-15",
            "pd_id": "EC-15H"
          },
          "type": "Polygon",
          "arcs": [
            [
              -1532,
              -1508,
              -1462,
              1425,
              1426,
              1427,
              -1464,
              1428,
              1429
            ]
          ],
          "id": "feature_255"
        },
        {
          "properties": {
            "id": "LG-61044",
            "name": "Polgahawela PS",
            "area_sqkm": "188.4",
            "center_lat": "7.419139",
            "center_lng": "80.291174",
            "other_names": "",
            "lg_code": "44",
            "province_id": "LK-6",
            "district_id": "LK-61",
            "dsd_id": "",
            "ed_id": "EC-15",
            "pd_id": "EC-15K"
          },
          "type": "Polygon",
          "arcs": [
            [
              -1431,
              1430,
              1431,
              -1466,
              1432,
              -1456,
              1433,
              -1435,
              1434,
              1435,
              -1924,
              -1903,
              -1939,
              1436
            ]
          ],
          "id": "feature_256"
        },
        {
          "properties": {
            "id": "LG-61045",
            "name": "Polpithigama PS",
            "area_sqkm": "415.64",
            "center_lat": "7.803271",
            "center_lng": "80.428893",
            "other_names": "",
            "lg_code": "45",
            "province_id": "LK-6",
            "district_id": "LK-61",
            "dsd_id": "LK-6127",
            "ed_id": "EC-15",
            "pd_id": ""
          },
          "type": "Polygon",
          "arcs": [
            [
              1437,
              1438,
              -1537,
              -1598,
              1439,
              1440
            ]
          ],
          "id": "feature_257"
        },
        {
          "properties": {
            "id": "LG-61046",
            "name": "Rideegama PS",
            "area_sqkm": "225.15",
            "center_lat": "7.517219",
            "center_lng": "80.518459",
            "other_names": "",
            "lg_code": "46",
            "province_id": "LK-6",
            "district_id": "LK-61",
            "dsd_id": "LK-6163",
            "ed_id": "EC-15",
            "pd_id": "EC-15N"
          },
          "type": "Polygon",
          "arcs": [
            [
              1441,
              1442,
              1443,
              1444,
              1445,
              1446,
              1447,
              1448
            ]
          ],
          "id": "feature_258"
        },
        {
          "properties": {
            "id": "LG-61047",
            "name": "Wariyapola PS",
            "area_sqkm": "312.53",
            "center_lat": "7.621927",
            "center_lng": "80.244165",
            "other_names": "",
            "lg_code": "47",
            "province_id": "LK-6",
            "district_id": "LK-61",
            "dsd_id": "",
            "ed_id": "EC-15",
            "pd_id": "EC-15E"
          },
          "type": "Polygon",
          "arcs": [
            [
              1449,
              1450,
              1451,
              1452,
              1453,
              1454,
              1455,
              1456
            ]
          ],
          "id": "feature_259"
        },
        {
          "properties": {
            "id": "LG-61048",
            "name": "Udubaddawa PS",
            "area_sqkm": "119.9",
            "center_lat": "7.480501",
            "center_lng": "79.947547",
            "other_names": "",
            "lg_code": "48",
            "province_id": "LK-6",
            "district_id": "LK-61",
            "dsd_id": "LK-6175",
            "ed_id": "EC-15",
            "pd_id": "EC-15G"
          },
          "type": "Polygon",
          "arcs": [
            [
              -1481,
              1457,
              1458,
              1459,
              1460,
              1461,
              -1507
            ]
          ],
          "id": "feature_260"
        },
        {
          "properties": {
            "id": "LG-61049",
            "name": "Narammala PS",
            "area_sqkm": "108.53",
            "center_lat": "7.397099",
            "center_lng": "80.193118",
            "other_names": "",
            "lg_code": "49",
            "province_id": "LK-6",
            "district_id": "LK-61",
            "dsd_id": "LK-6181",
            "ed_id": "EC-15",
            "pd_id": "EC-15J"
          },
          "type": "Polygon",
          "arcs": [
            [
              1462,
              1463,
              1464,
              1465,
              1466
            ]
          ],
          "id": "feature_261"
        },
        {
          "properties": {
            "id": "LG-62011",
            "name": "Puttalam MC",
            "area_sqkm": "23.51",
            "center_lat": "8.033618",
            "center_lng": "79.847591",
            "other_names": "",
            "lg_code": "11",
            "province_id": "LK-6",
            "district_id": "LK-62",
            "dsd_id": "LK-6215",
            "ed_id": "EC-16",
            "pd_id": "EC-16A"
          },
          "type": "Polygon",
          "arcs": [
            [
              1467,
              -1519
            ]
          ],
          "id": "feature_262"
        },
        {
          "properties": {
            "id": "LG-62021",
            "name": "Chilaw UC",
            "area_sqkm": "6.53",
            "center_lat": "7.581366",
            "center_lng": "79.793511",
            "other_names": "",
            "lg_code": "21",
            "province_id": "LK-6",
            "district_id": "LK-62",
            "dsd_id": "LK-6233",
            "ed_id": "EC-16",
            "pd_id": "EC-16C"
          },
          "type": "Polygon",
          "arcs": [
            [
              1468,
              -1472,
              -1478
            ]
          ],
          "id": "feature_263"
        },
        {
          "properties": {
            "id": "LG-62031",
            "name": "Anamaduwa PS",
            "area_sqkm": "528.15",
            "center_lat": "7.853184",
            "center_lng": "79.956619",
            "other_names": "",
            "lg_code": "31",
            "province_id": "LK-6",
            "district_id": "LK-62",
            "dsd_id": "",
            "ed_id": "EC-16",
            "pd_id": "EC-16B"
          },
          "type": "Polygon",
          "arcs": [
            [
              -1475,
              -1524,
              -1523,
              1522,
              -1522,
              -1502,
              -1514,
              1469,
              1470
            ]
          ],
          "id": "feature_264"
        },
        {
          "properties": {
            "id": "LG-62032",
            "name": "Arachchikattuwa PS",
            "area_sqkm": "213.46",
            "center_lat": "7.697364",
            "center_lng": "79.852802",
            "other_names": "",
            "lg_code": "32",
            "province_id": "LK-6",
            "district_id": "LK-62",
            "dsd_id": "",
            "ed_id": "EC-16",
            "pd_id": ""
          },
          "type": "Polygon",
          "arcs": [
            [
              1471,
              1472,
              -1483,
              1473,
              -1515,
              1474,
              1475,
              -1479
            ]
          ],
          "id": "feature_265"
        },
        {
          "properties": {
            "id": "LG-62033",
            "name": "Chilaw PS",
            "area_sqkm": "179.38",
            "center_lat": "7.547642",
            "center_lng": "79.853315",
            "other_names": "",
            "lg_code": "33",
            "province_id": "LK-6",
            "district_id": "LK-62",
            "dsd_id": "",
            "ed_id": "EC-16",
            "pd_id": "EC-16C"
          },
          "type": "Polygon",
          "arcs": [
            [
              1476,
              1477,
              1478,
              1479,
              1480,
              -1506
            ]
          ],
          "id": "feature_266"
        },
        {
          "properties": {
            "id": "LG-62034",
            "name": "Kalpitiya PS",
            "area_sqkm": "253.75",
            "center_lat": "8.037997",
            "center_lng": "79.757327",
            "other_names": "",
            "lg_code": "34",
            "province_id": "LK-6",
            "district_id": "LK-62",
            "dsd_id": "",
            "ed_id": "EC-16",
            "pd_id": "EC-16A"
          },
          "type": "MultiPolygon",
          "arcs": [
            [
              [
                -1517,
                1481,
                1482,
                1483
              ]
            ],
            [
              [
                1484
              ]
            ],
            [
              [
                1485
              ]
            ],
            [
              [
                1486
              ]
            ],
            [
              [
                1487
              ]
            ],
            [
              [
                1488
              ]
            ],
            [
              [
                1489
              ]
            ],
            [
              [
                1490
              ]
            ],
            [
              [
                1491
              ]
            ],
            [
              [
                1492
              ]
            ],
            [
              [
                1493
              ]
            ],
            [
              [
                1494
              ]
            ],
            [
              [
                1495
              ]
            ],
            [
              [
                1496
              ]
            ],
            [
              [
                1497
              ]
            ],
            [
              [
                1498
              ]
            ],
            [
              [
                1499
              ]
            ],
            [
              [
                1500
              ]
            ]
          ],
          "id": "feature_267"
        },
        {
          "properties": {
            "id": "LG-62035",
            "name": "Karuwalagaswewa PS",
            "area_sqkm": "499.76",
            "center_lat": "8.119648",
            "center_lng": "79.999768",
            "other_names": "",
            "lg_code": "35",
            "province_id": "LK-6",
            "district_id": "LK-62",
            "dsd_id": "LK-6209",
            "ed_id": "EC-16",
            "pd_id": "EC-16B"
          },
          "type": "Polygon",
          "arcs": [
            [
              1501,
              -1521,
              -1527,
              -1576,
              -1604,
              1502,
              -1504,
              1503,
              1504,
              -1510
            ]
          ],
          "id": "feature_268"
        },
        {
          "properties": {
            "id": "LG-62036",
            "name": "Nattandiya PS",
            "area_sqkm": "150.97",
            "center_lat": "7.424983",
            "center_lng": "79.862933",
            "other_names": "",
            "lg_code": "36",
            "province_id": "LK-6",
            "district_id": "LK-62",
            "dsd_id": "",
            "ed_id": "EC-16",
            "pd_id": "EC-16D"
          },
          "type": "Polygon",
          "arcs": [
            [
              1505,
              1506,
              1507,
              -1531,
              1508
            ]
          ],
          "id": "feature_269"
        },
        {
          "properties": {
            "id": "LG-62037",
            "name": "Nawagattegama PS",
            "area_sqkm": "171.5",
            "center_lat": "8.013076",
            "center_lng": "80.088937",
            "other_names": "",
            "lg_code": "37",
            "province_id": "LK-6",
            "district_id": "LK-62",
            "dsd_id": "LK-6212",
            "ed_id": "EC-16",
            "pd_id": "EC-16B"
          },
          "type": "Polygon",
          "arcs": [
            [
              1509,
              1510,
              1511,
              1512,
              1513
            ]
          ],
          "id": "feature_270"
        },
        {
          "properties": {
            "id": "LG-62038",
            "name": "Puttalam PS",
            "area_sqkm": "251.5",
            "center_lat": "7.96573",
            "center_lng": "79.85345",
            "other_names": "",
            "lg_code": "38",
            "province_id": "LK-6",
            "district_id": "LK-62",
            "dsd_id": "",
            "ed_id": "EC-16",
            "pd_id": ""
          },
          "type": "Polygon",
          "arcs": [
            [
              1514,
              1515,
              1516,
              1517,
              1518,
              1519,
              -1528,
              1520,
              1521,
              -1523,
              1522,
              1523
            ]
          ],
          "id": "feature_271"
        },
        {
          "properties": {
            "id": "LG-62039",
            "name": "Vanathawilluwa PS",
            "area_sqkm": "737.44",
            "center_lat": "8.340926",
            "center_lng": "79.896228",
            "other_names": "",
            "lg_code": "39",
            "province_id": "LK-6",
            "district_id": "LK-62",
            "dsd_id": "LK-6206",
            "ed_id": "EC-16",
            "pd_id": ""
          },
          "type": "MultiPolygon",
          "arcs": [
            [
              [
                1524,
                1525,
                -1577,
                1526,
                1527
              ]
            ],
            [
              [
                1528
              ]
            ]
          ],
          "id": "feature_272"
        },
        {
          "properties": {
            "id": "LG-62040",
            "name": "Wennappuwa PS",
            "area_sqkm": "117.92",
            "center_lat": "7.321939",
            "center_lng": "79.887929",
            "other_names": "",
            "lg_code": "40",
            "province_id": "LK-6",
            "district_id": "LK-62",
            "dsd_id": "",
            "ed_id": "EC-16",
            "pd_id": "EC-16E"
          },
          "type": "Polygon",
          "arcs": [
            [
              1529,
              1530,
              1531,
              1532,
              1533,
              1534
            ]
          ],
          "id": "feature_273"
        },
        {
          "properties": {
            "id": "LG-71011",
            "name": "Anuradhapura MC/ Nuwaragam Palatha Central PS",
            "area_sqkm": "61.81",
            "center_lat": "8.33876",
            "center_lng": "80.406469",
            "other_names": "",
            "lg_code": "11/41",
            "province_id": "LK-7",
            "district_id": "LK-71",
            "dsd_id": "",
            "ed_id": "EC-17",
            "pd_id": ""
          },
          "type": "Polygon",
          "arcs": [
            [
              -1586,
              -1585,
              1584,
              -1584,
              -1571,
              -1570,
              1569,
              -1569,
              -1591
            ]
          ],
          "id": "feature_274"
        },
        {
          "properties": {
            "id": "LG-71031",
            "name": "Galenbindunuwewa PS",
            "area_sqkm": "292.54",
            "center_lat": "8.268046",
            "center_lng": "80.708793",
            "other_names": "",
            "lg_code": "31",
            "province_id": "LK-7",
            "district_id": "LK-71",
            "dsd_id": "LK-7127",
            "ed_id": "EC-17",
            "pd_id": ""
          },
          "type": "Polygon",
          "arcs": [
            [
              -1554,
              1553,
              -1553,
              -1634,
              -1575,
              -1545,
              -1542,
              -1654,
              -1555
            ]
          ],
          "id": "feature_275"
        },
        {
          "properties": {
            "id": "LG-71032",
            "name": "Galnewa PS",
            "area_sqkm": "138.58",
            "center_lat": "8.019713",
            "center_lng": "80.450037",
            "other_names": "",
            "lg_code": "32",
            "province_id": "LK-7",
            "district_id": "LK-71",
            "dsd_id": "LK-7163",
            "ed_id": "EC-17",
            "pd_id": "EC-17E"
          },
          "type": "Polygon",
          "arcs": [
            [
              1535,
              -1628,
              -1543,
              -1599,
              1536
            ]
          ],
          "id": "feature_276"
        },
        {
          "properties": {
            "id": "LG-71033",
            "name": "Horowpothana PS",
            "area_sqkm": "832.95",
            "center_lat": "8.5158",
            "center_lng": "80.852802",
            "other_names": "",
            "lg_code": "33",
            "province_id": "LK-7",
            "district_id": "LK-71",
            "dsd_id": "LK-7124",
            "ed_id": "EC-17",
            "pd_id": "EC-17B"
          },
          "type": "Polygon",
          "arcs": [
            [
              -1551,
              1537,
              1538,
              1539,
              1540,
              -1655,
              1541,
              -1544
            ]
          ],
          "id": "feature_277"
        },
        {
          "properties": {
            "id": "LG-71034",
            "name": "Ipalogama PS",
            "area_sqkm": "141.67",
            "center_lat": "8.085235",
            "center_lng": "80.507736",
            "other_names": "",
            "lg_code": "34",
            "province_id": "LK-7",
            "district_id": "LK-71",
            "dsd_id": "LK-7160",
            "ed_id": "EC-17",
            "pd_id": ""
          },
          "type": "Polygon",
          "arcs": [
            [
              -1627,
              -1626,
              1625,
              -1625,
              -1636,
              -1552,
              -1600,
              1542
            ]
          ],
          "id": "feature_278"
        },
        {
          "properties": {
            "id": "LG-71035",
            "name": "Kahatagasdigiliya PS",
            "area_sqkm": "370.25",
            "center_lat": "8.423981",
            "center_lng": "80.711353",
            "other_names": "",
            "lg_code": "35",
            "province_id": "LK-7",
            "district_id": "LK-71",
            "dsd_id": "LK-7121",
            "ed_id": "EC-17",
            "pd_id": ""
          },
          "type": "Polygon",
          "arcs": [
            [
              -1574,
              -1573,
              1572,
              -1572,
              -1613,
              -1546,
              1543,
              1544
            ]
          ],
          "id": "feature_279"
        },
        {
          "properties": {
            "id": "LG-71036",
            "name": "Kebithigollewa PS",
            "area_sqkm": "613.68",
            "center_lat": "8.712242",
            "center_lng": "80.715528",
            "other_names": "",
            "lg_code": "36",
            "province_id": "LK-7",
            "district_id": "LK-71",
            "dsd_id": "LK-7106",
            "ed_id": "EC-17",
            "pd_id": "EC-17A"
          },
          "type": "Polygon",
          "arcs": [
            [
              1545,
              -1612,
              -1568,
              1546,
              1547,
              1548,
              -1597,
              1549,
              1550
            ]
          ],
          "id": "feature_280"
        },
        {
          "properties": {
            "id": "LG-71037",
            "name": "Kekirawa PS",
            "area_sqkm": "552.37",
            "center_lat": "8.06761",
            "center_lng": "80.659488",
            "other_names": "",
            "lg_code": "37",
            "province_id": "LK-7",
            "district_id": "LK-71",
            "dsd_id": "",
            "ed_id": "EC-17",
            "pd_id": ""
          },
          "type": "Polygon",
          "arcs": [
            [
              1551,
              -1635,
              1552,
              -1554,
              1553,
              1554,
              -1653,
              1555,
              -1557,
              1556,
              1557,
              1558,
              -1601
            ]
          ],
          "id": "feature_281"
        },
        {
          "properties": {
            "id": "LG-71038",
            "name": "Medawachchiya PS",
            "area_sqkm": "489.19",
            "center_lat": "8.588785",
            "center_lng": "80.496936",
            "other_names": "",
            "lg_code": "38",
            "province_id": "LK-7",
            "district_id": "LK-71",
            "dsd_id": "LK-7109",
            "ed_id": "EC-17",
            "pd_id": "EC-17A"
          },
          "type": "Polygon",
          "arcs": [
            [
              -1582,
              1559,
              1560,
              1561,
              1562,
              1563,
              1564,
              1565,
              1566,
              1567,
              -1611
            ]
          ],
          "id": "feature_282"
        },
        {
          "properties": {
            "id": "LG-71039",
            "name": "Mihinthale PS",
            "area_sqkm": "226.79",
            "center_lat": "8.348944",
            "center_lng": "80.545733",
            "other_names": "",
            "lg_code": "39",
            "province_id": "LK-7",
            "district_id": "LK-71",
            "dsd_id": "LK-7130",
            "ed_id": "EC-17",
            "pd_id": ""
          },
          "type": "Polygon",
          "arcs": [
            [
              1568,
              -1570,
              1569,
              1570,
              -1583,
              -1616,
              -1615,
              1614,
              -1614,
              1571,
              -1573,
              1572,
              1573,
              1574,
              -1633,
              -1592
            ]
          ],
          "id": "feature_283"
        },
        {
          "properties": {
            "id": "LG-71040",
            "name": "Nochchiyagama PS",
            "area_sqkm": "838.29",
            "center_lat": "8.333933",
            "center_lng": "80.125586",
            "other_names": "",
            "lg_code": "40",
            "province_id": "LK-7",
            "district_id": "LK-71",
            "dsd_id": "LK-7139",
            "ed_id": "EC-17",
            "pd_id": "EC-17D"
          },
          "type": "Polygon",
          "arcs": [
            [
              -1606,
              -1605,
              1575,
              1576,
              1577,
              -1589,
              -1588,
              1587,
              -1587,
              -1622,
              -1621,
              1620,
              -1620,
              -1619,
              -1618,
              -1607
            ]
          ],
          "id": "feature_284"
        },
        {
          "properties": {
            "id": "LG-71041",
            "name": "Nuwaragam Palatha Central PS",
            "area_sqkm": "987.69",
            "center_lat": "8.497419",
            "center_lng": "80.237628",
            "other_names": "",
            "lg_code": "41",
            "province_id": "LK-7",
            "district_id": "LK-71",
            "dsd_id": "",
            "ed_id": "EC-17",
            "pd_id": ""
          },
          "type": "Polygon",
          "arcs": [
            [
              1578,
              1579,
              1580,
              1581,
              -1610,
              1582,
              1583,
              -1585,
              1584,
              1585,
              -1590,
              -1623,
              1586,
              -1588,
              1587,
              1588
            ]
          ],
          "id": "feature_285"
        },
        {
          "properties": {
            "id": "LG-71042",
            "name": "Nuwaragam Palatha East PS",
            "area_sqkm": "145.8",
            "center_lat": "8.276082",
            "center_lng": "80.427202",
            "other_names": "",
            "lg_code": "42",
            "province_id": "LK-7",
            "district_id": "LK-71",
            "dsd_id": "",
            "ed_id": "EC-17",
            "pd_id": "EC-17C"
          },
          "type": "Polygon",
          "arcs": [
            [
              1589,
              1590,
              1591,
              -1632,
              -1631,
              -1624
            ]
          ],
          "id": "feature_286"
        },
        {
          "properties": {
            "id": "LG-71043",
            "name": "Padaviya PS",
            "area_sqkm": "247.26",
            "center_lat": "8.84868",
            "center_lng": "80.78417",
            "other_names": "",
            "lg_code": "43",
            "province_id": "LK-7",
            "district_id": "LK-71",
            "dsd_id": "LK-7103",
            "ed_id": "EC-17",
            "pd_id": "EC-17A"
          },
          "type": "Polygon",
          "arcs": [
            [
              1592,
              1593,
              1594,
              1595,
              1596
            ]
          ],
          "id": "feature_287"
        },
        {
          "properties": {
            "id": "LG-71044",
            "name": "Palagala PS",
            "area_sqkm": "225.47",
            "center_lat": "7.90556",
            "center_lng": "80.537532",
            "other_names": "",
            "lg_code": "44",
            "province_id": "LK-7",
            "district_id": "LK-71",
            "dsd_id": "LK-7166",
            "ed_id": "EC-17",
            "pd_id": "EC-17G"
          },
          "type": "Polygon",
          "arcs": [
            [
              1597,
              1598,
              1599,
              1600,
              1601,
              1602
            ]
          ],
          "id": "feature_288"
        },
        {
          "properties": {
            "id": "LG-71045",
            "name": "Rajanganaya PS",
            "area_sqkm": "105.84",
            "center_lat": "8.185818",
            "center_lng": "80.180922",
            "other_names": "",
            "lg_code": "45",
            "province_id": "LK-7",
            "district_id": "LK-71",
            "dsd_id": "LK-7142",
            "ed_id": "EC-17",
            "pd_id": "EC-17E"
          },
          "type": "Polygon",
          "arcs": [
            [
              1603,
              1604,
              1605,
              1606,
              -1617,
              1607,
              1608
            ]
          ],
          "id": "feature_289"
        },
        {
          "properties": {
            "id": "LG-71046",
            "name": "Rambewa PS",
            "area_sqkm": "306.11",
            "center_lat": "8.475597",
            "center_lng": "80.550939",
            "other_names": "",
            "lg_code": "46",
            "province_id": "LK-7",
            "district_id": "LK-71",
            "dsd_id": "LK-7118",
            "ed_id": "EC-17",
            "pd_id": ""
          },
          "type": "Polygon",
          "arcs": [
            [
              1609,
              1610,
              1611,
              1612,
              1613,
              -1615,
              1614,
              1615
            ]
          ],
          "id": "feature_290"
        },
        {
          "properties": {
            "id": "LG-71047",
            "name": "Thalawa PS",
            "area_sqkm": "342.09",
            "center_lat": "8.174185",
            "center_lng": "80.359337",
            "other_names": "",
            "lg_code": "47",
            "province_id": "LK-7",
            "district_id": "LK-71",
            "dsd_id": "",
            "ed_id": "EC-17",
            "pd_id": ""
          },
          "type": "Polygon",
          "arcs": [
            [
              1616,
              1617,
              1618,
              1619,
              -1621,
              1620,
              1621,
              1622,
              1623,
              -1630,
              1624,
              -1626,
              1625,
              1626,
              1627,
              1628
            ]
          ],
          "id": "feature_291"
        },
        {
          "properties": {
            "id": "LG-71048",
            "name": "Nuwaragam Palatha East PS",
            "area_sqkm": "299.91",
            "center_lat": "8.209425",
            "center_lng": "80.550501",
            "other_names": "",
            "lg_code": "48",
            "province_id": "LK-7",
            "district_id": "LK-71",
            "dsd_id": "",
            "ed_id": "EC-17",
            "pd_id": "EC-17F"
          },
          "type": "Polygon",
          "arcs": [
            [
              1629,
              1630,
              1631,
              1632,
              1633,
              1634,
              1635
            ]
          ],
          "id": "feature_292"
        },
        {
          "properties": {
            "id": "LG-72011",
            "name": "Polonnaruwa MC",
            "area_sqkm": "32.57",
            "center_lat": "7.940122",
            "center_lng": "81.010274",
            "other_names": "",
            "lg_code": "11",
            "province_id": "LK-7",
            "district_id": "LK-72",
            "dsd_id": "LK-7215",
            "ed_id": "EC-18",
            "pd_id": "EC-18C"
          },
          "type": "Polygon",
          "arcs": [
            [
              1682
            ]
          ],
          "id": "feature_293"
        },
        {
          "properties": {
            "id": "LG-72031",
            "name": "Dimbulagala PS",
            "area_sqkm": "585.9",
            "center_lat": "7.785366",
            "center_lng": "81.126323",
            "other_names": "",
            "lg_code": "31",
            "province_id": "LK-7",
            "district_id": "LK-72",
            "dsd_id": "LK-7212",
            "ed_id": "EC-18",
            "pd_id": "EC-18C"
          },
          "type": "Polygon",
          "arcs": [
            [
              -1637,
              1636,
              1637,
              -1639,
              1638,
              1639,
              -1682,
              -1659,
              -1673,
              1640,
              1641,
              1642,
              1643,
              1644,
              1645,
              1646
            ]
          ],
          "id": "feature_294"
        },
        {
          "properties": {
            "id": "LG-72032",
            "name": "Elahera PS",
            "area_sqkm": "366.09",
            "center_lat": "7.815875",
            "center_lng": "80.845529",
            "other_names": "",
            "lg_code": "32",
            "province_id": "LK-7",
            "district_id": "LK-72",
            "dsd_id": "LK-7218",
            "ed_id": "EC-18",
            "pd_id": "EC-18A"
          },
          "type": "Polygon",
          "arcs": [
            [
              1647,
              1648,
              1649,
              -1657,
              -1676,
              1650
            ]
          ],
          "id": "feature_295"
        },
        {
          "properties": {
            "id": "LG-72033",
            "name": "Hingurakgoda PS",
            "area_sqkm": "705.23",
            "center_lat": "8.114004",
            "center_lng": "80.865402",
            "other_names": "",
            "lg_code": "33",
            "province_id": "LK-7",
            "district_id": "LK-72",
            "dsd_id": "LK-7203",
            "ed_id": "EC-18",
            "pd_id": "EC-18A"
          },
          "type": "Polygon",
          "arcs": [
            [
              1651,
              1652,
              1653,
              1654,
              1655,
              -1667,
              -1658,
              -1680,
              -1679,
              1678,
              -1678,
              -1677,
              1656
            ]
          ],
          "id": "feature_296"
        },
        {
          "properties": {
            "id": "LG-72034",
            "name": "Lankapura PS",
            "area_sqkm": "197.47",
            "center_lat": "8.058699",
            "center_lng": "81.098071",
            "other_names": "",
            "lg_code": "34",
            "province_id": "LK-7",
            "district_id": "LK-72",
            "dsd_id": "LK-7209",
            "ed_id": "EC-18",
            "pd_id": "EC-18B"
          },
          "type": "Polygon",
          "arcs": [
            [
              1657,
              -1666,
              -1665,
              -1664,
              -1668,
              1658,
              -1681
            ]
          ],
          "id": "feature_297"
        },
        {
          "properties": {
            "id": "LG-72035",
            "name": "Medirigiriya PS",
            "area_sqkm": "573.26",
            "center_lat": "8.185489",
            "center_lng": "81.040095",
            "other_names": "",
            "lg_code": "35",
            "province_id": "LK-7",
            "district_id": "LK-72",
            "dsd_id": "LK-7206",
            "ed_id": "EC-18",
            "pd_id": "EC-18B"
          },
          "type": "Polygon",
          "arcs": [
            [
              1659,
              -1661,
              1660,
              1661,
              1662,
              -1669,
              1663,
              1664,
              1665,
              1666
            ]
          ],
          "id": "feature_298"
        },
        {
          "properties": {
            "id": "LG-72037",
            "name": "Welikanda PS",
            "area_sqkm": "574.33",
            "center_lat": "8.05135",
            "center_lng": "81.240046",
            "other_names": "",
            "lg_code": "37",
            "province_id": "LK-7",
            "district_id": "LK-72",
            "dsd_id": "LK-7210",
            "ed_id": "EC-18",
            "pd_id": "EC-18C"
          },
          "type": "Polygon",
          "arcs": [
            [
              1667,
              1668,
              1669,
              1670,
              1671,
              1672
            ]
          ],
          "id": "feature_299"
        },
        {
          "properties": {
            "id": "LG-72038",
            "name": "Polonnaruwa PS",
            "area_sqkm": "434.88",
            "center_lat": "7.878585",
            "center_lng": "80.988593",
            "other_names": "",
            "lg_code": "38",
            "province_id": "LK-7",
            "district_id": "LK-72",
            "dsd_id": "LK-7215",
            "ed_id": "EC-18",
            "pd_id": "EC-18C"
          },
          "type": "Polygon",
          "arcs": [
            [
              1673,
              1674,
              1675,
              1676,
              1677,
              -1679,
              1678,
              1679,
              1680,
              1681
            ],
            [
              1682
            ]
          ],
          "id": "feature_300"
        },
        {
          "properties": {
            "id": "LG-81011",
            "name": "Badulla MC",
            "area_sqkm": "10.4",
            "center_lat": "6.989484",
            "center_lng": "81.057946",
            "other_names": "",
            "lg_code": "11",
            "province_id": "LK-8",
            "district_id": "LK-81",
            "dsd_id": "LK-8121",
            "ed_id": "EC-19",
            "pd_id": "EC-19D"
          },
          "type": "Polygon",
          "arcs": [
            [
              -1727,
              -1684,
              -1695
            ]
          ],
          "id": "feature_301"
        },
        {
          "properties": {
            "id": "LG-81012",
            "name": "Bandarawela MC/ Bandarawela  PS",
            "area_sqkm": "23.05",
            "center_lat": "6.840506",
            "center_lng": "80.985134",
            "other_names": "",
            "lg_code": "12/32",
            "province_id": "LK-8",
            "district_id": "LK-81",
            "dsd_id": "",
            "ed_id": "EC-19",
            "pd_id": "EC-19H"
          },
          "type": "Polygon",
          "arcs": [
            [
              -1703,
              -1739,
              -1687,
              -1688,
              -1686
            ]
          ],
          "id": "feature_302"
        },
        {
          "properties": {
            "id": "LG-81022",
            "name": "Haputale  UC/ Haputale  PS",
            "area_sqkm": "12.4",
            "center_lat": "6.781026",
            "center_lng": "80.959263",
            "other_names": "",
            "lg_code": "22/36",
            "province_id": "LK-8",
            "district_id": "LK-81",
            "dsd_id": "LK-8139",
            "ed_id": "EC-19",
            "pd_id": "EC-19I"
          },
          "type": "Polygon",
          "arcs": [
            [
              -1692,
              -1741,
              -1702,
              -1701,
              1700,
              -1705,
              -1685,
              -1698
            ]
          ],
          "id": "feature_303"
        },
        {
          "properties": {
            "id": "LG-81031",
            "name": "Badulla PS",
            "area_sqkm": "38.45",
            "center_lat": "6.986654",
            "center_lng": "81.094656",
            "other_names": "",
            "lg_code": "31",
            "province_id": "LK-8",
            "district_id": "LK-81",
            "dsd_id": "LK-8121",
            "ed_id": "EC-19",
            "pd_id": "EC-19D"
          },
          "type": "Polygon",
          "arcs": [
            [
              -1726,
              -1718,
              -1696,
              1683
            ]
          ],
          "id": "feature_304"
        },
        {
          "properties": {
            "id": "LG-81032",
            "name": "Bandarawela  PS",
            "area_sqkm": "49.91",
            "center_lat": "6.825827",
            "center_lng": "81.018879",
            "other_names": "",
            "lg_code": "32",
            "province_id": "LK-8",
            "district_id": "LK-81",
            "dsd_id": "LK-8133",
            "ed_id": "EC-19",
            "pd_id": "EC-19H"
          },
          "type": "MultiPolygon",
          "arcs": [
            [
              [
                -1690,
                -1797,
                -1693,
                -1699,
                1684,
                -1704,
                1685
              ]
            ],
            [
              [
                1686,
                -1738,
                -1694,
                -1689
              ]
            ]
          ],
          "id": "feature_305"
        },
        {
          "properties": {
            "id": "LG-81033",
            "name": "Ella  PS",
            "area_sqkm": "107.55",
            "center_lat": "6.868532",
            "center_lng": "81.066957",
            "other_names": "",
            "lg_code": "33",
            "province_id": "LK-8",
            "district_id": "LK-81",
            "dsd_id": "LK-8136",
            "ed_id": "EC-19",
            "pd_id": "EC-19H"
          },
          "type": "Polygon",
          "arcs": [
            [
              1687,
              1688,
              -1697,
              -1716,
              -1745,
              -1798,
              1689
            ]
          ],
          "id": "feature_306"
        },
        {
          "properties": {
            "id": "LG-81034",
            "name": "Haldummulla  PS",
            "area_sqkm": "415.17",
            "center_lat": "6.698806",
            "center_lng": "80.969558",
            "other_names": "",
            "lg_code": "34",
            "province_id": "LK-8",
            "district_id": "LK-81",
            "dsd_id": "LK-8142",
            "ed_id": "EC-19",
            "pd_id": "EC-19I"
          },
          "type": "Polygon",
          "arcs": [
            [
              -1829,
              1690,
              -1742,
              1691,
              -1700,
              1692,
              -1796,
              -1789,
              -1810
            ]
          ],
          "id": "feature_307"
        },
        {
          "properties": {
            "id": "LG-81035",
            "name": "Hali-Ela  PS",
            "area_sqkm": "170.05",
            "center_lat": "6.94587",
            "center_lng": "81.019408",
            "other_names": "",
            "lg_code": "35",
            "province_id": "LK-8",
            "district_id": "LK-81",
            "dsd_id": "LK-8124",
            "ed_id": "EC-19",
            "pd_id": "EC-19E"
          },
          "type": "Polygon",
          "arcs": [
            [
              1693,
              -1737,
              -1733,
              -1708,
              -1728,
              1694,
              1695,
              -1717,
              1696
            ]
          ],
          "id": "feature_308"
        },
        {
          "properties": {
            "id": "LG-81036",
            "name": "Haputale  PS",
            "area_sqkm": "56.64",
            "center_lat": "6.794815",
            "center_lng": "80.962768",
            "other_names": "",
            "lg_code": "36",
            "province_id": "LK-8",
            "district_id": "LK-81",
            "dsd_id": "LK-8139",
            "ed_id": "EC-19",
            "pd_id": "EC-19I"
          },
          "type": "MultiPolygon",
          "arcs": [
            [
              [
                1697,
                1698,
                1699
              ]
            ],
            [
              [
                -1701,
                1700,
                1701,
                -1740,
                1702,
                1703,
                1704
              ]
            ]
          ],
          "id": "feature_309"
        },
        {
          "properties": {
            "id": "LG-81037",
            "name": "Kandaketiya PS",
            "area_sqkm": "150.72",
            "center_lat": "7.129609",
            "center_lng": "80.994256",
            "other_names": "",
            "lg_code": "37",
            "province_id": "LK-8",
            "district_id": "LK-81",
            "dsd_id": "LK-8112",
            "ed_id": "EC-19",
            "pd_id": "EC-19B"
          },
          "type": "Polygon",
          "arcs": [
            [
              -1732,
              1705,
              1706,
              -1712,
              -1714,
              -1723,
              1707
            ]
          ],
          "id": "feature_310"
        },
        {
          "properties": {
            "id": "LG-81038",
            "name": "Mahiyanganaya PS",
            "area_sqkm": "601.88",
            "center_lat": "7.43385",
            "center_lng": "81.081405",
            "other_names": "",
            "lg_code": "38",
            "province_id": "LK-8",
            "district_id": "LK-81",
            "dsd_id": "LK-8103",
            "ed_id": "EC-19",
            "pd_id": "EC-19A"
          },
          "type": "Polygon",
          "arcs": [
            [
              1708,
              1709,
              1710,
              -1720,
              -1715,
              1711,
              1712
            ]
          ],
          "id": "feature_311"
        },
        {
          "properties": {
            "id": "LG-81039",
            "name": "Meegahaivula PS",
            "area_sqkm": "108.82",
            "center_lat": "7.126719",
            "center_lng": "81.081054",
            "other_names": "",
            "lg_code": "39",
            "province_id": "LK-8",
            "district_id": "LK-81",
            "dsd_id": "LK-8109",
            "ed_id": "EC-19",
            "pd_id": "EC-19B"
          },
          "type": "Polygon",
          "arcs": [
            [
              1713,
              1714,
              -1722,
              -1748,
              -1743,
              -1719,
              -1724
            ]
          ],
          "id": "feature_312"
        },
        {
          "properties": {
            "id": "LG-81040",
            "name": "Passara PS",
            "area_sqkm": "134.59",
            "center_lat": "6.964933",
            "center_lng": "81.147248",
            "other_names": "",
            "lg_code": "40",
            "province_id": "LK-8",
            "district_id": "LK-81",
            "dsd_id": "LK-8118",
            "ed_id": "EC-19",
            "pd_id": "EC-19C"
          },
          "type": "Polygon",
          "arcs": [
            [
              1715,
              1716,
              1717,
              -1725,
              1718,
              -1744,
              -1746
            ]
          ],
          "id": "feature_313"
        },
        {
          "properties": {
            "id": "LG-81041",
            "name": "Rideemaliyadda PS",
            "area_sqkm": "437.14",
            "center_lat": "7.274411",
            "center_lng": "81.128186",
            "other_names": "",
            "lg_code": "41",
            "province_id": "LK-8",
            "district_id": "LK-81",
            "dsd_id": "LK-8106",
            "ed_id": "EC-19",
            "pd_id": "EC-19A"
          },
          "type": "Polygon",
          "arcs": [
            [
              1719,
              1720,
              -1749,
              1721
            ]
          ],
          "id": "feature_314"
        },
        {
          "properties": {
            "id": "LG-81042",
            "name": "Soranathota PS",
            "area_sqkm": "80.5",
            "center_lat": "7.045305",
            "center_lng": "81.050182",
            "other_names": "",
            "lg_code": "42",
            "province_id": "LK-8",
            "district_id": "LK-81",
            "dsd_id": "LK-8115",
            "ed_id": "EC-19",
            "pd_id": "EC-19B"
          },
          "type": "Polygon",
          "arcs": [
            [
              1722,
              1723,
              1724,
              1725,
              1726,
              1727
            ]
          ],
          "id": "feature_315"
        },
        {
          "properties": {
            "id": "LG-81043",
            "name": "Uva Paranagama  PS",
            "area_sqkm": "137.69",
            "center_lat": "6.966467",
            "center_lng": "80.917273",
            "other_names": "",
            "lg_code": "43",
            "province_id": "LK-8",
            "district_id": "LK-81",
            "dsd_id": "LK-8127",
            "ed_id": "EC-19",
            "pd_id": "EC-19F"
          },
          "type": "Polygon",
          "arcs": [
            [
              1728,
              1729,
              1730,
              1731,
              1732,
              -1736
            ]
          ],
          "id": "feature_316"
        },
        {
          "properties": {
            "id": "LG-81044",
            "name": "Welimada  PS",
            "area_sqkm": "194.0",
            "center_lat": "6.860252",
            "center_lng": "80.880744",
            "other_names": "",
            "lg_code": "44",
            "province_id": "LK-8",
            "district_id": "LK-81",
            "dsd_id": "LK-8130",
            "ed_id": "EC-19",
            "pd_id": "EC-19G"
          },
          "type": "Polygon",
          "arcs": [
            [
              1733,
              1734,
              1735,
              1736,
              1737,
              1738,
              1739,
              1740,
              1741
            ]
          ],
          "id": "feature_317"
        },
        {
          "properties": {
            "id": "LG-81045",
            "name": "Lunugala PS",
            "area_sqkm": "143.01",
            "center_lat": "7.037966",
            "center_lng": "81.186128",
            "other_names": "",
            "lg_code": "45",
            "province_id": "LK-8",
            "district_id": "LK-81",
            "dsd_id": "LK-8119",
            "ed_id": "EC-19",
            "pd_id": "EC-19C"
          },
          "type": "Polygon",
          "arcs": [
            [
              1742,
              -1751,
              -1771,
              -1747,
              1743
            ]
          ],
          "id": "feature_318"
        },
        {
          "properties": {
            "id": "LG-82031",
            "name": "Badalkumbura PS",
            "area_sqkm": "237.09",
            "center_lat": "6.869729",
            "center_lng": "81.216912",
            "other_names": "",
            "lg_code": "31",
            "province_id": "LK-8",
            "district_id": "LK-82",
            "dsd_id": "LK-8218",
            "ed_id": "EC-20",
            "pd_id": "EC-20B"
          },
          "type": "Polygon",
          "arcs": [
            [
              -1799,
              1744,
              1745,
              1746,
              -1774,
              -1775,
              -1752
            ]
          ],
          "id": "feature_319"
        },
        {
          "properties": {
            "id": "LG-82032",
            "name": "Bibila PS",
            "area_sqkm": "466.05",
            "center_lat": "7.187842",
            "center_lng": "81.298497",
            "other_names": "",
            "lg_code": "32",
            "province_id": "LK-8",
            "district_id": "LK-82",
            "dsd_id": "LK-8203",
            "ed_id": "EC-20",
            "pd_id": "EC-20A"
          },
          "type": "Polygon",
          "arcs": [
            [
              1747,
              1748,
              1749,
              -1764,
              -1763,
              1762,
              -1762,
              -1761,
              1760,
              -1760,
              -1759,
              1758,
              -1758,
              -1757,
              1756,
              -1756,
              -1772,
              1750
            ]
          ],
          "id": "feature_320"
        },
        {
          "properties": {
            "id": "LG-82033",
            "name": "Buttala PS",
            "area_sqkm": "709.86",
            "center_lat": "6.660368",
            "center_lng": "81.299812",
            "other_names": "",
            "lg_code": "33",
            "province_id": "LK-8",
            "district_id": "LK-82",
            "dsd_id": "LK-8224",
            "ed_id": "EC-20",
            "pd_id": "EC-20C"
          },
          "type": "Polygon",
          "arcs": [
            [
              -1800,
              1751,
              -1778,
              -1780,
              -1754
            ]
          ],
          "id": "feature_321"
        },
        {
          "properties": {
            "id": "LG-82034",
            "name": "Katharagama PS",
            "area_sqkm": "609.08",
            "center_lat": "6.494507",
            "center_lng": "81.373695",
            "other_names": "",
            "lg_code": "34",
            "province_id": "LK-8",
            "district_id": "LK-82",
            "dsd_id": "LK-8227",
            "ed_id": "EC-20",
            "pd_id": "EC-20C"
          },
          "type": "Polygon",
          "arcs": [
            [
              1752,
              -1790,
              -1801,
              1753,
              -1779,
              1754
            ]
          ],
          "id": "feature_322"
        },
        {
          "properties": {
            "id": "LG-82035",
            "name": "Madulla PS",
            "area_sqkm": "750.32",
            "center_lat": "7.160153",
            "center_lng": "81.426163",
            "other_names": "",
            "lg_code": "35",
            "province_id": "LK-8",
            "district_id": "LK-82",
            "dsd_id": "LK-8206",
            "ed_id": "EC-20",
            "pd_id": "EC-20A"
          },
          "type": "Polygon",
          "arcs": [
            [
              -1773,
              1755,
              -1757,
              1756,
              1757,
              -1759,
              1758,
              1759,
              -1761,
              1760,
              1761,
              -1763,
              1762,
              1763,
              1764,
              1765,
              1766,
              1767,
              1768,
              1769,
              -1786,
              -1785,
              1784,
              -1784,
              -1783,
              1782,
              -1782,
              -1777
            ]
          ],
          "id": "feature_323"
        },
        {
          "properties": {
            "id": "LG-82036",
            "name": "Medagama PS",
            "area_sqkm": "240.35",
            "center_lat": "7.053049",
            "center_lng": "81.292941",
            "other_names": "",
            "lg_code": "36",
            "province_id": "LK-8",
            "district_id": "LK-82",
            "dsd_id": "LK-8209",
            "ed_id": "EC-20",
            "pd_id": "EC-20A"
          },
          "type": "Polygon",
          "arcs": [
            [
              1770,
              1771,
              1772,
              -1776,
              1773
            ]
          ],
          "id": "feature_324"
        },
        {
          "properties": {
            "id": "LG-82037",
            "name": "Moneragala PS",
            "area_sqkm": "290.52",
            "center_lat": "6.832233",
            "center_lng": "81.353268",
            "other_names": "",
            "lg_code": "37",
            "province_id": "LK-8",
            "district_id": "LK-82",
            "dsd_id": "LK-8215",
            "ed_id": "EC-20",
            "pd_id": "EC-20B"
          },
          "type": "Polygon",
          "arcs": [
            [
              1774,
              1775,
              1776,
              -1781,
              1777
            ]
          ],
          "id": "feature_325"
        },
        {
          "properties": {
            "id": "LG-82038",
            "name": "Siyambalanduwa PS",
            "area_sqkm": "1059.94",
            "center_lat": "6.845567",
            "center_lng": "81.525567",
            "other_names": "",
            "lg_code": "38",
            "province_id": "LK-8",
            "district_id": "LK-82",
            "dsd_id": "LK-8212",
            "ed_id": "EC-20",
            "pd_id": "EC-20B"
          },
          "type": "Polygon",
          "arcs": [
            [
              1778,
              1779,
              1780,
              1781,
              -1783,
              1782,
              1783,
              -1785,
              1784,
              1785,
              1786,
              1787
            ]
          ],
          "id": "feature_326"
        },
        {
          "properties": {
            "id": "LG-82039",
            "name": "Thanamalvila PS",
            "area_sqkm": "819.84",
            "center_lat": "6.473626",
            "center_lng": "80.979827",
            "other_names": "",
            "lg_code": "39",
            "province_id": "LK-8",
            "district_id": "LK-82",
            "dsd_id": "",
            "ed_id": "EC-20",
            "pd_id": "EC-20C"
          },
          "type": "Polygon",
          "arcs": [
            [
              -1819,
              -1803,
              -1817,
              -1873,
              -1811,
              1788,
              -1795,
              -1802,
              1789,
              1790,
              1791,
              1792,
              1793
            ]
          ],
          "id": "feature_327"
        },
        {
          "properties": {
            "id": "LG-82040",
            "name": "Wellawaya PS",
            "area_sqkm": "574.94",
            "center_lat": "6.612619",
            "center_lng": "81.127975",
            "other_names": "",
            "lg_code": "40",
            "province_id": "LK-8",
            "district_id": "LK-82",
            "dsd_id": "LK-8221",
            "ed_id": "EC-20",
            "pd_id": "EC-20C"
          },
          "type": "Polygon",
          "arcs": [
            [
              1794,
              1795,
              1796,
              1797,
              1798,
              1799,
              1800,
              1801
            ]
          ],
          "id": "feature_328"
        },
        {
          "properties": {
            "id": "LG-91011",
            "name": "Ratnapura MC/ Ratnapura PS",
            "area_sqkm": "36.65",
            "center_lat": "6.687164",
            "center_lng": "80.411703",
            "other_names": "",
            "lg_code": "11/42",
            "province_id": "LK-9",
            "district_id": "LK-91",
            "dsd_id": "",
            "ed_id": "EC-21",
            "pd_id": ""
          },
          "type": "Polygon",
          "arcs": [
            [
              -1866,
              -1852,
              -1858,
              -1857,
              1856,
              -1856,
              -1854
            ]
          ],
          "id": "feature_329"
        },
        {
          "properties": {
            "id": "LG-91021",
            "name": "Balangoda UC/ Imbulpe PS",
            "area_sqkm": "39.21",
            "center_lat": "6.643726",
            "center_lng": "80.68826",
            "other_names": "",
            "lg_code": "21/36",
            "province_id": "LK-9",
            "district_id": "LK-91",
            "dsd_id": "",
            "ed_id": "EC-21",
            "pd_id": "EC-21D"
          },
          "type": "MultiPolygon",
          "arcs": [
            [
              [
                -1814,
                -1813,
                -1812,
                -1871
              ]
            ],
            [
              [
                -1809,
                -1824
              ]
            ]
          ],
          "id": "feature_330"
        },
        {
          "properties": {
            "id": "LG-91022",
            "name": "Embilipitiya UC",
            "area_sqkm": "54.82",
            "center_lat": "6.326504",
            "center_lng": "80.859512",
            "other_names": "",
            "lg_code": "22",
            "province_id": "LK-9",
            "district_id": "LK-91",
            "dsd_id": "LK-9148",
            "ed_id": "EC-21",
            "pd_id": "EC-21H"
          },
          "type": "Polygon",
          "arcs": [
            [
              -1818,
              1802
            ]
          ],
          "id": "feature_331"
        },
        {
          "properties": {
            "id": "LG-91032",
            "name": "Ayagama PS",
            "area_sqkm": "163.35",
            "center_lat": "6.650948",
            "center_lng": "80.291308",
            "other_names": "",
            "lg_code": "32",
            "province_id": "LK-9",
            "district_id": "LK-91",
            "dsd_id": "LK-9130",
            "ed_id": "EC-21",
            "pd_id": "EC-21G"
          },
          "type": "Polygon",
          "arcs": [
            [
              1803,
              1804,
              1805,
              1806,
              -1846,
              -1850,
              -1832,
              1807
            ]
          ],
          "id": "feature_332"
        },
        {
          "properties": {
            "id": "LG-91033",
            "name": "Balangoda PS",
            "area_sqkm": "244.24",
            "center_lat": "6.626862",
            "center_lng": "80.779359",
            "other_names": "",
            "lg_code": "33",
            "province_id": "LK-9",
            "district_id": "LK-91",
            "dsd_id": "",
            "ed_id": "EC-21",
            "pd_id": "EC-21D"
          },
          "type": "Polygon",
          "arcs": [
            [
              -1870,
              -1863,
              -1825,
              1808,
              -1830,
              1809,
              1810,
              -1872,
              1811,
              1812,
              1813
            ]
          ],
          "id": "feature_333"
        },
        {
          "properties": {
            "id": "LG-91034",
            "name": "Eheliyagoda PS",
            "area_sqkm": "140.97",
            "center_lat": "6.838464",
            "center_lng": "80.22653",
            "other_names": "",
            "lg_code": "34",
            "province_id": "LK-9",
            "district_id": "LK-91",
            "dsd_id": "LK-9103",
            "ed_id": "EC-21",
            "pd_id": "EC-21A"
          },
          "type": "MultiPolygon",
          "arcs": [
            [
              [
                1846
              ]
            ],
            [
              [
                1814,
                1815,
                -1896,
                -1845
              ]
            ]
          ],
          "id": "feature_334"
        },
        {
          "properties": {
            "id": "LG-91035",
            "name": "Embilipitiya PS",
            "area_sqkm": "333.99",
            "center_lat": "6.359934",
            "center_lng": "80.806374",
            "other_names": "",
            "lg_code": "35",
            "province_id": "LK-9",
            "district_id": "LK-91",
            "dsd_id": "LK-9148",
            "ed_id": "EC-21",
            "pd_id": "EC-21H"
          },
          "type": "Polygon",
          "arcs": [
            [
              -1843,
              -1842,
              1841,
              -1841,
              -1882,
              -1874,
              1816,
              1817,
              1818,
              1819,
              1820,
              1821,
              1822
            ]
          ],
          "id": "feature_335"
        },
        {
          "properties": {
            "id": "LG-91036",
            "name": "Imbulpe PS",
            "area_sqkm": "252.64",
            "center_lat": "6.715183",
            "center_lng": "80.736345",
            "other_names": "",
            "lg_code": "36",
            "province_id": "LK-9",
            "district_id": "LK-91",
            "dsd_id": "LK-9115",
            "ed_id": "EC-21",
            "pd_id": "EC-21D"
          },
          "type": "Polygon",
          "arcs": [
            [
              1823,
              1824,
              -1862,
              1825,
              1826,
              1827,
              1828,
              1829
            ]
          ],
          "id": "feature_336"
        },
        {
          "properties": {
            "id": "LG-91037",
            "name": "Kalawana PS",
            "area_sqkm": "382.4",
            "center_lat": "6.46448",
            "center_lng": "80.451221",
            "other_names": "",
            "lg_code": "37",
            "province_id": "LK-9",
            "district_id": "LK-91",
            "dsd_id": "LK-9133",
            "ed_id": "EC-21",
            "pd_id": "EC-21G"
          },
          "type": "Polygon",
          "arcs": [
            [
              1830,
              1831,
              -1849,
              -1848,
              1847,
              -1853,
              -1885,
              -1875,
              -1840,
              -1839,
              1832,
              1833
            ]
          ],
          "id": "feature_337"
        },
        {
          "properties": {
            "id": "LG-91038",
            "name": "Kolonna PS",
            "area_sqkm": "177.85",
            "center_lat": "6.391184",
            "center_lng": "80.678904",
            "other_names": "",
            "lg_code": "38",
            "province_id": "LK-9",
            "district_id": "LK-91",
            "dsd_id": "LK-9151",
            "ed_id": "EC-21",
            "pd_id": "EC-21H"
          },
          "type": "Polygon",
          "arcs": [
            [
              1834,
              1835,
              1836,
              1837,
              1838,
              1839,
              -1884,
              -1883,
              1840,
              -1842,
              1841,
              1842
            ]
          ],
          "id": "feature_338"
        },
        {
          "properties": {
            "id": "LG-91039",
            "name": "Kuruvita PS",
            "area_sqkm": "250.44",
            "center_lat": "6.786058",
            "center_lng": "80.329691",
            "other_names": "",
            "lg_code": "39",
            "province_id": "LK-9",
            "district_id": "LK-91",
            "dsd_id": "",
            "ed_id": "EC-21",
            "pd_id": ""
          },
          "type": "Polygon",
          "arcs": [
            [
              1843,
              1844,
              -1895,
              -1902,
              -1860,
              -1851,
              1845
            ],
            [
              1846
            ]
          ],
          "id": "feature_339"
        },
        {
          "properties": {
            "id": "LG-91040",
            "name": "Nivithigala PS",
            "area_sqkm": "239.06",
            "center_lat": "6.602993",
            "center_lng": "80.419972",
            "other_names": "",
            "lg_code": "40",
            "province_id": "LK-9",
            "district_id": "LK-91",
            "dsd_id": "",
            "ed_id": "EC-21",
            "pd_id": ""
          },
          "type": "Polygon",
          "arcs": [
            [
              -1848,
              1847,
              1848,
              1849,
              1850,
              -1859,
              1851,
              -1865,
              -1855,
              -1888,
              -1887,
              1886,
              -1886,
              1852
            ]
          ],
          "id": "feature_340"
        },
        {
          "properties": {
            "id": "LG-91041",
            "name": "Pelmadulla PS",
            "area_sqkm": "142.4",
            "center_lat": "6.634808",
            "center_lng": "80.511103",
            "other_names": "",
            "lg_code": "41",
            "province_id": "LK-9",
            "district_id": "LK-91",
            "dsd_id": "LK-9124",
            "ed_id": "EC-21",
            "pd_id": "EC-21C"
          },
          "type": "Polygon",
          "arcs": [
            [
              -1867,
              1853,
              -1864,
              -1868,
              -1876,
              -1889,
              1854
            ]
          ],
          "id": "feature_341"
        },
        {
          "properties": {
            "id": "LG-91042",
            "name": "Ratnapura PS",
            "area_sqkm": "295.36",
            "center_lat": "6.732763",
            "center_lng": "80.490139",
            "other_names": "",
            "lg_code": "42",
            "province_id": "LK-9",
            "district_id": "LK-91",
            "dsd_id": "LK-9112",
            "ed_id": "EC-21",
            "pd_id": ""
          },
          "type": "MultiPolygon",
          "arcs": [
            [
              [
                1855,
                -1857,
                1856,
                1857,
                1858,
                1859,
                -1901,
                -1900,
                1899,
                1860,
                1861,
                1862,
                -1869,
                1863
              ]
            ],
            [
              [
                1864,
                1865,
                1866
              ]
            ]
          ],
          "id": "feature_342"
        },
        {
          "properties": {
            "id": "LG-91043",
            "name": "Weligepola PS",
            "area_sqkm": "277.3",
            "center_lat": "6.560933",
            "center_lng": "80.707809",
            "other_names": "",
            "lg_code": "43",
            "province_id": "LK-9",
            "district_id": "LK-91",
            "dsd_id": "",
            "ed_id": "EC-21",
            "pd_id": "EC-21E"
          },
          "type": "Polygon",
          "arcs": [
            [
              1867,
              1868,
              1869,
              1870,
              1871,
              1872,
              1873,
              -1881,
              -1880,
              1879,
              -1879,
              -1878,
              1877,
              -1877
            ]
          ],
          "id": "feature_343"
        },
        {
          "properties": {
            "id": "LG-91044",
            "name": "Godakawela PS",
            "area_sqkm": "152.12",
            "center_lat": "6.498162",
            "center_lng": "80.641823",
            "other_names": "",
            "lg_code": "44",
            "province_id": "LK-9",
            "district_id": "LK-91",
            "dsd_id": "LK-9142",
            "ed_id": "EC-21",
            "pd_id": "EC-21E"
          },
          "type": "Polygon",
          "arcs": [
            [
              1874,
              -1890,
              1875,
              1876,
              -1878,
              1877,
              1878,
              -1880,
              1879,
              1880,
              1881,
              1882,
              1883
            ]
          ],
          "id": "feature_344"
        },
        {
          "properties": {
            "id": "LG-91045",
            "name": "Kahawatta PS",
            "area_sqkm": "104.25",
            "center_lat": "6.527983",
            "center_lng": "80.545154",
            "other_names": "",
            "lg_code": "45",
            "province_id": "LK-9",
            "district_id": "LK-91",
            "dsd_id": "LK-9139",
            "ed_id": "EC-21",
            "pd_id": "EC-21F"
          },
          "type": "Polygon",
          "arcs": [
            [
              1884,
              1885,
              -1887,
              1886,
              1887,
              1888,
              1889
            ]
          ],
          "id": "feature_345"
        },
        {
          "properties": {
            "id": "LG-92011",
            "name": "Kegalle MC",
            "area_sqkm": "7.42",
            "center_lat": "7.251102",
            "center_lng": "80.350997",
            "other_names": "",
            "lg_code": "11",
            "province_id": "LK-9",
            "district_id": "LK-92",
            "dsd_id": "LK-9212",
            "ed_id": "EC-22",
            "pd_id": "EC-22C"
          },
          "type": "Polygon",
          "arcs": [
            [
              -1905,
              -1914,
              -1904,
              -1909,
              -1908,
              -1907
            ]
          ],
          "id": "feature_346"
        },
        {
          "properties": {
            "id": "LG-92031",
            "name": "Aranayaka  PS",
            "area_sqkm": "120.09",
            "center_lat": "7.167804",
            "center_lng": "80.442178",
            "other_names": "",
            "lg_code": "31",
            "province_id": "LK-9",
            "district_id": "LK-92",
            "dsd_id": "LK-9209",
            "ed_id": "EC-22",
            "pd_id": "EC-22F"
          },
          "type": "MultiPolygon",
          "arcs": [
            [
              [
                -1964,
                -1911,
                -1922,
                1890,
                -1965
              ]
            ],
            [
              [
                1891
              ]
            ]
          ],
          "id": "feature_347"
        },
        {
          "properties": {
            "id": "LG-92032",
            "name": "Dehiovita PS",
            "area_sqkm": "193.95",
            "center_lat": "6.939454",
            "center_lng": "80.280907",
            "other_names": "",
            "lg_code": "32",
            "province_id": "LK-9",
            "district_id": "LK-92",
            "dsd_id": "LK-9230",
            "ed_id": "EC-22",
            "pd_id": ""
          },
          "type": "Polygon",
          "arcs": [
            [
              1892,
              1893,
              -1934,
              -1951,
              -1897,
              1894,
              1895
            ]
          ],
          "id": "feature_348"
        },
        {
          "properties": {
            "id": "LG-92033",
            "name": "Deraniyagala PS",
            "area_sqkm": "222.16",
            "center_lat": "6.907025",
            "center_lng": "80.403181",
            "other_names": "",
            "lg_code": "33",
            "province_id": "LK-9",
            "district_id": "LK-92",
            "dsd_id": "LK-9233",
            "ed_id": "EC-22",
            "pd_id": "EC-22I"
          },
          "type": "Polygon",
          "arcs": [
            [
              1896,
              -1950,
              1897,
              1898,
              1899,
              1900,
              1901
            ]
          ],
          "id": "feature_349"
        },
        {
          "properties": {
            "id": "LG-92034",
            "name": "Galigamuwa PS",
            "area_sqkm": "124.59",
            "center_lat": "7.216127",
            "center_lng": "80.305524",
            "other_names": "",
            "lg_code": "34",
            "province_id": "LK-9",
            "district_id": "LK-92",
            "dsd_id": "LK-9215",
            "ed_id": "EC-22",
            "pd_id": "EC-22B"
          },
          "type": "Polygon",
          "arcs": [
            [
              -1956,
              -1955,
              1954,
              -1954,
              -1942,
              -1941,
              -1940,
              1902,
              -1923,
              -1910,
              1903,
              -1913,
              1904,
              -1906,
              -1962,
              -1961
            ]
          ],
          "id": "feature_350"
        },
        {
          "properties": {
            "id": "LG-92035",
            "name": "Kegalle PS",
            "area_sqkm": "98.83",
            "center_lat": "7.206006",
            "center_lng": "80.369444",
            "other_names": "",
            "lg_code": "35",
            "province_id": "LK-9",
            "district_id": "LK-92",
            "dsd_id": "LK-9212",
            "ed_id": "EC-22",
            "pd_id": ""
          },
          "type": "MultiPolygon",
          "arcs": [
            [
              [
                1905,
                1906,
                1907,
                1908,
                1909,
                -1929,
                -1915,
                1910,
                1963,
                -1963
              ],
              [
                1911
              ]
            ],
            [
              [
                1912,
                1913
              ]
            ]
          ],
          "id": "feature_351"
        },
        {
          "properties": {
            "id": "LG-92036",
            "name": "Mawanella PS",
            "area_sqkm": "120.09",
            "center_lat": "7.230038",
            "center_lng": "80.47224",
            "other_names": "",
            "lg_code": "36",
            "province_id": "LK-9",
            "district_id": "LK-92",
            "dsd_id": "LK-9206",
            "ed_id": "EC-22",
            "pd_id": "EC-22E"
          },
          "type": "Polygon",
          "arcs": [
            [
              1914,
              -1928,
              1915,
              1916,
              1917,
              1918,
              1919,
              1920,
              1921
            ]
          ],
          "id": "feature_352"
        },
        {
          "properties": {
            "id": "LG-92037",
            "name": "Rambukkana PS",
            "area_sqkm": "127.79",
            "center_lat": "7.324762",
            "center_lng": "80.386138",
            "other_names": "",
            "lg_code": "37",
            "province_id": "LK-9",
            "district_id": "LK-92",
            "dsd_id": "LK-9203",
            "ed_id": "EC-22",
            "pd_id": "EC-22D"
          },
          "type": "Polygon",
          "arcs": [
            [
              1922,
              1923,
              1924,
              1925,
              1926,
              1927,
              1928
            ]
          ],
          "id": "feature_353"
        },
        {
          "properties": {
            "id": "LG-92038",
            "name": "Ruwanwella  PS",
            "area_sqkm": "140.64",
            "center_lat": "7.064225",
            "center_lng": "80.218789",
            "other_names": "",
            "lg_code": "38",
            "province_id": "LK-9",
            "district_id": "LK-92",
            "dsd_id": "LK-9221",
            "ed_id": "EC-22",
            "pd_id": "EC-22H"
          },
          "type": "Polygon",
          "arcs": [
            [
              1929,
              1930,
              1931,
              1932,
              -1943,
              -1952,
              -1959,
              -1946,
              1933
            ]
          ],
          "id": "feature_354"
        },
        {
          "properties": {
            "id": "LG-92039",
            "name": "Warakapola PS",
            "area_sqkm": "196.98",
            "center_lat": "7.203746",
            "center_lng": "80.231762",
            "other_names": "",
            "lg_code": "39",
            "province_id": "LK-9",
            "district_id": "LK-92",
            "dsd_id": "LK-9218",
            "ed_id": "EC-22",
            "pd_id": "EC-22A"
          },
          "type": "MultiPolygon",
          "arcs": [
            [
              [
                1934,
                -1936,
                1935,
                1936,
                1937,
                1938,
                1939,
                1940,
                1941,
                -1953,
                1942,
                1943
              ]
            ],
            [
              [
                1944
              ]
            ]
          ],
          "id": "feature_355"
        },
        {
          "properties": {
            "id": "LG-92040",
            "name": "Yatiyanthota PS",
            "area_sqkm": "179.91",
            "center_lat": "7.029854",
            "center_lng": "80.371683",
            "other_names": "",
            "lg_code": "40",
            "province_id": "LK-9",
            "district_id": "LK-92",
            "dsd_id": "LK-9227",
            "ed_id": "EC-22",
            "pd_id": "EC-22G"
          },
          "type": "MultiPolygon",
          "arcs": [
            [
              [
                1945,
                -1958,
                -1957,
                -1967,
                1946,
                1947,
                1948,
                1949,
                1950
              ]
            ],
            [
              [
                1951,
                1952,
                1953,
                -1955,
                1954,
                1955,
                -1960
              ]
            ]
          ],
          "id": "feature_356"
        },
        {
          "properties": {
            "id": "LG-92041",
            "name": "Bulathkohupitiya PS",
            "area_sqkm": "125.27",
            "center_lat": "7.098344",
            "center_lng": "80.355516",
            "other_names": "",
            "lg_code": "41",
            "province_id": "LK-9",
            "district_id": "LK-92",
            "dsd_id": "LK-9224",
            "ed_id": "EC-22",
            "pd_id": ""
          },
          "type": "Polygon",
          "arcs": [
            [
              1956,
              1957,
              1958,
              1959,
              1960,
              1961,
              1962,
              -1964,
              1963,
              1964,
              1965,
              1966
            ]
          ],
          "id": "feature_357"
        }
      ],
      "type": "GeometryCollection"
    }
  },
  "transform": {
    "scale": [
      2.3539695165889347e-05,
      3.911525383441098e-05
    ],
    "translate": [
      79.52143309909712,
      5.918892621269552
    ]
  },
  "bbox": [
    79.52143309909712,
    5.918892621269552,
    81.87537907599089,
    9.830378889456815
  ],
  "arcs": [
    [
      [
        14373,
        24126
      ],
      [
        -712,
        1676
      ],
      [
        -738,
        -120
      ],
      [
        -241,
        439
      ],
      [
        117,
        436
      ],
      [
        350,
        212
      ],
      [
        -303,
        -545
      ],
      [
        783,
        31
      ],
      [
        -99,
        381
      ],
      [
        268,
        -230
      ],
      [
        -142,
        -302
      ],
      [
        270,
        -22
      ],
      [
        847,
        997
      ]
    ],
    [
      [
        14782,
        22672
      ],
      [
        -409,
        1454
      ]
    ],
    [
      [
        14373,
        24126
      ],
      [
        1077,
        276
      ]
    ],
    [
      [
        14782,
        22672
      ],
      [
        1237,
        325
      ]
    ],
    [
      [
        16129,
        20362
      ],
      [
        -1347,
        2310
      ]
    ],
    [
      [
        15751,
        24244
      ],
      [
        -152,
        81
      ]
    ],
    [
      [
        15599,
        24324
      ],
      [
        0,
        1
      ]
    ],
    [
      [
        15599,
        24325
      ],
      [
        -149,
        77
      ]
    ],
    [
      [
        15450,
        24402
      ],
      [
        26,
        12
      ]
    ],
    [
      [
        15477,
        24414
      ],
      [
        -1,
        0
      ]
    ],
    [
      [
        15476,
        24414
      ],
      [
        -54,
        222
      ]
    ],
    [
      [
        15421,
        24636
      ],
      [
        1,
        0
      ]
    ],
    [
      [
        15422,
        24636
      ],
      [
        74,
        1063
      ]
    ],
    [
      [
        17021,
        24685
      ],
      [
        -888,
        742
      ]
    ],
    [
      [
        15496,
        25699
      ],
      [
        -296,
        877
      ]
    ],
    [
      [
        16106,
        25685
      ],
      [
        -610,
        14
      ]
    ],
    [
      [
        16708,
        23661
      ],
      [
        1,
        -1
      ]
    ],
    [
      [
        16709,
        23660
      ],
      [
        -1037,
        456
      ]
    ],
    [
      [
        15672,
        24116
      ],
      [
        79,
        128
      ]
    ],
    [
      [
        15751,
        24244
      ],
      [
        792,
        -267
      ],
      [
        -446,
        598
      ],
      [
        924,
        110
      ]
    ],
    [
      [
        17021,
        24685
      ],
      [
        2866,
        -661
      ]
    ],
    [
      [
        17049,
        23211
      ],
      [
        -341,
        450
      ]
    ],
    [
      [
        16312,
        21711
      ],
      [
        -254,
        1271
      ]
    ],
    [
      [
        17049,
        23211
      ],
      [
        292,
        109
      ]
    ],
    [
      [
        17342,
        23320
      ],
      [
        -1,
        0
      ]
    ],
    [
      [
        17341,
        23320
      ],
      [
        1132,
        319
      ]
    ],
    [
      [
        18473,
        23638
      ],
      [
        0,
        1
      ]
    ],
    [
      [
        18473,
        23639
      ],
      [
        466,
        -325
      ]
    ],
    [
      [
        15490,
        23856
      ],
      [
        1,
        0
      ]
    ],
    [
      [
        15491,
        23856
      ],
      [
        -146,
        128
      ]
    ],
    [
      [
        15344,
        23984
      ],
      [
        1,
        0
      ]
    ],
    [
      [
        15345,
        23984
      ],
      [
        179,
        77
      ]
    ],
    [
      [
        15525,
        24061
      ],
      [
        -1,
        0
      ]
    ],
    [
      [
        15524,
        24061
      ],
      [
        86,
        32
      ]
    ],
    [
      [
        15609,
        24093
      ],
      [
        1,
        0
      ]
    ],
    [
      [
        15610,
        24093
      ],
      [
        62,
        23
      ]
    ],
    [
      [
        15672,
        24116
      ],
      [
        1036,
        -455
      ]
    ],
    [
      [
        16708,
        23661
      ],
      [
        1,
        -1
      ]
    ],
    [
      [
        16709,
        23660
      ],
      [
        340,
        -449
      ]
    ],
    [
      [
        17050,
        23211
      ],
      [
        -1,
        0
      ]
    ],
    [
      [
        17049,
        23211
      ],
      [
        -239,
        -99
      ]
    ],
    [
      [
        16811,
        23112
      ],
      [
        -1,
        0
      ]
    ],
    [
      [
        16810,
        23112
      ],
      [
        -752,
        -130
      ]
    ],
    [
      [
        16058,
        22982
      ],
      [
        -39,
        15
      ]
    ],
    [
      [
        16019,
        22997
      ],
      [
        -528,
        859
      ]
    ],
    [
      [
        18226,
        21590
      ],
      [
        682,
        497
      ],
      [
        -648,
        898
      ],
      [
        679,
        329
      ]
    ],
    [
      [
        18939,
        23314
      ],
      [
        935,
        203
      ],
      [
        13,
        507
      ]
    ],
    [
      [
        19887,
        24024
      ],
      [
        659,
        271
      ]
    ],
    [
      [
        20546,
        24295
      ],
      [
        0,
        -1
      ]
    ],
    [
      [
        20546,
        24294
      ],
      [
        22,
        156
      ]
    ],
    [
      [
        20568,
        24450
      ],
      [
        524,
        494
      ],
      [
        957,
        -331
      ],
      [
        194,
        849
      ]
    ],
    [
      [
        16133,
        25427
      ],
      [
        -27,
        258
      ]
    ],
    [
      [
        16106,
        25685
      ],
      [
        -449,
        794
      ]
    ],
    [
      [
        18217,
        26113
      ],
      [
        369,
        -585
      ],
      [
        -626,
        -72
      ]
    ],
    [
      [
        17960,
        25456
      ],
      [
        -1,
        1
      ]
    ],
    [
      [
        17959,
        25457
      ],
      [
        -1209,
        100
      ]
    ],
    [
      [
        16751,
        25557
      ],
      [
        -1,
        0
      ]
    ],
    [
      [
        16750,
        25557
      ],
      [
        -617,
        -130
      ]
    ],
    [
      [
        24142,
        22917
      ],
      [
        -1151,
        2379
      ]
    ],
    [
      [
        28125,
        27004
      ],
      [
        202,
        -1372
      ],
      [
        904,
        285
      ]
    ],
    [
      [
        13631,
        30502
      ],
      [
        -1080,
        2335
      ],
      [
        713,
        -103
      ],
      [
        312,
        1881
      ]
    ],
    [
      [
        14283,
        32269
      ],
      [
        -397,
        464
      ],
      [
        -1027,
        -261
      ],
      [
        786,
        -1968
      ]
    ],
    [
      [
        14088,
        30363
      ],
      [
        762,
        531
      ]
    ],
    [
      [
        14775,
        31130
      ],
      [
        -492,
        1139
      ]
    ],
    [
      [
        14283,
        32269
      ],
      [
        343,
        241
      ]
    ],
    [
      [
        15657,
        26479
      ],
      [
        -457,
        97
      ]
    ],
    [
      [
        15200,
        26576
      ],
      [
        244,
        415
      ]
    ],
    [
      [
        15825,
        26906
      ],
      [
        125,
        -11
      ]
    ],
    [
      [
        15950,
        26895
      ],
      [
        -32,
        -378
      ]
    ],
    [
      [
        15918,
        26517
      ],
      [
        -261,
        -38
      ]
    ],
    [
      [
        15825,
        26906
      ],
      [
        -381,
        85
      ]
    ],
    [
      [
        15444,
        26991
      ],
      [
        -119,
        135
      ]
    ],
    [
      [
        22160,
        29625
      ],
      [
        464,
        278
      ]
    ],
    [
      [
        22624,
        29903
      ],
      [
        -1,
        0
      ]
    ],
    [
      [
        22623,
        29903
      ],
      [
        83,
        747
      ]
    ],
    [
      [
        22706,
        30650
      ],
      [
        0,
        -1
      ]
    ],
    [
      [
        22706,
        30649
      ],
      [
        -2007,
        -275
      ]
    ],
    [
      [
        18217,
        26113
      ],
      [
        -887,
        244
      ]
    ],
    [
      [
        20932,
        26265
      ],
      [
        -2715,
        -152
      ]
    ],
    [
      [
        22991,
        25296
      ],
      [
        -748,
        166
      ]
    ],
    [
      [
        22243,
        25462
      ],
      [
        -1064,
        254
      ],
      [
        -247,
        549
      ]
    ],
    [
      [
        20932,
        26265
      ],
      [
        692,
        1078
      ]
    ],
    [
      [
        24294,
        29431
      ],
      [
        485,
        -354
      ],
      [
        1002,
        340
      ],
      [
        1552,
        -242
      ]
    ],
    [
      [
        27947,
        27065
      ],
      [
        -2344,
        -78
      ],
      [
        -1085,
        -592
      ],
      [
        -223,
        -995
      ],
      [
        -1304,
        -104
      ]
    ],
    [
      [
        19769,
        30070
      ],
      [
        -92,
        -310
      ],
      [
        1657,
        -356
      ]
    ],
    [
      [
        15303,
        28938
      ],
      [
        709,
        178
      ],
      [
        -53,
        583
      ]
    ],
    [
      [
        15958,
        29699
      ],
      [
        1,
        0
      ]
    ],
    [
      [
        15959,
        29699
      ],
      [
        -772,
        209
      ]
    ],
    [
      [
        14362,
        30322
      ],
      [
        995,
        142
      ]
    ],
    [
      [
        17255,
        30556
      ],
      [
        673,
        -593
      ],
      [
        -538,
        -373
      ]
    ],
    [
      [
        17390,
        29591
      ],
      [
        0,
        -1
      ]
    ],
    [
      [
        17390,
        29590
      ],
      [
        -198,
        -383
      ],
      [
        645,
        41
      ]
    ],
    [
      [
        17837,
        29248
      ],
      [
        -1,
        0
      ]
    ],
    [
      [
        17836,
        29248
      ],
      [
        443,
        -142
      ]
    ],
    [
      [
        14626,
        32510
      ],
      [
        -586,
        822
      ],
      [
        640,
        267
      ],
      [
        -257,
        944
      ]
    ],
    [
      [
        16617,
        34485
      ],
      [
        -163,
        -947
      ],
      [
        570,
        -778
      ],
      [
        743,
        -31
      ]
    ],
    [
      [
        16960,
        30641
      ],
      [
        -651,
        248
      ],
      [
        -952,
        -425
      ]
    ],
    [
      [
        15357,
        30464
      ],
      [
        642,
        2226
      ],
      [
        -1373,
        -180
      ]
    ],
    [
      [
        14850,
        30894
      ],
      [
        -75,
        236
      ]
    ],
    [
      [
        14775,
        31130
      ],
      [
        524,
        -121
      ],
      [
        -449,
        -115
      ]
    ],
    [
      [
        15918,
        26517
      ],
      [
        32,
        378
      ]
    ],
    [
      [
        15950,
        26895
      ],
      [
        -125,
        11
      ]
    ],
    [
      [
        15825,
        26906
      ],
      [
        -54,
        186
      ]
    ],
    [
      [
        15771,
        27092
      ],
      [
        1,
        -1
      ],
      [
        0,
        1
      ],
      [
        -1,
        0
      ]
    ],
    [
      [
        15771,
        27092
      ],
      [
        528,
        486
      ]
    ],
    [
      [
        17738,
        27413
      ],
      [
        -408,
        -1056
      ]
    ],
    [
      [
        17330,
        26357
      ],
      [
        -1412,
        160
      ]
    ],
    [
      [
        16299,
        27578
      ],
      [
        -229,
        279
      ]
    ],
    [
      [
        17520,
        28171
      ],
      [
        759,
        935
      ]
    ],
    [
      [
        18279,
        29106
      ],
      [
        792,
        -728
      ],
      [
        1304,
        47
      ],
      [
        513,
        -502
      ],
      [
        1127,
        628
      ],
      [
        -681,
        853
      ]
    ],
    [
      [
        21334,
        29404
      ],
      [
        826,
        221
      ]
    ],
    [
      [
        22160,
        29625
      ],
      [
        1334,
        259
      ],
      [
        748,
        -369
      ]
    ],
    [
      [
        24241,
        29515
      ],
      [
        1,
        0
      ]
    ],
    [
      [
        24242,
        29515
      ],
      [
        52,
        -84
      ]
    ],
    [
      [
        24294,
        29431
      ],
      [
        -644,
        -1443
      ],
      [
        -1015,
        131
      ],
      [
        -643,
        -471
      ],
      [
        568,
        -106
      ],
      [
        -936,
        -199
      ]
    ],
    [
      [
        21624,
        27343
      ],
      [
        -378,
        275
      ],
      [
        -1733,
        -206
      ],
      [
        -897,
        407
      ]
    ],
    [
      [
        18622,
        27821
      ],
      [
        -6,
        -2
      ]
    ],
    [
      [
        18616,
        27819
      ],
      [
        -878,
        -406
      ]
    ],
    [
      [
        17738,
        27413
      ],
      [
        -1439,
        165
      ]
    ],
    [
      [
        22292,
        29580
      ],
      [
        17,
        -2
      ],
      [
        -26,
        -10
      ],
      [
        -9,
        5
      ],
      [
        18,
        7
      ]
    ],
    [
      [
        17255,
        30556
      ],
      [
        -295,
        85
      ]
    ],
    [
      [
        16960,
        30641
      ],
      [
        -140,
        655
      ],
      [
        508,
        -21
      ]
    ],
    [
      [
        17330,
        31274
      ],
      [
        -2,
        1
      ]
    ],
    [
      [
        17328,
        31275
      ],
      [
        64,
        344
      ],
      [
        -775,
        100
      ],
      [
        217,
        535
      ]
    ],
    [
      [
        16834,
        32255
      ],
      [
        0,
        -1
      ]
    ],
    [
      [
        16834,
        32254
      ],
      [
        933,
        475
      ]
    ],
    [
      [
        17767,
        32729
      ],
      [
        939,
        16
      ]
    ],
    [
      [
        18707,
        32745
      ],
      [
        -1,
        0
      ]
    ],
    [
      [
        18706,
        32745
      ],
      [
        364,
        -274
      ],
      [
        1571,
        247
      ],
      [
        428,
        485
      ],
      [
        679,
        -184
      ]
    ],
    [
      [
        22094,
        31994
      ],
      [
        -923,
        -1052
      ]
    ],
    [
      [
        21172,
        30942
      ],
      [
        -1,
        0
      ]
    ],
    [
      [
        21171,
        30942
      ],
      [
        -472,
        -568
      ]
    ],
    [
      [
        20699,
        30374
      ],
      [
        -930,
        -304
      ]
    ],
    [
      [
        19769,
        30070
      ],
      [
        -2514,
        486
      ]
    ],
    [
      [
        18150,
        32101
      ],
      [
        -574,
        -150
      ],
      [
        901,
        -376
      ],
      [
        -376,
        339
      ],
      [
        788,
        487
      ],
      [
        -739,
        -300
      ]
    ],
    [
      [
        22094,
        31994
      ],
      [
        362,
        659
      ],
      [
        -708,
        366
      ]
    ],
    [
      [
        21748,
        33019
      ],
      [
        536,
        -98
      ],
      [
        102,
        671
      ],
      [
        2061,
        -87
      ],
      [
        928,
        407
      ],
      [
        -1019,
        1590
      ]
    ],
    [
      [
        27080,
        31126
      ],
      [
        -1037,
        142
      ],
      [
        -449,
        603
      ],
      [
        -910,
        -142
      ]
    ],
    [
      [
        24684,
        31728
      ],
      [
        0,
        1
      ]
    ],
    [
      [
        24684,
        31729
      ],
      [
        -2590,
        265
      ]
    ],
    [
      [
        14773,
        27079
      ],
      [
        -1142,
        3423
      ]
    ],
    [
      [
        13631,
        30502
      ],
      [
        14,
        2
      ]
    ],
    [
      [
        13645,
        30504
      ],
      [
        443,
        -141
      ]
    ],
    [
      [
        14088,
        30363
      ],
      [
        274,
        -41
      ]
    ],
    [
      [
        14362,
        30322
      ],
      [
        825,
        -414
      ]
    ],
    [
      [
        15187,
        29908
      ],
      [
        116,
        -970
      ]
    ],
    [
      [
        15303,
        28938
      ],
      [
        1472,
        -814
      ],
      [
        745,
        47
      ]
    ],
    [
      [
        17520,
        28171
      ],
      [
        -99,
        -492
      ],
      [
        -1351,
        178
      ]
    ],
    [
      [
        16070,
        27857
      ],
      [
        -715,
        -713
      ]
    ],
    [
      [
        15356,
        27144
      ],
      [
        -1,
        0
      ]
    ],
    [
      [
        15355,
        27144
      ],
      [
        -30,
        -18
      ]
    ],
    [
      [
        15325,
        27126
      ],
      [
        -552,
        -47
      ]
    ],
    [
      [
        19034,
        15969
      ],
      [
        -895,
        1623
      ]
    ],
    [
      [
        19334,
        13772
      ],
      [
        272,
        667
      ]
    ],
    [
      [
        19127,
        14083
      ],
      [
        17,
        -8
      ],
      [
        -11,
        -16
      ],
      [
        -19,
        8
      ],
      [
        13,
        16
      ]
    ],
    [
      [
        19093,
        14146
      ],
      [
        1,
        -36
      ],
      [
        -22,
        -7
      ],
      [
        -16,
        36
      ],
      [
        37,
        7
      ]
    ],
    [
      [
        19043,
        13880
      ],
      [
        -94,
        23
      ],
      [
        24,
        40
      ],
      [
        74,
        -11
      ],
      [
        -4,
        -52
      ]
    ],
    [
      [
        16129,
        20362
      ],
      [
        -20,
        497
      ]
    ],
    [
      [
        16567,
        19782
      ],
      [
        -438,
        580
      ]
    ],
    [
      [
        16913,
        20279
      ],
      [
        -92,
        18
      ]
    ],
    [
      [
        17193,
        20441
      ],
      [
        20,
        25
      ]
    ],
    [
      [
        17725,
        21196
      ],
      [
        501,
        394
      ]
    ],
    [
      [
        18226,
        21590
      ],
      [
        920,
        -111
      ]
    ],
    [
      [
        19714,
        13414
      ],
      [
        -380,
        358
      ]
    ],
    [
      [
        19334,
        13772
      ],
      [
        912,
        569
      ],
      [
        -640,
        98
      ]
    ],
    [
      [
        19606,
        14439
      ],
      [
        -572,
        1530
      ]
    ],
    [
      [
        19034,
        15969
      ],
      [
        1399,
        272
      ]
    ],
    [
      [
        19463,
        13535
      ],
      [
        -2,
        -10
      ],
      [
        -111,
        120
      ],
      [
        90,
        -66
      ],
      [
        23,
        -44
      ]
    ],
    [
      [
        19455,
        13501
      ],
      [
        -17,
        -12
      ],
      [
        -29,
        5
      ],
      [
        11,
        11
      ],
      [
        35,
        -4
      ]
    ],
    [
      [
        19439,
        13360
      ],
      [
        5,
        5
      ],
      [
        7,
        -3
      ],
      [
        -1,
        -2
      ],
      [
        -11,
        0
      ]
    ],
    [
      [
        26077,
        16544
      ],
      [
        0,
        1
      ]
    ],
    [
      [
        26077,
        16545
      ],
      [
        -904,
        -31
      ]
    ],
    [
      [
        28320,
        16914
      ],
      [
        -1561,
        17
      ],
      [
        -682,
        -386
      ]
    ],
    [
      [
        21896,
        14413
      ],
      [
        -399,
        906
      ]
    ],
    [
      [
        21497,
        15319
      ],
      [
        1,
        0
      ]
    ],
    [
      [
        21498,
        15319
      ],
      [
        -436,
        634
      ]
    ],
    [
      [
        21062,
        15953
      ],
      [
        -1,
        0
      ]
    ],
    [
      [
        21061,
        15953
      ],
      [
        -73,
        55
      ]
    ],
    [
      [
        20989,
        16008
      ],
      [
        -1,
        0
      ]
    ],
    [
      [
        20988,
        16008
      ],
      [
        -555,
        233
      ]
    ],
    [
      [
        20433,
        16241
      ],
      [
        -19,
        106
      ]
    ],
    [
      [
        20415,
        16347
      ],
      [
        -1,
        0
      ]
    ],
    [
      [
        20414,
        16347
      ],
      [
        -324,
        341
      ]
    ],
    [
      [
        24948,
        16899
      ],
      [
        -2251,
        -1310
      ],
      [
        -149,
        -996
      ],
      [
        -651,
        -180
      ]
    ],
    [
      [
        21329,
        20537
      ],
      [
        -564,
        569
      ],
      [
        -1337,
        -18
      ],
      [
        -282,
        391
      ]
    ],
    [
      [
        19146,
        21479
      ],
      [
        1211,
        307
      ]
    ],
    [
      [
        20356,
        21786
      ],
      [
        1,
        0
      ]
    ],
    [
      [
        20357,
        21786
      ],
      [
        1513,
        903
      ],
      [
        1084,
        -409
      ],
      [
        1188,
        637
      ]
    ],
    [
      [
        24142,
        22917
      ],
      [
        1126,
        -1159
      ],
      [
        5,
        905
      ],
      [
        1385,
        540
      ],
      [
        1222,
        -272
      ]
    ],
    [
      [
        28789,
        20650
      ],
      [
        -2296,
        -69
      ],
      [
        -849,
        -595
      ],
      [
        -695,
        96
      ]
    ],
    [
      [
        23674,
        20191
      ],
      [
        106,
        417
      ],
      [
        -1651,
        -143
      ]
    ],
    [
      [
        22159,
        20464
      ],
      [
        1229,
        -452
      ]
    ],
    [
      [
        18139,
        17592
      ],
      [
        -706,
        1094
      ]
    ],
    [
      [
        18418,
        19683
      ],
      [
        723,
        252
      ],
      [
        455,
        -416
      ]
    ],
    [
      [
        20747,
        18303
      ],
      [
        -1399,
        -629
      ],
      [
        1007,
        -118
      ],
      [
        -265,
        -868
      ]
    ],
    [
      [
        20090,
        16688
      ],
      [
        -693,
        394
      ]
    ],
    [
      [
        19396,
        17082
      ],
      [
        1,
        0
      ]
    ],
    [
      [
        19397,
        17082
      ],
      [
        -586,
        89
      ],
      [
        369,
        541
      ]
    ],
    [
      [
        19180,
        17713
      ],
      [
        0,
        -1
      ]
    ],
    [
      [
        19180,
        17712
      ],
      [
        -1041,
        -120
      ]
    ],
    [
      [
        21384,
        13006
      ],
      [
        644,
        754
      ]
    ],
    [
      [
        22028,
        13760
      ],
      [
        1,
        0
      ]
    ],
    [
      [
        22029,
        13760
      ],
      [
        -580,
        358
      ],
      [
        448,
        295
      ]
    ],
    [
      [
        21897,
        14413
      ],
      [
        -1,
        0
      ]
    ],
    [
      [
        21896,
        14413
      ],
      [
        652,
        180
      ],
      [
        149,
        996
      ],
      [
        2251,
        1310
      ]
    ],
    [
      [
        25183,
        16965
      ],
      [
        -10,
        -451
      ]
    ],
    [
      [
        25173,
        16514
      ],
      [
        2,
        -552
      ],
      [
        1712,
        -964
      ],
      [
        -34,
        -948
      ]
    ],
    [
      [
        16567,
        19782
      ],
      [
        371,
        194
      ]
    ],
    [
      [
        16937,
        19976
      ],
      [
        1,
        0
      ]
    ],
    [
      [
        16938,
        19976
      ],
      [
        13,
        140
      ]
    ],
    [
      [
        16951,
        20116
      ],
      [
        -38,
        163
      ]
    ],
    [
      [
        16913,
        20279
      ],
      [
        1505,
        -596
      ]
    ],
    [
      [
        18418,
        19683
      ],
      [
        -180,
        -407
      ]
    ],
    [
      [
        18238,
        19275
      ],
      [
        0,
        1
      ]
    ],
    [
      [
        18238,
        19276
      ],
      [
        -291,
        -454
      ]
    ],
    [
      [
        17947,
        18823
      ],
      [
        0,
        -1
      ]
    ],
    [
      [
        17947,
        18822
      ],
      [
        -514,
        -136
      ]
    ],
    [
      [
        17433,
        18686
      ],
      [
        -866,
        1096
      ]
    ],
    [
      [
        16252,
        20898
      ],
      [
        1,
        0
      ]
    ],
    [
      [
        16253,
        20898
      ],
      [
        -144,
        -39
      ]
    ],
    [
      [
        16109,
        20859
      ],
      [
        -602,
        984
      ],
      [
        805,
        -132
      ]
    ],
    [
      [
        16312,
        21711
      ],
      [
        1413,
        -515
      ]
    ],
    [
      [
        17725,
        21196
      ],
      [
        349,
        -125
      ]
    ],
    [
      [
        18074,
        21072
      ],
      [
        0,
        -1
      ]
    ],
    [
      [
        18074,
        21071
      ],
      [
        30,
        -534
      ]
    ],
    [
      [
        18104,
        20537
      ],
      [
        1,
        1
      ],
      [
        0,
        -1
      ],
      [
        -1,
        0
      ]
    ],
    [
      [
        18104,
        20537
      ],
      [
        -891,
        -71
      ]
    ],
    [
      [
        17213,
        20466
      ],
      [
        -961,
        432
      ]
    ],
    [
      [
        16821,
        20297
      ],
      [
        -1,
        0
      ]
    ],
    [
      [
        16820,
        20297
      ],
      [
        373,
        144
      ]
    ],
    [
      [
        17193,
        20441
      ],
      [
        -372,
        -144
      ]
    ],
    [
      [
        17013,
        20621
      ],
      [
        46,
        -92
      ],
      [
        -236,
        39
      ],
      [
        179,
        78
      ],
      [
        11,
        -25
      ]
    ],
    [
      [
        22861,
        12518
      ],
      [
        997,
        917
      ],
      [
        1868,
        362
      ]
    ],
    [
      [
        25726,
        13797
      ],
      [
        -1,
        0
      ]
    ],
    [
      [
        25725,
        13797
      ],
      [
        1008,
        -56
      ],
      [
        120,
        309
      ]
    ],
    [
      [
        26853,
        14050
      ],
      [
        1218,
        92
      ],
      [
        1145,
        -941
      ],
      [
        608,
        242
      ]
    ],
    [
      [
        22695,
        19823
      ],
      [
        693,
        189
      ]
    ],
    [
      [
        23388,
        20012
      ],
      [
        286,
        179
      ]
    ],
    [
      [
        23674,
        20191
      ],
      [
        856,
        451
      ],
      [
        419,
        -560
      ]
    ],
    [
      [
        24949,
        20082
      ],
      [
        -888,
        -912
      ],
      [
        2142,
        -1632
      ],
      [
        -1088,
        -227
      ],
      [
        68,
        -346
      ]
    ],
    [
      [
        25183,
        16965
      ],
      [
        -235,
        -66
      ]
    ],
    [
      [
        24948,
        16899
      ],
      [
        -867,
        1200
      ],
      [
        -628,
        -56
      ]
    ],
    [
      [
        29824,
        13443
      ],
      [
        337,
        922
      ],
      [
        -1901,
        973
      ],
      [
        -619,
        -104
      ],
      [
        263,
        534
      ]
    ],
    [
      [
        27904,
        15768
      ],
      [
        984,
        472
      ],
      [
        -568,
        674
      ]
    ],
    [
      [
        28320,
        16914
      ],
      [
        1061,
        28
      ],
      [
        2024,
        1043
      ]
    ],
    [
      [
        33087,
        12221
      ],
      [
        -1158,
        1024
      ],
      [
        -1027,
        -187
      ],
      [
        -1078,
        385
      ]
    ],
    [
      [
        20747,
        18303
      ],
      [
        -1151,
        1216
      ]
    ],
    [
      [
        19596,
        19519
      ],
      [
        1137,
        121
      ],
      [
        565,
        826
      ]
    ],
    [
      [
        21299,
        20466
      ],
      [
        -1,
        0
      ]
    ],
    [
      [
        21298,
        20466
      ],
      [
        31,
        71
      ]
    ],
    [
      [
        21329,
        20537
      ],
      [
        800,
        -72
      ]
    ],
    [
      [
        22129,
        20465
      ],
      [
        30,
        -1
      ]
    ],
    [
      [
        22159,
        20464
      ],
      [
        196,
        -26
      ]
    ],
    [
      [
        22356,
        20438
      ],
      [
        -1,
        0
      ]
    ],
    [
      [
        22355,
        20438
      ],
      [
        340,
        -615
      ]
    ],
    [
      [
        22695,
        19823
      ],
      [
        361,
        -579
      ],
      [
        -676,
        -670
      ],
      [
        793,
        0
      ],
      [
        280,
        -531
      ]
    ],
    [
      [
        23453,
        18043
      ],
      [
        -1062,
        -931
      ],
      [
        -1644,
        1191
      ]
    ],
    [
      [
        48440,
        37131
      ],
      [
        -25,
        -1
      ]
    ],
    [
      [
        43324,
        31867
      ],
      [
        1483,
        -309
      ]
    ],
    [
      [
        44343,
        31396
      ],
      [
        305,
        -212
      ],
      [
        -237,
        505
      ],
      [
        -223,
        -38
      ],
      [
        155,
        -255
      ]
    ],
    [
      [
        46766,
        36124
      ],
      [
        -693,
        -1435
      ]
    ],
    [
      [
        47862,
        34504
      ],
      [
        -159,
        288
      ]
    ],
    [
      [
        47703,
        34792
      ],
      [
        558,
        340
      ]
    ],
    [
      [
        47565,
        34370
      ],
      [
        -333,
        576
      ],
      [
        411,
        -560
      ]
    ],
    [
      [
        45546,
        34393
      ],
      [
        1027,
        5
      ]
    ],
    [
      [
        46572,
        34398
      ],
      [
        1,
        0
      ]
    ],
    [
      [
        46573,
        34398
      ],
      [
        128,
        15
      ]
    ],
    [
      [
        46700,
        34413
      ],
      [
        1,
        0
      ]
    ],
    [
      [
        46701,
        34413
      ],
      [
        352,
        -178
      ]
    ],
    [
      [
        48261,
        35132
      ],
      [
        -549,
        766
      ]
    ],
    [
      [
        49492,
        36222
      ],
      [
        525,
        308
      ]
    ],
    [
      [
        51357,
        34283
      ],
      [
        -3096,
        849
      ]
    ],
    [
      [
        51984,
        35345
      ],
      [
        -1,
        0
      ]
    ],
    [
      [
        51983,
        35345
      ],
      [
        -450,
        1020
      ],
      [
        682,
        171
      ],
      [
        -594,
        331
      ]
    ],
    [
      [
        52389,
        34625
      ],
      [
        -406,
        720
      ]
    ],
    [
      [
        53769,
        36473
      ],
      [
        8,
        -268
      ],
      [
        250,
        -200
      ],
      [
        -29,
        427
      ],
      [
        -229,
        41
      ]
    ],
    [
      [
        50825,
        36898
      ],
      [
        0,
        -1
      ]
    ],
    [
      [
        50825,
        36897
      ],
      [
        -808,
        -367
      ]
    ],
    [
      [
        50017,
        36530
      ],
      [
        -235,
        118
      ]
    ],
    [
      [
        54757,
        37764
      ],
      [
        -3136,
        -897
      ]
    ],
    [
      [
        51621,
        36867
      ],
      [
        -796,
        30
      ]
    ],
    [
      [
        40360,
        29276
      ],
      [
        3639,
        740
      ]
    ],
    [
      [
        43565,
        29606
      ],
      [
        -134,
        291
      ],
      [
        -703,
        -1401
      ],
      [
        1237,
        -303
      ],
      [
        112,
        739
      ]
    ],
    [
      [
        46766,
        36124
      ],
      [
        -283,
        410
      ]
    ],
    [
      [
        46564,
        36826
      ],
      [
        632,
        395
      ],
      [
        1219,
        -91
      ]
    ],
    [
      [
        48415,
        37130
      ],
      [
        623,
        -490
      ],
      [
        -688,
        -216
      ],
      [
        1142,
        -202
      ]
    ],
    [
      [
        49492,
        36222
      ],
      [
        547,
        -368
      ],
      [
        -481,
        -415
      ],
      [
        -952,
        552
      ]
    ],
    [
      [
        48607,
        35991
      ],
      [
        -1,
        0
      ]
    ],
    [
      [
        48606,
        35991
      ],
      [
        -894,
        -93
      ]
    ],
    [
      [
        47712,
        35898
      ],
      [
        -946,
        226
      ]
    ],
    [
      [
        50029,
        37528
      ],
      [
        -247,
        -880
      ]
    ],
    [
      [
        49782,
        36648
      ],
      [
        -459,
        465
      ],
      [
        -883,
        18
      ]
    ],
    [
      [
        48440,
        37131
      ],
      [
        -223,
        346
      ]
    ],
    [
      [
        47036,
        33737
      ],
      [
        17,
        498
      ]
    ],
    [
      [
        47053,
        34235
      ],
      [
        512,
        135
      ]
    ],
    [
      [
        47565,
        34370
      ],
      [
        78,
        16
      ]
    ],
    [
      [
        47643,
        34386
      ],
      [
        219,
        118
      ]
    ],
    [
      [
        47862,
        34504
      ],
      [
        1291,
        -407
      ],
      [
        513,
        307
      ],
      [
        1617,
        -224
      ]
    ],
    [
      [
        51283,
        34181
      ],
      [
        0,
        -1
      ]
    ],
    [
      [
        51283,
        34180
      ],
      [
        74,
        103
      ]
    ],
    [
      [
        51357,
        34283
      ],
      [
        1019,
        -201
      ]
    ],
    [
      [
        45225,
        38643
      ],
      [
        954,
        -1273
      ],
      [
        -481,
        -166
      ],
      [
        866,
        -378
      ]
    ],
    [
      [
        46564,
        36826
      ],
      [
        -81,
        -292
      ]
    ],
    [
      [
        46483,
        36534
      ],
      [
        -2539,
        665
      ]
    ],
    [
      [
        42387,
        37600
      ],
      [
        1557,
        -401
      ]
    ],
    [
      [
        43944,
        37199
      ],
      [
        -61,
        -541
      ],
      [
        872,
        -105
      ],
      [
        -1099,
        -247
      ],
      [
        -23,
        -562
      ]
    ],
    [
      [
        56455,
        32519
      ],
      [
        -351,
        2092
      ],
      [
        622,
        1242
      ],
      [
        -1969,
        1911
      ]
    ],
    [
      [
        54757,
        37764
      ],
      [
        -884,
        786
      ]
    ],
    [
      [
        57722,
        39511
      ],
      [
        -761,
        -624
      ],
      [
        2797,
        -1380
      ],
      [
        -647,
        -582
      ],
      [
        147,
        -1067
      ],
      [
        1472,
        -259
      ],
      [
        -1192,
        -2795
      ]
    ],
    [
      [
        44807,
        31558
      ],
      [
        925,
        12
      ],
      [
        -950,
        403
      ],
      [
        1088,
        635
      ]
    ],
    [
      [
        45992,
        33207
      ],
      [
        1044,
        530
      ]
    ],
    [
      [
        47036,
        33737
      ],
      [
        1595,
        -1052
      ]
    ],
    [
      [
        48631,
        32685
      ],
      [
        -1,
        0
      ]
    ],
    [
      [
        48630,
        32685
      ],
      [
        1840,
        -1833
      ]
    ],
    [
      [
        43891,
        29752
      ],
      [
        108,
        264
      ]
    ],
    [
      [
        43999,
        30016
      ],
      [
        759,
        522
      ],
      [
        49,
        1020
      ]
    ],
    [
      [
        44461,
        32342
      ],
      [
        425,
        -234
      ],
      [
        -638,
        -176
      ],
      [
        -645,
        367
      ]
    ],
    [
      [
        43603,
        32299
      ],
      [
        -193,
        -31
      ]
    ],
    [
      [
        41967,
        33967
      ],
      [
        2131,
        266
      ]
    ],
    [
      [
        45225,
        34165
      ],
      [
        767,
        -958
      ]
    ],
    [
      [
        45992,
        33207
      ],
      [
        -122,
        -599
      ]
    ],
    [
      [
        45870,
        32608
      ],
      [
        -1409,
        -266
      ]
    ],
    [
      [
        44461,
        32342
      ],
      [
        -858,
        -43
      ]
    ],
    [
      [
        40341,
        35190
      ],
      [
        3292,
        554
      ]
    ],
    [
      [
        43633,
        35744
      ],
      [
        654,
        13
      ]
    ],
    [
      [
        44287,
        35757
      ],
      [
        -1,
        0
      ]
    ],
    [
      [
        44286,
        35757
      ],
      [
        1787,
        -1068
      ]
    ],
    [
      [
        46073,
        34689
      ],
      [
        -575,
        36
      ],
      [
        48,
        -332
      ]
    ],
    [
      [
        45546,
        34393
      ],
      [
        -321,
        -228
      ]
    ],
    [
      [
        45225,
        34165
      ],
      [
        -1127,
        68
      ]
    ],
    [
      [
        44098,
        34233
      ],
      [
        331,
        257
      ],
      [
        -776,
        242
      ],
      [
        -1737,
        -596
      ]
    ],
    [
      [
        47502,
        48998
      ],
      [
        1515,
        -907
      ],
      [
        443,
        2479
      ],
      [
        -282,
        478
      ],
      [
        -1095,
        -476
      ],
      [
        -343,
        305
      ]
    ],
    [
      [
        46738,
        49828
      ],
      [
        764,
        -830
      ]
    ],
    [
      [
        47502,
        48998
      ],
      [
        -1145,
        -846
      ],
      [
        172,
        -1302
      ]
    ],
    [
      [
        53873,
        38550
      ],
      [
        -2536,
        1233
      ]
    ],
    [
      [
        50551,
        41694
      ],
      [
        111,
        1366
      ]
    ],
    [
      [
        59077,
        39488
      ],
      [
        -574,
        291
      ],
      [
        -781,
        -268
      ]
    ],
    [
      [
        57722,
        39511
      ],
      [
        -750,
        272
      ],
      [
        -1751,
        -347
      ],
      [
        -1348,
        -886
      ]
    ],
    [
      [
        48614,
        43288
      ],
      [
        -1087,
        -1697
      ],
      [
        325,
        -466
      ]
    ],
    [
      [
        47852,
        41125
      ],
      [
        -545,
        -701
      ]
    ],
    [
      [
        47306,
        40424
      ],
      [
        -1221,
        40
      ]
    ],
    [
      [
        46558,
        39112
      ],
      [
        114,
        -81
      ]
    ],
    [
      [
        46059,
        39599
      ],
      [
        -218,
        32
      ]
    ],
    [
      [
        45924,
        39895
      ],
      [
        581,
        -76
      ],
      [
        -446,
        -220
      ]
    ],
    [
      [
        45798,
        39437
      ],
      [
        211,
        -338
      ]
    ],
    [
      [
        46555,
        45846
      ],
      [
        -26,
        1004
      ]
    ],
    [
      [
        46529,
        46850
      ],
      [
        328,
        446
      ],
      [
        842,
        -567
      ],
      [
        980,
        -134
      ],
      [
        258,
        367
      ],
      [
        655,
        -471
      ],
      [
        1416,
        1281
      ],
      [
        2035,
        381
      ]
    ],
    [
      [
        53980,
        44982
      ],
      [
        -22,
        -1625
      ],
      [
        -1751,
        -82
      ],
      [
        -648,
        -411
      ],
      [
        -897,
        196
      ]
    ],
    [
      [
        50662,
        43060
      ],
      [
        -1685,
        -222
      ],
      [
        -363,
        450
      ]
    ],
    [
      [
        48614,
        43288
      ],
      [
        -151,
        758
      ],
      [
        -415,
        -109
      ]
    ],
    [
      [
        43856,
        44748
      ],
      [
        1269,
        53
      ],
      [
        -27,
        750
      ],
      [
        1457,
        295
      ]
    ],
    [
      [
        46555,
        45846
      ],
      [
        550,
        -1814
      ],
      [
        943,
        -95
      ]
    ],
    [
      [
        48048,
        43937
      ],
      [
        -1180,
        -419
      ],
      [
        599,
        -777
      ]
    ],
    [
      [
        47213,
        39682
      ],
      [
        94,
        742
      ]
    ],
    [
      [
        47307,
        40424
      ],
      [
        -1,
        0
      ]
    ],
    [
      [
        47306,
        40424
      ],
      [
        546,
        701
      ]
    ],
    [
      [
        47852,
        41125
      ],
      [
        198,
        -349
      ],
      [
        673,
        436
      ],
      [
        753,
        -285
      ],
      [
        1075,
        767
      ]
    ],
    [
      [
        50551,
        41694
      ],
      [
        1126,
        -713
      ],
      [
        -340,
        -1198
      ]
    ],
    [
      [
        51337,
        39783
      ],
      [
        -1083,
        -687
      ]
    ],
    [
      [
        45225,
        38643
      ],
      [
        -867,
        715
      ]
    ],
    [
      [
        46046,
        40033
      ],
      [
        -122,
        -138
      ]
    ],
    [
      [
        45924,
        39895
      ],
      [
        -83,
        -264
      ]
    ],
    [
      [
        45841,
        39631
      ],
      [
        -43,
        -194
      ]
    ],
    [
      [
        45798,
        39437
      ],
      [
        211,
        -338
      ]
    ],
    [
      [
        46009,
        39099
      ],
      [
        549,
        13
      ]
    ],
    [
      [
        46558,
        39112
      ],
      [
        114,
        -81
      ]
    ],
    [
      [
        46672,
        39031
      ],
      [
        -114,
        -53
      ]
    ],
    [
      [
        46557,
        38978
      ],
      [
        1,
        0
      ]
    ],
    [
      [
        46558,
        38978
      ],
      [
        568,
        -10
      ],
      [
        87,
        714
      ]
    ],
    [
      [
        47213,
        39682
      ],
      [
        441,
        -1095
      ],
      [
        498,
        603
      ],
      [
        59,
        -748
      ],
      [
        1272,
        21
      ],
      [
        771,
        633
      ]
    ],
    [
      [
        50254,
        39096
      ],
      [
        421,
        -589
      ],
      [
        -628,
        -975
      ]
    ],
    [
      [
        50047,
        37532
      ],
      [
        1,
        0
      ]
    ],
    [
      [
        50048,
        37532
      ],
      [
        -19,
        -4
      ]
    ],
    [
      [
        50029,
        37528
      ],
      [
        -1812,
        -51
      ]
    ],
    [
      [
        48217,
        37477
      ],
      [
        -2992,
        1166
      ]
    ],
    [
      [
        59077,
        39488
      ],
      [
        -4,
        624
      ],
      [
        -950,
        -95
      ],
      [
        -328,
        785
      ],
      [
        -257,
        1526
      ],
      [
        793,
        92
      ],
      [
        222,
        764
      ],
      [
        -1031,
        101
      ],
      [
        56,
        1812
      ]
    ],
    [
      [
        61702,
        40125
      ],
      [
        -1806,
        30
      ],
      [
        -819,
        -667
      ]
    ],
    [
      [
        44863,
        43089
      ],
      [
        2604,
        -348
      ]
    ],
    [
      [
        47467,
        42741
      ],
      [
        -1278,
        -892
      ],
      [
        -104,
        -1385
      ]
    ],
    [
      [
        46085,
        40464
      ],
      [
        -39,
        -431
      ]
    ],
    [
      [
        46046,
        40033
      ],
      [
        -1301,
        -37
      ]
    ],
    [
      [
        44451,
        43432
      ],
      [
        591,
        -24
      ],
      [
        -180,
        -277
      ]
    ],
    [
      [
        40174,
        28208
      ],
      [
        327,
        370
      ],
      [
        1311,
        -370
      ],
      [
        471,
        -1037
      ],
      [
        1463,
        -1028
      ],
      [
        1188,
        88
      ]
    ],
    [
      [
        45483,
        25406
      ],
      [
        -128,
        1
      ]
    ],
    [
      [
        45355,
        25408
      ],
      [
        0,
        -1
      ]
    ],
    [
      [
        45355,
        25407
      ],
      [
        -470,
        -629
      ],
      [
        446,
        -248
      ]
    ],
    [
      [
        53156,
        27695
      ],
      [
        -598,
        135
      ]
    ],
    [
      [
        49933,
        30437
      ],
      [
        537,
        415
      ]
    ],
    [
      [
        50470,
        30852
      ],
      [
        2624,
        1897
      ],
      [
        -718,
        1333
      ]
    ],
    [
      [
        52376,
        34082
      ],
      [
        13,
        543
      ]
    ],
    [
      [
        52389,
        34625
      ],
      [
        1993,
        -1186
      ],
      [
        84,
        -601
      ],
      [
        1815,
        -295
      ]
    ],
    [
      [
        45486,
        26953
      ],
      [
        372,
        609
      ],
      [
        -1781,
        1370
      ]
    ],
    [
      [
        44077,
        28932
      ],
      [
        -882,
        276
      ],
      [
        370,
        398
      ]
    ],
    [
      [
        43565,
        29606
      ],
      [
        326,
        146
      ]
    ],
    [
      [
        43891,
        29752
      ],
      [
        1881,
        -179
      ],
      [
        2169,
        750
      ],
      [
        1694,
        -304
      ],
      [
        298,
        418
      ]
    ],
    [
      [
        49933,
        30437
      ],
      [
        1758,
        -887
      ],
      [
        867,
        -1720
      ]
    ],
    [
      [
        48475,
        26947
      ],
      [
        -1441,
        -178
      ]
    ],
    [
      [
        53156,
        27695
      ],
      [
        2028,
        536
      ]
    ],
    [
      [
        55810,
        26467
      ],
      [
        -1573,
        325
      ]
    ],
    [
      [
        54237,
        26792
      ],
      [
        -536,
        866
      ]
    ],
    [
      [
        53701,
        27658
      ],
      [
        -545,
        37
      ]
    ],
    [
      [
        49872,
        26012
      ],
      [
        453,
        808
      ],
      [
        -491,
        31
      ]
    ],
    [
      [
        48805,
        27069
      ],
      [
        2632,
        404
      ],
      [
        -212,
        481
      ],
      [
        1333,
        -124
      ]
    ],
    [
      [
        52558,
        27830
      ],
      [
        -331,
        -785
      ],
      [
        -1604,
        -102
      ],
      [
        -214,
        -79
      ],
      [
        12,
        -176
      ],
      [
        1742,
        -221
      ],
      [
        326,
        449
      ],
      [
        452,
        -575
      ],
      [
        2615,
        -560
      ]
    ],
    [
      [
        55184,
        28231
      ],
      [
        246,
        1117
      ],
      [
        -1378,
        402
      ],
      [
        519,
        924
      ],
      [
        1546,
        880
      ],
      [
        164,
        989
      ]
    ],
    [
      [
        56281,
        32543
      ],
      [
        174,
        -24
      ]
    ],
    [
      [
        56455,
        32519
      ],
      [
        3083,
        285
      ]
    ],
    [
      [
        59538,
        32804
      ],
      [
        1054,
        -47
      ]
    ],
    [
      [
        57033,
        27098
      ],
      [
        -1310,
        407
      ],
      [
        -539,
        726
      ]
    ],
    [
      [
        41544,
        24209
      ],
      [
        1175,
        490
      ],
      [
        -672,
        403
      ],
      [
        486,
        89
      ],
      [
        1891,
        -1233
      ]
    ],
    [
      [
        44424,
        23958
      ],
      [
        907,
        572
      ]
    ],
    [
      [
        45331,
        24530
      ],
      [
        2208,
        -570
      ],
      [
        14,
        356
      ],
      [
        -1189,
        105
      ],
      [
        450,
        605
      ]
    ],
    [
      [
        52901,
        22498
      ],
      [
        369,
        -508
      ]
    ],
    [
      [
        48493,
        21544
      ],
      [
        -1267,
        1209
      ],
      [
        -2802,
        1205
      ]
    ],
    [
      [
        48071,
        22954
      ],
      [
        -285,
        -366
      ],
      [
        339,
        -61
      ],
      [
        384,
        283
      ],
      [
        -438,
        144
      ]
    ],
    [
      [
        47528,
        25284
      ],
      [
        1971,
        308
      ],
      [
        814,
        -311
      ],
      [
        -563,
        360
      ]
    ],
    [
      [
        50021,
        25955
      ],
      [
        532,
        -265
      ]
    ],
    [
      [
        50553,
        25689
      ],
      [
        0,
        1
      ]
    ],
    [
      [
        50553,
        25690
      ],
      [
        1707,
        -555
      ]
    ],
    [
      [
        52259,
        25134
      ],
      [
        1,
        1
      ]
    ],
    [
      [
        52260,
        25135
      ],
      [
        831,
        -381
      ],
      [
        -389,
        -358
      ],
      [
        1889,
        -717
      ],
      [
        -380,
        -723
      ],
      [
        -1310,
        -458
      ]
    ],
    [
      [
        52901,
        22498
      ],
      [
        -2500,
        32
      ],
      [
        -1877,
        1254
      ],
      [
        -686,
        -11
      ],
      [
        248,
        812
      ],
      [
        -719,
        616
      ]
    ],
    [
      [
        50021,
        25955
      ],
      [
        -271,
        -314
      ]
    ],
    [
      [
        49750,
        25641
      ],
      [
        -453,
        300
      ],
      [
        575,
        71
      ]
    ],
    [
      [
        49872,
        26012
      ],
      [
        149,
        -57
      ]
    ],
    [
      [
        48475,
        26947
      ],
      [
        330,
        122
      ]
    ],
    [
      [
        48805,
        27069
      ],
      [
        1029,
        -218
      ]
    ],
    [
      [
        49834,
        26851
      ],
      [
        -316,
        -656
      ],
      [
        -1163,
        394
      ],
      [
        120,
        358
      ]
    ],
    [
      [
        47528,
        25284
      ],
      [
        -161,
        -83
      ]
    ],
    [
      [
        47367,
        25201
      ],
      [
        -553,
        -175
      ]
    ],
    [
      [
        46814,
        25026
      ],
      [
        -1331,
        380
      ]
    ],
    [
      [
        45483,
        25406
      ],
      [
        -549,
        825
      ]
    ],
    [
      [
        44934,
        26231
      ],
      [
        -141,
        438
      ],
      [
        693,
        284
      ]
    ],
    [
      [
        45486,
        26953
      ],
      [
        1051,
        338
      ],
      [
        497,
        -522
      ]
    ],
    [
      [
        47034,
        26769
      ],
      [
        1268,
        -508
      ],
      [
        -1184,
        -508
      ],
      [
        410,
        -469
      ]
    ],
    [
      [
        30600,
        2801
      ],
      [
        -730,
        208
      ],
      [
        -302,
        -331
      ],
      [
        -1863,
        982
      ]
    ],
    [
      [
        22581,
        7909
      ],
      [
        -321,
        436
      ]
    ],
    [
      [
        25879,
        4541
      ],
      [
        -1364,
        1292
      ]
    ],
    [
      [
        24535,
        5638
      ],
      [
        -41,
        -59
      ],
      [
        45,
        -43
      ],
      [
        -28,
        -56
      ],
      [
        -32,
        92
      ],
      [
        56,
        66
      ]
    ],
    [
      [
        30799,
        2750
      ],
      [
        -524,
        923
      ]
    ],
    [
      [
        23311,
        8099
      ],
      [
        695,
        277
      ]
    ],
    [
      [
        26712,
        5534
      ],
      [
        -1296,
        -10
      ],
      [
        -169,
        348
      ]
    ],
    [
      [
        26734,
        5524
      ],
      [
        -22,
        10
      ]
    ],
    [
      [
        26712,
        5534
      ],
      [
        -399,
        1111
      ]
    ],
    [
      [
        32271,
        4251
      ],
      [
        -1099,
        261
      ]
    ],
    [
      [
        31172,
        4512
      ],
      [
        1,
        0
      ]
    ],
    [
      [
        31173,
        4512
      ],
      [
        -567,
        233
      ]
    ],
    [
      [
        23022,
        8615
      ],
      [
        -762,
        -270
      ]
    ],
    [
      [
        22260,
        8345
      ],
      [
        -1239,
        2889
      ]
    ],
    [
      [
        21021,
        11234
      ],
      [
        -1307,
        2180
      ]
    ],
    [
      [
        19714,
        13414
      ],
      [
        525,
        -438
      ],
      [
        474,
        274
      ],
      [
        671,
        -244
      ]
    ],
    [
      [
        21384,
        13006
      ],
      [
        1477,
        -488
      ]
    ],
    [
      [
        22861,
        12518
      ],
      [
        3053,
        -1092
      ]
    ],
    [
      [
        23234,
        11332
      ],
      [
        -866,
        221
      ],
      [
        -370,
        -408
      ],
      [
        -977,
        89
      ]
    ],
    [
      [
        28131,
        4305
      ],
      [
        1049,
        301
      ]
    ],
    [
      [
        29179,
        4605
      ],
      [
        1,
        1
      ]
    ],
    [
      [
        29180,
        4606
      ],
      [
        206,
        433
      ],
      [
        1220,
        -294
      ]
    ],
    [
      [
        30606,
        4745
      ],
      [
        -413,
        -480
      ],
      [
        831,
        -604
      ],
      [
        -749,
        12
      ]
    ],
    [
      [
        30275,
        3673
      ],
      [
        -1995,
        -260
      ],
      [
        -510,
        306
      ]
    ],
    [
      [
        26104,
        10651
      ],
      [
        -190,
        775
      ]
    ],
    [
      [
        25914,
        11426
      ],
      [
        3189,
        -157
      ]
    ],
    [
      [
        30600,
        2801
      ],
      [
        199,
        -51
      ]
    ],
    [
      [
        30799,
        2750
      ],
      [
        674,
        -604
      ],
      [
        600,
        82
      ],
      [
        286,
        791
      ],
      [
        707,
        -101
      ]
    ],
    [
      [
        36554,
        1178
      ],
      [
        -5893,
        1038
      ],
      [
        -61,
        585
      ]
    ],
    [
      [
        25879,
        4541
      ],
      [
        855,
        983
      ]
    ],
    [
      [
        26734,
        5524
      ],
      [
        1042,
        -440
      ],
      [
        355,
        -779
      ]
    ],
    [
      [
        28131,
        4305
      ],
      [
        -361,
        -586
      ]
    ],
    [
      [
        27770,
        3719
      ],
      [
        -65,
        -59
      ]
    ],
    [
      [
        27705,
        3660
      ],
      [
        -1826,
        881
      ]
    ],
    [
      [
        22581,
        7909
      ],
      [
        730,
        190
      ]
    ],
    [
      [
        23311,
        8099
      ],
      [
        790,
        -546
      ],
      [
        -21,
        -928
      ],
      [
        1151,
        -180
      ],
      [
        16,
        -573
      ]
    ],
    [
      [
        25247,
        5872
      ],
      [
        -732,
        -39
      ]
    ],
    [
      [
        24515,
        5833
      ],
      [
        -1934,
        2076
      ]
    ],
    [
      [
        24006,
        8376
      ],
      [
        -984,
        239
      ]
    ],
    [
      [
        23022,
        8615
      ],
      [
        -34,
        1048
      ],
      [
        791,
        712
      ],
      [
        -545,
        957
      ]
    ],
    [
      [
        23234,
        11332
      ],
      [
        547,
        441
      ],
      [
        2323,
        -1122
      ]
    ],
    [
      [
        26104,
        10651
      ],
      [
        -246,
        -1295
      ],
      [
        772,
        -559
      ]
    ],
    [
      [
        26099,
        8439
      ],
      [
        -2093,
        -63
      ]
    ],
    [
      [
        31581,
        5702
      ],
      [
        1,
        0
      ]
    ],
    [
      [
        31582,
        5702
      ],
      [
        -590,
        253
      ]
    ],
    [
      [
        30993,
        5955
      ],
      [
        -1,
        0
      ]
    ],
    [
      [
        30992,
        5955
      ],
      [
        -581,
        467
      ]
    ],
    [
      [
        33355,
        5806
      ],
      [
        -1094,
        -322
      ],
      [
        -679,
        218
      ]
    ],
    [
      [
        33771,
        12286
      ],
      [
        2741,
        682
      ]
    ],
    [
      [
        29103,
        11269
      ],
      [
        452,
        518
      ],
      [
        928,
        -76
      ],
      [
        2552,
        -1307
      ]
    ],
    [
      [
        33216,
        9376
      ],
      [
        -1533,
        -178
      ],
      [
        444,
        -1173
      ],
      [
        -1238,
        -725
      ]
    ],
    [
      [
        30588,
        7656
      ],
      [
        190,
        765
      ],
      [
        -1829,
        978
      ],
      [
        1606,
        1348
      ],
      [
        -1452,
        522
      ]
    ],
    [
      [
        33216,
        9376
      ],
      [
        -181,
        1028
      ]
    ],
    [
      [
        33035,
        10404
      ],
      [
        -414,
        1630
      ],
      [
        466,
        187
      ]
    ],
    [
      [
        33087,
        12221
      ],
      [
        684,
        65
      ]
    ],
    [
      [
        33771,
        12286
      ],
      [
        2572,
        -1976
      ]
    ],
    [
      [
        36736,
        7694
      ],
      [
        -519,
        412
      ],
      [
        -2623,
        194
      ],
      [
        -378,
        1076
      ]
    ],
    [
      [
        32271,
        4251
      ],
      [
        575,
        373
      ]
    ],
    [
      [
        32847,
        4624
      ],
      [
        -1,
        0
      ]
    ],
    [
      [
        32846,
        4624
      ],
      [
        3,
        302
      ]
    ],
    [
      [
        32849,
        4927
      ],
      [
        0,
        -1
      ]
    ],
    [
      [
        32849,
        4926
      ],
      [
        506,
        880
      ]
    ],
    [
      [
        33355,
        5806
      ],
      [
        3237,
        412
      ]
    ],
    [
      [
        35432,
        3927
      ],
      [
        -471,
        463
      ],
      [
        -2690,
        -139
      ]
    ],
    [
      [
        33066,
        2918
      ],
      [
        107,
        574
      ],
      [
        1072,
        -154
      ],
      [
        1187,
        589
      ]
    ],
    [
      [
        35432,
        3927
      ],
      [
        520,
        -33
      ]
    ],
    [
      [
        35952,
        3894
      ],
      [
        -1,
        0
      ]
    ],
    [
      [
        35951,
        3894
      ],
      [
        267,
        -108
      ]
    ],
    [
      [
        36217,
        3786
      ],
      [
        1,
        0
      ]
    ],
    [
      [
        36218,
        3786
      ],
      [
        576,
        -349
      ]
    ],
    [
      [
        36837,
        2170
      ],
      [
        -975,
        -55
      ]
    ],
    [
      [
        35862,
        2115
      ],
      [
        -335,
        -261
      ],
      [
        -124,
        407
      ],
      [
        -2337,
        657
      ]
    ],
    [
      [
        26313,
        6645
      ],
      [
        -24,
        961
      ]
    ],
    [
      [
        26289,
        7606
      ],
      [
        4,
        0
      ]
    ],
    [
      [
        26293,
        7606
      ],
      [
        -4,
        0
      ]
    ],
    [
      [
        26289,
        7606
      ],
      [
        -190,
        833
      ]
    ],
    [
      [
        26099,
        8439
      ],
      [
        531,
        358
      ]
    ],
    [
      [
        26630,
        8797
      ],
      [
        2265,
        -1483
      ],
      [
        1390,
        190
      ]
    ],
    [
      [
        30286,
        7504
      ],
      [
        -1,
        0
      ]
    ],
    [
      [
        30285,
        7504
      ],
      [
        303,
        152
      ]
    ],
    [
      [
        30588,
        7656
      ],
      [
        301,
        -356
      ]
    ],
    [
      [
        30889,
        7300
      ],
      [
        -57,
        -32
      ]
    ],
    [
      [
        30833,
        7268
      ],
      [
        -1,
        0
      ]
    ],
    [
      [
        30832,
        7268
      ],
      [
        -421,
        -846
      ]
    ],
    [
      [
        30411,
        6422
      ],
      [
        -1516,
        563
      ],
      [
        -1024,
        -438
      ],
      [
        -1558,
        98
      ]
    ],
    [
      [
        45082,
        307
      ],
      [
        -3274,
        162
      ]
    ],
    [
      [
        38285,
        1194
      ],
      [
        -612,
        -187
      ]
    ],
    [
      [
        39050,
        1337
      ],
      [
        -634,
        -36
      ]
    ],
    [
      [
        37844,
        3893
      ],
      [
        1065,
        588
      ],
      [
        -2151,
        1047
      ],
      [
        -166,
        690
      ]
    ],
    [
      [
        36592,
        6218
      ],
      [
        848,
        764
      ],
      [
        -704,
        712
      ]
    ],
    [
      [
        36736,
        7694
      ],
      [
        1645,
        -161
      ],
      [
        653,
        336
      ]
    ],
    [
      [
        45082,
        307
      ],
      [
        -55,
        278
      ]
    ],
    [
      [
        47230,
        696
      ],
      [
        -1748,
        -696
      ],
      [
        -400,
        307
      ]
    ],
    [
      [
        46310,
        239
      ],
      [
        25,
        5
      ],
      [
        18,
        -3
      ],
      [
        -40,
        -25
      ],
      [
        -3,
        23
      ]
    ],
    [
      [
        47230,
        696
      ],
      [
        -75,
        605
      ],
      [
        759,
        161
      ],
      [
        -345,
        696
      ]
    ],
    [
      [
        51078,
        1534
      ],
      [
        -76,
        -483
      ],
      [
        -3772,
        -355
      ]
    ],
    [
      [
        45545,
        4575
      ],
      [
        936,
        -589
      ]
    ],
    [
      [
        46306,
        2750
      ],
      [
        -869,
        -223
      ],
      [
        687,
        -215
      ],
      [
        -609,
        -326
      ]
    ],
    [
      [
        43720,
        1226
      ],
      [
        -1006,
        217
      ]
    ],
    [
      [
        40642,
        9309
      ],
      [
        758,
        427
      ],
      [
        -1525,
        1305
      ],
      [
        1516,
        445
      ]
    ],
    [
      [
        40233,
        3235
      ],
      [
        259,
        449
      ],
      [
        1377,
        -113
      ]
    ],
    [
      [
        41955,
        3501
      ],
      [
        1186,
        -1231
      ],
      [
        -1276,
        -340
      ],
      [
        139,
        -348
      ]
    ],
    [
      [
        42000,
        1223
      ],
      [
        -223,
        -9
      ]
    ],
    [
      [
        45027,
        585
      ],
      [
        -1307,
        641
      ]
    ],
    [
      [
        43720,
        1226
      ],
      [
        1795,
        760
      ]
    ],
    [
      [
        45515,
        1986
      ],
      [
        147,
        -321
      ],
      [
        671,
        111
      ],
      [
        768,
        -156
      ],
      [
        -461,
        -639
      ],
      [
        -589,
        244
      ],
      [
        -262,
        -581
      ],
      [
        -762,
        -59
      ]
    ],
    [
      [
        42000,
        1223
      ],
      [
        4,
        359
      ]
    ],
    [
      [
        42004,
        1582
      ],
      [
        710,
        -139
      ]
    ],
    [
      [
        42714,
        1443
      ],
      [
        -183,
        -464
      ],
      [
        -531,
        244
      ]
    ],
    [
      [
        41835,
        1149
      ],
      [
        -97,
        -302
      ]
    ],
    [
      [
        48026,
        5478
      ],
      [
        -2481,
        -903
      ]
    ],
    [
      [
        45545,
        4575
      ],
      [
        -2412,
        -67
      ]
    ],
    [
      [
        43570,
        8109
      ],
      [
        1314,
        690
      ],
      [
        -863,
        1663
      ],
      [
        2309,
        453
      ]
    ],
    [
      [
        46308,
        6936
      ],
      [
        -2552,
        257
      ]
    ],
    [
      [
        37673,
        1007
      ],
      [
        -1119,
        171
      ]
    ],
    [
      [
        36554,
        1178
      ],
      [
        283,
        992
      ]
    ],
    [
      [
        36837,
        2170
      ],
      [
        1510,
        420
      ],
      [
        -1481,
        408
      ],
      [
        -72,
        439
      ]
    ],
    [
      [
        36794,
        3437
      ],
      [
        1050,
        456
      ]
    ],
    [
      [
        37844,
        3893
      ],
      [
        1274,
        -706
      ],
      [
        1115,
        48
      ]
    ],
    [
      [
        40233,
        3235
      ],
      [
        915,
        -657
      ],
      [
        -770,
        -250
      ],
      [
        172,
        -340
      ],
      [
        1227,
        -774
      ]
    ],
    [
      [
        41777,
        1214
      ],
      [
        58,
        -65
      ]
    ],
    [
      [
        41835,
        1149
      ],
      [
        -97,
        -302
      ]
    ],
    [
      [
        41738,
        847
      ],
      [
        70,
        -378
      ]
    ],
    [
      [
        41808,
        469
      ],
      [
        -2202,
        102
      ],
      [
        -556,
        766
      ]
    ],
    [
      [
        39050,
        1337
      ],
      [
        -706,
        383
      ],
      [
        -671,
        -713
      ]
    ],
    [
      [
        38433,
        1256
      ],
      [
        -11,
        -10
      ],
      [
        -15,
        9
      ],
      [
        6,
        7
      ],
      [
        20,
        -6
      ]
    ],
    [
      [
        38285,
        1194
      ],
      [
        131,
        107
      ]
    ],
    [
      [
        38416,
        1301
      ],
      [
        -131,
        -107
      ]
    ],
    [
      [
        39034,
        7869
      ],
      [
        39,
        756
      ],
      [
        -2730,
        1685
      ]
    ],
    [
      [
        36343,
        10310
      ],
      [
        1264,
        325
      ],
      [
        1997,
        -1208
      ],
      [
        1038,
        -118
      ]
    ],
    [
      [
        40642,
        9309
      ],
      [
        835,
        -258
      ],
      [
        769,
        -1173
      ],
      [
        1324,
        231
      ]
    ],
    [
      [
        43570,
        8109
      ],
      [
        186,
        -916
      ]
    ],
    [
      [
        43756,
        7193
      ],
      [
        -1055,
        -856
      ]
    ],
    [
      [
        40906,
        6143
      ],
      [
        -563,
        611
      ],
      [
        -791,
        -141
      ],
      [
        -518,
        1256
      ]
    ],
    [
      [
        40906,
        6143
      ],
      [
        562,
        433
      ],
      [
        1233,
        -239
      ]
    ],
    [
      [
        42701,
        6337
      ],
      [
        432,
        -1829
      ]
    ],
    [
      [
        43133,
        4508
      ],
      [
        -1178,
        -1007
      ]
    ],
    [
      [
        41955,
        3501
      ],
      [
        -86,
        70
      ]
    ],
    [
      [
        41869,
        3571
      ],
      [
        -1275,
        815
      ],
      [
        312,
        1757
      ]
    ],
    [
      [
        46306,
        2750
      ],
      [
        -1054,
        726
      ],
      [
        1229,
        510
      ]
    ],
    [
      [
        46481,
        3986
      ],
      [
        3243,
        -101
      ]
    ],
    [
      [
        48633,
        2700
      ],
      [
        -1064,
        -542
      ]
    ],
    [
      [
        47569,
        2158
      ],
      [
        -1263,
        592
      ]
    ],
    [
      [
        70721,
        6125
      ],
      [
        -2359,
        -949
      ],
      [
        -2095,
        -228
      ]
    ],
    [
      [
        54412,
        2949
      ],
      [
        -497,
        -396
      ]
    ],
    [
      [
        63482,
        4729
      ],
      [
        -3534,
        -722
      ]
    ],
    [
      [
        58954,
        8174
      ],
      [
        193,
        -1777
      ],
      [
        -823,
        -814
      ]
    ],
    [
      [
        50243,
        1904
      ],
      [
        0,
        -1
      ]
    ],
    [
      [
        50243,
        1903
      ],
      [
        -624,
        -30
      ],
      [
        221,
        853
      ],
      [
        -1207,
        -26
      ]
    ],
    [
      [
        48633,
        2700
      ],
      [
        -345,
        585
      ],
      [
        1436,
        600
      ]
    ],
    [
      [
        49724,
        3885
      ],
      [
        -438,
        613
      ]
    ],
    [
      [
        50611,
        1787
      ],
      [
        -368,
        117
      ]
    ],
    [
      [
        63482,
        4729
      ],
      [
        780,
        179
      ],
      [
        -463,
        701
      ],
      [
        638,
        -28
      ],
      [
        -696,
        648
      ]
    ],
    [
      [
        63741,
        6229
      ],
      [
        -88,
        10
      ]
    ],
    [
      [
        63653,
        6240
      ],
      [
        0,
        -1
      ]
    ],
    [
      [
        63653,
        6239
      ],
      [
        438,
        781
      ]
    ],
    [
      [
        75262,
        7054
      ],
      [
        -4541,
        -929
      ]
    ],
    [
      [
        70721,
        6125
      ],
      [
        -1672,
        1140
      ],
      [
        -13,
        673
      ],
      [
        -1731,
        -187
      ],
      [
        -447,
        -1050
      ],
      [
        -1359,
        -366
      ],
      [
        768,
        -1387
      ]
    ],
    [
      [
        66267,
        4948
      ],
      [
        -2785,
        -219
      ]
    ],
    [
      [
        46308,
        6936
      ],
      [
        765,
        1300
      ],
      [
        1380,
        485
      ],
      [
        -214,
        1087
      ],
      [
        584,
        77
      ]
    ],
    [
      [
        54601,
        8910
      ],
      [
        -475,
        -956
      ]
    ],
    [
      [
        48452,
        6378
      ],
      [
        -2144,
        558
      ]
    ],
    [
      [
        72225,
        7425
      ],
      [
        -1384,
        -343
      ],
      [
        -899,
        1153
      ],
      [
        816,
        522
      ],
      [
        -162,
        579
      ],
      [
        -1729,
        175
      ],
      [
        -875,
        -411
      ],
      [
        -240,
        583
      ],
      [
        -845,
        -63
      ],
      [
        -611,
        1086
      ]
    ],
    [
      [
        51078,
        1534
      ],
      [
        -467,
        253
      ]
    ],
    [
      [
        50611,
        1787
      ],
      [
        2597,
        996
      ],
      [
        -2,
        510
      ],
      [
        -927,
        206
      ]
    ],
    [
      [
        52277,
        3498
      ],
      [
        2,
        1
      ]
    ],
    [
      [
        52279,
        3499
      ],
      [
        754,
        1016
      ]
    ],
    [
      [
        54547,
        5215
      ],
      [
        3777,
        368
      ]
    ],
    [
      [
        58324,
        5583
      ],
      [
        184,
        -941
      ],
      [
        1440,
        -635
      ]
    ],
    [
      [
        59948,
        4007
      ],
      [
        -2590,
        -439
      ],
      [
        -455,
        -412
      ],
      [
        -2491,
        -207
      ]
    ],
    [
      [
        54412,
        2949
      ],
      [
        -517,
        308
      ],
      [
        20,
        -704
      ]
    ],
    [
      [
        53915,
        2553
      ],
      [
        -1781,
        -513
      ],
      [
        -482,
        -687
      ],
      [
        -574,
        181
      ]
    ],
    [
      [
        72225,
        7425
      ],
      [
        -512,
        159
      ],
      [
        764,
        466
      ],
      [
        243,
        1382
      ],
      [
        -536,
        488
      ],
      [
        951,
        859
      ]
    ],
    [
      [
        73479,
        10771
      ],
      [
        1655,
        -1099
      ],
      [
        412,
        1094
      ],
      [
        -903,
        657
      ]
    ],
    [
      [
        92848,
        15130
      ],
      [
        -5971,
        -3531
      ],
      [
        -2449,
        -488
      ],
      [
        -1170,
        -1094
      ],
      [
        -1787,
        -421
      ],
      [
        -1606,
        -1122
      ],
      [
        -2554,
        -684
      ],
      [
        -725,
        -634
      ],
      [
        -1324,
        -102
      ]
    ],
    [
      [
        75262,
        7054
      ],
      [
        138,
        531
      ],
      [
        -1688,
        233
      ]
    ],
    [
      [
        73713,
        7818
      ],
      [
        -1,
        0
      ]
    ],
    [
      [
        73712,
        7818
      ],
      [
        -1487,
        -393
      ]
    ],
    [
      [
        49286,
        4498
      ],
      [
        478,
        751
      ],
      [
        -1275,
        -141
      ],
      [
        -463,
        370
      ]
    ],
    [
      [
        48026,
        5478
      ],
      [
        426,
        900
      ]
    ],
    [
      [
        48452,
        6378
      ],
      [
        1439,
        503
      ],
      [
        -228,
        377
      ],
      [
        1422,
        16
      ],
      [
        -115,
        1022
      ],
      [
        1532,
        128
      ],
      [
        1624,
        -470
      ]
    ],
    [
      [
        54126,
        7954
      ],
      [
        1995,
        -603
      ]
    ],
    [
      [
        56121,
        7351
      ],
      [
        7,
        -1
      ],
      [
        3,
        -1
      ],
      [
        -10,
        2
      ]
    ],
    [
      [
        56121,
        7351
      ],
      [
        20,
        -244
      ]
    ],
    [
      [
        56142,
        7107
      ],
      [
        -1,
        0
      ]
    ],
    [
      [
        56141,
        7107
      ],
      [
        -1681,
        -573
      ],
      [
        -691,
        419
      ],
      [
        -351,
        -216
      ],
      [
        226,
        -1252
      ],
      [
        903,
        -270
      ]
    ],
    [
      [
        54547,
        5215
      ],
      [
        45,
        -329
      ],
      [
        -1534,
        -363
      ]
    ],
    [
      [
        53058,
        4524
      ],
      [
        0,
        -1
      ]
    ],
    [
      [
        53058,
        4523
      ],
      [
        -25,
        -8
      ]
    ],
    [
      [
        53033,
        4515
      ],
      [
        -1050,
        540
      ],
      [
        -962,
        -496
      ],
      [
        -1735,
        -61
      ]
    ],
    [
      [
        64771,
        12254
      ],
      [
        1525,
        -1548
      ]
    ],
    [
      [
        66296,
        10706
      ],
      [
        -1466,
        -426
      ],
      [
        1135,
        -2317
      ],
      [
        -1874,
        -943
      ]
    ],
    [
      [
        64091,
        7020
      ],
      [
        -651,
        69
      ],
      [
        -788,
        1205
      ],
      [
        -1857,
        -73
      ]
    ],
    [
      [
        20300,
        95502
      ],
      [
        -115,
        882
      ]
    ],
    [
      [
        22601,
        95324
      ],
      [
        -2293,
        175
      ]
    ],
    [
      [
        28097,
        95417
      ],
      [
        -1179,
        -128
      ]
    ],
    [
      [
        27346,
        95527
      ],
      [
        -7,
        -8
      ],
      [
        -36,
        3
      ],
      [
        41,
        24
      ],
      [
        2,
        -19
      ]
    ],
    [
      [
        27208,
        95440
      ],
      [
        -12,
        -9
      ],
      [
        -14,
        1
      ],
      [
        2,
        11
      ],
      [
        24,
        -3
      ]
    ],
    [
      [
        30123,
        99999
      ],
      [
        1168,
        -513
      ]
    ],
    [
      [
        26019,
        99735
      ],
      [
        2317,
        197
      ]
    ],
    [
      [
        26918,
        95289
      ],
      [
        762,
        -248
      ],
      [
        -521,
        -352
      ],
      [
        904,
        5
      ],
      [
        -512,
        -366
      ],
      [
        685,
        -154
      ],
      [
        -243,
        -248
      ],
      [
        1204,
        -234
      ],
      [
        -358,
        -79
      ],
      [
        -1272,
        461
      ],
      [
        -1169,
        641
      ],
      [
        -2815,
        914
      ]
    ],
    [
      [
        23583,
        95629
      ],
      [
        -305,
        114
      ]
    ],
    [
      [
        31531,
        94707
      ],
      [
        -3434,
        710
      ]
    ],
    [
      [
        28097,
        95417
      ],
      [
        722,
        574
      ],
      [
        -1576,
        405
      ],
      [
        -1474,
        -950
      ],
      [
        1149,
        -157
      ]
    ],
    [
      [
        28894,
        93923
      ],
      [
        -75,
        1
      ],
      [
        -159,
        46
      ],
      [
        309,
        -49
      ],
      [
        -75,
        2
      ]
    ],
    [
      [
        28925,
        94813
      ],
      [
        -67,
        -53
      ],
      [
        -83,
        40
      ],
      [
        72,
        -9
      ],
      [
        78,
        22
      ]
    ],
    [
      [
        28938,
        95124
      ],
      [
        -52,
        -20
      ],
      [
        -79,
        5
      ],
      [
        -10,
        2
      ],
      [
        -12,
        4
      ],
      [
        153,
        9
      ]
    ],
    [
      [
        28906,
        94553
      ],
      [
        -14,
        1
      ],
      [
        9,
        17
      ],
      [
        12,
        -9
      ],
      [
        -7,
        -9
      ]
    ],
    [
      [
        28673,
        94005
      ],
      [
        58,
        27
      ],
      [
        137,
        -53
      ],
      [
        -42,
        -19
      ],
      [
        -153,
        45
      ]
    ],
    [
      [
        28676,
        93905
      ],
      [
        67,
        -18
      ],
      [
        57,
        -39
      ],
      [
        -246,
        60
      ],
      [
        122,
        -3
      ]
    ],
    [
      [
        28705,
        94170
      ],
      [
        78,
        -8
      ],
      [
        -197,
        -70
      ],
      [
        11,
        73
      ],
      [
        108,
        5
      ]
    ],
    [
      [
        28673,
        95178
      ],
      [
        95,
        -51
      ],
      [
        9,
        -8
      ],
      [
        -111,
        57
      ],
      [
        -25,
        19
      ],
      [
        32,
        -17
      ]
    ],
    [
      [
        28694,
        94093
      ],
      [
        23,
        -2
      ],
      [
        -73,
        -15
      ],
      [
        28,
        6
      ],
      [
        22,
        11
      ]
    ],
    [
      [
        28633,
        94080
      ],
      [
        -21,
        -3
      ],
      [
        -20,
        -8
      ],
      [
        28,
        16
      ],
      [
        31,
        1
      ],
      [
        -18,
        -6
      ]
    ],
    [
      [
        28606,
        95238
      ],
      [
        5,
        -12
      ],
      [
        27,
        -28
      ],
      [
        -25,
        18
      ],
      [
        -7,
        22
      ]
    ],
    [
      [
        28538,
        94576
      ],
      [
        -69,
        9
      ],
      [
        -37,
        28
      ],
      [
        -10,
        21
      ],
      [
        116,
        -58
      ]
    ],
    [
      [
        28471,
        94716
      ],
      [
        91,
        11
      ],
      [
        20,
        -31
      ],
      [
        -66,
        20
      ],
      [
        -45,
        0
      ]
    ],
    [
      [
        28217,
        93992
      ],
      [
        6,
        101
      ],
      [
        309,
        67
      ],
      [
        -7,
        -147
      ],
      [
        -308,
        -21
      ]
    ],
    [
      [
        28516,
        94103
      ],
      [
        5,
        12
      ],
      [
        12,
        2
      ],
      [
        -3,
        -17
      ],
      [
        -14,
        3
      ]
    ],
    [
      [
        27943,
        94284
      ],
      [
        379,
        181
      ],
      [
        183,
        -14
      ],
      [
        -227,
        -208
      ],
      [
        -335,
        41
      ]
    ],
    [
      [
        28527,
        94572
      ],
      [
        5,
        1
      ],
      [
        0,
        -7
      ],
      [
        -8,
        2
      ],
      [
        3,
        4
      ]
    ],
    [
      [
        28503,
        94570
      ],
      [
        -2,
        5
      ],
      [
        16,
        -3
      ],
      [
        -3,
        -3
      ],
      [
        -11,
        1
      ]
    ],
    [
      [
        27915,
        94331
      ],
      [
        360,
        233
      ],
      [
        207,
        -69
      ],
      [
        -411,
        -82
      ],
      [
        -156,
        -82
      ]
    ],
    [
      [
        28416,
        93964
      ],
      [
        -11,
        0
      ],
      [
        -95,
        16
      ],
      [
        156,
        -11
      ],
      [
        -50,
        -5
      ]
    ],
    [
      [
        28451,
        94693
      ],
      [
        -4,
        -27
      ],
      [
        -135,
        46
      ],
      [
        109,
        -27
      ],
      [
        30,
        8
      ]
    ],
    [
      [
        28257,
        94675
      ],
      [
        -40,
        17
      ],
      [
        7,
        15
      ],
      [
        64,
        -14
      ],
      [
        -31,
        -18
      ]
    ],
    [
      [
        28110,
        94513
      ],
      [
        -15,
        -48
      ],
      [
        -115,
        5
      ],
      [
        18,
        48
      ],
      [
        112,
        -5
      ]
    ],
    [
      [
        28047,
        94829
      ],
      [
        5,
        -1
      ],
      [
        3,
        -4
      ],
      [
        -13,
        -1
      ],
      [
        5,
        6
      ]
    ],
    [
      [
        28042,
        94215
      ],
      [
        -7,
        0
      ],
      [
        -3,
        4
      ],
      [
        13,
        2
      ],
      [
        -3,
        -6
      ]
    ],
    [
      [
        28033,
        94550
      ],
      [
        3,
        -11
      ],
      [
        -12,
        -16
      ],
      [
        -9,
        46
      ],
      [
        18,
        -19
      ]
    ],
    [
      [
        28024,
        94843
      ],
      [
        -41,
        23
      ],
      [
        -8,
        15
      ],
      [
        52,
        -35
      ],
      [
        -3,
        -3
      ]
    ],
    [
      [
        28019,
        94258
      ],
      [
        10,
        -6
      ],
      [
        0,
        -2
      ],
      [
        -10,
        0
      ],
      [
        0,
        8
      ]
    ],
    [
      [
        28020,
        94231
      ],
      [
        -4,
        -3
      ],
      [
        -5,
        0
      ],
      [
        6,
        4
      ],
      [
        3,
        -1
      ]
    ],
    [
      [
        28010,
        94233
      ],
      [
        -5,
        0
      ],
      [
        -5,
        1
      ],
      [
        14,
        2
      ],
      [
        -4,
        -3
      ]
    ],
    [
      [
        28003,
        94237
      ],
      [
        -3,
        3
      ],
      [
        10,
        2
      ],
      [
        -1,
        -3
      ],
      [
        -6,
        -2
      ]
    ],
    [
      [
        27958,
        94249
      ],
      [
        9,
        11
      ],
      [
        41,
        -15
      ],
      [
        -24,
        -9
      ],
      [
        -26,
        13
      ]
    ],
    [
      [
        27990,
        94261
      ],
      [
        3,
        3
      ],
      [
        3,
        0
      ],
      [
        -1,
        -4
      ],
      [
        -5,
        1
      ]
    ],
    [
      [
        27919,
        94244
      ],
      [
        6,
        -1
      ],
      [
        14,
        -12
      ],
      [
        -10,
        2
      ],
      [
        -10,
        11
      ]
    ],
    [
      [
        27917,
        94281
      ],
      [
        19,
        -2
      ],
      [
        0,
        -2
      ],
      [
        -18,
        0
      ],
      [
        -1,
        4
      ]
    ],
    [
      [
        27915,
        94257
      ],
      [
        2,
        0
      ],
      [
        3,
        -1
      ],
      [
        -6,
        -1
      ],
      [
        1,
        2
      ]
    ],
    [
      [
        27900,
        94780
      ],
      [
        14,
        -11
      ],
      [
        -15,
        -7
      ],
      [
        -12,
        17
      ],
      [
        13,
        1
      ]
    ],
    [
      [
        27846,
        94877
      ],
      [
        20,
        -10
      ],
      [
        46,
        -9
      ],
      [
        -70,
        0
      ],
      [
        4,
        19
      ]
    ],
    [
      [
        27887,
        94220
      ],
      [
        -5,
        -1
      ],
      [
        -3,
        18
      ],
      [
        28,
        -8
      ],
      [
        -20,
        -9
      ]
    ],
    [
      [
        27880,
        94276
      ],
      [
        11,
        -3
      ],
      [
        -1,
        -5
      ],
      [
        -11,
        6
      ],
      [
        1,
        2
      ]
    ],
    [
      [
        27876,
        94280
      ],
      [
        -2,
        2
      ],
      [
        3,
        2
      ],
      [
        5,
        -4
      ],
      [
        -6,
        0
      ]
    ],
    [
      [
        27850,
        94255
      ],
      [
        6,
        8
      ],
      [
        6,
        6
      ],
      [
        6,
        -9
      ],
      [
        -18,
        -5
      ]
    ],
    [
      [
        27772,
        94826
      ],
      [
        0,
        9
      ],
      [
        20,
        12
      ],
      [
        -1,
        -4
      ],
      [
        -19,
        -17
      ]
    ],
    [
      [
        27752,
        94941
      ],
      [
        4,
        -23
      ],
      [
        -38,
        -10
      ],
      [
        18,
        10
      ],
      [
        16,
        23
      ]
    ],
    [
      [
        27309,
        95150
      ],
      [
        185,
        166
      ],
      [
        201,
        -101
      ],
      [
        -226,
        -104
      ],
      [
        -160,
        39
      ]
    ],
    [
      [
        27378,
        95083
      ],
      [
        -125,
        -37
      ],
      [
        -76,
        86
      ],
      [
        41,
        11
      ],
      [
        160,
        -60
      ]
    ],
    [
      [
        27353,
        95355
      ],
      [
        14,
        -2
      ],
      [
        -42,
        -7
      ],
      [
        8,
        7
      ],
      [
        20,
        2
      ]
    ],
    [
      [
        27294,
        95279
      ],
      [
        12,
        21
      ],
      [
        57,
        -18
      ],
      [
        -37,
        -20
      ],
      [
        -32,
        17
      ]
    ],
    [
      [
        27233,
        95353
      ],
      [
        26,
        27
      ],
      [
        68,
        -29
      ],
      [
        -39,
        -15
      ],
      [
        -55,
        17
      ]
    ],
    [
      [
        27238,
        95252
      ],
      [
        5,
        7
      ],
      [
        21,
        -1
      ],
      [
        -9,
        -4
      ],
      [
        -17,
        -2
      ]
    ],
    [
      [
        27195,
        95252
      ],
      [
        -48,
        3
      ],
      [
        -13,
        19
      ],
      [
        103,
        3
      ],
      [
        -42,
        -25
      ]
    ],
    [
      [
        27123,
        95305
      ],
      [
        -2,
        28
      ],
      [
        68,
        -10
      ],
      [
        -40,
        -26
      ],
      [
        -26,
        8
      ]
    ],
    [
      [
        23695,
        95452
      ],
      [
        -11,
        5
      ],
      [
        18,
        3
      ],
      [
        -6,
        -8
      ],
      [
        -1,
        0
      ]
    ],
    [
      [
        8221,
        92313
      ],
      [
        703,
        -958
      ],
      [
        -486,
        -448
      ],
      [
        -2771,
        778
      ],
      [
        -166,
        1068
      ],
      [
        828,
        180
      ],
      [
        1892,
        -620
      ]
    ],
    [
      [
        208,
        88811
      ],
      [
        166,
        -121
      ],
      [
        -83,
        -121
      ],
      [
        -291,
        139
      ],
      [
        208,
        103
      ]
    ],
    [
      [
        15036,
        95027
      ],
      [
        -1470,
        1711
      ],
      [
        1940,
        -91
      ],
      [
        441,
        -611
      ]
    ],
    [
      [
        14342,
        95181
      ],
      [
        54,
        -26
      ],
      [
        -9,
        -16
      ],
      [
        -125,
        38
      ],
      [
        80,
        4
      ]
    ],
    [
      [
        14314,
        95123
      ],
      [
        -23,
        -7
      ],
      [
        -21,
        17
      ],
      [
        23,
        -13
      ],
      [
        21,
        3
      ]
    ],
    [
      [
        12326,
        96298
      ],
      [
        -171,
        253
      ],
      [
        288,
        527
      ],
      [
        0,
        -690
      ],
      [
        -117,
        -90
      ]
    ],
    [
      [
        11453,
        96336
      ],
      [
        106,
        41
      ],
      [
        -1,
        -267
      ],
      [
        -88,
        103
      ],
      [
        -17,
        123
      ]
    ],
    [
      [
        10890,
        95534
      ],
      [
        -125,
        -298
      ],
      [
        -477,
        372
      ],
      [
        818,
        732
      ],
      [
        -216,
        -806
      ]
    ],
    [
      [
        23583,
        95629
      ],
      [
        37,
        -389
      ],
      [
        2429,
        -905
      ],
      [
        -3448,
        989
      ]
    ],
    [
      [
        22601,
        95324
      ],
      [
        982,
        305
      ]
    ],
    [
      [
        24257,
        95185
      ],
      [
        -42,
        -24
      ],
      [
        -238,
        40
      ],
      [
        -188,
        115
      ],
      [
        468,
        -131
      ]
    ],
    [
      [
        23867,
        95236
      ],
      [
        -21,
        -10
      ],
      [
        -26,
        5
      ],
      [
        39,
        12
      ],
      [
        8,
        -7
      ]
    ],
    [
      [
        23601,
        95435
      ],
      [
        -2,
        -12
      ],
      [
        5,
        -12
      ],
      [
        -13,
        10
      ],
      [
        13,
        26
      ],
      [
        -3,
        -12
      ]
    ],
    [
      [
        20915,
        96448
      ],
      [
        0,
        1
      ]
    ],
    [
      [
        20915,
        96449
      ],
      [
        -483,
        149
      ]
    ],
    [
      [
        22132,
        95992
      ],
      [
        -1217,
        456
      ]
    ],
    [
      [
        27771,
        99745
      ],
      [
        565,
        187
      ]
    ],
    [
      [
        28336,
        99932
      ],
      [
        1787,
        67
      ]
    ],
    [
      [
        30123,
        99999
      ],
      [
        -232,
        -245
      ],
      [
        1400,
        -268
      ]
    ],
    [
      [
        31291,
        99486
      ],
      [
        4292,
        -3654
      ],
      [
        11205,
        -5332
      ]
    ],
    [
      [
        33051,
        96280
      ],
      [
        -1850,
        965
      ],
      [
        -704,
        970
      ]
    ],
    [
      [
        25816,
        99457
      ],
      [
        1955,
        288
      ]
    ],
    [
      [
        27771,
        99745
      ],
      [
        1932,
        -124
      ],
      [
        794,
        -1406
      ]
    ],
    [
      [
        30497,
        98215
      ],
      [
        -735,
        -20
      ],
      [
        -680,
        -849
      ],
      [
        -1741,
        158
      ]
    ],
    [
      [
        23278,
        95743
      ],
      [
        -1146,
        249
      ]
    ],
    [
      [
        22132,
        95992
      ],
      [
        120,
        851
      ],
      [
        -575,
        155
      ]
    ],
    [
      [
        24579,
        99452
      ],
      [
        1440,
        283
      ]
    ],
    [
      [
        26019,
        99735
      ],
      [
        -203,
        -278
      ]
    ],
    [
      [
        25816,
        99457
      ],
      [
        -7,
        -604
      ],
      [
        1532,
        -1349
      ]
    ],
    [
      [
        27341,
        97504
      ],
      [
        -876,
        -494
      ],
      [
        -1891,
        -107
      ],
      [
        -1296,
        -1160
      ]
    ],
    [
      [
        19667,
        99478
      ],
      [
        1949,
        343
      ],
      [
        2963,
        -369
      ]
    ],
    [
      [
        24579,
        99452
      ],
      [
        -592,
        -1147
      ]
    ],
    [
      [
        20477,
        98114
      ],
      [
        1087,
        -85
      ],
      [
        774,
        549
      ]
    ],
    [
      [
        22338,
        98578
      ],
      [
        1,
        1
      ]
    ],
    [
      [
        22339,
        98579
      ],
      [
        1648,
        -274
      ]
    ],
    [
      [
        23987,
        98305
      ],
      [
        -1291,
        -478
      ]
    ],
    [
      [
        22696,
        97827
      ],
      [
        -1019,
        -829
      ]
    ],
    [
      [
        21677,
        96998
      ],
      [
        -1079,
        -259
      ]
    ],
    [
      [
        17906,
        98872
      ],
      [
        1761,
        606
      ]
    ],
    [
      [
        19667,
        99478
      ],
      [
        18,
        -53
      ]
    ],
    [
      [
        19685,
        99425
      ],
      [
        689,
        -523
      ],
      [
        -223,
        -565
      ]
    ],
    [
      [
        20152,
        98337
      ],
      [
        -1,
        0
      ]
    ],
    [
      [
        20151,
        98337
      ],
      [
        326,
        -223
      ]
    ],
    [
      [
        20477,
        98114
      ],
      [
        -567,
        -399
      ],
      [
        688,
        -976
      ]
    ],
    [
      [
        20598,
        96739
      ],
      [
        -166,
        -141
      ]
    ],
    [
      [
        20432,
        96598
      ],
      [
        -97,
        -69
      ]
    ],
    [
      [
        20340,
        96514
      ],
      [
        4,
        -8
      ],
      [
        3,
        -9
      ],
      [
        -7,
        17
      ]
    ],
    [
      [
        20340,
        96514
      ],
      [
        -5,
        15
      ]
    ],
    [
      [
        20335,
        96529
      ],
      [
        -150,
        -145
      ]
    ],
    [
      [
        20185,
        96384
      ],
      [
        -678,
        -110
      ],
      [
        -572,
        523
      ]
    ],
    [
      [
        16030,
        97731
      ],
      [
        903,
        68
      ],
      [
        -413,
        777
      ],
      [
        1386,
        296
      ]
    ],
    [
      [
        17906,
        98872
      ],
      [
        821,
        -714
      ],
      [
        1068,
        174
      ],
      [
        -123,
        -298
      ]
    ],
    [
      [
        19672,
        98035
      ],
      [
        0,
        -1
      ]
    ],
    [
      [
        19672,
        98034
      ],
      [
        -211,
        -111
      ]
    ],
    [
      [
        19461,
        97924
      ],
      [
        0,
        -1
      ]
    ],
    [
      [
        19461,
        97923
      ],
      [
        -526,
        -1126
      ]
    ],
    [
      [
        18935,
        96797
      ],
      [
        -936,
        -405
      ],
      [
        -864,
        1291
      ],
      [
        -1105,
        45
      ]
    ],
    [
      [
        16345,
        97987
      ],
      [
        151,
        -85
      ],
      [
        -76,
        -75
      ],
      [
        -183,
        107
      ],
      [
        108,
        53
      ]
    ],
    [
      [
        20863,
        95168
      ],
      [
        -333,
        106
      ],
      [
        -74,
        85
      ],
      [
        206,
        -37
      ],
      [
        201,
        -154
      ]
    ],
    [
      [
        15036,
        95027
      ],
      [
        911,
        1009
      ]
    ],
    [
      [
        15947,
        96036
      ],
      [
        1427,
        156
      ],
      [
        -269,
        -553
      ],
      [
        2567,
        -629
      ],
      [
        -155,
        -332
      ],
      [
        129,
        -63
      ],
      [
        654,
        887
      ]
    ],
    [
      [
        20300,
        95502
      ],
      [
        8,
        -3
      ]
    ],
    [
      [
        20308,
        95499
      ],
      [
        287,
        -1002
      ],
      [
        -781,
        -458
      ],
      [
        -527,
        72
      ],
      [
        -353,
        128
      ],
      [
        -98,
        83
      ],
      [
        544,
        -79
      ],
      [
        229,
        404
      ],
      [
        -563,
        -215
      ],
      [
        -2104,
        526
      ],
      [
        -2464,
        -670
      ],
      [
        -215,
        -991
      ],
      [
        -2773,
        399
      ],
      [
        8,
        128
      ],
      [
        151,
        11
      ],
      [
        39,
        75
      ],
      [
        -178,
        -69
      ],
      [
        -6,
        212
      ],
      [
        -106,
        73
      ],
      [
        2,
        12
      ],
      [
        433,
        -308
      ],
      [
        375,
        27
      ],
      [
        161,
        941
      ],
      [
        407,
        -431
      ],
      [
        946,
        239
      ],
      [
        763,
        -313
      ],
      [
        1279,
        421
      ],
      [
        -728,
        313
      ]
    ],
    [
      [
        20642,
        94609
      ],
      [
        -17,
        -3
      ],
      [
        -12,
        7
      ],
      [
        2,
        15
      ],
      [
        27,
        -19
      ]
    ],
    [
      [
        20581,
        94958
      ],
      [
        -73,
        -103
      ],
      [
        -247,
        124
      ],
      [
        113,
        22
      ],
      [
        207,
        -43
      ]
    ],
    [
      [
        20592,
        94575
      ],
      [
        -35,
        -4
      ],
      [
        -21,
        10
      ],
      [
        59,
        3
      ],
      [
        -3,
        -9
      ]
    ],
    [
      [
        20577,
        95158
      ],
      [
        -44,
        16
      ],
      [
        -18,
        1
      ],
      [
        13,
        1
      ],
      [
        32,
        -8
      ],
      [
        17,
        -10
      ]
    ],
    [
      [
        20370,
        95259
      ],
      [
        85,
        -45
      ],
      [
        40,
        -32
      ],
      [
        -219,
        64
      ],
      [
        94,
        13
      ]
    ],
    [
      [
        19910,
        95463
      ],
      [
        17,
        33
      ],
      [
        116,
        -29
      ],
      [
        -31,
        -11
      ],
      [
        -102,
        7
      ]
    ],
    [
      [
        19898,
        95228
      ],
      [
        -5,
        12
      ],
      [
        40,
        -20
      ],
      [
        -27,
        2
      ],
      [
        -8,
        6
      ]
    ],
    [
      [
        19673,
        95197
      ],
      [
        139,
        -15
      ],
      [
        25,
        -58
      ],
      [
        -45,
        -20
      ],
      [
        -119,
        93
      ]
    ],
    [
      [
        19676,
        94932
      ],
      [
        18,
        -40
      ],
      [
        -53,
        -26
      ],
      [
        -43,
        21
      ],
      [
        78,
        45
      ]
    ],
    [
      [
        19597,
        94678
      ],
      [
        -4,
        -9
      ],
      [
        -19,
        7
      ],
      [
        21,
        7
      ],
      [
        2,
        -5
      ]
    ],
    [
      [
        19562,
        94461
      ],
      [
        6,
        23
      ],
      [
        16,
        2
      ],
      [
        13,
        -25
      ],
      [
        -35,
        0
      ]
    ],
    [
      [
        19589,
        94552
      ],
      [
        -2,
        -5
      ],
      [
        -4,
        -2
      ],
      [
        1,
        5
      ],
      [
        5,
        2
      ]
    ],
    [
      [
        19581,
        94666
      ],
      [
        5,
        0
      ],
      [
        -7,
        -3
      ],
      [
        0,
        1
      ],
      [
        2,
        2
      ]
    ],
    [
      [
        19585,
        94451
      ],
      [
        -7,
        -10
      ],
      [
        -13,
        3
      ],
      [
        -1,
        7
      ],
      [
        21,
        0
      ]
    ],
    [
      [
        19571,
        94524
      ],
      [
        -6,
        1
      ],
      [
        15,
        10
      ],
      [
        -4,
        -7
      ],
      [
        -5,
        -4
      ]
    ],
    [
      [
        19566,
        94539
      ],
      [
        5,
        7
      ],
      [
        5,
        3
      ],
      [
        -2,
        -8
      ],
      [
        -8,
        -2
      ]
    ],
    [
      [
        19550,
        94672
      ],
      [
        -11,
        1
      ],
      [
        -2,
        4
      ],
      [
        12,
        -3
      ],
      [
        1,
        -2
      ]
    ],
    [
      [
        19032,
        94322
      ],
      [
        23,
        -8
      ],
      [
        16,
        1
      ],
      [
        -5,
        -4
      ],
      [
        -30,
        3
      ],
      [
        -4,
        8
      ]
    ],
    [
      [
        18973,
        94333
      ],
      [
        -10,
        -19
      ],
      [
        -54,
        10
      ],
      [
        5,
        18
      ],
      [
        59,
        -9
      ]
    ],
    [
      [
        17729,
        96093
      ],
      [
        31,
        -9
      ],
      [
        7,
        -17
      ],
      [
        -27,
        4
      ],
      [
        -11,
        22
      ]
    ],
    [
      [
        17730,
        95997
      ],
      [
        26,
        17
      ],
      [
        11,
        -6
      ],
      [
        -17,
        -14
      ],
      [
        -20,
        3
      ]
    ],
    [
      [
        17673,
        96014
      ],
      [
        3,
        17
      ],
      [
        34,
        27
      ],
      [
        35,
        -45
      ],
      [
        -72,
        1
      ]
    ],
    [
      [
        17590,
        96126
      ],
      [
        49,
        3
      ],
      [
        64,
        -47
      ],
      [
        -59,
        -1
      ],
      [
        -54,
        45
      ]
    ],
    [
      [
        17663,
        96072
      ],
      [
        1,
        -237
      ],
      [
        -63,
        -62
      ],
      [
        -65,
        199
      ],
      [
        127,
        100
      ]
    ],
    [
      [
        17549,
        95875
      ],
      [
        9,
        9
      ],
      [
        11,
        5
      ],
      [
        0,
        -12
      ],
      [
        -20,
        -2
      ]
    ],
    [
      [
        17497,
        95821
      ],
      [
        -36,
        27
      ],
      [
        67,
        61
      ],
      [
        25,
        -18
      ],
      [
        -56,
        -70
      ]
    ],
    [
      [
        17549,
        95826
      ],
      [
        0,
        -12
      ],
      [
        -12,
        -8
      ],
      [
        -3,
        22
      ],
      [
        15,
        -2
      ]
    ],
    [
      [
        17507,
        95894
      ],
      [
        -21,
        6
      ],
      [
        25,
        19
      ],
      [
        14,
        -9
      ],
      [
        -18,
        -16
      ]
    ],
    [
      [
        16729,
        96157
      ],
      [
        68,
        17
      ],
      [
        17,
        -29
      ],
      [
        -11,
        -8
      ],
      [
        -74,
        20
      ]
    ],
    [
      [
        16303,
        96094
      ],
      [
        4,
        5
      ],
      [
        25,
        -12
      ],
      [
        -18,
        1
      ],
      [
        -11,
        6
      ]
    ],
    [
      [
        14464,
        94747
      ],
      [
        86,
        9
      ],
      [
        -76,
        -62
      ],
      [
        -39,
        19
      ],
      [
        29,
        34
      ]
    ],
    [
      [
        14086,
        94812
      ],
      [
        89,
        196
      ],
      [
        244,
        -435
      ],
      [
        -166,
        50
      ],
      [
        -167,
        189
      ]
    ],
    [
      [
        14457,
        94585
      ],
      [
        10,
        -19
      ],
      [
        -44,
        -32
      ],
      [
        -30,
        6
      ],
      [
        -50,
        33
      ],
      [
        114,
        12
      ]
    ],
    [
      [
        14399,
        94533
      ],
      [
        -6,
        -4
      ],
      [
        -10,
        3
      ],
      [
        1,
        12
      ],
      [
        15,
        -11
      ]
    ],
    [
      [
        14317,
        94548
      ],
      [
        -7,
        9
      ],
      [
        0,
        5
      ],
      [
        20,
        -25
      ],
      [
        -13,
        11
      ]
    ],
    [
      [
        14134,
        94532
      ],
      [
        -49,
        7
      ],
      [
        -42,
        26
      ],
      [
        140,
        -19
      ],
      [
        -49,
        -14
      ]
    ],
    [
      [
        13659,
        94624
      ],
      [
        -3,
        -4
      ],
      [
        -13,
        9
      ],
      [
        8,
        -2
      ],
      [
        8,
        -3
      ]
    ],
    [
      [
        13461,
        94714
      ],
      [
        -27,
        9
      ],
      [
        -11,
        15
      ],
      [
        55,
        3
      ],
      [
        -17,
        -27
      ]
    ],
    [
      [
        11891,
        93973
      ],
      [
        -1,
        22
      ],
      [
        23,
        1
      ],
      [
        13,
        -29
      ],
      [
        -35,
        6
      ]
    ],
    [
      [
        11871,
        93581
      ],
      [
        -29,
        -6
      ],
      [
        23,
        27
      ],
      [
        12,
        -11
      ],
      [
        -6,
        -10
      ]
    ],
    [
      [
        10796,
        94013
      ],
      [
        7,
        -156
      ],
      [
        -79,
        -140
      ],
      [
        -446,
        132
      ],
      [
        301,
        824
      ],
      [
        217,
        -660
      ]
    ],
    [
      [
        16030,
        97731
      ],
      [
        0,
        -3
      ]
    ],
    [
      [
        16030,
        97728
      ],
      [
        -769,
        -951
      ],
      [
        -1302,
        214
      ],
      [
        569,
        1263
      ],
      [
        1630,
        122
      ],
      [
        -128,
        -645
      ]
    ],
    [
      [
        14567,
        96872
      ],
      [
        4,
        2
      ],
      [
        24,
        -20
      ],
      [
        -6,
        2
      ],
      [
        -22,
        16
      ]
    ],
    [
      [
        13867,
        96957
      ],
      [
        -9,
        9
      ],
      [
        21,
        6
      ],
      [
        10,
        -18
      ],
      [
        -22,
        3
      ]
    ],
    [
      [
        15893,
        78798
      ],
      [
        1318,
        -650
      ],
      [
        -1346,
        -354
      ],
      [
        -493,
        234
      ],
      [
        241,
        -268
      ],
      [
        -827,
        650
      ]
    ],
    [
      [
        17014,
        77453
      ],
      [
        6,
        -7
      ],
      [
        -9,
        -3
      ],
      [
        -5,
        5
      ],
      [
        8,
        5
      ]
    ],
    [
      [
        17012,
        77467
      ],
      [
        -8,
        -1
      ],
      [
        -3,
        7
      ],
      [
        7,
        1
      ],
      [
        4,
        -7
      ]
    ],
    [
      [
        16995,
        77445
      ],
      [
        -2,
        2
      ],
      [
        5,
        2
      ],
      [
        1,
        -2
      ],
      [
        -4,
        -2
      ]
    ],
    [
      [
        16975,
        77455
      ],
      [
        8,
        1
      ],
      [
        0,
        -19
      ],
      [
        -7,
        8
      ],
      [
        -1,
        10
      ]
    ],
    [
      [
        16940,
        77697
      ],
      [
        25,
        -54
      ],
      [
        -19,
        -55
      ],
      [
        -153,
        102
      ],
      [
        147,
        7
      ]
    ],
    [
      [
        16936,
        77575
      ],
      [
        -23,
        0
      ],
      [
        0,
        31
      ],
      [
        33,
        -23
      ],
      [
        -10,
        -8
      ]
    ],
    [
      [
        16766,
        77721
      ],
      [
        52,
        60
      ],
      [
        113,
        -22
      ],
      [
        -62,
        -51
      ],
      [
        -103,
        13
      ]
    ],
    [
      [
        16892,
        77509
      ],
      [
        -1,
        11
      ],
      [
        22,
        -10
      ],
      [
        -10,
        -2
      ],
      [
        -11,
        1
      ]
    ],
    [
      [
        16785,
        77692
      ],
      [
        6,
        -9
      ],
      [
        43,
        -21
      ],
      [
        -84,
        37
      ],
      [
        35,
        -7
      ]
    ],
    [
      [
        16826,
        77431
      ],
      [
        -6,
        -1
      ],
      [
        -9,
        3
      ],
      [
        11,
        5
      ],
      [
        4,
        -7
      ]
    ],
    [
      [
        16776,
        77711
      ],
      [
        26,
        7
      ],
      [
        20,
        -8
      ],
      [
        -32,
        -11
      ],
      [
        -14,
        12
      ]
    ],
    [
      [
        16780,
        77428
      ],
      [
        -17,
        17
      ],
      [
        26,
        7
      ],
      [
        10,
        -17
      ],
      [
        -19,
        -7
      ]
    ],
    [
      [
        16773,
        77708
      ],
      [
        5,
        1
      ],
      [
        8,
        -7
      ],
      [
        -3,
        -1
      ],
      [
        -10,
        7
      ]
    ],
    [
      [
        16737,
        78058
      ],
      [
        -3,
        48
      ],
      [
        16,
        6
      ],
      [
        34,
        -62
      ],
      [
        -47,
        8
      ]
    ],
    [
      [
        15845,
        77692
      ],
      [
        554,
        34
      ],
      [
        -142,
        -275
      ],
      [
        -458,
        108
      ],
      [
        46,
        133
      ]
    ],
    [
      [
        15698,
        77665
      ],
      [
        -6,
        29
      ],
      [
        58,
        -9
      ],
      [
        -38,
        -24
      ],
      [
        -14,
        4
      ]
    ],
    [
      [
        17151,
        77037
      ],
      [
        -90,
        387
      ],
      [
        1321,
        -102
      ],
      [
        1152,
        763
      ]
    ],
    [
      [
        18373,
        77569
      ],
      [
        -11,
        -28
      ],
      [
        8,
        64
      ],
      [
        13,
        -33
      ],
      [
        -10,
        -3
      ]
    ],
    [
      [
        18337,
        77528
      ],
      [
        -74,
        -37
      ],
      [
        -18,
        -45
      ],
      [
        -2,
        36
      ],
      [
        94,
        46
      ]
    ],
    [
      [
        18320,
        77497
      ],
      [
        2,
        -5
      ],
      [
        -13,
        -3
      ],
      [
        -5,
        10
      ],
      [
        16,
        -2
      ]
    ],
    [
      [
        18205,
        77458
      ],
      [
        -45,
        -45
      ],
      [
        -46,
        5
      ],
      [
        51,
        40
      ],
      [
        40,
        0
      ]
    ],
    [
      [
        18118,
        77405
      ],
      [
        -31,
        8
      ],
      [
        -34,
        -6
      ],
      [
        46,
        11
      ],
      [
        19,
        -13
      ]
    ],
    [
      [
        18040,
        77389
      ],
      [
        -11,
        5
      ],
      [
        1,
        3
      ],
      [
        11,
        -3
      ],
      [
        -1,
        -5
      ]
    ],
    [
      [
        15893,
        78798
      ],
      [
        -1107,
        -388
      ]
    ],
    [
      [
        14786,
        78410
      ],
      [
        -3885,
        1762
      ],
      [
        -3933,
        544
      ],
      [
        690,
        96
      ],
      [
        -241,
        483
      ],
      [
        1451,
        284
      ],
      [
        5301,
        -845
      ],
      [
        3058,
        -1688
      ],
      [
        -2261,
        628
      ],
      [
        927,
        -876
      ]
    ],
    [
      [
        17063,
        77562
      ],
      [
        -21,
        -8
      ],
      [
        -2,
        14
      ],
      [
        27,
        3
      ],
      [
        -4,
        -9
      ]
    ],
    [
      [
        7526,
        81192
      ],
      [
        22,
        4
      ],
      [
        5,
        -13
      ],
      [
        -67,
        -43
      ],
      [
        40,
        52
      ]
    ],
    [
      [
        7522,
        81292
      ],
      [
        8,
        5
      ],
      [
        19,
        5
      ],
      [
        -14,
        -22
      ],
      [
        -13,
        12
      ]
    ],
    [
      [
        7480,
        81182
      ],
      [
        5,
        16
      ],
      [
        23,
        0
      ],
      [
        -3,
        -9
      ],
      [
        -25,
        -7
      ]
    ],
    [
      [
        7491,
        81282
      ],
      [
        5,
        3
      ],
      [
        6,
        -5
      ],
      [
        -10,
        -4
      ],
      [
        -1,
        6
      ]
    ],
    [
      [
        7430,
        81196
      ],
      [
        -10,
        7
      ],
      [
        42,
        71
      ],
      [
        26,
        -5
      ],
      [
        -58,
        -73
      ]
    ],
    [
      [
        7484,
        81180
      ],
      [
        -1,
        -5
      ],
      [
        -4,
        0
      ],
      [
        2,
        5
      ],
      [
        3,
        0
      ]
    ],
    [
      [
        7416,
        81080
      ],
      [
        39,
        9
      ],
      [
        -6,
        -31
      ],
      [
        -4,
        0
      ],
      [
        -29,
        22
      ]
    ],
    [
      [
        7409,
        80974
      ],
      [
        -7,
        5
      ],
      [
        0,
        12
      ],
      [
        17,
        -12
      ],
      [
        -10,
        -5
      ]
    ],
    [
      [
        7384,
        81037
      ],
      [
        7,
        22
      ],
      [
        9,
        5
      ],
      [
        2,
        -47
      ],
      [
        -18,
        20
      ]
    ],
    [
      [
        7398,
        81006
      ],
      [
        -15,
        7
      ],
      [
        -2,
        8
      ],
      [
        30,
        -11
      ],
      [
        -13,
        -4
      ]
    ],
    [
      [
        7362,
        80811
      ],
      [
        19,
        4
      ],
      [
        6,
        -6
      ],
      [
        -13,
        -9
      ],
      [
        -12,
        11
      ]
    ],
    [
      [
        19534,
        78085
      ],
      [
        1358,
        983
      ],
      [
        1194,
        116
      ],
      [
        3288,
        4999
      ]
    ],
    [
      [
        22719,
        74663
      ],
      [
        -359,
        268
      ],
      [
        1370,
        515
      ],
      [
        -15,
        483
      ],
      [
        -2245,
        -138
      ],
      [
        -1468,
        500
      ],
      [
        -787,
        923
      ],
      [
        319,
        871
      ]
    ],
    [
      [
        24932,
        83836
      ],
      [
        -7,
        -17
      ],
      [
        -14,
        -11
      ],
      [
        20,
        36
      ],
      [
        1,
        -8
      ]
    ],
    [
      [
        16954,
        67699
      ],
      [
        -89,
        571
      ],
      [
        1188,
        1041
      ],
      [
        561,
        2436
      ],
      [
        -1533,
        1828
      ]
    ],
    [
      [
        26406,
        70659
      ],
      [
        101,
        -647
      ]
    ],
    [
      [
        16704,
        76842
      ],
      [
        -428,
        602
      ],
      [
        875,
        -407
      ]
    ],
    [
      [
        17151,
        77037
      ],
      [
        1170,
        -571
      ],
      [
        -481,
        -693
      ],
      [
        645,
        -318
      ],
      [
        2094,
        -45
      ],
      [
        820,
        -605
      ],
      [
        1320,
        -142
      ]
    ],
    [
      [
        22719,
        74663
      ],
      [
        1027,
        232
      ],
      [
        79,
        -894
      ],
      [
        4125,
        -598
      ],
      [
        209,
        -473
      ]
    ],
    [
      [
        29153,
        71400
      ],
      [
        -2747,
        -741
      ]
    ],
    [
      [
        26406,
        70659
      ],
      [
        -85,
        1410
      ],
      [
        -1973,
        305
      ],
      [
        -731,
        943
      ],
      [
        -1821,
        -26
      ],
      [
        -168,
        349
      ],
      [
        -2103,
        -189
      ],
      [
        -971,
        375
      ],
      [
        -1473,
        -251
      ]
    ],
    [
      [
        17081,
        73575
      ],
      [
        -441,
        608
      ],
      [
        850,
        1988
      ],
      [
        -611,
        928
      ],
      [
        -307,
        100
      ],
      [
        129,
        -357
      ]
    ],
    [
      [
        17280,
        76431
      ],
      [
        26,
        16
      ],
      [
        16,
        -36
      ],
      [
        -31,
        3
      ],
      [
        -11,
        17
      ]
    ],
    [
      [
        17277,
        76222
      ],
      [
        4,
        0
      ],
      [
        -1,
        -6
      ],
      [
        -5,
        4
      ],
      [
        2,
        2
      ]
    ],
    [
      [
        16867,
        76667
      ],
      [
        -25,
        12
      ],
      [
        -22,
        32
      ],
      [
        -5,
        21
      ],
      [
        -39,
        17
      ],
      [
        -22,
        22
      ],
      [
        421,
        -262
      ],
      [
        -36,
        -112
      ],
      [
        -272,
        270
      ]
    ],
    [
      [
        17174,
        76312
      ],
      [
        9,
        2
      ],
      [
        -3,
        -11
      ],
      [
        -9,
        5
      ],
      [
        3,
        4
      ]
    ],
    [
      [
        17141,
        76298
      ],
      [
        -1473,
        1301
      ],
      [
        -24,
        42
      ],
      [
        13,
        40
      ],
      [
        1484,
        -1383
      ]
    ],
    [
      [
        16956,
        73964
      ],
      [
        16,
        1
      ],
      [
        30,
        -11
      ],
      [
        -66,
        2
      ],
      [
        20,
        8
      ]
    ],
    [
      [
        16881,
        74199
      ],
      [
        46,
        -13
      ],
      [
        20,
        -11
      ],
      [
        -82,
        4
      ],
      [
        16,
        20
      ]
    ],
    [
      [
        16907,
        74449
      ],
      [
        -24,
        -25
      ],
      [
        34,
        77
      ],
      [
        30,
        -32
      ],
      [
        -40,
        -20
      ]
    ],
    [
      [
        16913,
        73916
      ],
      [
        31,
        -6
      ],
      [
        -10,
        -15
      ],
      [
        -2,
        1
      ],
      [
        -19,
        20
      ]
    ],
    [
      [
        16836,
        74161
      ],
      [
        54,
        -3
      ],
      [
        37,
        -37
      ],
      [
        -56,
        -10
      ],
      [
        -35,
        50
      ]
    ],
    [
      [
        16849,
        73916
      ],
      [
        45,
        0
      ],
      [
        14,
        -15
      ],
      [
        -40,
        -3
      ],
      [
        -19,
        18
      ]
    ],
    [
      [
        16890,
        74370
      ],
      [
        19,
        -12
      ],
      [
        -40,
        -16
      ],
      [
        9,
        40
      ],
      [
        12,
        -12
      ]
    ],
    [
      [
        16887,
        74495
      ],
      [
        -1,
        -14
      ],
      [
        -9,
        27
      ],
      [
        11,
        -2
      ],
      [
        -1,
        -11
      ]
    ],
    [
      [
        16872,
        74247
      ],
      [
        -11,
        -22
      ],
      [
        -13,
        -5
      ],
      [
        1,
        28
      ],
      [
        23,
        -1
      ]
    ],
    [
      [
        16861,
        74384
      ],
      [
        6,
        -3
      ],
      [
        -16,
        2
      ],
      [
        4,
        3
      ],
      [
        6,
        -2
      ]
    ],
    [
      [
        16809,
        74158
      ],
      [
        -52,
        -33
      ],
      [
        0,
        66
      ],
      [
        50,
        -10
      ],
      [
        2,
        -23
      ]
    ],
    [
      [
        16833,
        74227
      ],
      [
        -8,
        -11
      ],
      [
        16,
        -27
      ],
      [
        -3,
        63
      ],
      [
        -5,
        -25
      ]
    ],
    [
      [
        16783,
        73968
      ],
      [
        20,
        10
      ],
      [
        34,
        -35
      ],
      [
        -41,
        5
      ],
      [
        -13,
        20
      ]
    ],
    [
      [
        16789,
        74221
      ],
      [
        -15,
        13
      ],
      [
        46,
        39
      ],
      [
        -7,
        -59
      ],
      [
        -24,
        7
      ]
    ],
    [
      [
        16823,
        74327
      ],
      [
        -23,
        -31
      ],
      [
        16,
        84
      ],
      [
        9,
        -28
      ],
      [
        -2,
        -25
      ]
    ],
    [
      [
        16751,
        73928
      ],
      [
        -3,
        46
      ],
      [
        5,
        2
      ],
      [
        36,
        -51
      ],
      [
        -38,
        3
      ]
    ],
    [
      [
        16704,
        76842
      ],
      [
        -3,
        0
      ]
    ],
    [
      [
        16701,
        76842
      ],
      [
        3,
        0
      ]
    ],
    [
      [
        16656,
        76821
      ],
      [
        4,
        3
      ],
      [
        21,
        -8
      ],
      [
        -20,
        -3
      ],
      [
        -5,
        8
      ]
    ],
    [
      [
        16159,
        77294
      ],
      [
        15,
        8
      ],
      [
        13,
        -19
      ],
      [
        -26,
        5
      ],
      [
        -2,
        6
      ]
    ],
    [
      [
        40583,
        71726
      ],
      [
        -431,
        1298
      ],
      [
        504,
        697
      ],
      [
        384,
        -207
      ]
    ],
    [
      [
        41040,
        73514
      ],
      [
        1396,
        -804
      ]
    ],
    [
      [
        42428,
        71790
      ],
      [
        108,
        111
      ]
    ],
    [
      [
        42535,
        71901
      ],
      [
        1,
        0
      ]
    ],
    [
      [
        42536,
        71901
      ],
      [
        -100,
        809
      ]
    ],
    [
      [
        40583,
        71726
      ],
      [
        956,
        -45
      ]
    ],
    [
      [
        41539,
        71680
      ],
      [
        0,
        1
      ]
    ],
    [
      [
        41539,
        71681
      ],
      [
        152,
        72
      ]
    ],
    [
      [
        36928,
        71183
      ],
      [
        179,
        -272
      ],
      [
        526,
        224
      ],
      [
        -208,
        171
      ],
      [
        -497,
        -123
      ]
    ],
    [
      [
        40583,
        71726
      ],
      [
        -1061,
        -382
      ]
    ],
    [
      [
        37128,
        71799
      ],
      [
        -375,
        -63
      ]
    ],
    [
      [
        36018,
        72024
      ],
      [
        -323,
        110
      ]
    ],
    [
      [
        31891,
        74230
      ],
      [
        3884,
        398
      ],
      [
        1576,
        566
      ],
      [
        -1023,
        2087
      ],
      [
        -1555,
        442
      ]
    ],
    [
      [
        36258,
        78262
      ],
      [
        855,
        -499
      ],
      [
        3876,
        -137
      ],
      [
        1367,
        -710
      ],
      [
        1161,
        270
      ],
      [
        1296,
        -313
      ],
      [
        951,
        -374
      ],
      [
        -103,
        -1056
      ]
    ],
    [
      [
        47163,
        74380
      ],
      [
        -879,
        130
      ],
      [
        -1018,
        -681
      ],
      [
        -2268,
        430
      ],
      [
        127,
        -436
      ]
    ],
    [
      [
        43126,
        73823
      ],
      [
        -1,
        0
      ]
    ],
    [
      [
        43125,
        73823
      ],
      [
        -1321,
        411
      ]
    ],
    [
      [
        41804,
        74234
      ],
      [
        -1,
        0
      ]
    ],
    [
      [
        41803,
        74234
      ],
      [
        1124,
        -1137
      ],
      [
        225,
        707
      ],
      [
        694,
        -57
      ],
      [
        -466,
        -889
      ],
      [
        -944,
        -148
      ]
    ],
    [
      [
        42436,
        72710
      ],
      [
        -1396,
        804
      ]
    ],
    [
      [
        41040,
        73514
      ],
      [
        -384,
        207
      ],
      [
        -504,
        -697
      ],
      [
        431,
        -1298
      ]
    ],
    [
      [
        41668,
        73465
      ],
      [
        193,
        295
      ],
      [
        -429,
        62
      ],
      [
        -161,
        -90
      ],
      [
        397,
        -267
      ]
    ],
    [
      [
        42631,
        70243
      ],
      [
        -1512,
        495
      ],
      [
        572,
        1015
      ]
    ],
    [
      [
        41691,
        71753
      ],
      [
        737,
        37
      ]
    ],
    [
      [
        42428,
        71790
      ],
      [
        1394,
        -793
      ]
    ],
    [
      [
        39522,
        71344
      ],
      [
        -1637,
        -503
      ],
      [
        -757,
        958
      ]
    ],
    [
      [
        37128,
        71799
      ],
      [
        153,
        90
      ]
    ],
    [
      [
        37281,
        71889
      ],
      [
        1366,
        96
      ],
      [
        875,
        -641
      ]
    ],
    [
      [
        37112,
        70912
      ],
      [
        -237,
        228
      ],
      [
        550,
        166
      ],
      [
        208,
        -171
      ],
      [
        -521,
        -223
      ]
    ],
    [
      [
        30323,
        70599
      ],
      [
        -1170,
        801
      ]
    ],
    [
      [
        29153,
        71400
      ],
      [
        -1654,
        996
      ],
      [
        660,
        534
      ]
    ],
    [
      [
        28159,
        72930
      ],
      [
        631,
        -156
      ],
      [
        1237,
        1572
      ],
      [
        1864,
        -116
      ]
    ],
    [
      [
        31891,
        74230
      ],
      [
        1332,
        -1782
      ],
      [
        1592,
        455
      ],
      [
        880,
        -769
      ]
    ],
    [
      [
        35695,
        72134
      ],
      [
        -703,
        -150
      ],
      [
        230,
        -639
      ],
      [
        796,
        679
      ]
    ],
    [
      [
        36018,
        72024
      ],
      [
        735,
        -288
      ]
    ],
    [
      [
        36753,
        71736
      ],
      [
        -461,
        -615
      ],
      [
        -959,
        -183
      ],
      [
        284,
        -561
      ],
      [
        1098,
        23
      ],
      [
        -208,
        -375
      ],
      [
        923,
        -49
      ],
      [
        60,
        -335
      ]
    ],
    [
      [
        36843,
        69205
      ],
      [
        -374,
        -129
      ]
    ],
    [
      [
        36520,
        68248
      ],
      [
        -1315,
        93
      ],
      [
        -156,
        -658
      ]
    ],
    [
      [
        51981,
        76295
      ],
      [
        -1778,
        2073
      ],
      [
        1707,
        1318
      ]
    ],
    [
      [
        36258,
        78262
      ],
      [
        -1485,
        -539
      ]
    ],
    [
      [
        34773,
        77723
      ],
      [
        -7028,
        -225
      ],
      [
        863,
        2444
      ],
      [
        1063,
        244
      ],
      [
        -111,
        2218
      ]
    ],
    [
      [
        37538,
        81725
      ],
      [
        -1,
        -636
      ]
    ],
    [
      [
        37537,
        81089
      ],
      [
        -1,
        0
      ]
    ],
    [
      [
        37536,
        81089
      ],
      [
        888,
        5
      ],
      [
        367,
        -1522
      ],
      [
        -2533,
        -1310
      ]
    ],
    [
      [
        51910,
        79686
      ],
      [
        -743,
        258
      ]
    ],
    [
      [
        46550,
        90327
      ],
      [
        238,
        173
      ]
    ],
    [
      [
        46788,
        90500
      ],
      [
        8016,
        -4287
      ],
      [
        2812,
        -3972
      ],
      [
        3803,
        -3811
      ]
    ],
    [
      [
        54463,
        77564
      ],
      [
        -1110,
        631
      ],
      [
        972,
        638
      ],
      [
        -2415,
        853
      ]
    ],
    [
      [
        37538,
        81725
      ],
      [
        -91,
        206
      ]
    ],
    [
      [
        37447,
        81931
      ],
      [
        -105,
        1269
      ],
      [
        -2750,
        977
      ]
    ],
    [
      [
        46222,
        89700
      ],
      [
        2811,
        -1134
      ],
      [
        665,
        -813
      ],
      [
        1784,
        -106
      ],
      [
        478,
        -456
      ],
      [
        -2086,
        -2858
      ],
      [
        842,
        -685
      ]
    ],
    [
      [
        50715,
        83648
      ],
      [
        1,
        0
      ]
    ],
    [
      [
        50716,
        83648
      ],
      [
        26,
        -1703
      ],
      [
        -949,
        26
      ],
      [
        -71,
        -381
      ],
      [
        529,
        -290
      ],
      [
        2017,
        197
      ],
      [
        -1101,
        -1553
      ]
    ],
    [
      [
        51167,
        79944
      ],
      [
        -2026,
        -414
      ],
      [
        600,
        1142
      ],
      [
        -1729,
        89
      ],
      [
        -534,
        1069
      ],
      [
        -2424,
        165
      ],
      [
        139,
        -359
      ],
      [
        -2974,
        -942
      ],
      [
        -858,
        986
      ],
      [
        -3823,
        45
      ]
    ],
    [
      [
        29560,
        82404
      ],
      [
        -927,
        866
      ],
      [
        -157,
        1565
      ]
    ],
    [
      [
        37614,
        86572
      ],
      [
        -805,
        -1388
      ],
      [
        -2217,
        -1007
      ]
    ],
    [
      [
        34592,
        84177
      ],
      [
        -556,
        -2457
      ],
      [
        -770,
        -512
      ],
      [
        -1780,
        912
      ],
      [
        -1926,
        284
      ]
    ],
    [
      [
        28476,
        84835
      ],
      [
        -447,
        -186
      ]
    ],
    [
      [
        33207,
        90449
      ],
      [
        1419,
        -38
      ],
      [
        145,
        474
      ],
      [
        389,
        -294
      ],
      [
        1837,
        525
      ],
      [
        -178,
        877
      ]
    ],
    [
      [
        40408,
        92025
      ],
      [
        6142,
        -1698
      ]
    ],
    [
      [
        46550,
        90327
      ],
      [
        -328,
        -627
      ]
    ],
    [
      [
        46222,
        89700
      ],
      [
        -1019,
        -483
      ],
      [
        -7,
        -1174
      ],
      [
        -2265,
        1084
      ],
      [
        -657,
        -1493
      ],
      [
        -4604,
        -176
      ],
      [
        -56,
        -886
      ]
    ],
    [
      [
        37614,
        86572
      ],
      [
        -7016,
        -126
      ],
      [
        -1175,
        -739
      ],
      [
        166,
        -991
      ],
      [
        -1113,
        119
      ]
    ],
    [
      [
        36830,
        91132
      ],
      [
        26,
        -2
      ],
      [
        -72,
        1
      ],
      [
        26,
        3
      ],
      [
        20,
        -2
      ]
    ],
    [
      [
        36776,
        91125
      ],
      [
        -62,
        -10
      ],
      [
        -102,
        6
      ],
      [
        142,
        9
      ],
      [
        22,
        -5
      ]
    ],
    [
      [
        36706,
        91091
      ],
      [
        63,
        3
      ],
      [
        -73,
        -15
      ],
      [
        -55,
        15
      ],
      [
        65,
        -3
      ]
    ],
    [
      [
        36632,
        91093
      ],
      [
        -32,
        -27
      ],
      [
        -24,
        9
      ],
      [
        15,
        20
      ],
      [
        41,
        -2
      ]
    ],
    [
      [
        36554,
        91149
      ],
      [
        73,
        -45
      ],
      [
        -106,
        -21
      ],
      [
        5,
        63
      ],
      [
        28,
        3
      ]
    ],
    [
      [
        36475,
        91028
      ],
      [
        -21,
        -5
      ],
      [
        -28,
        18
      ],
      [
        32,
        5
      ],
      [
        17,
        -18
      ]
    ],
    [
      [
        36456,
        91138
      ],
      [
        -37,
        -3
      ],
      [
        -24,
        -11
      ],
      [
        29,
        15
      ],
      [
        45,
        1
      ],
      [
        -13,
        -2
      ]
    ],
    [
      [
        36418,
        91113
      ],
      [
        16,
        -11
      ],
      [
        -50,
        10
      ],
      [
        27,
        -4
      ],
      [
        7,
        5
      ]
    ],
    [
      [
        36417,
        91035
      ],
      [
        -35,
        -30
      ],
      [
        -26,
        13
      ],
      [
        43,
        45
      ],
      [
        18,
        -28
      ]
    ],
    [
      [
        36369,
        91059
      ],
      [
        -45,
        3
      ],
      [
        35,
        -30
      ],
      [
        -108,
        -36
      ],
      [
        44,
        61
      ],
      [
        65,
        22
      ],
      [
        9,
        -20
      ]
    ],
    [
      [
        36366,
        91006
      ],
      [
        -67,
        -17
      ],
      [
        -25,
        -25
      ],
      [
        9,
        19
      ],
      [
        39,
        22
      ],
      [
        44,
        1
      ]
    ],
    [
      [
        36355,
        90984
      ],
      [
        -24,
        1
      ],
      [
        21,
        21
      ],
      [
        19,
        -4
      ],
      [
        -16,
        -18
      ]
    ],
    [
      [
        36310,
        90965
      ],
      [
        -3,
        9
      ],
      [
        28,
        7
      ],
      [
        -13,
        -18
      ],
      [
        -12,
        2
      ]
    ],
    [
      [
        36276,
        91076
      ],
      [
        -80,
        -22
      ],
      [
        -53,
        -95
      ],
      [
        41,
        98
      ],
      [
        92,
        19
      ]
    ],
    [
      [
        36224,
        90956
      ],
      [
        -44,
        3
      ],
      [
        -124,
        -53
      ],
      [
        135,
        64
      ],
      [
        33,
        -14
      ]
    ],
    [
      [
        36022,
        90900
      ],
      [
        13,
        -5
      ],
      [
        -25,
        -17
      ],
      [
        -4,
        10
      ],
      [
        16,
        12
      ]
    ],
    [
      [
        35996,
        90888
      ],
      [
        -31,
        -22
      ],
      [
        -11,
        1
      ],
      [
        39,
        23
      ],
      [
        18,
        4
      ],
      [
        -15,
        -6
      ]
    ],
    [
      [
        35981,
        90874
      ],
      [
        9,
        -3
      ],
      [
        11,
        1
      ],
      [
        -26,
        -5
      ],
      [
        6,
        7
      ]
    ],
    [
      [
        35770,
        90807
      ],
      [
        153,
        45
      ],
      [
        28,
        -3
      ],
      [
        -129,
        -47
      ],
      [
        -143,
        -15
      ],
      [
        91,
        20
      ]
    ],
    [
      [
        35660,
        90781
      ],
      [
        16,
        -13
      ],
      [
        -58,
        3
      ],
      [
        23,
        13
      ],
      [
        19,
        -3
      ]
    ],
    [
      [
        35623,
        90766
      ],
      [
        16,
        -11
      ],
      [
        -21,
        -14
      ],
      [
        -30,
        24
      ],
      [
        35,
        1
      ]
    ],
    [
      [
        35287,
        90690
      ],
      [
        -12,
        -17
      ],
      [
        -14,
        30
      ],
      [
        16,
        1
      ],
      [
        10,
        -14
      ]
    ],
    [
      [
        35271,
        90718
      ],
      [
        6,
        1
      ],
      [
        2,
        -3
      ],
      [
        -6,
        -1
      ],
      [
        -2,
        3
      ]
    ],
    [
      [
        35259,
        90714
      ],
      [
        -13,
        -2
      ],
      [
        -11,
        7
      ],
      [
        20,
        3
      ],
      [
        4,
        -8
      ]
    ],
    [
      [
        35229,
        90698
      ],
      [
        8,
        8
      ],
      [
        8,
        -1
      ],
      [
        -10,
        -8
      ],
      [
        -6,
        1
      ]
    ],
    [
      [
        35223,
        90714
      ],
      [
        1,
        3
      ],
      [
        3,
        0
      ],
      [
        1,
        -5
      ],
      [
        -5,
        2
      ]
    ],
    [
      [
        35216,
        90700
      ],
      [
        4,
        6
      ],
      [
        6,
        0
      ],
      [
        -2,
        -7
      ],
      [
        -8,
        1
      ]
    ],
    [
      [
        35201,
        90707
      ],
      [
        -12,
        4
      ],
      [
        0,
        3
      ],
      [
        20,
        -8
      ],
      [
        -8,
        1
      ]
    ],
    [
      [
        35168,
        90658
      ],
      [
        1,
        5
      ],
      [
        24,
        5
      ],
      [
        -15,
        -10
      ],
      [
        -10,
        0
      ]
    ],
    [
      [
        34681,
        90762
      ],
      [
        -7,
        8
      ],
      [
        38,
        -18
      ],
      [
        -21,
        6
      ],
      [
        -10,
        4
      ]
    ],
    [
      [
        34614,
        90606
      ],
      [
        -5,
        9
      ],
      [
        11,
        4
      ],
      [
        5,
        -15
      ],
      [
        -11,
        2
      ]
    ],
    [
      [
        34604,
        90497
      ],
      [
        3,
        2
      ],
      [
        -6,
        -5
      ],
      [
        0,
        1
      ],
      [
        3,
        2
      ]
    ],
    [
      [
        34596,
        90503
      ],
      [
        2,
        4
      ],
      [
        7,
        -1
      ],
      [
        -7,
        -6
      ],
      [
        -2,
        3
      ]
    ],
    [
      [
        34590,
        90612
      ],
      [
        2,
        5
      ],
      [
        8,
        -1
      ],
      [
        -3,
        -8
      ],
      [
        -7,
        4
      ]
    ],
    [
      [
        34591,
        90625
      ],
      [
        5,
        1
      ],
      [
        -4,
        -6
      ],
      [
        -2,
        1
      ],
      [
        1,
        4
      ]
    ],
    [
      [
        34586,
        90603
      ],
      [
        6,
        1
      ],
      [
        -3,
        -6
      ],
      [
        -3,
        2
      ],
      [
        0,
        3
      ]
    ],
    [
      [
        34574,
        90617
      ],
      [
        3,
        3
      ],
      [
        3,
        0
      ],
      [
        0,
        -6
      ],
      [
        -6,
        3
      ]
    ],
    [
      [
        34570,
        90604
      ],
      [
        2,
        -1
      ],
      [
        -6,
        -3
      ],
      [
        0,
        1
      ],
      [
        4,
        3
      ]
    ],
    [
      [
        34558,
        90611
      ],
      [
        3,
        2
      ],
      [
        4,
        -3
      ],
      [
        -7,
        -1
      ],
      [
        0,
        2
      ]
    ],
    [
      [
        34543,
        90610
      ],
      [
        4,
        1
      ],
      [
        -2,
        -4
      ],
      [
        -2,
        2
      ],
      [
        0,
        1
      ]
    ],
    [
      [
        34318,
        90649
      ],
      [
        108,
        -22
      ],
      [
        79,
        9
      ],
      [
        -67,
        -27
      ],
      [
        -201,
        21
      ],
      [
        81,
        19
      ]
    ],
    [
      [
        34372,
        90409
      ],
      [
        -4,
        2
      ],
      [
        6,
        4
      ],
      [
        7,
        -7
      ],
      [
        -9,
        1
      ]
    ],
    [
      [
        34253,
        90657
      ],
      [
        -19,
        -26
      ],
      [
        -22,
        7
      ],
      [
        0,
        28
      ],
      [
        41,
        -9
      ]
    ],
    [
      [
        34176,
        90668
      ],
      [
        31,
        -4
      ],
      [
        -1,
        -14
      ],
      [
        -65,
        17
      ],
      [
        35,
        1
      ]
    ],
    [
      [
        33240,
        91135
      ],
      [
        148,
        -129
      ],
      [
        641,
        -278
      ],
      [
        106,
        -49
      ],
      [
        3,
        -13
      ],
      [
        -555,
        75
      ],
      [
        -343,
        394
      ]
    ],
    [
      [
        33417,
        90970
      ],
      [
        -20,
        19
      ],
      [
        -49,
        26
      ],
      [
        56,
        -52
      ],
      [
        13,
        7
      ]
    ],
    [
      [
        33871,
        90637
      ],
      [
        23,
        -84
      ],
      [
        -335,
        63
      ],
      [
        241,
        71
      ],
      [
        71,
        -50
      ]
    ],
    [
      [
        33651,
        90733
      ],
      [
        177,
        0
      ],
      [
        29,
        -18
      ],
      [
        -256,
        16
      ],
      [
        50,
        2
      ]
    ],
    [
      [
        33851,
        90781
      ],
      [
        -4,
        -6
      ],
      [
        -35,
        9
      ],
      [
        29,
        3
      ],
      [
        10,
        -6
      ]
    ],
    [
      [
        33530,
        90723
      ],
      [
        25,
        -1
      ],
      [
        -26,
        -5
      ],
      [
        -5,
        2
      ],
      [
        -2,
        4
      ],
      [
        8,
        8
      ],
      [
        28,
        7
      ],
      [
        -28,
        -15
      ]
    ],
    [
      [
        33531,
        90882
      ],
      [
        7,
        8
      ],
      [
        15,
        -14
      ],
      [
        -19,
        -2
      ],
      [
        -3,
        8
      ]
    ],
    [
      [
        33483,
        90640
      ],
      [
        42,
        -5
      ],
      [
        -53,
        -7
      ],
      [
        -136,
        0
      ],
      [
        147,
        12
      ]
    ],
    [
      [
        33420,
        90675
      ],
      [
        -36,
        -14
      ],
      [
        -66,
        -8
      ],
      [
        143,
        44
      ],
      [
        -41,
        -22
      ]
    ],
    [
      [
        33293,
        90659
      ],
      [
        -40,
        13
      ],
      [
        16,
        21
      ],
      [
        47,
        -24
      ],
      [
        -23,
        -10
      ]
    ],
    [
      [
        33265,
        90608
      ],
      [
        -7,
        8
      ],
      [
        43,
        6
      ],
      [
        -19,
        -10
      ],
      [
        -17,
        -4
      ]
    ],
    [
      [
        33102,
        90763
      ],
      [
        105,
        -26
      ],
      [
        37,
        -25
      ],
      [
        -23,
        -49
      ],
      [
        -119,
        100
      ]
    ],
    [
      [
        33202,
        91100
      ],
      [
        36,
        -2
      ],
      [
        11,
        -33
      ],
      [
        -40,
        9
      ],
      [
        -7,
        26
      ]
    ],
    [
      [
        33189,
        90575
      ],
      [
        -14,
        1
      ],
      [
        25,
        5
      ],
      [
        1,
        -2
      ],
      [
        -12,
        -4
      ]
    ],
    [
      [
        33087,
        90593
      ],
      [
        27,
        -12
      ],
      [
        57,
        7
      ],
      [
        -53,
        -11
      ],
      [
        -31,
        16
      ]
    ],
    [
      [
        33097,
        90618
      ],
      [
        -24,
        -1
      ],
      [
        15,
        21
      ],
      [
        -7,
        -14
      ],
      [
        16,
        -6
      ]
    ],
    [
      [
        33095,
        90649
      ],
      [
        -22,
        -6
      ],
      [
        -11,
        4
      ],
      [
        17,
        11
      ],
      [
        16,
        -9
      ]
    ],
    [
      [
        33065,
        90661
      ],
      [
        -3,
        9
      ],
      [
        17,
        14
      ],
      [
        7,
        -20
      ],
      [
        -21,
        -3
      ]
    ],
    [
      [
        33052,
        90599
      ],
      [
        18,
        5
      ],
      [
        3,
        -1
      ],
      [
        -29,
        -7
      ],
      [
        -26,
        0
      ],
      [
        -12,
        7
      ],
      [
        46,
        -4
      ]
    ],
    [
      [
        33048,
        90705
      ],
      [
        -1,
        -49
      ],
      [
        -102,
        0
      ],
      [
        7,
        44
      ],
      [
        96,
        5
      ]
    ],
    [
      [
        32984,
        90589
      ],
      [
        -18,
        -1
      ],
      [
        -8,
        8
      ],
      [
        4,
        2
      ],
      [
        22,
        -9
      ]
    ],
    [
      [
        32893,
        90596
      ],
      [
        52,
        49
      ],
      [
        14,
        2
      ],
      [
        -34,
        -36
      ],
      [
        -32,
        -15
      ]
    ],
    [
      [
        32932,
        90729
      ],
      [
        8,
        9
      ],
      [
        17,
        -13
      ],
      [
        -8,
        -2
      ],
      [
        -17,
        6
      ]
    ],
    [
      [
        32916,
        90711
      ],
      [
        1,
        8
      ],
      [
        33,
        2
      ],
      [
        -19,
        -10
      ],
      [
        -15,
        0
      ]
    ],
    [
      [
        32917,
        90728
      ],
      [
        -10,
        4
      ],
      [
        10,
        9
      ],
      [
        11,
        -15
      ],
      [
        -11,
        2
      ]
    ],
    [
      [
        31531,
        94707
      ],
      [
        1520,
        1573
      ]
    ],
    [
      [
        33051,
        96280
      ],
      [
        6020,
        -2724
      ],
      [
        345,
        -1342
      ],
      [
        992,
        -189
      ]
    ],
    [
      [
        40408,
        92025
      ],
      [
        -3589,
        -32
      ]
    ],
    [
      [
        36819,
        91993
      ],
      [
        -5548,
        2454
      ],
      [
        260,
        260
      ]
    ],
    [
      [
        35534,
        92650
      ],
      [
        10,
        11
      ],
      [
        15,
        6
      ],
      [
        62,
        -25
      ],
      [
        -87,
        8
      ]
    ],
    [
      [
        35306,
        92823
      ],
      [
        254,
        -122
      ],
      [
        11,
        -17
      ],
      [
        -354,
        139
      ],
      [
        89,
        0
      ]
    ],
    [
      [
        35182,
        92833
      ],
      [
        4,
        1
      ],
      [
        5,
        -7
      ],
      [
        -10,
        2
      ],
      [
        1,
        4
      ]
    ],
    [
      [
        35141,
        92851
      ],
      [
        -37,
        17
      ],
      [
        0,
        4
      ],
      [
        52,
        -28
      ],
      [
        -15,
        7
      ]
    ],
    [
      [
        33332,
        93711
      ],
      [
        1,
        -13
      ],
      [
        -73,
        19
      ],
      [
        62,
        5
      ],
      [
        10,
        -11
      ]
    ],
    [
      [
        33220,
        93732
      ],
      [
        12,
        2
      ],
      [
        10,
        -9
      ],
      [
        -21,
        -2
      ],
      [
        -1,
        9
      ]
    ],
    [
      [
        33120,
        93754
      ],
      [
        27,
        -5
      ],
      [
        3,
        -8
      ],
      [
        -12,
        -2
      ],
      [
        -18,
        15
      ]
    ],
    [
      [
        33106,
        93719
      ],
      [
        -56,
        20
      ],
      [
        -1,
        5
      ],
      [
        48,
        0
      ],
      [
        9,
        -25
      ]
    ],
    [
      [
        33073,
        93747
      ],
      [
        -14,
        24
      ],
      [
        -97,
        6
      ],
      [
        149,
        3
      ],
      [
        -38,
        -33
      ]
    ],
    [
      [
        25374,
        84183
      ],
      [
        -371,
        1623
      ],
      [
        514,
        626
      ],
      [
        -2499,
        800
      ],
      [
        -405,
        1531
      ],
      [
        3974,
        1194
      ],
      [
        1634,
        1253
      ],
      [
        -2206,
        1536
      ],
      [
        -3482,
        1332
      ],
      [
        362,
        316
      ],
      [
        4660,
        -1729
      ],
      [
        1124,
        234
      ],
      [
        -9,
        -388
      ],
      [
        2891,
        -610
      ],
      [
        854,
        -454
      ],
      [
        -1537,
        268
      ],
      [
        24,
        -261
      ],
      [
        1235,
        -522
      ],
      [
        -1144,
        -34
      ],
      [
        -50,
        -141
      ],
      [
        2264,
        -308
      ]
    ],
    [
      [
        33207,
        90449
      ],
      [
        -301,
        -1588
      ],
      [
        -1611,
        -478
      ]
    ],
    [
      [
        31295,
        88384
      ],
      [
        0,
        -1
      ]
    ],
    [
      [
        31295,
        88383
      ],
      [
        -2157,
        11
      ],
      [
        -234,
        -1076
      ],
      [
        -1162,
        -1101
      ],
      [
        287,
        -1568
      ]
    ],
    [
      [
        28029,
        84649
      ],
      [
        -2655,
        -466
      ]
    ],
    [
      [
        32870,
        90569
      ],
      [
        -12,
        -26
      ],
      [
        41,
        25
      ],
      [
        72,
        -50
      ],
      [
        -121,
        20
      ],
      [
        20,
        31
      ]
    ],
    [
      [
        32843,
        90725
      ],
      [
        -33,
        5
      ],
      [
        60,
        29
      ],
      [
        -4,
        -43
      ],
      [
        -23,
        9
      ]
    ],
    [
      [
        32665,
        90856
      ],
      [
        131,
        -27
      ],
      [
        14,
        -86
      ],
      [
        -183,
        43
      ],
      [
        38,
        70
      ]
    ],
    [
      [
        32762,
        90565
      ],
      [
        -133,
        -46
      ],
      [
        -103,
        214
      ],
      [
        265,
        -35
      ],
      [
        -29,
        -133
      ]
    ],
    [
      [
        32769,
        90537
      ],
      [
        10,
        2
      ],
      [
        11,
        -2
      ],
      [
        -9,
        -2
      ],
      [
        -12,
        2
      ]
    ],
    [
      [
        32700,
        90526
      ],
      [
        14,
        27
      ],
      [
        47,
        -15
      ],
      [
        -23,
        -3
      ],
      [
        -38,
        -9
      ]
    ],
    [
      [
        32735,
        90659
      ],
      [
        0,
        3
      ],
      [
        11,
        6
      ],
      [
        -7,
        -14
      ],
      [
        -4,
        5
      ]
    ],
    [
      [
        32647,
        90729
      ],
      [
        11,
        -2
      ],
      [
        6,
        -8
      ],
      [
        -19,
        3
      ],
      [
        2,
        7
      ]
    ],
    [
      [
        32628,
        90505
      ],
      [
        -25,
        -15
      ],
      [
        -3,
        0
      ],
      [
        3,
        20
      ],
      [
        25,
        -5
      ]
    ],
    [
      [
        32590,
        90603
      ],
      [
        3,
        -61
      ],
      [
        9,
        -14
      ],
      [
        -50,
        40
      ],
      [
        38,
        35
      ]
    ],
    [
      [
        32562,
        90529
      ],
      [
        -106,
        43
      ],
      [
        -15,
        13
      ],
      [
        5,
        7
      ],
      [
        116,
        -63
      ]
    ],
    [
      [
        32536,
        90616
      ],
      [
        10,
        5
      ],
      [
        5,
        -20
      ],
      [
        -12,
        7
      ],
      [
        -3,
        8
      ]
    ],
    [
      [
        32543,
        90637
      ],
      [
        2,
        -4
      ],
      [
        0,
        -8
      ],
      [
        -14,
        7
      ],
      [
        12,
        5
      ]
    ],
    [
      [
        32512,
        91457
      ],
      [
        31,
        12
      ],
      [
        -364,
        -183
      ],
      [
        -576,
        149
      ],
      [
        909,
        22
      ]
    ],
    [
      [
        32520,
        90735
      ],
      [
        -26,
        -30
      ],
      [
        -5,
        1
      ],
      [
        10,
        29
      ],
      [
        21,
        0
      ]
    ],
    [
      [
        32319,
        90893
      ],
      [
        -83,
        5
      ],
      [
        -7,
        13
      ],
      [
        284,
        13
      ],
      [
        -194,
        -31
      ]
    ],
    [
      [
        32494,
        90641
      ],
      [
        16,
        5
      ],
      [
        -1,
        -13
      ],
      [
        -7,
        0
      ],
      [
        -8,
        8
      ]
    ],
    [
      [
        32455,
        90685
      ],
      [
        26,
        -8
      ],
      [
        -53,
        -81
      ],
      [
        -38,
        62
      ],
      [
        65,
        27
      ]
    ],
    [
      [
        32339,
        90971
      ],
      [
        11,
        -19
      ],
      [
        -84,
        34
      ],
      [
        50,
        -2
      ],
      [
        23,
        -13
      ]
    ],
    [
      [
        32328,
        90508
      ],
      [
        -44,
        1
      ],
      [
        -22,
        10
      ],
      [
        83,
        -1
      ],
      [
        -17,
        -10
      ]
    ],
    [
      [
        32243,
        90541
      ],
      [
        -16,
        1
      ],
      [
        2,
        7
      ],
      [
        22,
        -3
      ],
      [
        -8,
        -5
      ]
    ],
    [
      [
        32191,
        90584
      ],
      [
        -46,
        25
      ],
      [
        7,
        33
      ],
      [
        28,
        32
      ],
      [
        18,
        10
      ],
      [
        -7,
        -100
      ]
    ],
    [
      [
        32166,
        90614
      ],
      [
        -15,
        -3
      ],
      [
        4,
        -29
      ],
      [
        53,
        17
      ],
      [
        -42,
        15
      ]
    ],
    [
      [
        32157,
        90977
      ],
      [
        -21,
        7
      ],
      [
        -3,
        6
      ],
      [
        17,
        0
      ],
      [
        7,
        -13
      ]
    ],
    [
      [
        32126,
        90871
      ],
      [
        -53,
        -11
      ],
      [
        -22,
        25
      ],
      [
        61,
        -7
      ],
      [
        14,
        -7
      ]
    ],
    [
      [
        32111,
        91380
      ],
      [
        1,
        -7
      ],
      [
        -6,
        -1
      ],
      [
        3,
        8
      ],
      [
        2,
        0
      ]
    ],
    [
      [
        32018,
        90686
      ],
      [
        49,
        -15
      ],
      [
        5,
        -3
      ],
      [
        -84,
        24
      ],
      [
        30,
        -6
      ]
    ],
    [
      [
        32054,
        90707
      ],
      [
        17,
        -15
      ],
      [
        -7,
        -10
      ],
      [
        -28,
        36
      ],
      [
        18,
        -11
      ]
    ],
    [
      [
        31966,
        90758
      ],
      [
        67,
        31
      ],
      [
        12,
        -5
      ],
      [
        -49,
        -23
      ],
      [
        -30,
        -3
      ]
    ],
    [
      [
        31980,
        90721
      ],
      [
        4,
        19
      ],
      [
        27,
        9
      ],
      [
        8,
        -27
      ],
      [
        -39,
        -1
      ]
    ],
    [
      [
        31954,
        90782
      ],
      [
        -61,
        24
      ],
      [
        4,
        11
      ],
      [
        105,
        -12
      ],
      [
        -48,
        -23
      ]
    ],
    [
      [
        31919,
        90734
      ],
      [
        15,
        41
      ],
      [
        13,
        -1
      ],
      [
        8,
        -38
      ],
      [
        -36,
        -2
      ]
    ],
    [
      [
        31925,
        90740
      ],
      [
        -7,
        -2
      ],
      [
        9,
        10
      ],
      [
        1,
        -1
      ],
      [
        -3,
        -7
      ]
    ],
    [
      [
        31790,
        90796
      ],
      [
        97,
        -61
      ],
      [
        -122,
        -28
      ],
      [
        -143,
        63
      ],
      [
        168,
        26
      ]
    ],
    [
      [
        31847,
        90687
      ],
      [
        -71,
        3
      ],
      [
        -40,
        14
      ],
      [
        126,
        -6
      ],
      [
        -15,
        -11
      ]
    ],
    [
      [
        31781,
        90930
      ],
      [
        2,
        22
      ],
      [
        7,
        4
      ],
      [
        14,
        -13
      ],
      [
        -23,
        -13
      ]
    ],
    [
      [
        31681,
        91213
      ],
      [
        31,
        -19
      ],
      [
        -39,
        -9
      ],
      [
        -9,
        26
      ],
      [
        17,
        2
      ]
    ],
    [
      [
        31663,
        91168
      ],
      [
        45,
        -26
      ],
      [
        -70,
        -16
      ],
      [
        0,
        11
      ],
      [
        25,
        31
      ]
    ],
    [
      [
        31639,
        91144
      ],
      [
        -19,
        -14
      ],
      [
        -7,
        1
      ],
      [
        0,
        21
      ],
      [
        26,
        -8
      ]
    ],
    [
      [
        31556,
        90650
      ],
      [
        3,
        -29
      ],
      [
        -44,
        -9
      ],
      [
        -175,
        88
      ],
      [
        108,
        96
      ],
      [
        108,
        -146
      ]
    ],
    [
      [
        31506,
        91444
      ],
      [
        34,
        6
      ],
      [
        48,
        -27
      ],
      [
        -125,
        -4
      ],
      [
        43,
        25
      ]
    ],
    [
      [
        31569,
        91506
      ],
      [
        -9,
        -4
      ],
      [
        -11,
        1
      ],
      [
        16,
        7
      ],
      [
        4,
        -4
      ]
    ],
    [
      [
        31524,
        91236
      ],
      [
        3,
        -15
      ],
      [
        -26,
        -10
      ],
      [
        10,
        23
      ],
      [
        13,
        2
      ]
    ],
    [
      [
        31489,
        91503
      ],
      [
        -8,
        0
      ],
      [
        -1,
        1
      ],
      [
        7,
        2
      ],
      [
        2,
        -3
      ]
    ],
    [
      [
        31443,
        91515
      ],
      [
        25,
        5
      ],
      [
        5,
        -4
      ],
      [
        -22,
        -6
      ],
      [
        -8,
        5
      ]
    ],
    [
      [
        31453,
        91442
      ],
      [
        0,
        2
      ],
      [
        13,
        4
      ],
      [
        -1,
        -4
      ],
      [
        -12,
        -2
      ]
    ],
    [
      [
        31446,
        91421
      ],
      [
        -12,
        -1
      ],
      [
        -4,
        5
      ],
      [
        24,
        5
      ],
      [
        -8,
        -9
      ]
    ],
    [
      [
        31439,
        91247
      ],
      [
        10,
        -6
      ],
      [
        -34,
        -11
      ],
      [
        5,
        12
      ],
      [
        19,
        5
      ]
    ],
    [
      [
        31368,
        91494
      ],
      [
        26,
        15
      ],
      [
        42,
        5
      ],
      [
        -22,
        -26
      ],
      [
        -46,
        6
      ]
    ],
    [
      [
        31423,
        91481
      ],
      [
        -19,
        -12
      ],
      [
        -15,
        2
      ],
      [
        8,
        12
      ],
      [
        26,
        -2
      ]
    ],
    [
      [
        31414,
        91414
      ],
      [
        -14,
        -1
      ],
      [
        -3,
        2
      ],
      [
        20,
        4
      ],
      [
        -3,
        -5
      ]
    ],
    [
      [
        31349,
        90833
      ],
      [
        0,
        11
      ],
      [
        24,
        1
      ],
      [
        -2,
        -8
      ],
      [
        -22,
        -4
      ]
    ],
    [
      [
        31366,
        90809
      ],
      [
        -34,
        -7
      ],
      [
        -30,
        3
      ],
      [
        68,
        10
      ],
      [
        -4,
        -6
      ]
    ],
    [
      [
        31181,
        91341
      ],
      [
        -77,
        89
      ],
      [
        248,
        -22
      ],
      [
        -148,
        -27
      ],
      [
        -23,
        -40
      ]
    ],
    [
      [
        31333,
        90824
      ],
      [
        3,
        8
      ],
      [
        -18,
        -19
      ],
      [
        7,
        6
      ],
      [
        8,
        5
      ]
    ],
    [
      [
        31313,
        91350
      ],
      [
        12,
        2
      ],
      [
        0,
        -26
      ],
      [
        -48,
        -8
      ],
      [
        36,
        32
      ]
    ],
    [
      [
        31302,
        90827
      ],
      [
        -11,
        -6
      ],
      [
        -10,
        2
      ],
      [
        25,
        8
      ],
      [
        -4,
        -4
      ]
    ],
    [
      [
        31270,
        91523
      ],
      [
        5,
        11
      ],
      [
        9,
        2
      ],
      [
        -12,
        -20
      ],
      [
        -2,
        7
      ]
    ],
    [
      [
        31268,
        91335
      ],
      [
        5,
        -11
      ],
      [
        -30,
        -3
      ],
      [
        -7,
        12
      ],
      [
        32,
        2
      ]
    ],
    [
      [
        31245,
        91509
      ],
      [
        -9,
        4
      ],
      [
        26,
        14
      ],
      [
        -1,
        -12
      ],
      [
        -16,
        -6
      ]
    ],
    [
      [
        31254,
        91298
      ],
      [
        -17,
        -2
      ],
      [
        -10,
        7
      ],
      [
        29,
        10
      ],
      [
        -2,
        -15
      ]
    ],
    [
      [
        31246,
        90822
      ],
      [
        -76,
        21
      ],
      [
        -57,
        22
      ],
      [
        143,
        -40
      ],
      [
        -10,
        -3
      ]
    ],
    [
      [
        31169,
        91314
      ],
      [
        30,
        8
      ],
      [
        45,
        -5
      ],
      [
        -52,
        -11
      ],
      [
        -23,
        8
      ]
    ],
    [
      [
        31136,
        91325
      ],
      [
        15,
        6
      ],
      [
        14,
        -3
      ],
      [
        -19,
        -8
      ],
      [
        -10,
        5
      ]
    ],
    [
      [
        31098,
        90800
      ],
      [
        -7,
        7
      ],
      [
        1,
        6
      ],
      [
        14,
        -7
      ],
      [
        -8,
        -6
      ]
    ],
    [
      [
        31042,
        91488
      ],
      [
        28,
        8
      ],
      [
        23,
        -40
      ],
      [
        -39,
        8
      ],
      [
        -12,
        24
      ]
    ],
    [
      [
        29883,
        92446
      ],
      [
        65,
        1
      ],
      [
        31,
        -27
      ],
      [
        -28,
        -13
      ],
      [
        -68,
        39
      ]
    ],
    [
      [
        29844,
        92496
      ],
      [
        -4,
        10
      ],
      [
        42,
        -27
      ],
      [
        -40,
        3
      ],
      [
        2,
        14
      ]
    ],
    [
      [
        29727,
        92547
      ],
      [
        90,
        -33
      ],
      [
        -6,
        -24
      ],
      [
        -181,
        41
      ],
      [
        97,
        16
      ]
    ],
    [
      [
        29614,
        92560
      ],
      [
        14,
        -2
      ],
      [
        -25,
        -28
      ],
      [
        -8,
        22
      ],
      [
        19,
        8
      ]
    ],
    [
      [
        29198,
        92486
      ],
      [
        41,
        -6
      ],
      [
        99,
        -127
      ],
      [
        -365,
        138
      ],
      [
        225,
        -5
      ]
    ],
    [
      [
        28946,
        92498
      ],
      [
        -30,
        16
      ],
      [
        25,
        15
      ],
      [
        19,
        -17
      ],
      [
        -14,
        -14
      ]
    ],
    [
      [
        28901,
        92631
      ],
      [
        -17,
        -70
      ],
      [
        -19,
        -10
      ],
      [
        -88,
        77
      ],
      [
        124,
        3
      ]
    ],
    [
      [
        28594,
        92708
      ],
      [
        9,
        -3
      ],
      [
        -4,
        -5
      ],
      [
        -9,
        4
      ],
      [
        4,
        4
      ]
    ],
    [
      [
        26978,
        90254
      ],
      [
        3,
        29
      ],
      [
        52,
        -40
      ],
      [
        -14,
        0
      ],
      [
        -41,
        11
      ]
    ],
    [
      [
        27008,
        90398
      ],
      [
        -2,
        -5
      ],
      [
        -9,
        -6
      ],
      [
        0,
        14
      ],
      [
        11,
        -3
      ]
    ],
    [
      [
        26992,
        90366
      ],
      [
        -1,
        2
      ],
      [
        10,
        4
      ],
      [
        -4,
        -6
      ],
      [
        -5,
        0
      ]
    ],
    [
      [
        26978,
        90224
      ],
      [
        -15,
        15
      ],
      [
        28,
        5
      ],
      [
        1,
        -11
      ],
      [
        -14,
        -9
      ]
    ],
    [
      [
        25674,
        89756
      ],
      [
        -7,
        -7
      ],
      [
        -9,
        -25
      ],
      [
        -8,
        21
      ],
      [
        24,
        11
      ]
    ],
    [
      [
        24250,
        94070
      ],
      [
        392,
        -98
      ],
      [
        127,
        -9
      ],
      [
        -231,
        13
      ],
      [
        -437,
        109
      ],
      [
        149,
        -15
      ]
    ],
    [
      [
        24096,
        86733
      ],
      [
        -405,
        42
      ],
      [
        -256,
        230
      ],
      [
        432,
        -31
      ],
      [
        229,
        -241
      ]
    ],
    [
      [
        24088,
        86796
      ],
      [
        -1,
        6
      ],
      [
        13,
        -8
      ],
      [
        -14,
        -3
      ],
      [
        2,
        5
      ]
    ],
    [
      [
        23313,
        94338
      ],
      [
        312,
        -155
      ],
      [
        400,
        -111
      ],
      [
        -555,
        137
      ],
      [
        -335,
        145
      ],
      [
        178,
        -16
      ]
    ],
    [
      [
        23926,
        86937
      ],
      [
        18,
        -14
      ],
      [
        0,
        -30
      ],
      [
        -32,
        17
      ],
      [
        14,
        27
      ]
    ],
    [
      [
        23897,
        86930
      ],
      [
        -1,
        20
      ],
      [
        7,
        2
      ],
      [
        20,
        -15
      ],
      [
        -26,
        -7
      ]
    ],
    [
      [
        23685,
        94397
      ],
      [
        150,
        -34
      ],
      [
        78,
        -24
      ],
      [
        -353,
        77
      ],
      [
        125,
        -19
      ]
    ],
    [
      [
        22843,
        87202
      ],
      [
        -304,
        207
      ],
      [
        193,
        263
      ],
      [
        177,
        -418
      ],
      [
        -66,
        -52
      ]
    ],
    [
      [
        19865,
        86589
      ],
      [
        200,
        -69
      ],
      [
        -191,
        -28
      ],
      [
        266,
        -243
      ],
      [
        -102,
        45
      ],
      [
        -68,
        -37
      ],
      [
        127,
        -176
      ],
      [
        158,
        -66
      ],
      [
        -48,
        -32
      ],
      [
        51,
        -14
      ],
      [
        4,
        -25
      ],
      [
        25,
        -3
      ],
      [
        -16,
        -34
      ],
      [
        10,
        -41
      ],
      [
        4,
        -7
      ],
      [
        4,
        -1
      ],
      [
        10,
        4
      ],
      [
        25,
        -34
      ],
      [
        -17,
        -21
      ],
      [
        13,
        -4
      ],
      [
        1,
        -14
      ],
      [
        15,
        -23
      ],
      [
        3,
        -2
      ],
      [
        -17,
        25
      ],
      [
        5,
        35
      ],
      [
        -10,
        22
      ],
      [
        -17,
        17
      ],
      [
        -18,
        2
      ],
      [
        10,
        77
      ],
      [
        -32,
        77
      ],
      [
        -87,
        38
      ],
      [
        61,
        123
      ],
      [
        395,
        -81
      ],
      [
        -243,
        -413
      ],
      [
        -1217,
        432
      ],
      [
        696,
        471
      ]
    ],
    [
      [
        20511,
        85902
      ],
      [
        9,
        44
      ],
      [
        17,
        13
      ],
      [
        -9,
        -54
      ],
      [
        -17,
        -3
      ]
    ],
    [
      [
        20510,
        85881
      ],
      [
        -2,
        1
      ],
      [
        -2,
        5
      ],
      [
        12,
        -10
      ],
      [
        -8,
        4
      ]
    ],
    [
      [
        20501,
        85880
      ],
      [
        8,
        -1
      ],
      [
        -4,
        -6
      ],
      [
        -3,
        1
      ],
      [
        -1,
        6
      ]
    ],
    [
      [
        20499,
        85902
      ],
      [
        2,
        2
      ],
      [
        7,
        -2
      ],
      [
        -11,
        -3
      ],
      [
        2,
        3
      ]
    ],
    [
      [
        20470,
        85897
      ],
      [
        6,
        4
      ],
      [
        5,
        -6
      ],
      [
        -9,
        0
      ],
      [
        -2,
        2
      ]
    ],
    [
      [
        20441,
        86100
      ],
      [
        12,
        13
      ],
      [
        10,
        3
      ],
      [
        -30,
        -23
      ],
      [
        8,
        7
      ]
    ],
    [
      [
        20269,
        85944
      ],
      [
        1,
        -1
      ],
      [
        4,
        -1
      ],
      [
        -7,
        1
      ],
      [
        2,
        1
      ]
    ],
    [
      [
        20255,
        85986
      ],
      [
        1,
        21
      ],
      [
        5,
        5
      ],
      [
        0,
        -33
      ],
      [
        -6,
        7
      ]
    ],
    [
      [
        20251,
        86020
      ],
      [
        -3,
        3
      ],
      [
        9,
        -4
      ],
      [
        -1,
        -3
      ],
      [
        -5,
        4
      ]
    ],
    [
      [
        20248,
        85997
      ],
      [
        4,
        6
      ],
      [
        3,
        2
      ],
      [
        -3,
        -14
      ],
      [
        -4,
        6
      ]
    ],
    [
      [
        90220,
        46811
      ],
      [
        -1116,
        359
      ]
    ],
    [
      [
        89350,
        47639
      ],
      [
        239,
        411
      ]
    ],
    [
      [
        89741,
        48115
      ],
      [
        590,
        -458
      ]
    ],
    [
      [
        89843,
        47215
      ],
      [
        -739,
        -45
      ]
    ],
    [
      [
        89104,
        47170
      ],
      [
        -296,
        107
      ]
    ],
    [
      [
        88699,
        47940
      ],
      [
        -1,
        3
      ]
    ],
    [
      [
        88734,
        48037
      ],
      [
        494,
        -349
      ]
    ],
    [
      [
        89228,
        47688
      ],
      [
        122,
        -49
      ]
    ],
    [
      [
        89350,
        47639
      ],
      [
        -336,
        -151
      ]
    ],
    [
      [
        88867,
        47725
      ],
      [
        361,
        -37
      ]
    ],
    [
      [
        88561,
        47678
      ],
      [
        138,
        262
      ]
    ],
    [
      [
        88699,
        47940
      ],
      [
        167,
        -215
      ]
    ],
    [
      [
        88867,
        47725
      ],
      [
        -1,
        0
      ]
    ],
    [
      [
        88866,
        47725
      ],
      [
        -168,
        -108
      ]
    ],
    [
      [
        85977,
        51856
      ],
      [
        -849,
        -340
      ]
    ],
    [
      [
        85395,
        51119
      ],
      [
        -16,
        41
      ]
    ],
    [
      [
        85318,
        51321
      ],
      [
        544,
        86
      ]
    ],
    [
      [
        85073,
        51394
      ],
      [
        87,
        16
      ],
      [
        169,
        -30
      ],
      [
        -316,
        6
      ],
      [
        111,
        55
      ],
      [
        -51,
        -47
      ]
    ],
    [
      [
        85067,
        51447
      ],
      [
        -40,
        -41
      ],
      [
        -51,
        -16
      ],
      [
        48,
        64
      ],
      [
        69,
        19
      ],
      [
        -26,
        -26
      ]
    ],
    [
      [
        88347,
        48762
      ],
      [
        810,
        64
      ],
      [
        584,
        -711
      ]
    ],
    [
      [
        89741,
        48115
      ],
      [
        -152,
        -65
      ]
    ],
    [
      [
        89589,
        48050
      ],
      [
        -855,
        -13
      ]
    ],
    [
      [
        88734,
        48037
      ],
      [
        -36,
        -94
      ]
    ],
    [
      [
        88698,
        47943
      ],
      [
        -587,
        -317
      ]
    ],
    [
      [
        85665,
        51154
      ],
      [
        197,
        253
      ]
    ],
    [
      [
        85862,
        51407
      ],
      [
        618,
        343
      ],
      [
        1090,
        -578
      ],
      [
        -623,
        -89
      ],
      [
        -181,
        -615
      ]
    ],
    [
      [
        87412,
        49335
      ],
      [
        935,
        -573
      ]
    ],
    [
      [
        88347,
        48762
      ],
      [
        -77,
        -589
      ]
    ],
    [
      [
        85482,
        50890
      ],
      [
        -87,
        229
      ]
    ],
    [
      [
        85395,
        51119
      ],
      [
        270,
        35
      ]
    ],
    [
      [
        85665,
        51154
      ],
      [
        913,
        -316
      ],
      [
        -253,
        -263
      ]
    ],
    [
      [
        86893,
        48754
      ],
      [
        54,
        -33
      ]
    ],
    [
      [
        86553,
        48501
      ],
      [
        394,
        220
      ]
    ],
    [
      [
        86947,
        48721
      ],
      [
        82,
        -312
      ]
    ],
    [
      [
        88340,
        47353
      ],
      [
        -48,
        -9
      ]
    ],
    [
      [
        88287,
        47346
      ],
      [
        101,
        102
      ]
    ],
    [
      [
        84826,
        48401
      ],
      [
        1295,
        311
      ]
    ],
    [
      [
        86189,
        48684
      ],
      [
        364,
        -183
      ]
    ],
    [
      [
        86553,
        48501
      ],
      [
        0,
        -198
      ]
    ],
    [
      [
        84963,
        50357
      ],
      [
        -138,
        347
      ]
    ],
    [
      [
        84887,
        50665
      ],
      [
        495,
        -160
      ],
      [
        2,
        331
      ]
    ],
    [
      [
        85482,
        50890
      ],
      [
        359,
        -114
      ]
    ],
    [
      [
        84902,
        50299
      ],
      [
        9,
        13
      ]
    ],
    [
      [
        93369,
        45134
      ],
      [
        -328,
        1166
      ],
      [
        -1059,
        795
      ],
      [
        676,
        -325
      ],
      [
        1390,
        -1366
      ]
    ],
    [
      [
        92381,
        45635
      ],
      [
        570,
        -411
      ],
      [
        -574,
        -444
      ],
      [
        -239,
        467
      ],
      [
        243,
        388
      ]
    ],
    [
      [
        90220,
        46811
      ],
      [
        354,
        189
      ],
      [
        -730,
        215
      ]
    ],
    [
      [
        89843,
        47215
      ],
      [
        1,
        0
      ]
    ],
    [
      [
        89844,
        47215
      ],
      [
        487,
        442
      ]
    ],
    [
      [
        90331,
        47657
      ],
      [
        2455,
        -1411
      ],
      [
        -228,
        -347
      ],
      [
        -966,
        388
      ],
      [
        290,
        -940
      ],
      [
        -538,
        4
      ],
      [
        -208,
        1038
      ],
      [
        -916,
        422
      ]
    ],
    [
      [
        92232,
        45667
      ],
      [
        -125,
        -47
      ],
      [
        -187,
        235
      ],
      [
        753,
        -13
      ],
      [
        -441,
        -175
      ]
    ],
    [
      [
        91025,
        45512
      ],
      [
        -78,
        -65
      ],
      [
        -149,
        121
      ],
      [
        275,
        50
      ],
      [
        -48,
        -106
      ]
    ],
    [
      [
        85426,
        48093
      ],
      [
        1127,
        210
      ]
    ],
    [
      [
        86553,
        48303
      ],
      [
        476,
        106
      ]
    ],
    [
      [
        87029,
        48409
      ],
      [
        686,
        -314
      ]
    ],
    [
      [
        85049,
        50011
      ],
      [
        -86,
        346
      ]
    ],
    [
      [
        84963,
        50357
      ],
      [
        201,
        52
      ]
    ],
    [
      [
        85164,
        50409
      ],
      [
        677,
        367
      ]
    ],
    [
      [
        85841,
        50776
      ],
      [
        484,
        -201
      ]
    ],
    [
      [
        86325,
        50575
      ],
      [
        441,
        -107
      ]
    ],
    [
      [
        86766,
        50468
      ],
      [
        94,
        -341
      ]
    ],
    [
      [
        84911,
        50312
      ],
      [
        -9,
        -13
      ]
    ],
    [
      [
        84902,
        50299
      ],
      [
        9,
        13
      ]
    ],
    [
      [
        87044,
        47550
      ],
      [
        671,
        545
      ]
    ],
    [
      [
        87715,
        48095
      ],
      [
        555,
        78
      ]
    ],
    [
      [
        88270,
        48173
      ],
      [
        -267,
        -246
      ]
    ],
    [
      [
        88111,
        47626
      ],
      [
        176,
        -280
      ]
    ],
    [
      [
        88287,
        47346
      ],
      [
        5,
        -2
      ]
    ],
    [
      [
        88292,
        47344
      ],
      [
        -173,
        -67
      ]
    ],
    [
      [
        87608,
        47558
      ],
      [
        395,
        369
      ]
    ],
    [
      [
        88003,
        47927
      ],
      [
        108,
        -301
      ]
    ],
    [
      [
        84765,
        47098
      ],
      [
        1088,
        -339
      ],
      [
        167,
        731
      ],
      [
        1024,
        60
      ]
    ],
    [
      [
        87044,
        47550
      ],
      [
        564,
        8
      ]
    ],
    [
      [
        87608,
        47558
      ],
      [
        511,
        -281
      ]
    ],
    [
      [
        88119,
        47277
      ],
      [
        -1179,
        -1188
      ]
    ],
    [
      [
        84653,
        48503
      ],
      [
        173,
        -102
      ]
    ],
    [
      [
        84826,
        48401
      ],
      [
        600,
        -308
      ]
    ],
    [
      [
        85426,
        48093
      ],
      [
        221,
        -630
      ],
      [
        -882,
        -365
      ]
    ],
    [
      [
        84765,
        47098
      ],
      [
        -1694,
        -118
      ],
      [
        -1017,
        -792
      ],
      [
        33,
        -625
      ]
    ],
    [
      [
        78915,
        44491
      ],
      [
        2721,
        564
      ],
      [
        451,
        508
      ]
    ],
    [
      [
        82087,
        45563
      ],
      [
        4752,
        262
      ]
    ],
    [
      [
        81598,
        43807
      ],
      [
        1795,
        888
      ],
      [
        -147,
        -392
      ],
      [
        830,
        319
      ],
      [
        752,
        -418
      ]
    ],
    [
      [
        84072,
        40887
      ],
      [
        305,
        419
      ]
    ],
    [
      [
        93618,
        44843
      ],
      [
        -249,
        291
      ]
    ],
    [
      [
        93369,
        45134
      ],
      [
        679,
        270
      ]
    ],
    [
      [
        94048,
        45404
      ],
      [
        459,
        -432
      ],
      [
        -487,
        -46
      ]
    ],
    [
      [
        88340,
        47353
      ],
      [
        48,
        95
      ]
    ],
    [
      [
        88388,
        47448
      ],
      [
        173,
        230
      ]
    ],
    [
      [
        88561,
        47678
      ],
      [
        137,
        -61
      ]
    ],
    [
      [
        88698,
        47617
      ],
      [
        316,
        -129
      ]
    ],
    [
      [
        89014,
        47488
      ],
      [
        -206,
        -211
      ]
    ],
    [
      [
        88808,
        47277
      ],
      [
        -468,
        76
      ]
    ],
    [
      [
        86189,
        48684
      ],
      [
        -68,
        28
      ]
    ],
    [
      [
        86121,
        48712
      ],
      [
        -1072,
        1299
      ]
    ],
    [
      [
        85049,
        50011
      ],
      [
        1811,
        116
      ]
    ],
    [
      [
        86860,
        50127
      ],
      [
        552,
        -792
      ]
    ],
    [
      [
        87412,
        49335
      ],
      [
        -519,
        -581
      ]
    ],
    [
      [
        86893,
        48754
      ],
      [
        -704,
        -70
      ]
    ],
    [
      [
        84446,
        50445
      ],
      [
        1626,
        -1640
      ],
      [
        -1433,
        82
      ],
      [
        14,
        -384
      ]
    ],
    [
      [
        84653,
        48503
      ],
      [
        -381,
        -245
      ],
      [
        -1116,
        300
      ],
      [
        -1292,
        -942
      ],
      [
        -1765,
        167
      ],
      [
        -320,
        -523
      ],
      [
        -6871,
        -185
      ]
    ],
    [
      [
        84950,
        51143
      ],
      [
        368,
        178
      ]
    ],
    [
      [
        85318,
        51321
      ],
      [
        61,
        -161
      ]
    ],
    [
      [
        85379,
        51160
      ],
      [
        -19,
        -232
      ]
    ],
    [
      [
        85345,
        50836
      ],
      [
        -55,
        -213
      ]
    ],
    [
      [
        84764,
        51229
      ],
      [
        128,
        -46
      ]
    ],
    [
      [
        84733,
        50597
      ],
      [
        43,
        -39
      ],
      [
        24,
        -59
      ],
      [
        -75,
        -80
      ],
      [
        8,
        178
      ]
    ],
    [
      [
        79961,
        60005
      ],
      [
        2990,
        -5774
      ],
      [
        2237,
        -1404
      ],
      [
        1075,
        183
      ],
      [
        -286,
        -1154
      ]
    ],
    [
      [
        85977,
        51856
      ],
      [
        -849,
        -340
      ]
    ],
    [
      [
        85128,
        51516
      ],
      [
        -5,
        1
      ]
    ],
    [
      [
        79197,
        56880
      ],
      [
        821,
        -290
      ],
      [
        108,
        -683
      ],
      [
        1185,
        -327
      ],
      [
        -187,
        -574
      ],
      [
        662,
        -127
      ],
      [
        -469,
        194
      ],
      [
        499,
        1099
      ],
      [
        -570,
        960
      ],
      [
        11,
        -1444
      ],
      [
        -1269,
        1352
      ],
      [
        -179,
        1063
      ],
      [
        -696,
        215
      ],
      [
        84,
        -1438
      ]
    ],
    [
      [
        85384,
        50836
      ],
      [
        -39,
        0
      ]
    ],
    [
      [
        85345,
        50836
      ],
      [
        15,
        92
      ]
    ],
    [
      [
        85360,
        50928
      ],
      [
        122,
        -38
      ]
    ],
    [
      [
        85482,
        50890
      ],
      [
        -98,
        -54
      ]
    ],
    [
      [
        82448,
        56028
      ],
      [
        42,
        52
      ],
      [
        40,
        -14
      ],
      [
        -1,
        -37
      ],
      [
        -81,
        -1
      ]
    ],
    [
      [
        81566,
        56015
      ],
      [
        -47,
        90
      ],
      [
        172,
        124
      ],
      [
        28,
        -82
      ],
      [
        -153,
        -132
      ]
    ],
    [
      [
        85290,
        50623
      ],
      [
        -403,
        42
      ]
    ],
    [
      [
        84887,
        50665
      ],
      [
        -62,
        39
      ]
    ],
    [
      [
        84825,
        50704
      ],
      [
        -61,
        525
      ]
    ],
    [
      [
        84764,
        51229
      ],
      [
        128,
        -46
      ]
    ],
    [
      [
        84892,
        51183
      ],
      [
        58,
        -40
      ]
    ],
    [
      [
        84950,
        51143
      ],
      [
        340,
        -520
      ]
    ],
    [
      [
        77069,
        52283
      ],
      [
        3341,
        0
      ],
      [
        4593,
        -454
      ],
      [
        120,
        -312
      ]
    ],
    [
      [
        85123,
        51517
      ],
      [
        -677,
        -1072
      ]
    ],
    [
      [
        84446,
        50445
      ],
      [
        -2728,
        262
      ],
      [
        -2559,
        1363
      ],
      [
        -1182,
        -614
      ],
      [
        -1368,
        -102
      ],
      [
        -261,
        -826
      ],
      [
        -540,
        458
      ],
      [
        -1467,
        -759
      ],
      [
        -627,
        561
      ],
      [
        -803,
        -96
      ]
    ],
    [
      [
        84860,
        50809
      ],
      [
        -48,
        -3
      ],
      [
        47,
        35
      ],
      [
        8,
        -20
      ],
      [
        -7,
        -12
      ]
    ],
    [
      [
        84781,
        50762
      ],
      [
        47,
        18
      ],
      [
        -67,
        -51
      ],
      [
        16,
        22
      ],
      [
        4,
        11
      ]
    ],
    [
      [
        84633,
        51004
      ],
      [
        186,
        -76
      ],
      [
        -85,
        -96
      ],
      [
        -68,
        43
      ],
      [
        -33,
        129
      ]
    ],
    [
      [
        84618,
        50957
      ],
      [
        7,
        -16
      ],
      [
        -2,
        -9
      ],
      [
        -19,
        33
      ],
      [
        14,
        -8
      ]
    ],
    [
      [
        84481,
        50717
      ],
      [
        15,
        -17
      ],
      [
        -56,
        1
      ],
      [
        20,
        16
      ],
      [
        21,
        0
      ]
    ],
    [
      [
        93618,
        44843
      ],
      [
        402,
        83
      ]
    ],
    [
      [
        94020,
        44926
      ],
      [
        526,
        12
      ],
      [
        1645,
        -1903
      ],
      [
        -893,
        -171
      ],
      [
        -536,
        1042
      ],
      [
        -1336,
        541
      ],
      [
        192,
        396
      ]
    ],
    [
      [
        97049,
        38941
      ],
      [
        -341,
        -57
      ]
    ],
    [
      [
        96608,
        38882
      ],
      [
        401,
        1513
      ],
      [
        -406,
        -620
      ],
      [
        -1086,
        582
      ],
      [
        560,
        583
      ],
      [
        -102,
        1615
      ],
      [
        -522,
        169
      ],
      [
        744,
        304
      ],
      [
        1390,
        -3689
      ]
    ],
    [
      [
        97141,
        40308
      ],
      [
        -117,
        99
      ],
      [
        178,
        -566
      ],
      [
        82,
        -29
      ],
      [
        84,
        -204
      ],
      [
        82,
        -79
      ],
      [
        41,
        -14
      ],
      [
        -350,
        793
      ]
    ],
    [
      [
        86058,
        40622
      ],
      [
        84,
        695
      ]
    ],
    [
      [
        92572,
        43818
      ],
      [
        924,
        377
      ],
      [
        1154,
        -1467
      ],
      [
        884,
        -255
      ],
      [
        -1063,
        -437
      ]
    ],
    [
      [
        92595,
        41962
      ],
      [
        -540,
        -137
      ]
    ],
    [
      [
        93868,
        43851
      ],
      [
        5,
        45
      ],
      [
        25,
        11
      ],
      [
        41,
        -36
      ],
      [
        -71,
        -20
      ]
    ],
    [
      [
        93751,
        43916
      ],
      [
        -101,
        101
      ],
      [
        62,
        46
      ],
      [
        49,
        -20
      ],
      [
        -10,
        -127
      ]
    ],
    [
      [
        86142,
        41317
      ],
      [
        -1765,
        -11
      ]
    ],
    [
      [
        84377,
        41306
      ],
      [
        451,
        2898
      ]
    ],
    [
      [
        84828,
        44204
      ],
      [
        1504,
        775
      ],
      [
        507,
        846
      ]
    ],
    [
      [
        86839,
        45825
      ],
      [
        101,
        264
      ]
    ],
    [
      [
        86940,
        46089
      ],
      [
        1774,
        -259
      ],
      [
        423,
        594
      ],
      [
        1579,
        -342
      ],
      [
        -918,
        -436
      ],
      [
        648,
        87
      ],
      [
        839,
        -1008
      ],
      [
        632,
        277
      ],
      [
        509,
        -597
      ],
      [
        -461,
        -438
      ],
      [
        607,
        -149
      ]
    ],
    [
      [
        92572,
        43818
      ],
      [
        367,
        -756
      ],
      [
        -1733,
        193
      ],
      [
        -558,
        -820
      ],
      [
        -2304,
        26
      ],
      [
        -2202,
        -1144
      ]
    ],
    [
      [
        92584,
        44410
      ],
      [
        157,
        -90
      ],
      [
        -71,
        -107
      ],
      [
        -207,
        101
      ],
      [
        121,
        96
      ]
    ],
    [
      [
        92361,
        44214
      ],
      [
        1,
        -34
      ],
      [
        -61,
        16
      ],
      [
        25,
        39
      ],
      [
        35,
        -21
      ]
    ],
    [
      [
        90649,
        40106
      ],
      [
        578,
        367
      ],
      [
        -844,
        125
      ]
    ],
    [
      [
        90248,
        41004
      ],
      [
        -394,
        603
      ],
      [
        2201,
        218
      ]
    ],
    [
      [
        92055,
        41825
      ],
      [
        540,
        137
      ]
    ],
    [
      [
        92595,
        41962
      ],
      [
        1876,
        74
      ]
    ],
    [
      [
        94471,
        42036
      ],
      [
        1101,
        -418
      ],
      [
        -361,
        -297
      ],
      [
        -925,
        297
      ],
      [
        130,
        -446
      ],
      [
        1601,
        -225
      ],
      [
        -617,
        -478
      ],
      [
        -891,
        201
      ],
      [
        973,
        -684
      ],
      [
        -667,
        -639
      ]
    ],
    [
      [
        95568,
        41370
      ],
      [
        20,
        -6
      ],
      [
        -20,
        -13
      ],
      [
        -11,
        13
      ],
      [
        11,
        6
      ]
    ],
    [
      [
        96305,
        38877
      ],
      [
        303,
        5
      ]
    ],
    [
      [
        96608,
        38882
      ],
      [
        100,
        2
      ]
    ],
    [
      [
        96708,
        38884
      ],
      [
        -108,
        -254
      ],
      [
        449,
        311
      ]
    ],
    [
      [
        97049,
        38941
      ],
      [
        538,
        398
      ]
    ],
    [
      [
        97587,
        39339
      ],
      [
        1164,
        -1738
      ]
    ],
    [
      [
        99481,
        33642
      ],
      [
        -43,
        -646
      ]
    ],
    [
      [
        99643,
        35321
      ],
      [
        -162,
        -1679
      ]
    ],
    [
      [
        99481,
        33642
      ],
      [
        -1558,
        114
      ]
    ],
    [
      [
        98327,
        33321
      ],
      [
        1111,
        -325
      ]
    ],
    [
      [
        99438,
        32996
      ],
      [
        -11,
        -607
      ]
    ],
    [
      [
        89552,
        33900
      ],
      [
        661,
        508
      ]
    ],
    [
      [
        94959,
        32066
      ],
      [
        -521,
        -228
      ]
    ],
    [
      [
        94684,
        31454
      ],
      [
        92,
        -260
      ]
    ],
    [
      [
        61941,
        43531
      ],
      [
        732,
        973
      ],
      [
        -351,
        1555
      ]
    ],
    [
      [
        97923,
        33756
      ],
      [
        404,
        -435
      ]
    ],
    [
      [
        98327,
        33321
      ],
      [
        -482,
        -565
      ],
      [
        -1840,
        -273
      ],
      [
        51,
        -433
      ],
      [
        -1097,
        16
      ]
    ],
    [
      [
        94959,
        32066
      ],
      [
        -590,
        593
      ]
    ],
    [
      [
        94999,
        33303
      ],
      [
        2924,
        453
      ]
    ],
    [
      [
        94438,
        31838
      ],
      [
        246,
        -384
      ]
    ],
    [
      [
        94684,
        31454
      ],
      [
        -246,
        384
      ]
    ],
    [
      [
        93994,
        32598
      ],
      [
        -942,
        62
      ]
    ],
    [
      [
        92848,
        15130
      ],
      [
        -2908,
        804
      ],
      [
        -1278,
        971
      ]
    ],
    [
      [
        89056,
        27156
      ],
      [
        3042,
        -347
      ]
    ],
    [
      [
        97856,
        22777
      ],
      [
        72,
        -1170
      ],
      [
        -2288,
        -2386
      ],
      [
        -408,
        -1919
      ],
      [
        -2384,
        -2172
      ]
    ],
    [
      [
        71739,
        43265
      ],
      [
        188,
        799
      ]
    ],
    [
      [
        73023,
        46544
      ],
      [
        3478,
        -129
      ],
      [
        2414,
        -1924
      ]
    ],
    [
      [
        78915,
        44491
      ],
      [
        2683,
        -684
      ]
    ],
    [
      [
        81598,
        43807
      ],
      [
        -448,
        -1495
      ],
      [
        617,
        -594
      ]
    ],
    [
      [
        81768,
        41718
      ],
      [
        -1,
        0
      ]
    ],
    [
      [
        81767,
        41718
      ],
      [
        2304,
        -831
      ]
    ],
    [
      [
        84072,
        40887
      ],
      [
        -1,
        0
      ]
    ],
    [
      [
        84071,
        40887
      ],
      [
        -253,
        -117
      ]
    ],
    [
      [
        91311,
        34147
      ],
      [
        -637,
        -39
      ]
    ],
    [
      [
        90675,
        34108
      ],
      [
        -1,
        0
      ]
    ],
    [
      [
        90674,
        34108
      ],
      [
        -461,
        300
      ]
    ],
    [
      [
        90213,
        34408
      ],
      [
        2159,
        327
      ]
    ],
    [
      [
        89551,
        35039
      ],
      [
        231,
        -867
      ]
    ],
    [
      [
        89783,
        34172
      ],
      [
        -1,
        0
      ]
    ],
    [
      [
        89782,
        34172
      ],
      [
        -230,
        -272
      ]
    ],
    [
      [
        89552,
        33900
      ],
      [
        -567,
        -473
      ],
      [
        -667,
        210
      ],
      [
        -1889,
        -395
      ]
    ],
    [
      [
        99116,
        36967
      ],
      [
        527,
        -1646
      ]
    ],
    [
      [
        99643,
        35321
      ],
      [
        -2255,
        -189
      ]
    ],
    [
      [
        70855,
        42282
      ],
      [
        884,
        983
      ]
    ],
    [
      [
        71739,
        43265
      ],
      [
        498,
        -534
      ],
      [
        1675,
        -116
      ],
      [
        1722,
        -1610
      ],
      [
        -936,
        -293
      ],
      [
        1800,
        -1738
      ],
      [
        -1257,
        -1203
      ],
      [
        1478,
        34
      ],
      [
        -85,
        -416
      ],
      [
        1689,
        -618
      ]
    ],
    [
      [
        78324,
        36771
      ],
      [
        -219,
        -441
      ]
    ],
    [
      [
        97856,
        22777
      ],
      [
        -2741,
        735
      ],
      [
        -233,
        2065
      ],
      [
        -932,
        1009
      ],
      [
        -1852,
        223
      ]
    ],
    [
      [
        92098,
        26809
      ],
      [
        -247,
        2444
      ],
      [
        589,
        341
      ]
    ],
    [
      [
        99999,
        28439
      ],
      [
        -2143,
        -5662
      ]
    ],
    [
      [
        92372,
        34735
      ],
      [
        871,
        1032
      ]
    ],
    [
      [
        97343,
        37802
      ],
      [
        321,
        -369
      ]
    ],
    [
      [
        97682,
        36860
      ],
      [
        -294,
        -1728
      ]
    ],
    [
      [
        97388,
        35132
      ],
      [
        -1627,
        117
      ]
    ],
    [
      [
        92440,
        29594
      ],
      [
        1179,
        1217
      ],
      [
        1157,
        383
      ]
    ],
    [
      [
        94776,
        31194
      ],
      [
        1454,
        -290
      ],
      [
        2076,
        234
      ],
      [
        -275,
        650
      ],
      [
        1396,
        601
      ]
    ],
    [
      [
        99427,
        32389
      ],
      [
        -158,
        -2184
      ],
      [
        730,
        -1766
      ]
    ],
    [
      [
        99999,
        28439
      ],
      [
        -1473,
        -175
      ],
      [
        -216,
        308
      ],
      [
        -928,
        -666
      ],
      [
        -1457,
        217
      ],
      [
        124,
        -314
      ],
      [
        -2220,
        380
      ],
      [
        -466,
        1350
      ],
      [
        -923,
        55
      ]
    ],
    [
      [
        89551,
        35039
      ],
      [
        -888,
        -379
      ],
      [
        -3713,
        1206
      ],
      [
        -1702,
        -18
      ]
    ],
    [
      [
        83187,
        39254
      ],
      [
        631,
        1516
      ]
    ],
    [
      [
        83818,
        40770
      ],
      [
        2240,
        -148
      ]
    ],
    [
      [
        86058,
        40622
      ],
      [
        3020,
        -3
      ],
      [
        1170,
        385
      ]
    ],
    [
      [
        90248,
        41004
      ],
      [
        135,
        -406
      ]
    ],
    [
      [
        90383,
        40598
      ],
      [
        266,
        -492
      ]
    ],
    [
      [
        90649,
        40106
      ],
      [
        371,
        -2255
      ],
      [
        1862,
        914
      ]
    ],
    [
      [
        93890,
        37192
      ],
      [
        372,
        -625
      ],
      [
        -1019,
        -800
      ]
    ],
    [
      [
        93243,
        35767
      ],
      [
        -1107,
        -135
      ]
    ],
    [
      [
        92137,
        35632
      ],
      [
        -1,
        0
      ]
    ],
    [
      [
        92136,
        35632
      ],
      [
        -442,
        421
      ],
      [
        -787,
        -48
      ],
      [
        -1641,
        -596
      ],
      [
        285,
        -370
      ]
    ],
    [
      [
        98102,
        36815
      ],
      [
        -420,
        45
      ]
    ],
    [
      [
        97682,
        36860
      ],
      [
        -18,
        573
      ]
    ],
    [
      [
        97664,
        37433
      ],
      [
        1087,
        168
      ]
    ],
    [
      [
        98751,
        37601
      ],
      [
        365,
        -634
      ]
    ],
    [
      [
        99116,
        36967
      ],
      [
        -1014,
        -152
      ]
    ],
    [
      [
        93890,
        37192
      ],
      [
        559,
        417
      ],
      [
        -373,
        597
      ],
      [
        -1194,
        559
      ]
    ],
    [
      [
        92882,
        38765
      ],
      [
        1933,
        582
      ]
    ],
    [
      [
        94815,
        39347
      ],
      [
        900,
        668
      ],
      [
        869,
        -455
      ],
      [
        -279,
        -683
      ]
    ],
    [
      [
        96305,
        38877
      ],
      [
        1038,
        -1075
      ]
    ],
    [
      [
        97343,
        37802
      ],
      [
        -2326,
        -943
      ],
      [
        -567,
        509
      ],
      [
        -560,
        -176
      ]
    ],
    [
      [
        91311,
        34147
      ],
      [
        902,
        83
      ],
      [
        159,
        505
      ]
    ],
    [
      [
        92372,
        34735
      ],
      [
        1762,
        -261
      ],
      [
        1627,
        775
      ]
    ],
    [
      [
        95761,
        35249
      ],
      [
        -979,
        -1063
      ],
      [
        217,
        -883
      ]
    ],
    [
      [
        94999,
        33303
      ],
      [
        -630,
        -644
      ]
    ],
    [
      [
        94369,
        32659
      ],
      [
        -375,
        -61
      ]
    ],
    [
      [
        93994,
        32598
      ],
      [
        -942,
        62
      ]
    ],
    [
      [
        93052,
        32660
      ],
      [
        -1741,
        1487
      ]
    ],
    [
      [
        72221,
        68618
      ],
      [
        560,
        -620
      ],
      [
        482,
        102
      ],
      [
        -50,
        -972
      ],
      [
        -981,
        -48
      ],
      [
        546,
        491
      ],
      [
        -394,
        348
      ],
      [
        -756,
        -261
      ],
      [
        553,
        479
      ],
      [
        -725,
        -403
      ],
      [
        -209,
        235
      ]
    ],
    [
      [
        70345,
        66265
      ],
      [
        1150,
        -1042
      ]
    ],
    [
      [
        68739,
        65783
      ],
      [
        1606,
        482
      ]
    ],
    [
      [
        70345,
        66265
      ],
      [
        503,
        -1158
      ],
      [
        647,
        116
      ]
    ],
    [
      [
        71495,
        65223
      ],
      [
        1109,
        -245
      ]
    ],
    [
      [
        71697,
        62649
      ],
      [
        -3316,
        259
      ],
      [
        -985,
        456
      ],
      [
        174,
        359
      ],
      [
        -780,
        -36
      ]
    ],
    [
      [
        65347,
        71959
      ],
      [
        42,
        574
      ],
      [
        -2171,
        1628
      ],
      [
        -1669,
        216
      ],
      [
        -975,
        1018
      ],
      [
        -1101,
        -493
      ]
    ],
    [
      [
        58400,
        78278
      ],
      [
        3019,
        152
      ]
    ],
    [
      [
        61419,
        78430
      ],
      [
        3111,
        -2750
      ],
      [
        1094,
        -554
      ],
      [
        574,
        286
      ],
      [
        5808,
        -5275
      ]
    ],
    [
      [
        59000,
        70273
      ],
      [
        1588,
        -480
      ],
      [
        2026,
        341
      ],
      [
        982,
        -572
      ],
      [
        651,
        1845
      ],
      [
        1100,
        552
      ]
    ],
    [
      [
        65347,
        71959
      ],
      [
        3325,
        -2701
      ]
    ],
    [
      [
        71090,
        62234
      ],
      [
        607,
        415
      ]
    ],
    [
      [
        71697,
        62649
      ],
      [
        27,
        1311
      ],
      [
        602,
        40
      ],
      [
        278,
        978
      ]
    ],
    [
      [
        72604,
        64978
      ],
      [
        2047,
        123
      ],
      [
        73,
        1072
      ],
      [
        1725,
        459
      ],
      [
        1380,
        -750
      ],
      [
        815,
        -2207
      ]
    ],
    [
      [
        59473,
        74902
      ],
      [
        -372,
        -412
      ]
    ],
    [
      [
        52408,
        76363
      ],
      [
        294,
        783
      ],
      [
        1761,
        418
      ]
    ],
    [
      [
        54463,
        77564
      ],
      [
        2636,
        148
      ],
      [
        1301,
        566
      ]
    ],
    [
      [
        58400,
        78278
      ],
      [
        -23,
        -1760
      ],
      [
        796,
        8
      ],
      [
        -429,
        -141
      ],
      [
        939,
        -1005
      ],
      [
        -210,
        -478
      ]
    ],
    [
      [
        70533,
        59077
      ],
      [
        -913,
        1767
      ],
      [
        1470,
        1390
      ]
    ],
    [
      [
        71090,
        62234
      ],
      [
        961,
        -12
      ]
    ],
    [
      [
        72051,
        62222
      ],
      [
        -186,
        435
      ],
      [
        676,
        -175
      ],
      [
        1066,
        553
      ],
      [
        666,
        -254
      ],
      [
        -264,
        -354
      ],
      [
        531,
        88
      ],
      [
        -272,
        -671
      ],
      [
        386,
        -77
      ],
      [
        1438,
        1744
      ],
      [
        1105,
        26
      ]
    ],
    [
      [
        76608,
        59918
      ],
      [
        -568,
        -274
      ]
    ],
    [
      [
        60354,
        67524
      ],
      [
        321,
        226
      ],
      [
        3105,
        -651
      ],
      [
        2133,
        1681
      ],
      [
        2267,
        -577
      ]
    ],
    [
      [
        68459,
        66304
      ],
      [
        -526,
        -192
      ],
      [
        806,
        -329
      ]
    ],
    [
      [
        68739,
        65783
      ],
      [
        -61,
        -391
      ],
      [
        -1334,
        -395
      ],
      [
        -554,
        -1310
      ]
    ],
    [
      [
        66790,
        63687
      ],
      [
        -5573,
        1001
      ]
    ],
    [
      [
        68459,
        66304
      ],
      [
        -754,
        730
      ],
      [
        475,
        1169
      ]
    ],
    [
      [
        68180,
        68203
      ],
      [
        492,
        1055
      ]
    ],
    [
      [
        68672,
        69258
      ],
      [
        783,
        553
      ],
      [
        767,
        -48
      ]
    ],
    [
      [
        70224,
        69763
      ],
      [
        -2,
        0
      ]
    ],
    [
      [
        70222,
        69763
      ],
      [
        466,
        -550
      ],
      [
        1318,
        924
      ]
    ],
    [
      [
        72006,
        70137
      ],
      [
        215,
        -1519
      ]
    ],
    [
      [
        72221,
        68618
      ],
      [
        -1190,
        -392
      ],
      [
        216,
        -257
      ]
    ],
    [
      [
        71247,
        67969
      ],
      [
        -284,
        -566
      ],
      [
        616,
        -36
      ],
      [
        -625,
        -248
      ],
      [
        909,
        -892
      ],
      [
        -1160,
        67
      ],
      [
        -42,
        615
      ],
      [
        -306,
        -261
      ],
      [
        -1054,
        524
      ],
      [
        -842,
        -868
      ]
    ],
    [
      [
        76608,
        59918
      ],
      [
        -104,
        782
      ],
      [
        1062,
        496
      ],
      [
        179,
        1615
      ],
      [
        450,
        -108
      ],
      [
        -998,
        834
      ]
    ],
    [
      [
        77197,
        63537
      ],
      [
        1447,
        138
      ]
    ],
    [
      [
        78644,
        63675
      ],
      [
        1317,
        -3670
      ]
    ],
    [
      [
        79961,
        60005
      ],
      [
        -315,
        -452
      ],
      [
        -150,
        340
      ],
      [
        -2888,
        25
      ]
    ],
    [
      [
        36091,
        39814
      ],
      [
        -1073,
        9
      ],
      [
        103,
        593
      ],
      [
        1320,
        70
      ],
      [
        228,
        -682
      ],
      [
        -578,
        10
      ]
    ],
    [
      [
        28658,
        34241
      ],
      [
        -2033,
        1415
      ]
    ],
    [
      [
        31236,
        56487
      ],
      [
        721,
        -1091
      ],
      [
        -1855,
        -1334
      ],
      [
        -2353,
        -239
      ],
      [
        -1155,
        706
      ]
    ],
    [
      [
        43304,
        45762
      ],
      [
        552,
        -1014
      ]
    ],
    [
      [
        43856,
        44748
      ],
      [
        119,
        -889
      ]
    ],
    [
      [
        22366,
        45002
      ],
      [
        -2395,
        105
      ],
      [
        292,
        365
      ]
    ],
    [
      [
        19794,
        41069
      ],
      [
        1962,
        745
      ]
    ],
    [
      [
        21841,
        39799
      ],
      [
        -761,
        -37
      ],
      [
        -127,
        -407
      ],
      [
        2069,
        174
      ],
      [
        -1181,
        270
      ]
    ],
    [
      [
        35013,
        43385
      ],
      [
        3548,
        -2481
      ]
    ],
    [
      [
        35541,
        40460
      ],
      [
        -523,
        -637
      ],
      [
        1651,
        -19
      ],
      [
        -228,
        682
      ],
      [
        -900,
        -26
      ]
    ],
    [
      [
        27537,
        51909
      ],
      [
        3366,
        785
      ],
      [
        1483,
        -2060
      ],
      [
        3570,
        -500
      ]
    ],
    [
      [
        34943,
        46578
      ],
      [
        -583,
        150
      ],
      [
        -1342,
        -1102
      ],
      [
        -885,
        175
      ]
    ],
    [
      [
        37626,
        37521
      ],
      [
        -459,
        726
      ],
      [
        811,
        218
      ],
      [
        -581,
        1068
      ],
      [
        1164,
        1371
      ]
    ],
    [
      [
        38561,
        40904
      ],
      [
        509,
        -294
      ]
    ],
    [
      [
        42309,
        38225
      ],
      [
        78,
        -625
      ]
    ],
    [
      [
        42387,
        37600
      ],
      [
        -2441,
        544
      ],
      [
        444,
        -449
      ],
      [
        -890,
        -814
      ],
      [
        344,
        -262
      ],
      [
        -1622,
        127
      ]
    ],
    [
      [
        26322,
        52047
      ],
      [
        1215,
        -138
      ]
    ],
    [
      [
        27537,
        51909
      ],
      [
        -205,
        -1290
      ],
      [
        1529,
        -1585
      ]
    ],
    [
      [
        28861,
        49035
      ],
      [
        0,
        -1
      ]
    ],
    [
      [
        28861,
        49034
      ],
      [
        -186,
        -66
      ]
    ],
    [
      [
        28676,
        48968
      ],
      [
        -1,
        0
      ]
    ],
    [
      [
        28675,
        48968
      ],
      [
        231,
        -478
      ]
    ],
    [
      [
        28906,
        48490
      ],
      [
        483,
        -1026
      ],
      [
        631,
        405
      ],
      [
        -177,
        -481
      ],
      [
        911,
        -644
      ],
      [
        -390,
        -298
      ]
    ],
    [
      [
        27075,
        46028
      ],
      [
        -3079,
        384
      ],
      [
        -721,
        -410
      ],
      [
        -1667,
        97
      ],
      [
        -1345,
        -627
      ]
    ],
    [
      [
        20263,
        45472
      ],
      [
        -373,
        200
      ],
      [
        -1116,
        -475
      ]
    ],
    [
      [
        21756,
        41814
      ],
      [
        -892,
        720
      ],
      [
        233,
        858
      ],
      [
        -1055,
        -207
      ],
      [
        2324,
        1817
      ]
    ],
    [
      [
        22366,
        45002
      ],
      [
        763,
        -490
      ],
      [
        1583,
        -62
      ],
      [
        808,
        -949
      ],
      [
        510,
        386
      ],
      [
        1749,
        -47
      ]
    ],
    [
      [
        27771,
        41611
      ],
      [
        -1274,
        -1229
      ],
      [
        -1053,
        291
      ],
      [
        -639,
        -239
      ],
      [
        -608,
        398
      ],
      [
        -1603,
        -669
      ],
      [
        -57,
        1480
      ],
      [
        -781,
        171
      ]
    ],
    [
      [
        20214,
        38689
      ],
      [
        2966,
        -51
      ],
      [
        798,
        -806
      ],
      [
        2880,
        407
      ]
    ],
    [
      [
        26858,
        38239
      ],
      [
        0,
        1
      ]
    ],
    [
      [
        26858,
        38240
      ],
      [
        153,
        -519
      ]
    ],
    [
      [
        25649,
        36078
      ],
      [
        -1293,
        -576
      ]
    ],
    [
      [
        24356,
        35502
      ],
      [
        -1674,
        -604
      ],
      [
        -2018,
        968
      ],
      [
        -2814,
        -1166
      ]
    ],
    [
      [
        31528,
        36985
      ],
      [
        1,
        0
      ]
    ],
    [
      [
        31529,
        36985
      ],
      [
        558,
        251
      ],
      [
        -509,
        533
      ]
    ],
    [
      [
        29624,
        39532
      ],
      [
        361,
        953
      ],
      [
        -574,
        437
      ]
    ],
    [
      [
        33256,
        40494
      ],
      [
        528,
        -499
      ]
    ],
    [
      [
        33785,
        39995
      ],
      [
        -1,
        0
      ]
    ],
    [
      [
        33784,
        39995
      ],
      [
        1337,
        -2460
      ]
    ],
    [
      [
        32179,
        35771
      ],
      [
        -650,
        1214
      ]
    ],
    [
      [
        34943,
        46578
      ],
      [
        798,
        515
      ],
      [
        -462,
        1671
      ],
      [
        677,
        1370
      ]
    ],
    [
      [
        35956,
        50134
      ],
      [
        735,
        2065
      ],
      [
        1382,
        -279
      ]
    ],
    [
      [
        41626,
        48524
      ],
      [
        -145,
        -858
      ],
      [
        919,
        -274
      ],
      [
        904,
        -1630
      ]
    ],
    [
      [
        43304,
        45762
      ],
      [
        -1807,
        -396
      ],
      [
        -817,
        628
      ],
      [
        -2200,
        -726
      ],
      [
        -1394,
        242
      ],
      [
        -855,
        -599
      ],
      [
        -1902,
        719
      ],
      [
        614,
        948
      ]
    ],
    [
      [
        39070,
        40610
      ],
      [
        1800,
        411
      ],
      [
        685,
        1717
      ],
      [
        -583,
        101
      ],
      [
        831,
        125
      ],
      [
        65,
        611
      ],
      [
        2107,
        284
      ]
    ],
    [
      [
        43975,
        43859
      ],
      [
        476,
        -427
      ]
    ],
    [
      [
        44451,
        43432
      ],
      [
        411,
        -301
      ]
    ],
    [
      [
        44862,
        43131
      ],
      [
        1,
        -42
      ]
    ],
    [
      [
        44863,
        43089
      ],
      [
        -114,
        -755
      ],
      [
        -946,
        -606
      ],
      [
        942,
        -1732
      ]
    ],
    [
      [
        44745,
        39996
      ],
      [
        -387,
        -638
      ]
    ],
    [
      [
        44358,
        39358
      ],
      [
        -1058,
        -231
      ],
      [
        641,
        -817
      ],
      [
        -1632,
        -85
      ]
    ],
    [
      [
        42309,
        38225
      ],
      [
        -2195,
        619
      ],
      [
        -73,
        523
      ],
      [
        -1150,
        552
      ],
      [
        179,
        691
      ]
    ],
    [
      [
        27771,
        41611
      ],
      [
        970,
        830
      ],
      [
        527,
        -85
      ],
      [
        414,
        768
      ],
      [
        -1903,
        716
      ]
    ],
    [
      [
        27779,
        43840
      ],
      [
        -212,
        1185
      ],
      [
        -739,
        412
      ],
      [
        247,
        591
      ]
    ],
    [
      [
        27075,
        46028
      ],
      [
        3289,
        418
      ]
    ],
    [
      [
        30364,
        46446
      ],
      [
        1769,
        -645
      ]
    ],
    [
      [
        32133,
        45801
      ],
      [
        2880,
        -2416
      ]
    ],
    [
      [
        35013,
        43385
      ],
      [
        -552,
        213
      ],
      [
        -238,
        -469
      ],
      [
        -650,
        17
      ],
      [
        -945,
        1585
      ],
      [
        628,
        -4237
      ]
    ],
    [
      [
        33256,
        40494
      ],
      [
        -201,
        -36
      ],
      [
        -34,
        -214
      ],
      [
        -69,
        -68
      ],
      [
        -108,
        -45
      ],
      [
        -68,
        -18
      ],
      [
        -1176,
        156
      ],
      [
        -671,
        691
      ],
      [
        -1518,
        -38
      ]
    ],
    [
      [
        29411,
        40922
      ],
      [
        -1640,
        689
      ]
    ],
    [
      [
        16089,
        41881
      ],
      [
        2015,
        -813
      ],
      [
        1018,
        399
      ],
      [
        365,
        -232
      ]
    ],
    [
      [
        19487,
        41235
      ],
      [
        1,
        0
      ]
    ],
    [
      [
        19488,
        41235
      ],
      [
        -170,
        -416
      ],
      [
        476,
        250
      ]
    ],
    [
      [
        19794,
        41069
      ],
      [
        420,
        -2380
      ]
    ],
    [
      [
        20214,
        38689
      ],
      [
        -2472,
        -699
      ],
      [
        -643,
        179
      ]
    ],
    [
      [
        26625,
        35656
      ],
      [
        -976,
        422
      ]
    ],
    [
      [
        25649,
        36078
      ],
      [
        414,
        541
      ],
      [
        -488,
        512
      ],
      [
        1436,
        590
      ]
    ],
    [
      [
        27011,
        37721
      ],
      [
        634,
        -281
      ],
      [
        719,
        565
      ],
      [
        -26,
        1842
      ],
      [
        1286,
        -315
      ]
    ],
    [
      [
        29624,
        39532
      ],
      [
        1376,
        -563
      ],
      [
        -218,
        -526
      ],
      [
        796,
        -674
      ]
    ],
    [
      [
        31578,
        37769
      ],
      [
        -2845,
        -392
      ],
      [
        -2108,
        -1721
      ]
    ],
    [
      [
        13221,
        53311
      ],
      [
        -506,
        913
      ]
    ],
    [
      [
        11343,
        41784
      ],
      [
        -101,
        1301
      ]
    ],
    [
      [
        25000,
        51927
      ],
      [
        -481,
        -908
      ],
      [
        -1110,
        -13
      ],
      [
        -266,
        -1048
      ],
      [
        -2576,
        -1103
      ],
      [
        -251,
        -2178
      ],
      [
        -2572,
        -1283
      ],
      [
        1030,
        -197
      ]
    ],
    [
      [
        18774,
        45197
      ],
      [
        -207,
        -343
      ],
      [
        -1280,
        40
      ],
      [
        219,
        -637
      ],
      [
        -1175,
        -846
      ]
    ],
    [
      [
        11437,
        43108
      ],
      [
        -195,
        -23
      ]
    ],
    [
      [
        11242,
        43085
      ],
      [
        608,
        936
      ],
      [
        -661,
        3348
      ]
    ],
    [
      [
        11774,
        47470
      ],
      [
        212,
        -491
      ],
      [
        953,
        223
      ]
    ],
    [
      [
        13562,
        47289
      ],
      [
        1274,
        304
      ],
      [
        2412,
        -279
      ],
      [
        -1028,
        -1971
      ],
      [
        111,
        -1932
      ]
    ],
    [
      [
        16331,
        43411
      ],
      [
        1,
        -5
      ]
    ],
    [
      [
        11540,
        40931
      ],
      [
        -197,
        853
      ]
    ],
    [
      [
        11343,
        41784
      ],
      [
        82,
        453
      ],
      [
        774,
        52
      ],
      [
        -762,
        819
      ]
    ],
    [
      [
        11437,
        43108
      ],
      [
        583,
        234
      ],
      [
        687,
        -373
      ],
      [
        2693,
        813
      ],
      [
        932,
        -376
      ]
    ],
    [
      [
        16332,
        43406
      ],
      [
        -243,
        -1525
      ]
    ],
    [
      [
        16089,
        41881
      ],
      [
        292,
        -1831
      ]
    ],
    [
      [
        12019,
        49372
      ],
      [
        -674,
        -1758
      ],
      [
        429,
        -144
      ]
    ],
    [
      [
        11774,
        47470
      ],
      [
        -585,
        -101
      ]
    ],
    [
      [
        11189,
        47369
      ],
      [
        -3034,
        6402
      ],
      [
        -893,
        4743
      ],
      [
        1772,
        672
      ],
      [
        1727,
        3647
      ],
      [
        473,
        186
      ],
      [
        -1414,
        -2522
      ],
      [
        -90,
        -541
      ],
      [
        562,
        109
      ],
      [
        -1380,
        -1020
      ],
      [
        1934,
        842
      ],
      [
        -331,
        -1130
      ],
      [
        -548,
        195
      ],
      [
        -782,
        -592
      ],
      [
        497,
        -502
      ],
      [
        -908,
        -1137
      ],
      [
        128,
        -1327
      ],
      [
        1023,
        -571
      ],
      [
        -798,
        -1230
      ],
      [
        611,
        -633
      ],
      [
        3072,
        -307
      ]
    ],
    [
      [
        11948,
        61871
      ],
      [
        324,
        -3
      ],
      [
        154,
        -476
      ],
      [
        -306,
        3
      ],
      [
        -172,
        476
      ]
    ],
    [
      [
        12274,
        63516
      ],
      [
        -184,
        81
      ],
      [
        5,
        993
      ],
      [
        -272,
        107
      ],
      [
        -573,
        504
      ],
      [
        -425,
        840
      ],
      [
        415,
        1151
      ],
      [
        -245,
        -1383
      ],
      [
        1220,
        -1140
      ],
      [
        59,
        -1153
      ]
    ],
    [
      [
        11564,
        60975
      ],
      [
        60,
        52
      ],
      [
        306,
        -38
      ],
      [
        -120,
        -259
      ],
      [
        -246,
        245
      ]
    ],
    [
      [
        11410,
        60519
      ],
      [
        147,
        -21
      ],
      [
        73,
        -56
      ],
      [
        -183,
        2
      ],
      [
        -37,
        75
      ]
    ],
    [
      [
        11246,
        60210
      ],
      [
        -30,
        13
      ],
      [
        13,
        20
      ],
      [
        50,
        -20
      ],
      [
        -33,
        -13
      ]
    ],
    [
      [
        10938,
        60205
      ],
      [
        297,
        -146
      ],
      [
        -176,
        -148
      ],
      [
        -286,
        133
      ],
      [
        165,
        161
      ]
    ],
    [
      [
        11119,
        58797
      ],
      [
        65,
        -34
      ],
      [
        33,
        -61
      ],
      [
        -149,
        22
      ],
      [
        51,
        73
      ]
    ],
    [
      [
        11026,
        59377
      ],
      [
        12,
        -19
      ],
      [
        -68,
        -3
      ],
      [
        47,
        15
      ],
      [
        9,
        7
      ]
    ],
    [
      [
        10894,
        59178
      ],
      [
        17,
        73
      ],
      [
        52,
        43
      ],
      [
        24,
        -90
      ],
      [
        -93,
        -26
      ]
    ],
    [
      [
        10843,
        58070
      ],
      [
        108,
        -55
      ],
      [
        -1015,
        -383
      ],
      [
        850,
        354
      ],
      [
        57,
        84
      ]
    ],
    [
      [
        10777,
        59465
      ],
      [
        16,
        22
      ],
      [
        38,
        -6
      ],
      [
        -20,
        -29
      ],
      [
        -34,
        13
      ]
    ],
    [
      [
        10691,
        60243
      ],
      [
        24,
        -80
      ],
      [
        -69,
        167
      ],
      [
        29,
        -21
      ],
      [
        16,
        -66
      ]
    ],
    [
      [
        10350,
        58640
      ],
      [
        213,
        53
      ],
      [
        61,
        -15
      ],
      [
        -113,
        -168
      ],
      [
        -161,
        130
      ]
    ],
    [
      [
        10327,
        60222
      ],
      [
        -78,
        4
      ],
      [
        -111,
        94
      ],
      [
        352,
        1
      ],
      [
        -163,
        -99
      ]
    ],
    [
      [
        9977,
        57751
      ],
      [
        -68,
        46
      ],
      [
        34,
        28
      ],
      [
        74,
        -42
      ],
      [
        -40,
        -32
      ]
    ],
    [
      [
        9669,
        57620
      ],
      [
        -33,
        105
      ],
      [
        102,
        20
      ],
      [
        35,
        -37
      ],
      [
        -104,
        -88
      ]
    ],
    [
      [
        9685,
        57804
      ],
      [
        -5,
        -22
      ],
      [
        -19,
        -9
      ],
      [
        3,
        31
      ],
      [
        21,
        0
      ]
    ],
    [
      [
        20256,
        52245
      ],
      [
        -1287,
        -21
      ],
      [
        -2003,
        1017
      ]
    ],
    [
      [
        24584,
        58264
      ],
      [
        423,
        -1701
      ]
    ],
    [
      [
        25008,
        56563
      ],
      [
        -1,
        0
      ]
    ],
    [
      [
        25007,
        56563
      ],
      [
        661,
        -1256
      ]
    ],
    [
      [
        11540,
        40931
      ],
      [
        875,
        -12
      ],
      [
        377,
        -1226
      ],
      [
        2945,
        26
      ],
      [
        644,
        331
      ]
    ],
    [
      [
        16381,
        40050
      ],
      [
        718,
        -1881
      ]
    ],
    [
      [
        17099,
        38169
      ],
      [
        267,
        -836
      ]
    ],
    [
      [
        12984,
        36745
      ],
      [
        -1444,
        4186
      ]
    ],
    [
      [
        20256,
        52245
      ],
      [
        2465,
        3055
      ],
      [
        2947,
        7
      ]
    ],
    [
      [
        25668,
        55307
      ],
      [
        1130,
        -352
      ],
      [
        -204,
        -426
      ]
    ],
    [
      [
        26594,
        54529
      ],
      [
        -272,
        -2482
      ]
    ],
    [
      [
        26322,
        52047
      ],
      [
        309,
        -324
      ],
      [
        -661,
        -197
      ],
      [
        -970,
        401
      ]
    ],
    [
      [
        25000,
        51927
      ],
      [
        -1664,
        380
      ],
      [
        -3080,
        -62
      ]
    ],
    [
      [
        13562,
        47289
      ],
      [
        -623,
        -87
      ]
    ],
    [
      [
        12939,
        47202
      ],
      [
        -920,
        2170
      ]
    ],
    [
      [
        12019,
        49372
      ],
      [
        -215,
        901
      ],
      [
        1006,
        922
      ],
      [
        0,
        1458
      ]
    ],
    [
      [
        12810,
        52653
      ],
      [
        -181,
        469
      ],
      [
        592,
        189
      ]
    ],
    [
      [
        13221,
        53311
      ],
      [
        1552,
        151
      ],
      [
        -498,
        1377
      ],
      [
        -755,
        18
      ],
      [
        -805,
        -633
      ]
    ],
    [
      [
        12715,
        54224
      ],
      [
        -975,
        541
      ],
      [
        -345,
        382
      ],
      [
        1201,
        841
      ]
    ],
    [
      [
        15215,
        55711
      ],
      [
        1526,
        -710
      ],
      [
        225,
        -1760
      ]
    ],
    [
      [
        16966,
        53241
      ],
      [
        -2604,
        -3290
      ]
    ],
    [
      [
        14363,
        49951
      ],
      [
        -1,
        0
      ]
    ],
    [
      [
        14362,
        49951
      ],
      [
        310,
        -790
      ],
      [
        -1110,
        -1872
      ]
    ],
    [
      [
        12596,
        55988
      ],
      [
        665,
        1075
      ],
      [
        -612,
        313
      ],
      [
        -6,
        1091
      ],
      [
        -1044,
        458
      ],
      [
        -71,
        77
      ],
      [
        6,
        34
      ],
      [
        246,
        -156
      ],
      [
        484,
        10
      ],
      [
        25,
        43
      ],
      [
        -900,
        231
      ],
      [
        878,
        131
      ],
      [
        994,
        1360
      ],
      [
        397,
        3342
      ],
      [
        917,
        779
      ],
      [
        267,
        2140
      ],
      [
        1876,
        319
      ],
      [
        236,
        464
      ]
    ],
    [
      [
        16954,
        67699
      ],
      [
        4778,
        -1036
      ]
    ],
    [
      [
        20331,
        59029
      ],
      [
        -1805,
        383
      ],
      [
        -430,
        903
      ],
      [
        -881,
        239
      ],
      [
        -47,
        -2022
      ],
      [
        725,
        -367
      ],
      [
        -718,
        -663
      ],
      [
        34,
        -1326
      ],
      [
        -1994,
        -465
      ]
    ],
    [
      [
        15215,
        55711
      ],
      [
        -494,
        -362
      ],
      [
        -1425,
        739
      ],
      [
        -700,
        -100
      ]
    ],
    [
      [
        12054,
        57683
      ],
      [
        312,
        -258
      ],
      [
        -83,
        -83
      ],
      [
        -110,
        76
      ],
      [
        -119,
        265
      ]
    ],
    [
      [
        13576,
        34615
      ],
      [
        -592,
        2130
      ]
    ],
    [
      [
        12984,
        36745
      ],
      [
        4382,
        588
      ]
    ],
    [
      [
        17366,
        37333
      ],
      [
        484,
        -2633
      ]
    ],
    [
      [
        17850,
        34700
      ],
      [
        -744,
        216
      ],
      [
        176,
        -302
      ],
      [
        -665,
        -129
      ]
    ],
    [
      [
        16617,
        34485
      ],
      [
        -1613,
        382
      ],
      [
        -581,
        -324
      ]
    ],
    [
      [
        14423,
        34543
      ],
      [
        -847,
        72
      ]
    ],
    [
      [
        38073,
        51920
      ],
      [
        89,
        2387
      ],
      [
        -2465,
        612
      ]
    ],
    [
      [
        39885,
        51813
      ],
      [
        -1812,
        107
      ]
    ],
    [
      [
        57727,
        72400
      ],
      [
        1273,
        -2127
      ]
    ],
    [
      [
        59000,
        70273
      ],
      [
        -686,
        -1165
      ],
      [
        2040,
        -1584
      ]
    ],
    [
      [
        60354,
        67524
      ],
      [
        289,
        -1330
      ],
      [
        694,
        -529
      ],
      [
        1193,
        -100
      ],
      [
        -1313,
        -877
      ]
    ],
    [
      [
        61217,
        64688
      ],
      [
        -1448,
        -1565
      ],
      [
        546,
        -1168
      ]
    ],
    [
      [
        55284,
        60338
      ],
      [
        -193,
        570
      ],
      [
        -624,
        -236
      ],
      [
        161,
        947
      ]
    ],
    [
      [
        42288,
        53344
      ],
      [
        -2366,
        1751
      ],
      [
        -2154,
        370
      ]
    ],
    [
      [
        50602,
        67826
      ],
      [
        391,
        -316
      ],
      [
        -646,
        -697
      ],
      [
        1615,
        -451
      ],
      [
        -340,
        -729
      ],
      [
        1776,
        -333
      ],
      [
        1045,
        247
      ],
      [
        82,
        -1437
      ],
      [
        -818,
        -426
      ],
      [
        1671,
        -946
      ],
      [
        -750,
        -1119
      ]
    ],
    [
      [
        54628,
        61619
      ],
      [
        -3915,
        613
      ],
      [
        -1025,
        -673
      ],
      [
        -1087,
        633
      ],
      [
        -365,
        -537
      ]
    ],
    [
      [
        50602,
        67826
      ],
      [
        -2227,
        -474
      ]
    ],
    [
      [
        44493,
        71105
      ],
      [
        3527,
        2364
      ],
      [
        -857,
        911
      ]
    ],
    [
      [
        47163,
        74380
      ],
      [
        -1668,
        469
      ],
      [
        166,
        594
      ]
    ],
    [
      [
        45661,
        75443
      ],
      [
        3054,
        54
      ]
    ],
    [
      [
        59136,
        74350
      ],
      [
        -1266,
        -1008
      ],
      [
        -143,
        -942
      ]
    ],
    [
      [
        57727,
        72400
      ],
      [
        -797,
        253
      ],
      [
        -1528,
        -547
      ],
      [
        -1690,
        -1377
      ],
      [
        72,
        -1118
      ],
      [
        -3182,
        -1785
      ]
    ],
    [
      [
        43329,
        53085
      ],
      [
        -190,
        951
      ],
      [
        551,
        -19
      ],
      [
        -708,
        845
      ],
      [
        2103,
        85
      ],
      [
        -1403,
        1596
      ]
    ],
    [
      [
        48176,
        57410
      ],
      [
        283,
        571
      ]
    ],
    [
      [
        48460,
        57981
      ],
      [
        -1,
        0
      ]
    ],
    [
      [
        48459,
        57981
      ],
      [
        855,
        635
      ],
      [
        2099,
        -554
      ],
      [
        401,
        679
      ],
      [
        2056,
        353
      ]
    ],
    [
      [
        52431,
        53498
      ],
      [
        -2304,
        -706
      ]
    ],
    [
      [
        50127,
        52793
      ],
      [
        0,
        -1
      ]
    ],
    [
      [
        50127,
        52792
      ],
      [
        -825,
        -719
      ],
      [
        -1036,
        94
      ],
      [
        -526,
        -1290
      ]
    ],
    [
      [
        47740,
        50877
      ],
      [
        -552,
        -224
      ]
    ],
    [
      [
        34773,
        67194
      ],
      [
        276,
        489
      ]
    ],
    [
      [
        35049,
        67683
      ],
      [
        1471,
        565
      ]
    ],
    [
      [
        36520,
        68248
      ],
      [
        -51,
        828
      ]
    ],
    [
      [
        36469,
        69076
      ],
      [
        374,
        129
      ]
    ],
    [
      [
        36843,
        69205
      ],
      [
        647,
        436
      ]
    ],
    [
      [
        37490,
        69641
      ],
      [
        1962,
        1286
      ],
      [
        2375,
        -897
      ],
      [
        804,
        213
      ]
    ],
    [
      [
        42631,
        70243
      ],
      [
        1191,
        754
      ]
    ],
    [
      [
        43822,
        70997
      ],
      [
        671,
        108
      ]
    ],
    [
      [
        44493,
        71105
      ],
      [
        2157,
        -1894
      ],
      [
        1011,
        -88
      ],
      [
        -727,
        -884
      ]
    ],
    [
      [
        38922,
        61788
      ],
      [
        551,
        209
      ],
      [
        -358,
        322
      ]
    ],
    [
      [
        39116,
        62319
      ],
      [
        -1,
        0
      ]
    ],
    [
      [
        39115,
        62319
      ],
      [
        -71,
        241
      ]
    ],
    [
      [
        45687,
        63425
      ],
      [
        312,
        -478
      ],
      [
        668,
        129
      ]
    ],
    [
      [
        46666,
        63076
      ],
      [
        1,
        0
      ]
    ],
    [
      [
        46667,
        63076
      ],
      [
        457,
        -448
      ],
      [
        -713,
        -93
      ],
      [
        126,
        -656
      ],
      [
        1699,
        -224
      ]
    ],
    [
      [
        48236,
        61655
      ],
      [
        -1201,
        -699
      ]
    ],
    [
      [
        23670,
        58915
      ],
      [
        -1752,
        336
      ],
      [
        -1587,
        -222
      ]
    ],
    [
      [
        20331,
        59029
      ],
      [
        -1071,
        2826
      ],
      [
        -978,
        804
      ],
      [
        152,
        643
      ],
      [
        1100,
        118
      ],
      [
        2168,
        1705
      ],
      [
        461,
        837
      ],
      [
        -431,
        701
      ]
    ],
    [
      [
        21732,
        66663
      ],
      [
        801,
        -34
      ]
    ],
    [
      [
        22533,
        66629
      ],
      [
        174,
        2922
      ],
      [
        -506,
        901
      ],
      [
        1501,
        -517
      ],
      [
        2805,
        77
      ]
    ],
    [
      [
        26507,
        70012
      ],
      [
        3816,
        587
      ]
    ],
    [
      [
        30323,
        70599
      ],
      [
        32,
        -1308
      ],
      [
        1633,
        -491
      ],
      [
        569,
        -1296
      ],
      [
        2216,
        -310
      ]
    ],
    [
      [
        34773,
        67194
      ],
      [
        2379,
        -656
      ]
    ],
    [
      [
        39843,
        63465
      ],
      [
        -114,
        -700
      ],
      [
        -685,
        -205
      ]
    ],
    [
      [
        39044,
        62560
      ],
      [
        -1055,
        409
      ],
      [
        -1194,
        -215
      ]
    ],
    [
      [
        36794,
        62754
      ],
      [
        1,
        0
      ]
    ],
    [
      [
        36795,
        62754
      ],
      [
        -942,
        -172
      ],
      [
        285,
        -314
      ],
      [
        -857,
        102
      ],
      [
        819,
        -588
      ]
    ],
    [
      [
        32891,
        60658
      ],
      [
        -223,
        -19
      ]
    ],
    [
      [
        32668,
        60640
      ],
      [
        0,
        -1
      ]
    ],
    [
      [
        32668,
        60639
      ],
      [
        -846,
        2366
      ],
      [
        -943,
        623
      ],
      [
        -769,
        117
      ],
      [
        -682,
        -751
      ],
      [
        -1752,
        160
      ],
      [
        -664,
        1301
      ],
      [
        -1196,
        -52
      ],
      [
        -95,
        1453
      ],
      [
        -1830,
        54
      ],
      [
        -1358,
        719
      ]
    ],
    [
      [
        35381,
        60380
      ],
      [
        42,
        436
      ],
      [
        -843,
        182
      ],
      [
        1520,
        784
      ]
    ],
    [
      [
        36100,
        61782
      ],
      [
        985,
        -938
      ],
      [
        1135,
        1
      ],
      [
        -162,
        -340
      ],
      [
        910,
        602
      ],
      [
        -46,
        681
      ]
    ],
    [
      [
        38922,
        61788
      ],
      [
        2436,
        110
      ],
      [
        235,
        -1343
      ]
    ],
    [
      [
        48715,
        75497
      ],
      [
        3266,
        798
      ]
    ],
    [
      [
        51981,
        76295
      ],
      [
        427,
        68
      ]
    ],
    [
      [
        52408,
        76363
      ],
      [
        2407,
        271
      ],
      [
        3111,
        -1201
      ],
      [
        1175,
        -943
      ]
    ],
    [
      [
        59101,
        74490
      ],
      [
        35,
        -140
      ]
    ],
    [
      [
        59136,
        74350
      ],
      [
        -1589,
        -24
      ],
      [
        -2092,
        -861
      ],
      [
        -1541,
        251
      ],
      [
        -440,
        -1189
      ],
      [
        -58,
        939
      ],
      [
        -1322,
        31
      ],
      [
        -504,
        -570
      ],
      [
        -834,
        856
      ],
      [
        570,
        160
      ],
      [
        -2611,
        1554
      ]
    ],
    [
      [
        41626,
        48524
      ],
      [
        -1380,
        847
      ],
      [
        470,
        788
      ],
      [
        -831,
        1654
      ]
    ],
    [
      [
        39885,
        51813
      ],
      [
        1432,
        67
      ],
      [
        971,
        1464
      ]
    ],
    [
      [
        42288,
        53344
      ],
      [
        1041,
        -259
      ]
    ],
    [
      [
        43329,
        53085
      ],
      [
        696,
        -580
      ],
      [
        -579,
        -109
      ],
      [
        901,
        -557
      ],
      [
        977,
        298
      ],
      [
        360,
        -721
      ],
      [
        612,
        263
      ],
      [
        892,
        -1026
      ]
    ],
    [
      [
        47188,
        50653
      ],
      [
        -450,
        -825
      ]
    ],
    [
      [
        46738,
        49828
      ],
      [
        -903,
        -318
      ],
      [
        -1105,
        348
      ],
      [
        -450,
        -521
      ],
      [
        -2654,
        -813
      ]
    ],
    [
      [
        24584,
        58264
      ],
      [
        -914,
        651
      ]
    ],
    [
      [
        23670,
        58915
      ],
      [
        1980,
        333
      ],
      [
        -475,
        -251
      ],
      [
        521,
        -169
      ],
      [
        658,
        736
      ],
      [
        1252,
        -717
      ]
    ],
    [
      [
        27606,
        58847
      ],
      [
        -1,
        0
      ]
    ],
    [
      [
        27605,
        58847
      ],
      [
        483,
        -711
      ],
      [
        859,
        353
      ],
      [
        850,
        -721
      ],
      [
        1246,
        -38
      ]
    ],
    [
      [
        32105,
        56184
      ],
      [
        -869,
        303
      ]
    ],
    [
      [
        31236,
        56487
      ],
      [
        -6652,
        1777
      ]
    ],
    [
      [
        39843,
        63465
      ],
      [
        -373,
        1023
      ],
      [
        -1715,
        156
      ],
      [
        -480,
        469
      ],
      [
        -123,
        1425
      ]
    ],
    [
      [
        37152,
        66538
      ],
      [
        2655,
        -796
      ],
      [
        1767,
        537
      ],
      [
        1781,
        -534
      ],
      [
        1903,
        198
      ],
      [
        376,
        1315
      ],
      [
        1300,
        981
      ]
    ],
    [
      [
        46934,
        68239
      ],
      [
        651,
        -17
      ],
      [
        790,
        -870
      ]
    ],
    [
      [
        48375,
        67352
      ],
      [
        342,
        -680
      ],
      [
        -554,
        -679
      ],
      [
        1005,
        -643
      ],
      [
        -1179,
        -585
      ],
      [
        -1264,
        36
      ],
      [
        -1038,
        -1376
      ]
    ],
    [
      [
        45687,
        63425
      ],
      [
        -2251,
        132
      ]
    ],
    [
      [
        43436,
        63556
      ],
      [
        0,
        1
      ]
    ],
    [
      [
        43436,
        63557
      ],
      [
        -225,
        -242
      ],
      [
        -658,
        707
      ],
      [
        -1334,
        258
      ],
      [
        -1376,
        -815
      ]
    ],
    [
      [
        32105,
        56184
      ],
      [
        -845,
        452
      ],
      [
        669,
        40
      ],
      [
        -13,
        524
      ],
      [
        -873,
        530
      ]
    ],
    [
      [
        31043,
        57730
      ],
      [
        302,
        61
      ]
    ],
    [
      [
        31345,
        57791
      ],
      [
        -1,
        0
      ]
    ],
    [
      [
        31344,
        57791
      ],
      [
        348,
        278
      ]
    ],
    [
      [
        31693,
        58069
      ],
      [
        -1,
        0
      ]
    ],
    [
      [
        31692,
        58069
      ],
      [
        113,
        211
      ],
      [
        1472,
        317
      ],
      [
        161,
        73
      ],
      [
        149,
        182
      ],
      [
        -1028,
        33
      ],
      [
        -193,
        401
      ],
      [
        525,
        1372
      ]
    ],
    [
      [
        32891,
        60658
      ],
      [
        2490,
        -278
      ]
    ],
    [
      [
        35381,
        60380
      ],
      [
        802,
        -685
      ],
      [
        1028,
        122
      ],
      [
        -852,
        -643
      ],
      [
        1235,
        -648
      ],
      [
        69,
        -530
      ],
      [
        -319,
        -275
      ],
      [
        70,
        -226
      ],
      [
        1419,
        1103
      ]
    ],
    [
      [
        41204,
        56770
      ],
      [
        -1313,
        -239
      ],
      [
        497,
        -351
      ],
      [
        -1616,
        -272
      ]
    ],
    [
      [
        38771,
        55908
      ],
      [
        1,
        0
      ]
    ],
    [
      [
        38772,
        55908
      ],
      [
        -1004,
        -443
      ]
    ],
    [
      [
        37768,
        55465
      ],
      [
        -410,
        -138
      ],
      [
        -111,
        98
      ],
      [
        -576,
        75
      ],
      [
        -24,
        2
      ],
      [
        -23,
        -2
      ],
      [
        -927,
        -581
      ]
    ],
    [
      [
        35697,
        54919
      ],
      [
        -1889,
        1195
      ],
      [
        -1703,
        70
      ]
    ],
    [
      [
        41204,
        56770
      ],
      [
        -1434,
        30
      ],
      [
        613,
        1467
      ],
      [
        -1098,
        -66
      ],
      [
        -452,
        397
      ]
    ],
    [
      [
        38833,
        58598
      ],
      [
        700,
        645
      ]
    ],
    [
      [
        39533,
        59243
      ],
      [
        209,
        712
      ],
      [
        1851,
        600
      ]
    ],
    [
      [
        41593,
        60555
      ],
      [
        3206,
        -445
      ],
      [
        3,
        480
      ],
      [
        1519,
        -164
      ],
      [
        714,
        530
      ]
    ],
    [
      [
        47035,
        60956
      ],
      [
        738,
        -866
      ],
      [
        -1952,
        -563
      ],
      [
        5,
        -441
      ],
      [
        450,
        -877
      ],
      [
        1318,
        -316
      ],
      [
        -155,
        -485
      ],
      [
        737,
        2
      ]
    ],
    [
      [
        48176,
        57410
      ],
      [
        59,
        -743
      ],
      [
        -699,
        164
      ],
      [
        -486,
        -793
      ],
      [
        -1751,
        768
      ],
      [
        -105,
        897
      ],
      [
        -1504,
        -632
      ],
      [
        -8,
        -528
      ]
    ],
    [
      [
        43682,
        56543
      ],
      [
        -727,
        -117
      ],
      [
        -639,
        684
      ],
      [
        -1112,
        -340
      ]
    ],
    [
      [
        64152,
        45934
      ],
      [
        0,
        -1
      ]
    ],
    [
      [
        64152,
        45933
      ],
      [
        -1471,
        203
      ]
    ],
    [
      [
        62682,
        46136
      ],
      [
        -1,
        0
      ]
    ],
    [
      [
        62681,
        46136
      ],
      [
        -373,
        50
      ]
    ],
    [
      [
        72845,
        50817
      ],
      [
        66,
        -125
      ]
    ],
    [
      [
        72911,
        50692
      ],
      [
        -549,
        -2060
      ],
      [
        546,
        -1557
      ]
    ],
    [
      [
        72908,
        47075
      ],
      [
        115,
        -531
      ]
    ],
    [
      [
        73023,
        46544
      ],
      [
        26,
        -1485
      ],
      [
        -1122,
        -995
      ]
    ],
    [
      [
        71927,
        44064
      ],
      [
        -1572,
        635
      ],
      [
        -243,
        -608
      ],
      [
        -2882,
        435
      ],
      [
        -71,
        783
      ]
    ],
    [
      [
        67159,
        45309
      ],
      [
        -1,
        0
      ]
    ],
    [
      [
        67158,
        45309
      ],
      [
        299,
        598
      ],
      [
        -527,
        357
      ],
      [
        -1069,
        -310
      ],
      [
        -880,
        523
      ],
      [
        -70,
        -624
      ],
      [
        -469,
        -237
      ],
      [
        -290,
        317
      ]
    ],
    [
      [
        57578,
        45097
      ],
      [
        -1030,
        484
      ],
      [
        -641,
        -544
      ],
      [
        -1927,
        -55
      ]
    ],
    [
      [
        53980,
        44982
      ],
      [
        -926,
        338
      ],
      [
        -11,
        2833
      ]
    ],
    [
      [
        53043,
        48153
      ],
      [
        1115,
        49
      ],
      [
        300,
        463
      ],
      [
        608,
        2609
      ],
      [
        1490,
        974
      ],
      [
        -856,
        207
      ]
    ],
    [
      [
        57908,
        45901
      ],
      [
        -330,
        -804
      ]
    ],
    [
      [
        55700,
        52455
      ],
      [
        -796,
        310
      ],
      [
        -604,
        -628
      ],
      [
        -571,
        94
      ],
      [
        -322,
        869
      ],
      [
        -976,
        398
      ]
    ],
    [
      [
        52431,
        53498
      ],
      [
        886,
        1452
      ],
      [
        -827,
        47
      ],
      [
        135,
        2068
      ],
      [
        1245,
        2029
      ]
    ],
    [
      [
        53870,
        59094
      ],
      [
        694,
        1240
      ],
      [
        720,
        4
      ]
    ],
    [
      [
        55284,
        60338
      ],
      [
        3278,
        23
      ],
      [
        495,
        1166
      ],
      [
        1258,
        428
      ]
    ],
    [
      [
        60315,
        61955
      ],
      [
        1166,
        -641
      ]
    ],
    [
      [
        59199,
        51658
      ],
      [
        -339,
        506
      ],
      [
        -1219,
        -103
      ],
      [
        -422,
        713
      ],
      [
        -1086,
        66
      ],
      [
        -433,
        -385
      ]
    ],
    [
      [
        63374,
        53908
      ],
      [
        81,
        517
      ],
      [
        -688,
        69
      ],
      [
        820,
        627
      ]
    ],
    [
      [
        68498,
        52660
      ],
      [
        -365,
        -81
      ]
    ],
    [
      [
        61481,
        61314
      ],
      [
        813,
        -1132
      ],
      [
        2866,
        31
      ]
    ],
    [
      [
        65159,
        60213
      ],
      [
        1,
        0
      ]
    ],
    [
      [
        65160,
        60213
      ],
      [
        3656,
        -377
      ],
      [
        1717,
        -759
      ]
    ],
    [
      [
        70533,
        59077
      ],
      [
        883,
        -50
      ],
      [
        448,
        -1213
      ],
      [
        -877,
        -733
      ]
    ],
    [
      [
        70677,
        56932
      ],
      [
        -2125,
        -265
      ],
      [
        -1083,
        -1410
      ],
      [
        -846,
        120
      ],
      [
        72,
        486
      ],
      [
        -2437,
        87
      ],
      [
        -862,
        -207
      ],
      [
        174,
        -568
      ]
    ],
    [
      [
        63570,
        55175
      ],
      [
        -1,
        0
      ]
    ],
    [
      [
        63569,
        55175
      ],
      [
        18,
        -54
      ]
    ],
    [
      [
        63587,
        55121
      ],
      [
        -1678,
        376
      ],
      [
        80,
        472
      ],
      [
        -1956,
        -1004
      ],
      [
        152,
        887
      ],
      [
        -1341,
        -14
      ],
      [
        -1231,
        802
      ],
      [
        1225,
        1752
      ],
      [
        1019,
        174
      ],
      [
        81,
        1001
      ],
      [
        1543,
        1747
      ]
    ],
    [
      [
        68498,
        52660
      ],
      [
        600,
        2123
      ],
      [
        1724,
        1556
      ],
      [
        -145,
        593
      ]
    ],
    [
      [
        70677,
        56932
      ],
      [
        310,
        149
      ]
    ],
    [
      [
        70987,
        57081
      ],
      [
        1656,
        103
      ],
      [
        779,
        1798
      ],
      [
        1302,
        791
      ],
      [
        1316,
        -129
      ]
    ],
    [
      [
        76040,
        59644
      ],
      [
        -202,
        -5694
      ],
      [
        1231,
        -1667
      ]
    ],
    [
      [
        77069,
        52283
      ],
      [
        160,
        -708
      ],
      [
        -2173,
        289
      ],
      [
        -1496,
        -286
      ],
      [
        -715,
        -761
      ]
    ],
    [
      [
        72845,
        50817
      ],
      [
        -707,
        -821
      ],
      [
        -2373,
        -403
      ],
      [
        87,
        782
      ],
      [
        -1672,
        1047
      ],
      [
        318,
        1238
      ]
    ],
    [
      [
        62308,
        46186
      ],
      [
        14,
        -127
      ]
    ],
    [
      [
        62322,
        46059
      ],
      [
        -4414,
        -158
      ]
    ],
    [
      [
        57908,
        45901
      ],
      [
        1291,
        5757
      ]
    ],
    [
      [
        59199,
        51658
      ],
      [
        895,
        358
      ]
    ],
    [
      [
        60094,
        52016
      ],
      [
        1005,
        366
      ]
    ],
    [
      [
        61098,
        52382
      ],
      [
        1,
        0
      ]
    ],
    [
      [
        61099,
        52382
      ],
      [
        2275,
        1526
      ]
    ],
    [
      [
        63374,
        53908
      ],
      [
        2126,
        -907
      ],
      [
        1313,
        336
      ],
      [
        -84,
        -652
      ],
      [
        1404,
        -106
      ]
    ],
    [
      [
        68133,
        52579
      ],
      [
        -2804,
        -3214
      ],
      [
        -1552,
        -1
      ],
      [
        -1634,
        -827
      ],
      [
        165,
        -2351
      ]
    ],
    [
      [
        63594,
        52214
      ],
      [
        -845,
        100
      ],
      [
        -188,
        550
      ],
      [
        -754,
        -451
      ],
      [
        950,
        -423
      ],
      [
        -329,
        -1019
      ],
      [
        1223,
        -304
      ],
      [
        1362,
        847
      ],
      [
        -1047,
        157
      ],
      [
        -372,
        543
      ]
    ],
    [
      [
        66087,
        26960
      ],
      [
        -553,
        1010
      ]
    ],
    [
      [
        62128,
        22275
      ],
      [
        -351,
        376
      ]
    ],
    [
      [
        62030,
        23161
      ],
      [
        793,
        -337
      ],
      [
        697,
        315
      ],
      [
        -394,
        384
      ],
      [
        777,
        131
      ]
    ],
    [
      [
        63134,
        23780
      ],
      [
        -792,
        61
      ],
      [
        372,
        324
      ],
      [
        -1990,
        -244
      ]
    ],
    [
      [
        63903,
        23654
      ],
      [
        -769,
        126
      ]
    ],
    [
      [
        63134,
        23780
      ],
      [
        -99,
        653
      ]
    ],
    [
      [
        66129,
        22886
      ],
      [
        -928,
        640
      ],
      [
        -1298,
        128
      ]
    ],
    [
      [
        54682,
        22313
      ],
      [
        1217,
        517
      ]
    ],
    [
      [
        58983,
        21957
      ],
      [
        1837,
        -366
      ]
    ],
    [
      [
        64063,
        22267
      ],
      [
        1550,
        594
      ]
    ],
    [
      [
        63035,
        24433
      ],
      [
        -2225,
        45
      ]
    ],
    [
      [
        64773,
        27662
      ],
      [
        -291,
        -472
      ],
      [
        564,
        76
      ],
      [
        765,
        -650
      ],
      [
        276,
        344
      ]
    ],
    [
      [
        66087,
        26960
      ],
      [
        1510,
        -729
      ]
    ],
    [
      [
        67471,
        25355
      ],
      [
        -3478,
        26
      ],
      [
        -1222,
        -470
      ],
      [
        264,
        -478
      ]
    ],
    [
      [
        60820,
        21591
      ],
      [
        846,
        84
      ],
      [
        462,
        600
      ]
    ],
    [
      [
        62128,
        22275
      ],
      [
        1407,
        376
      ],
      [
        528,
        -384
      ]
    ],
    [
      [
        64063,
        22267
      ],
      [
        -2574,
        -1027
      ],
      [
        -945,
        93
      ],
      [
        276,
        258
      ]
    ],
    [
      [
        60468,
        21801
      ],
      [
        0,
        1
      ]
    ],
    [
      [
        60468,
        21802
      ],
      [
        -1481,
        191
      ]
    ],
    [
      [
        60609,
        23675
      ],
      [
        768,
        -451
      ],
      [
        261,
        291
      ],
      [
        805,
        201
      ],
      [
        -413,
        -555
      ]
    ],
    [
      [
        62030,
        23161
      ],
      [
        -253,
        -510
      ]
    ],
    [
      [
        61777,
        22651
      ],
      [
        -1309,
        -849
      ]
    ],
    [
      [
        61007,
        29253
      ],
      [
        -256,
        980
      ],
      [
        624,
        532
      ],
      [
        -647,
        190
      ],
      [
        501,
        738
      ],
      [
        -637,
        1064
      ]
    ],
    [
      [
        60592,
        32757
      ],
      [
        1040,
        -78
      ],
      [
        1664,
        639
      ]
    ],
    [
      [
        63060,
        28352
      ],
      [
        -1422,
        -192
      ],
      [
        -264,
        868
      ]
    ],
    [
      [
        61702,
        40125
      ],
      [
        239,
        3406
      ]
    ],
    [
      [
        61941,
        43531
      ],
      [
        1480,
        -707
      ],
      [
        0,
        -1089
      ],
      [
        1106,
        -1200
      ],
      [
        6328,
        1747
      ]
    ],
    [
      [
        70855,
        42282
      ],
      [
        671,
        -388
      ],
      [
        97,
        -1034
      ],
      [
        -1036,
        -1919
      ],
      [
        818,
        -1298
      ],
      [
        -325,
        -388
      ],
      [
        1232,
        -1140
      ]
    ],
    [
      [
        63499,
        33163
      ],
      [
        -203,
        155
      ]
    ],
    [
      [
        63296,
        33318
      ],
      [
        -1807,
        4894
      ],
      [
        213,
        1913
      ]
    ],
    [
      [
        64281,
        29881
      ],
      [
        260,
        2281
      ],
      [
        -1042,
        1001
      ]
    ],
    [
      [
        63499,
        33163
      ],
      [
        180,
        0
      ]
    ],
    [
      [
        68174,
        24553
      ],
      [
        -560,
        -67
      ],
      [
        -143,
        869
      ]
    ],
    [
      [
        67471,
        25355
      ],
      [
        617,
        310
      ],
      [
        -491,
        566
      ]
    ],
    [
      [
        67597,
        26231
      ],
      [
        648,
        1188
      ],
      [
        -1120,
        654
      ]
    ],
    [
      [
        66737,
        29305
      ],
      [
        630,
        306
      ]
    ],
    [
      [
        63679,
        33163
      ],
      [
        1732,
        1737
      ],
      [
        -796,
        376
      ],
      [
        -706,
        865
      ],
      [
        954,
        2003
      ],
      [
        907,
        -588
      ],
      [
        -272,
        -497
      ],
      [
        1194,
        335
      ],
      [
        1682,
        -587
      ],
      [
        933,
        542
      ],
      [
        1047,
        -193
      ],
      [
        515,
        -696
      ],
      [
        -601,
        -619
      ],
      [
        261,
        -1242
      ],
      [
        1776,
        960
      ],
      [
        7,
        556
      ]
    ],
    [
      [
        72312,
        36115
      ],
      [
        956,
        89
      ],
      [
        1048,
        -1459
      ]
    ],
    [
      [
        67981,
        31729
      ],
      [
        -1795,
        -237
      ],
      [
        -2507,
        1671
      ]
    ],
    [
      [
        63060,
        28352
      ],
      [
        -282,
        840
      ],
      [
        1503,
        689
      ]
    ],
    [
      [
        64281,
        29881
      ],
      [
        1355,
        -36
      ],
      [
        1101,
        -540
      ]
    ],
    [
      [
        66737,
        29305
      ],
      [
        388,
        -1232
      ]
    ],
    [
      [
        67125,
        28073
      ],
      [
        -1591,
        -103
      ]
    ],
    [
      [
        65534,
        27970
      ],
      [
        -761,
        -308
      ]
    ],
    [
      [
        64773,
        27662
      ],
      [
        -921,
        -55
      ],
      [
        -792,
        745
      ]
    ],
    [
      [
        55586,
        25804
      ],
      [
        224,
        663
      ]
    ],
    [
      [
        55810,
        26467
      ],
      [
        1223,
        631
      ]
    ],
    [
      [
        57033,
        27098
      ],
      [
        2376,
        294
      ],
      [
        488,
        1196
      ],
      [
        1110,
        665
      ]
    ],
    [
      [
        61007,
        29253
      ],
      [
        367,
        -225
      ]
    ],
    [
      [
        61374,
        29028
      ],
      [
        -186,
        -822
      ],
      [
        1143,
        -1148
      ],
      [
        -1092,
        -492
      ],
      [
        -364,
        -1079
      ]
    ],
    [
      [
        55899,
        22830
      ],
      [
        -953,
        419
      ],
      [
        954,
        318
      ],
      [
        -515,
        881
      ],
      [
        -2077,
        970
      ],
      [
        2248,
        363
      ]
    ],
    [
      [
        55556,
        25781
      ],
      [
        30,
        23
      ]
    ],
    [
      [
        55586,
        25804
      ],
      [
        3551,
        -553
      ],
      [
        1738,
        236
      ]
    ],
    [
      [
        60875,
        25487
      ],
      [
        -65,
        -1009
      ]
    ],
    [
      [
        60810,
        24478
      ],
      [
        -86,
        -557
      ]
    ],
    [
      [
        60724,
        23921
      ],
      [
        -115,
        -246
      ]
    ],
    [
      [
        60609,
        23675
      ],
      [
        -1944,
        -1383
      ],
      [
        322,
        -299
      ]
    ],
    [
      [
        58987,
        21993
      ],
      [
        -4,
        -36
      ]
    ],
    [
      [
        58983,
        21957
      ],
      [
        -2016,
        35
      ],
      [
        -1068,
        838
      ]
    ],
    [
      [
        67367,
        29611
      ],
      [
        -102,
        261
      ],
      [
        2400,
        396
      ]
    ],
    [
      [
        72130,
        26510
      ],
      [
        -1562,
        50
      ],
      [
        -115,
        1372
      ],
      [
        -958,
        -151
      ],
      [
        -192,
        707
      ],
      [
        -1176,
        155
      ],
      [
        -760,
        968
      ]
    ],
    [
      [
        68338,
        23364
      ],
      [
        316,
        199
      ],
      [
        -1131,
        618
      ],
      [
        651,
        372
      ]
    ],
    [
      [
        68174,
        24553
      ],
      [
        2165,
        595
      ],
      [
        186,
        651
      ],
      [
        1066,
        -142
      ],
      [
        24,
        426
      ],
      [
        852,
        161
      ],
      [
        -337,
        266
      ]
    ],
    [
      [
        72130,
        26510
      ],
      [
        607,
        230
      ]
    ],
    [
      [
        69665,
        30268
      ],
      [
        -1684,
        1461
      ]
    ],
    [
      [
        67981,
        31729
      ],
      [
        1182,
        928
      ],
      [
        606,
        -590
      ],
      [
        925,
        30
      ],
      [
        2140,
        1665
      ],
      [
        -250,
        761
      ],
      [
        1732,
        222
      ]
    ],
    [
      [
        74316,
        34745
      ],
      [
        598,
        -910
      ],
      [
        1554,
        583
      ],
      [
        -37,
        1868
      ],
      [
        1674,
        44
      ]
    ],
    [
      [
        72510,
        29788
      ],
      [
        -669,
        317
      ],
      [
        -1881,
        -344
      ],
      [
        -295,
        507
      ]
    ],
    [
      [
        69271,
        22528
      ],
      [
        1978,
        161
      ],
      [
        782,
        -665
      ],
      [
        581,
        532
      ],
      [
        1426,
        -129
      ]
    ],
    [
      [
        74643,
        11423
      ],
      [
        -33,
        22
      ]
    ],
    [
      [
        72101,
        15802
      ],
      [
        1854,
        197
      ],
      [
        926,
        -979
      ],
      [
        882,
        912
      ],
      [
        8041,
        1650
      ]
    ],
    [
      [
        88662,
        16905
      ],
      [
        -360,
        -500
      ],
      [
        -1453,
        -159
      ],
      [
        -3595,
        -1504
      ],
      [
        -244,
        -2223
      ],
      [
        -3443,
        215
      ],
      [
        -531,
        -508
      ],
      [
        -4393,
        -803
      ]
    ],
    [
      [
        78844,
        30061
      ],
      [
        1652,
        513
      ],
      [
        1261,
        1844
      ]
    ],
    [
      [
        81756,
        32418
      ],
      [
        1,
        0
      ]
    ],
    [
      [
        81757,
        32418
      ],
      [
        -2180,
        566
      ],
      [
        -965,
        2104
      ],
      [
        -942,
        606
      ],
      [
        424,
        117
      ]
    ],
    [
      [
        78095,
        35811
      ],
      [
        -1,
        0
      ]
    ],
    [
      [
        78094,
        35811
      ],
      [
        8,
        12
      ]
    ],
    [
      [
        78101,
        35823
      ],
      [
        1,
        0
      ]
    ],
    [
      [
        78102,
        35823
      ],
      [
        8,
        14
      ]
    ],
    [
      [
        78111,
        35837
      ],
      [
        -1,
        0
      ]
    ],
    [
      [
        78110,
        35837
      ],
      [
        -5,
        493
      ]
    ],
    [
      [
        78105,
        36330
      ],
      [
        218,
        441
      ]
    ],
    [
      [
        78323,
        36771
      ],
      [
        1,
        0
      ]
    ],
    [
      [
        78324,
        36771
      ],
      [
        907,
        317
      ],
      [
        -501,
        1016
      ],
      [
        1334,
        167
      ],
      [
        40,
        404
      ],
      [
        2043,
        697
      ],
      [
        1040,
        -118
      ]
    ],
    [
      [
        83187,
        39254
      ],
      [
        -741,
        -674
      ],
      [
        673,
        -158
      ],
      [
        560,
        -2199
      ],
      [
        -431,
        -375
      ]
    ],
    [
      [
        83248,
        35848
      ],
      [
        1655,
        -847
      ],
      [
        46,
        -1150
      ],
      [
        1480,
        -609
      ]
    ],
    [
      [
        86429,
        33242
      ],
      [
        -1391,
        -547
      ],
      [
        -923,
        -1039
      ]
    ],
    [
      [
        72737,
        26740
      ],
      [
        487,
        1473
      ],
      [
        -714,
        1575
      ]
    ],
    [
      [
        72510,
        29788
      ],
      [
        916,
        1313
      ],
      [
        3651,
        515
      ],
      [
        451,
        -1278
      ],
      [
        1316,
        -277
      ]
    ],
    [
      [
        78844,
        30061
      ],
      [
        278,
        -335
      ],
      [
        -1076,
        -413
      ],
      [
        31,
        -397
      ],
      [
        -2024,
        -881
      ],
      [
        166,
        -1262
      ]
    ],
    [
      [
        75003,
        25945
      ],
      [
        -2266,
        795
      ]
    ],
    [
      [
        74038,
        22427
      ],
      [
        106,
        949
      ],
      [
        568,
        580
      ],
      [
        683,
        -48
      ],
      [
        -392,
        2037
      ]
    ],
    [
      [
        75003,
        25945
      ],
      [
        1216,
        828
      ]
    ],
    [
      [
        76219,
        26773
      ],
      [
        450,
        -828
      ],
      [
        884,
        -231
      ],
      [
        -269,
        -332
      ],
      [
        1267,
        -165
      ]
    ],
    [
      [
        80212,
        20481
      ],
      [
        -1488,
        654
      ],
      [
        -1605,
        -23
      ],
      [
        -542,
        746
      ],
      [
        -2539,
        569
      ]
    ],
    [
      [
        88662,
        16905
      ],
      [
        -1078,
        824
      ],
      [
        -3113,
        177
      ],
      [
        -667,
        -324
      ]
    ],
    [
      [
        83804,
        17582
      ],
      [
        -3352,
        1680
      ],
      [
        -240,
        1219
      ]
    ],
    [
      [
        80212,
        20481
      ],
      [
        1100,
        1272
      ],
      [
        -499,
        1787
      ],
      [
        1122,
        1066
      ],
      [
        -2463,
        -72
      ],
      [
        -921,
        683
      ]
    ],
    [
      [
        78551,
        25217
      ],
      [
        1375,
        422
      ],
      [
        1880,
        -210
      ],
      [
        1387,
        598
      ],
      [
        202,
        -382
      ],
      [
        1892,
        -176
      ],
      [
        -1548,
        2595
      ],
      [
        -1537,
        149
      ],
      [
        -1510,
        842
      ],
      [
        680,
        225
      ],
      [
        992,
        -472
      ],
      [
        102,
        375
      ]
    ],
    [
      [
        82466,
        29182
      ],
      [
        0,
        1
      ]
    ],
    [
      [
        82466,
        29183
      ],
      [
        -184,
        1441
      ]
    ],
    [
      [
        82283,
        30624
      ],
      [
        -1,
        0
      ]
    ],
    [
      [
        82282,
        30624
      ],
      [
        748,
        1174
      ],
      [
        1085,
        -142
      ]
    ],
    [
      [
        84115,
        31656
      ],
      [
        725,
        -1456
      ],
      [
        4040,
        -833
      ],
      [
        176,
        -2211
      ]
    ],
    [
      [
        89056,
        27156
      ],
      [
        855,
        -577
      ],
      [
        -1249,
        -9674
      ]
    ],
    [
      [
        59707,
        19685
      ],
      [
        531,
        97
      ],
      [
        597,
        -945
      ],
      [
        967,
        -339
      ],
      [
        77,
        -668
      ],
      [
        907,
        -48
      ],
      [
        -166,
        -957
      ],
      [
        1188,
        -881
      ]
    ],
    [
      [
        72344,
        14469
      ],
      [
        1090,
        -2596
      ],
      [
        855,
        6
      ],
      [
        321,
        -434
      ]
    ],
    [
      [
        74610,
        11445
      ],
      [
        -1131,
        -674
      ]
    ],
    [
      [
        73479,
        10771
      ],
      [
        -344,
        8
      ]
    ],
    [
      [
        73135,
        10779
      ],
      [
        -761,
        87
      ],
      [
        -1434,
        1484
      ],
      [
        -1938,
        -123
      ],
      [
        -327,
        670
      ],
      [
        -2749,
        -17
      ],
      [
        -454,
        -324
      ],
      [
        -522,
        270
      ],
      [
        -179,
        -572
      ]
    ],
    [
      [
        64771,
        12254
      ],
      [
        -1401,
        -87
      ],
      [
        272,
        -1105
      ],
      [
        -2825,
        -889
      ],
      [
        -889,
        -782
      ]
    ],
    [
      [
        64157,
        15507
      ],
      [
        -349,
        437
      ]
    ],
    [
      [
        63808,
        15944
      ],
      [
        521,
        1052
      ],
      [
        1146,
        -185
      ],
      [
        122,
        705
      ],
      [
        901,
        86
      ],
      [
        -1076,
        1005
      ],
      [
        1000,
        2088
      ],
      [
        -1365,
        278
      ],
      [
        556,
        1888
      ]
    ],
    [
      [
        65613,
        22861
      ],
      [
        516,
        25
      ]
    ],
    [
      [
        66129,
        22886
      ],
      [
        2209,
        478
      ]
    ],
    [
      [
        68338,
        23364
      ],
      [
        933,
        -836
      ]
    ],
    [
      [
        69271,
        22528
      ],
      [
        -590,
        -658
      ],
      [
        1713,
        -932
      ],
      [
        -414,
        -963
      ],
      [
        647,
        -735
      ],
      [
        -100,
        -2180
      ],
      [
        1574,
        -1258
      ]
    ],
    [
      [
        72101,
        15802
      ],
      [
        1078,
        -1165
      ],
      [
        -835,
        -168
      ]
    ],
    [
      [
        72344,
        14469
      ],
      [
        -2663,
        -961
      ],
      [
        -3172,
        581
      ],
      [
        -1289,
        -246
      ],
      [
        -1594,
        702
      ],
      [
        531,
        962
      ]
    ],
    [
      [
        57153,
        11179
      ],
      [
        1375,
        -194
      ],
      [
        625,
        -940
      ]
    ],
    [
      [
        31405,
        17985
      ],
      [
        -2408,
        2552
      ]
    ],
    [
      [
        28997,
        20537
      ],
      [
        1,
        0
      ]
    ],
    [
      [
        28998,
        20537
      ],
      [
        -209,
        113
      ]
    ],
    [
      [
        28789,
        20650
      ],
      [
        263,
        99
      ]
    ],
    [
      [
        33688,
        16662
      ],
      [
        -1234,
        1140
      ],
      [
        -1049,
        183
      ]
    ],
    [
      [
        49309,
        19380
      ],
      [
        -2083,
        563
      ],
      [
        -268,
        -555
      ],
      [
        4024,
        -721
      ]
    ],
    [
      [
        55481,
        19381
      ],
      [
        1250,
        -507
      ],
      [
        2167,
        524
      ],
      [
        406,
        461
      ],
      [
        403,
        -174
      ]
    ],
    [
      [
        59707,
        19685
      ],
      [
        -2195,
        -1996
      ],
      [
        -435,
        -1503
      ],
      [
        -1276,
        -1174
      ]
    ],
    [
      [
        51776,
        17021
      ],
      [
        892,
        403
      ],
      [
        -1171,
        -21
      ],
      [
        -232,
        438
      ]
    ],
    [
      [
        51265,
        17841
      ],
      [
        1,
        0
      ]
    ],
    [
      [
        51266,
        17841
      ],
      [
        -3011,
        -142
      ]
    ],
    [
      [
        28678,
        21328
      ],
      [
        -798,
        1603
      ]
    ],
    [
      [
        27880,
        22931
      ],
      [
        1050,
        66
      ],
      [
        -323,
        847
      ],
      [
        -823,
        212
      ],
      [
        1513,
        1457
      ]
    ],
    [
      [
        55744,
        14245
      ],
      [
        224,
        -1892
      ],
      [
        1185,
        -1174
      ]
    ],
    [
      [
        57153,
        11179
      ],
      [
        -2222,
        18
      ],
      [
        432,
        -172
      ],
      [
        -463,
        -747
      ],
      [
        1770,
        -209
      ],
      [
        -481,
        -710
      ],
      [
        2964,
        686
      ]
    ],
    [
      [
        59153,
        10045
      ],
      [
        775,
        -654
      ]
    ],
    [
      [
        59928,
        9391
      ],
      [
        867,
        -1170
      ]
    ],
    [
      [
        60795,
        8221
      ],
      [
        -531,
        -299
      ],
      [
        -1310,
        252
      ]
    ],
    [
      [
        58954,
        8174
      ],
      [
        -1163,
        192
      ],
      [
        -775,
        737
      ],
      [
        -2415,
        -193
      ]
    ],
    [
      [
        54601,
        8910
      ],
      [
        -4996,
        1043
      ]
    ],
    [
      [
        50982,
        18667
      ],
      [
        -179,
        535
      ],
      [
        -1494,
        178
      ]
    ],
    [
      [
        49309,
        19380
      ],
      [
        -4086,
        1507
      ]
    ],
    [
      [
        46386,
        21498
      ],
      [
        2107,
        46
      ]
    ],
    [
      [
        48493,
        21544
      ],
      [
        3535,
        -112
      ],
      [
        1242,
        558
      ]
    ],
    [
      [
        53270,
        21990
      ],
      [
        689,
        -148
      ],
      [
        723,
        471
      ]
    ],
    [
      [
        54682,
        22313
      ],
      [
        232,
        -951
      ],
      [
        1876,
        -334
      ],
      [
        -231,
        -570
      ],
      [
        -1640,
        -387
      ],
      [
        562,
        -690
      ]
    ],
    [
      [
        55481,
        19381
      ],
      [
        -1381,
        94
      ],
      [
        -312,
        -1240
      ],
      [
        -2806,
        432
      ]
    ],
    [
      [
        36512,
        12968
      ],
      [
        -3194,
        2865
      ],
      [
        -444,
        661
      ],
      [
        814,
        168
      ]
    ],
    [
      [
        33688,
        16662
      ],
      [
        619,
        -549
      ],
      [
        48,
        681
      ],
      [
        768,
        65
      ],
      [
        698,
        -735
      ],
      [
        809,
        189
      ],
      [
        -80,
        617
      ]
    ],
    [
      [
        46710,
        12163
      ],
      [
        -3045,
        37
      ],
      [
        -666,
        -556
      ],
      [
        -1608,
        -158
      ]
    ],
    [
      [
        41391,
        11486
      ],
      [
        -199,
        310
      ],
      [
        -2964,
        274
      ],
      [
        -1716,
        898
      ]
    ],
    [
      [
        49605,
        9953
      ],
      [
        -781,
        -68
      ]
    ],
    [
      [
        48824,
        9885
      ],
      [
        -1,
        0
      ]
    ],
    [
      [
        48823,
        9885
      ],
      [
        -354,
        1246
      ],
      [
        -2139,
        -216
      ]
    ],
    [
      [
        46330,
        10915
      ],
      [
        380,
        1248
      ]
    ],
    [
      [
        46710,
        12163
      ],
      [
        90,
        -17
      ]
    ],
    [
      [
        46800,
        12146
      ],
      [
        271,
        408
      ],
      [
        -638,
        94
      ],
      [
        -218,
        806
      ]
    ],
    [
      [
        51696,
        13218
      ],
      [
        432,
        -589
      ],
      [
        -1429,
        229
      ],
      [
        1762,
        -999
      ],
      [
        -1185,
        -651
      ]
    ],
    [
      [
        51274,
        11208
      ],
      [
        2,
        0
      ]
    ],
    [
      [
        51276,
        11208
      ],
      [
        -871,
        -278
      ],
      [
        1491,
        -682
      ],
      [
        -1758,
        51
      ],
      [
        -533,
        -346
      ]
    ],
    [
      [
        29052,
        20749
      ],
      [
        -374,
        579
      ]
    ],
    [
      [
        28678,
        21328
      ],
      [
        2982,
        370
      ],
      [
        -688,
        1160
      ],
      [
        1551,
        624
      ],
      [
        -69,
        405
      ]
    ],
    [
      [
        32790,
        20612
      ],
      [
        -3738,
        137
      ]
    ],
    [
      [
        32625,
        23614
      ],
      [
        35,
        34
      ],
      [
        3,
        19
      ],
      [
        -72,
        -71
      ],
      [
        34,
        18
      ]
    ],
    [
      [
        36618,
        16934
      ],
      [
        1,
        0
      ]
    ],
    [
      [
        36619,
        16934
      ],
      [
        -69,
        -4
      ]
    ],
    [
      [
        36550,
        16930
      ],
      [
        -2386,
        1755
      ],
      [
        -1374,
        1927
      ]
    ],
    [
      [
        32790,
        20612
      ],
      [
        2760,
        -688
      ]
    ],
    [
      [
        36166,
        19902
      ],
      [
        847,
        -819
      ]
    ],
    [
      [
        41589,
        14563
      ],
      [
        -859,
        117
      ],
      [
        -119,
        -457
      ],
      [
        -1335,
        559
      ],
      [
        94,
        879
      ],
      [
        -2751,
        1273
      ]
    ],
    [
      [
        37627,
        19144
      ],
      [
        2447,
        -553
      ],
      [
        -722,
        819
      ]
    ],
    [
      [
        42244,
        16871
      ],
      [
        194,
        786
      ],
      [
        -2300,
        700
      ],
      [
        -2601,
        -526
      ],
      [
        -7,
        873
      ]
    ],
    [
      [
        39352,
        19410
      ],
      [
        -1398,
        466
      ]
    ],
    [
      [
        37951,
        19875
      ],
      [
        3,
        1
      ]
    ],
    [
      [
        37954,
        19876
      ],
      [
        -160,
        777
      ],
      [
        -589,
        67
      ],
      [
        -1039,
        -818
      ]
    ],
    [
      [
        36166,
        19902
      ],
      [
        -616,
        22
      ]
    ],
    [
      [
        35550,
        19924
      ],
      [
        -341,
        640
      ],
      [
        724,
        -204
      ],
      [
        729,
        519
      ],
      [
        -275,
        366
      ],
      [
        1036,
        80
      ],
      [
        -531,
        929
      ],
      [
        2694,
        682
      ],
      [
        -168,
        372
      ]
    ],
    [
      [
        41363,
        23344
      ],
      [
        275,
        -589
      ],
      [
        -678,
        -334
      ],
      [
        609,
        -426
      ],
      [
        4817,
        -497
      ]
    ],
    [
      [
        46386,
        21498
      ],
      [
        -1163,
        -611
      ]
    ],
    [
      [
        45223,
        20887
      ],
      [
        1277,
        -1393
      ],
      [
        -678,
        -507
      ]
    ],
    [
      [
        44934,
        18865
      ],
      [
        -2641,
        600
      ],
      [
        -1167,
        -121
      ],
      [
        -1505,
        715
      ],
      [
        -269,
        -649
      ]
    ],
    [
      [
        37530,
        18704
      ],
      [
        -517,
        379
      ]
    ],
    [
      [
        37013,
        19083
      ],
      [
        614,
        61
      ]
    ],
    [
      [
        37627,
        19144
      ],
      [
        349,
        -382
      ],
      [
        -446,
        -58
      ]
    ],
    [
      [
        45912,
        16944
      ],
      [
        -1128,
        1291
      ],
      [
        150,
        630
      ]
    ],
    [
      [
        44934,
        18865
      ],
      [
        888,
        122
      ]
    ],
    [
      [
        45822,
        18987
      ],
      [
        2685,
        -503
      ],
      [
        -252,
        -785
      ]
    ],
    [
      [
        48255,
        17699
      ],
      [
        433,
        -324
      ],
      [
        2238,
        168
      ],
      [
        850,
        -522
      ]
    ],
    [
      [
        51776,
        17021
      ],
      [
        3039,
        171
      ],
      [
        -313,
        -1255
      ],
      [
        1167,
        -142
      ],
      [
        132,
        -783
      ]
    ],
    [
      [
        55801,
        15012
      ],
      [
        -57,
        -767
      ]
    ],
    [
      [
        55744,
        14245
      ],
      [
        -5361,
        360
      ]
    ],
    [
      [
        46215,
        13454
      ],
      [
        -1193,
        -16
      ],
      [
        -177,
        556
      ]
    ],
    [
      [
        44948,
        16877
      ],
      [
        964,
        67
      ]
    ],
    [
      [
        45912,
        16944
      ],
      [
        1832,
        -1041
      ]
    ],
    [
      [
        47743,
        15903
      ],
      [
        1,
        0
      ]
    ],
    [
      [
        47744,
        15903
      ],
      [
        -24,
        -112
      ]
    ],
    [
      [
        47719,
        15791
      ],
      [
        1,
        0
      ]
    ],
    [
      [
        47720,
        15791
      ],
      [
        1834,
        -357
      ],
      [
        829,
        -829
      ]
    ],
    [
      [
        50383,
        14605
      ],
      [
        1960,
        -1215
      ],
      [
        -647,
        -172
      ]
    ],
    [
      [
        51696,
        13218
      ],
      [
        -1498,
        594
      ],
      [
        -321,
        -374
      ]
    ],
    [
      [
        49877,
        13438
      ],
      [
        -2286,
        421
      ],
      [
        -1376,
        -405
      ]
    ],
    [
      [
        44845,
        13994
      ],
      [
        -3256,
        569
      ]
    ],
    [
      [
        41589,
        14563
      ],
      [
        490,
        763
      ],
      [
        -1278,
        479
      ],
      [
        780,
        609
      ]
    ],
    [
      [
        41582,
        16414
      ],
      [
        -1,
        0
      ]
    ],
    [
      [
        41581,
        16414
      ],
      [
        475,
        369
      ],
      [
        638,
        -224
      ],
      [
        -450,
        312
      ]
    ],
    [
      [
        42244,
        16871
      ],
      [
        2704,
        6
      ]
    ],
    [
      [
        44948,
        16877
      ],
      [
        894,
        -1025
      ],
      [
        -937,
        -830
      ],
      [
        -60,
        -1028
      ]
    ],
    [
      [
        42019,
        31431
      ],
      [
        -388,
        -514
      ],
      [
        -2812,
        -438
      ],
      [
        1,
        -489
      ],
      [
        1043,
        -27
      ]
    ],
    [
      [
        36649,
        32151
      ],
      [
        283,
        -73
      ],
      [
        -71,
        -323
      ],
      [
        -573,
        271
      ],
      [
        361,
        125
      ]
    ],
    [
      [
        29297,
        25513
      ],
      [
        -66,
        404
      ]
    ],
    [
      [
        29231,
        25917
      ],
      [
        612,
        230
      ],
      [
        -706,
        948
      ]
    ],
    [
      [
        35422,
        23690
      ],
      [
        -631,
        -398
      ],
      [
        -1449,
        869
      ],
      [
        -888,
        -274
      ]
    ],
    [
      [
        32454,
        23887
      ],
      [
        -2535,
        1974
      ],
      [
        -622,
        -348
      ]
    ],
    [
      [
        35422,
        23690
      ],
      [
        310,
        340
      ],
      [
        -1572,
        869
      ],
      [
        -758,
        1109
      ],
      [
        584,
        -76
      ],
      [
        -40,
        695
      ],
      [
        1310,
        286
      ],
      [
        -89,
        602
      ]
    ],
    [
      [
        38893,
        26489
      ],
      [
        -250,
        -1095
      ],
      [
        2606,
        -516
      ],
      [
        295,
        -669
      ]
    ],
    [
      [
        41544,
        24209
      ],
      [
        500,
        -488
      ],
      [
        -681,
        -378
      ]
    ],
    [
      [
        41363,
        23343
      ],
      [
        0,
        1
      ]
    ],
    [
      [
        41363,
        23344
      ],
      [
        -1945,
        -36
      ]
    ],
    [
      [
        39418,
        23308
      ],
      [
        -2021,
        750
      ],
      [
        -1975,
        -368
      ]
    ],
    [
      [
        32515,
        35700
      ],
      [
        812,
        101
      ]
    ],
    [
      [
        34516,
        34218
      ],
      [
        -198,
        -23
      ]
    ],
    [
      [
        33821,
        33679
      ],
      [
        -16,
        -36
      ]
    ],
    [
      [
        34862,
        32017
      ],
      [
        -114,
        1307
      ],
      [
        -943,
        319
      ]
    ],
    [
      [
        33805,
        33643
      ],
      [
        295,
        413
      ],
      [
        1025,
        -353
      ],
      [
        807,
        346
      ]
    ],
    [
      [
        35932,
        34049
      ],
      [
        1,
        0
      ]
    ],
    [
      [
        35933,
        34049
      ],
      [
        -314,
        417
      ],
      [
        -1103,
        -248
      ]
    ],
    [
      [
        34516,
        34218
      ],
      [
        -160,
        431
      ],
      [
        1078,
        345
      ]
    ],
    [
      [
        37228,
        33408
      ],
      [
        -344,
        -805
      ],
      [
        744,
        -446
      ],
      [
        -31,
        -1615
      ]
    ],
    [
      [
        36281,
        32096
      ],
      [
        42,
        -98
      ],
      [
        538,
        -243
      ],
      [
        70,
        324
      ],
      [
        -650,
        17
      ]
    ],
    [
      [
        33821,
        33679
      ],
      [
        -164,
        419
      ],
      [
        661,
        97
      ]
    ],
    [
      [
        34318,
        34195
      ],
      [
        -497,
        -516
      ]
    ],
    [
      [
        37228,
        33408
      ],
      [
        -546,
        701
      ]
    ],
    [
      [
        40030,
        35383
      ],
      [
        311,
        -193
      ]
    ],
    [
      [
        40341,
        35190
      ],
      [
        329,
        -698
      ],
      [
        1246,
        -356
      ]
    ],
    [
      [
        41916,
        34136
      ],
      [
        51,
        -169
      ]
    ],
    [
      [
        41967,
        33967
      ],
      [
        518,
        -313
      ],
      [
        -292,
        -731
      ],
      [
        1217,
        -655
      ]
    ],
    [
      [
        43410,
        32268
      ],
      [
        -86,
        -401
      ]
    ],
    [
      [
        43324,
        31867
      ],
      [
        -1305,
        -436
      ]
    ],
    [
      [
        42019,
        31431
      ],
      [
        -1889,
        1136
      ],
      [
        688,
        420
      ],
      [
        -759,
        527
      ],
      [
        -1385,
        -494
      ],
      [
        -235,
        525
      ],
      [
        -1211,
        -137
      ]
    ],
    [
      [
        35434,
        34994
      ],
      [
        -1321,
        91
      ],
      [
        -786,
        716
      ]
    ],
    [
      [
        33327,
        35801
      ],
      [
        1811,
        388
      ],
      [
        -17,
        1346
      ]
    ],
    [
      [
        35121,
        37535
      ],
      [
        2505,
        -14
      ]
    ],
    [
      [
        37626,
        37521
      ],
      [
        596,
        -775
      ]
    ],
    [
      [
        38222,
        36746
      ],
      [
        247,
        -672
      ],
      [
        1561,
        -691
      ]
    ],
    [
      [
        40030,
        35383
      ],
      [
        -599,
        -440
      ],
      [
        -1533,
        47
      ],
      [
        195,
        -1034
      ],
      [
        -1411,
        153
      ]
    ],
    [
      [
        36682,
        34109
      ],
      [
        -82,
        480
      ],
      [
        1048,
        -137
      ],
      [
        -199,
        570
      ],
      [
        -2015,
        -28
      ]
    ],
    [
      [
        29137,
        27095
      ],
      [
        -1012,
        -91
      ]
    ],
    [
      [
        28125,
        27004
      ],
      [
        -178,
        61
      ]
    ],
    [
      [
        27947,
        27065
      ],
      [
        -614,
        2110
      ]
    ],
    [
      [
        27333,
        29175
      ],
      [
        2022,
        1797
      ],
      [
        -434,
        168
      ]
    ],
    [
      [
        31539,
        28155
      ],
      [
        -578,
        628
      ],
      [
        -1824,
        -1688
      ]
    ],
    [
      [
        27080,
        31126
      ],
      [
        -79,
        181
      ]
    ],
    [
      [
        27000,
        31307
      ],
      [
        1,
        0
      ]
    ],
    [
      [
        27001,
        31307
      ],
      [
        -462,
        1163
      ],
      [
        1625,
        182
      ],
      [
        494,
        1589
      ]
    ],
    [
      [
        28658,
        34241
      ],
      [
        3521,
        1530
      ]
    ],
    [
      [
        32179,
        35771
      ],
      [
        336,
        -71
      ]
    ],
    [
      [
        32515,
        35700
      ],
      [
        -117,
        -1443
      ],
      [
        -897,
        -196
      ],
      [
        1247,
        -849
      ],
      [
        -1151,
        -691
      ]
    ],
    [
      [
        31597,
        32521
      ],
      [
        1,
        0
      ]
    ],
    [
      [
        31598,
        32521
      ],
      [
        791,
        -1842
      ]
    ],
    [
      [
        31953,
        30049
      ],
      [
        -2353,
        1660
      ],
      [
        -679,
        -569
      ]
    ],
    [
      [
        28921,
        31140
      ],
      [
        -1582,
        -303
      ],
      [
        -259,
        289
      ]
    ],
    [
      [
        27427,
        32754
      ],
      [
        -263,
        -45
      ],
      [
        -81,
        33
      ],
      [
        163,
        92
      ],
      [
        181,
        -80
      ]
    ],
    [
      [
        31539,
        28155
      ],
      [
        391,
        1128
      ]
    ],
    [
      [
        40123,
        29301
      ],
      [
        237,
        -25
      ]
    ],
    [
      [
        40360,
        29276
      ],
      [
        -605,
        -785
      ],
      [
        419,
        -283
      ]
    ],
    [
      [
        40174,
        28208
      ],
      [
        -1488,
        -743
      ],
      [
        207,
        -976
      ]
    ],
    [
      [
        38893,
        26489
      ],
      [
        -1302,
        302
      ],
      [
        -7,
        712
      ],
      [
        -2417,
        12
      ]
    ],
    [
      [
        35167,
        27515
      ],
      [
        -1490,
        -353
      ],
      [
        -2138,
        993
      ]
    ],
    [
      [
        32349,
        29807
      ],
      [
        -396,
        242
      ]
    ],
    [
      [
        31953,
        30049
      ],
      [
        436,
        630
      ]
    ],
    [
      [
        32389,
        30679
      ],
      [
        27,
        11
      ]
    ],
    [
      [
        32415,
        30691
      ],
      [
        1,
        -1
      ]
    ],
    [
      [
        32416,
        30690
      ],
      [
        66,
        -31
      ]
    ],
    [
      [
        33255,
        29000
      ],
      [
        0,
        1
      ]
    ],
    [
      [
        33255,
        29001
      ],
      [
        -474,
        -171
      ],
      [
        -851,
        453
      ]
    ],
    [
      [
        31930,
        29283
      ],
      [
        419,
        524
      ]
    ],
    [
      [
        32349,
        29807
      ],
      [
        133,
        852
      ]
    ],
    [
      [
        32482,
        30659
      ],
      [
        703,
        -246
      ],
      [
        493,
        279
      ]
    ],
    [
      [
        33678,
        30692
      ],
      [
        -760,
        198
      ],
      [
        2038,
        720
      ],
      [
        -94,
        407
      ]
    ],
    [
      [
        34862,
        32017
      ],
      [
        843,
        -325
      ],
      [
        -18,
        -615
      ],
      [
        1910,
        -536
      ]
    ],
    [
      [
        37597,
        30542
      ],
      [
        0,
        -1
      ]
    ],
    [
      [
        37597,
        30541
      ],
      [
        1232,
        -706
      ],
      [
        1034,
        128
      ]
    ],
    [
      [
        39863,
        29963
      ],
      [
        260,
        -662
      ]
    ],
    [
      [
        40123,
        29301
      ],
      [
        -1669,
        250
      ],
      [
        -456,
        -844
      ],
      [
        -508,
        216
      ],
      [
        457,
        763
      ],
      [
        -1707,
        0
      ],
      [
        -672,
        -480
      ],
      [
        -797,
        219
      ],
      [
        -1516,
        -425
      ]
    ]
  ]
}