{
  "type": "FeatureCollection",
  "features": [
    {
      "id": "feature_000",
      "type": "Feature",
      "properties": {
        "id": "LK-11-011",
        "name": "Colombo MC",
        "area_sqkm": "46.87",
        "center_lat": "6.923685",
        "center_lng": "79.862741",
        "lg_code": "11",
        "province_id": "LK-1",
        "district_id": "LK-11",
        "dsd_id": "",
        "ed_id": "EC-01",
        "pd_id": ""
      },
      "geometry": {
        "type": "Polygon",
        "coordinates": [
          [
            [
              79.8598,
              6.8626
            ],
            [
              79.8851,
              6.8734
            ],
            [
              79.8857,
              6.8739
            ],
            [
              79.8858,
              6.8739
            ],
            [
              79.8857,
              6.8739
            ],
            [
              79.8845,
              6.8825
            ],
            [
              79.8844,
              6.8825
            ],
            [
              79.8845,
              6.8825
            ],
            [
              79.8862,
              6.9241
            ],
            [
              79.8792,
              6.9584
            ],
            [
              79.885,
              6.9747
            ],
            [
              79.8822,
              6.9799
            ],
            [
              79.8692,
              6.9781
            ],
            [
              79.8598,
              6.8626
            ]
          ]
        ]
      }
    },
    {
      "id": "feature_001",
      "type": "Feature",
      "properties": {
        "id": "LK-11-012",
        "name": "Dehiwala Mount Lavinia MC",
        "area_sqkm": "21.32",
        "center_lat": "6.839519",
        "center_lng": "79.876964",
        "lg_code": "12",
        "province_id": "LK-1",
        "district_id": "LK-11",
        "dsd_id": "",
        "ed_id": "EC-01",
        "pd_id": ""
      },
      "geometry": {
        "type": "Polygon",
        "coordinates": [
          [
            [
              79.8694,
              6.8057
            ],
            [
              79.8985,
              6.8184
            ],
            [
              79.8861,
              6.852
            ],
            [
              79.8861,
              6.852
            ],
            [
              79.8861,
              6.852
            ],
            [
              79.8826,
              6.857
            ],
            [
              79.8826,
              6.857
            ],
            [
              79.8826,
              6.857
            ],
            [
              79.8869,
              6.86
            ],
            [
              79.8869,
              6.86
            ],
            [
              79.8869,
              6.86
            ],
            [
              79.8889,
              6.8613
            ],
            [
              79.8889,
              6.8613
            ],
            [
              79.8889,
              6.8613
            ],
            [
              79.8903,
              6.8622
            ],
            [
              79.8922,
              6.8672
            ],
            [
              79.8886,
              6.8704
            ],
            [
              79.8886,
              6.8703
            ],
            [
              79.8886,
              6.8704
            ],
            [
              79.8851,
              6.8734
            ],
            [
              79.8598,
              6.8626
            ],
            [
              79.8694,
              6.8057
            ]
          ]
        ]
      }
    },
    {
      "id": "feature_002",
      "type": "Feature",
      "properties": {
        "id": "LK-11-013",
        "name": "Moratuwa MC",
        "area_sqkm": "19.3",
        "center_lat": "6.782566",
        "center_lng": "79.890891",
        "lg_code": "13",
        "province_id": "LK-1",
        "district_id": "LK-11",
        "dsd_id": "LK-1133",
        "ed_id": "EC-01",
        "pd_id": "EC-01O"
      },
      "geometry": {
        "type": "Polygon",
        "coordinates": [
          [
            [
              79.8694,
              6.8057
            ],
            [
              79.9011,
              6.7153
            ],
            [
              79.9006,
              6.7348
            ],
            [
              79.9054,
              6.7682
            ],
            [
              79.8994,
              6.8178
            ],
            [
              79.8985,
              6.8184
            ],
            [
              79.8694,
              6.8057
            ]
          ]
        ]
      }
    },
    {
      "id": "feature_003",
      "type": "Feature",
      "properties": {
        "id": "LK-11-014",
        "name": "Sri Jayawardanapura Kotte MC",
        "area_sqkm": "16.32",
        "center_lat": "6.891034",
        "center_lng": "79.898428",
        "lg_code": "14",
        "province_id": "LK-1",
        "district_id": "LK-11",
        "dsd_id": "LK-1124",
        "ed_id": "EC-01",
        "pd_id": "EC-01I"
      },
      "geometry": {
        "type": "Polygon",
        "coordinates": [
          [
            [
              79.8922,
              6.8672
            ],
            [
              79.9221,
              6.8845
            ],
            [
              79.9012,
              6.9135
            ],
            [
              79.9006,
              6.9236
            ],
            [
              79.8862,
              6.9241
            ],
            [
              79.8845,
              6.8825
            ],
            [
              79.8844,
              6.8825
            ],
            [
              79.8845,
              6.8825
            ],
            [
              79.8857,
              6.8739
            ],
            [
              79.8858,
              6.8739
            ],
            [
              79.8857,
              6.8739
            ],
            [
              79.8851,
              6.8734
            ],
            [
              79.8886,
              6.8704
            ],
            [
              79.8886,
              6.8703
            ],
            [
              79.8886,
              6.8704
            ],
            [
              79.8922,
              6.8672
            ]
          ]
        ]
      }
    },
    {
      "id": "feature_004",
      "type": "Feature",
      "properties": {
        "id": "LK-11-015",
        "name": "Kaduwela MC",
        "area_sqkm": "86.74",
        "center_lat": "6.903511",
        "center_lng": "79.977309",
        "lg_code": "15",
        "province_id": "LK-1",
        "district_id": "LK-11",
        "dsd_id": "LK-1109",
        "ed_id": "EC-01",
        "pd_id": "EC-01J"
      },
      "geometry": {
        "type": "Polygon",
        "coordinates": [
          [
            [
              79.9221,
              6.8845
            ],
            [
              79.9896,
              6.8586
            ],
            [
              80.0051,
              6.8692
            ],
            [
              80.0051,
              6.8692
            ],
            [
              80.0056,
              6.8753
            ],
            [
              80.045,
              6.9148
            ],
            [
              80.0142,
              6.9462
            ],
            [
              79.9503,
              6.9403
            ],
            [
              79.9442,
              6.9146
            ],
            [
              79.9442,
              6.9146
            ],
            [
              79.9157,
              6.9186
            ],
            [
              79.9157,
              6.9186
            ],
            [
              79.9157,
              6.9186
            ],
            [
              79.9012,
              6.9135
            ],
            [
              79.9221,
              6.8845
            ]
          ]
        ]
      }
    },
    {
      "id": "feature_005",
      "type": "Feature",
      "properties": {
        "id": "LK-11-021",
        "name": "Kolonnawa UC",
        "area_sqkm": "5.12",
        "center_lat": "6.938501",
        "center_lng": "79.887787",
        "lg_code": "21",
        "province_id": "LK-1",
        "district_id": "LK-11",
        "dsd_id": "LK-1106",
        "ed_id": "EC-01",
        "pd_id": "EC-01H"
      },
      "geometry": {
        "type": "Polygon",
        "coordinates": [
          [
            [
              79.8862,
              6.9241
            ],
            [
              79.9006,
              6.9236
            ],
            [
              79.89,
              6.9546
            ],
            [
              79.8792,
              6.9584
            ],
            [
              79.8862,
              6.9241
            ]
          ]
        ]
      }
    },
    {
      "id": "feature_006",
      "type": "Feature",
      "properties": {
        "id": "LK-11-022",
        "name": "Seethawakapura UC",
        "area_sqkm": "20.65",
        "center_lat": "6.954033",
        "center_lng": "80.200223",
        "lg_code": "22",
        "province_id": "LK-1",
        "district_id": "LK-11",
        "dsd_id": "LK-1115",
        "ed_id": "EC-01",
        "pd_id": "EC-01K"
      },
      "geometry": {
        "type": "Polygon",
        "coordinates": [
          [
            [
              80.1835,
              6.9752
            ],
            [
              80.2095,
              6.9326
            ],
            [
              80.2073,
              6.9787
            ],
            [
              80.1835,
              6.9752
            ]
          ]
        ]
      }
    },
    {
      "id": "feature_007",
      "type": "Feature",
      "properties": {
        "id": "LK-11-023",
        "name": "Maharagama UC",
        "area_sqkm": "37.8",
        "center_lat": "6.856502",
        "center_lng": "79.941942",
        "lg_code": "23",
        "province_id": "LK-1",
        "district_id": "LK-11",
        "dsd_id": "LK-1121",
        "ed_id": "EC-01",
        "pd_id": "EC-01M"
      },
      "geometry": {
        "type": "Polygon",
        "coordinates": [
          [
            [
              79.9147,
              6.8444
            ],
            [
              79.9228,
              6.8268
            ],
            [
              79.9296,
              6.8311
            ],
            [
              79.9297,
              6.8311
            ],
            [
              79.9296,
              6.8311
            ],
            [
              79.9563,
              6.8436
            ],
            [
              79.9563,
              6.8435
            ],
            [
              79.9563,
              6.8436
            ],
            [
              79.9673,
              6.8308
            ],
            [
              79.9896,
              6.8586
            ],
            [
              79.9221,
              6.8845
            ],
            [
              79.8922,
              6.8672
            ],
            [
              79.8903,
              6.8622
            ],
            [
              79.9148,
              6.8444
            ],
            [
              79.9147,
              6.8444
            ]
          ]
        ]
      }
    },
    {
      "id": "feature_008",
      "type": "Feature",
      "properties": {
        "id": "LK-11-024",
        "name": "Kesbewa UC",
        "area_sqkm": "50.54",
        "center_lat": "6.794944",
        "center_lng": "79.93389",
        "lg_code": "24",
        "province_id": "LK-1",
        "district_id": "LK-11",
        "dsd_id": "LK-1136",
        "ed_id": "EC-01",
        "pd_id": "EC-01N"
      },
      "geometry": {
        "type": "Polygon",
        "coordinates": [
          [
            [
              79.9054,
              6.7682
            ],
            [
              79.9387,
              6.748
            ],
            [
              79.9505,
              6.7634
            ],
            [
              79.9673,
              6.8308
            ],
            [
              79.9563,
              6.8436
            ],
            [
              79.9563,
              6.8435
            ],
            [
              79.9563,
              6.8436
            ],
            [
              79.9296,
              6.8311
            ],
            [
              79.9297,
              6.8311
            ],
            [
              79.9296,
              6.8311
            ],
            [
              79.9228,
              6.8268
            ],
            [
              79.9228,
              6.8268
            ],
            [
              79.9228,
              6.8268
            ],
            [
              79.9171,
              6.8229
            ],
            [
              79.9172,
              6.8229
            ],
            [
              79.9171,
              6.8229
            ],
            [
              79.8994,
              6.8178
            ],
            [
              79.9054,
              6.7682
            ]
          ]
        ]
      }
    },
    {
      "id": "feature_009",
      "type": "Feature",
      "properties": {
        "id": "LK-11-025",
        "name": "Boralesgamuwa UC",
        "area_sqkm": "10.87",
        "center_lat": "6.838445",
        "center_lng": "79.902511",
        "lg_code": "25",
        "province_id": "LK-1",
        "district_id": "LK-11",
        "dsd_id": "LK-1136",
        "ed_id": "EC-01",
        "pd_id": "EC-01N"
      },
      "geometry": {
        "type": "Polygon",
        "coordinates": [
          [
            [
              79.8861,
              6.852
            ],
            [
              79.8985,
              6.8184
            ],
            [
              79.8994,
              6.8178
            ],
            [
              79.9171,
              6.8229
            ],
            [
              79.9172,
              6.8229
            ],
            [
              79.9171,
              6.8229
            ],
            [
              79.9228,
              6.8268
            ],
            [
              79.9228,
              6.8268
            ],
            [
              79.9228,
              6.8268
            ],
            [
              79.9148,
              6.8444
            ],
            [
              79.9147,
              6.8444
            ],
            [
              79.8903,
              6.8622
            ],
            [
              79.8889,
              6.8613
            ],
            [
              79.8889,
              6.8613
            ],
            [
              79.8889,
              6.8613
            ],
            [
              79.8869,
              6.86
            ],
            [
              79.8869,
              6.86
            ],
            [
              79.8869,
              6.86
            ],
            [
              79.8826,
              6.857
            ],
            [
              79.8826,
              6.857
            ],
            [
              79.8826,
              6.857
            ],
            [
              79.8861,
              6.852
            ],
            [
              79.8861,
              6.852
            ],
            [
              79.8861,
              6.852
            ]
          ]
        ]
      }
    },
    {
      "id": "feature_010",
      "type": "Feature",
      "properties": {
        "id": "LK-11-031",
        "name": "Homagama PS",
        "area_sqkm": "139.34",
        "center_lat": "6.831555",
        "center_lng": "80.022149",
        "lg_code": "31",
        "province_id": "LK-1",
        "district_id": "LK-11",
        "dsd_id": "",
        "ed_id": "EC-01",
        "pd_id": ""
      },
      "geometry": {
        "type": "Polygon",
        "coordinates": [
          [
            [
              79.9721,
              6.7591
            ],
            [
              80.0006,
              6.771
            ],
            [
              80.0006,
              6.771
            ],
            [
              80.0006,
              6.771
            ],
            [
              80.0897,
              6.8153
            ],
            [
              80.0626,
              6.9083
            ],
            [
              80.045,
              6.9148
            ],
            [
              80.0056,
              6.8753
            ],
            [
              80.0051,
              6.8692
            ],
            [
              80.0051,
              6.8692
            ],
            [
              79.9896,
              6.8586
            ],
            [
              79.9673,
              6.8308
            ],
            [
              79.9505,
              6.7634
            ],
            [
              79.9721,
              6.7591
            ]
          ]
        ]
      }
    },
    {
      "id": "feature_011",
      "type": "Feature",
      "properties": {
        "id": "LK-11-033",
        "name": "Kotikawatta-Mullariyawa PS",
        "area_sqkm": "20.81",
        "center_lat": "6.933354",
        "center_lng": "79.921913",
        "lg_code": "33",
        "province_id": "LK-1",
        "district_id": "LK-11",
        "dsd_id": "LK-1106",
        "ed_id": "EC-01",
        "pd_id": "EC-01H"
      },
      "geometry": {
        "type": "Polygon",
        "coordinates": [
          [
            [
              79.9012,
              6.9135
            ],
            [
              79.9157,
              6.9186
            ],
            [
              79.9157,
              6.9186
            ],
            [
              79.9157,
              6.9186
            ],
            [
              79.9442,
              6.9146
            ],
            [
              79.9442,
              6.9146
            ],
            [
              79.9503,
              6.9403
            ],
            [
              79.9294,
              6.9499
            ],
            [
              79.8961,
              6.9561
            ],
            [
              79.89,
              6.9546
            ],
            [
              79.9006,
              6.9236
            ],
            [
              79.9012,
              6.9135
            ]
          ]
        ]
      }
    },
    {
      "id": "feature_012",
      "type": "Feature",
      "properties": {
        "id": "LK-11-034",
        "name": "Seethawaka PS",
        "area_sqkm": "212.5",
        "center_lat": "6.884347",
        "center_lng": "80.136868",
        "lg_code": "34",
        "province_id": "LK-1",
        "district_id": "LK-11",
        "dsd_id": "",
        "ed_id": "EC-01",
        "pd_id": "EC-01K"
      },
      "geometry": {
        "type": "Polygon",
        "coordinates": [
          [
            [
              80.0897,
              6.8153
            ],
            [
              80.1777,
              6.8158
            ],
            [
              80.2111,
              6.9169
            ],
            [
              80.2095,
              6.9326
            ],
            [
              80.1835,
              6.9752
            ],
            [
              80.1793,
              6.9776
            ],
            [
              80.0626,
              6.9083
            ],
            [
              80.0897,
              6.8153
            ]
          ]
        ]
      }
    },
    {
      "id": "feature_013",
      "type": "Feature",
      "properties": {
        "id": "LK-12-011",
        "name": "Negombo MC",
        "area_sqkm": "30.4",
        "center_lat": "7.21369",
        "center_lng": "79.845016",
        "lg_code": "11",
        "province_id": "LK-1",
        "district_id": "LK-12",
        "dsd_id": "",
        "ed_id": "EC-02",
        "pd_id": ""
      },
      "geometry": {
        "type": "Polygon",
        "coordinates": [
          [
            [
              79.8426,
              7.1121
            ],
            [
              79.8577,
              7.1811
            ],
            [
              79.8657,
              7.1905
            ],
            [
              79.8609,
              7.27
            ],
            [
              79.841,
              7.2729
            ],
            [
              79.8423,
              7.112
            ],
            [
              79.8426,
              7.1121
            ]
          ]
        ]
      }
    },
    {
      "id": "feature_014",
      "type": "Feature",
      "properties": {
        "id": "LK-12-012",
        "name": "Gampaha MC",
        "area_sqkm": "27.89",
        "center_lat": "7.093769",
        "center_lng": "80.023852",
        "lg_code": "12",
        "province_id": "LK-1",
        "district_id": "LK-12",
        "dsd_id": "LK-1224",
        "ed_id": "EC-02",
        "pd_id": "EC-02H"
      },
      "geometry": {
        "type": "Polygon",
        "coordinates": [
          [
            [
              80.0236,
              7.069
            ],
            [
              79.9868,
              7.0951
            ],
            [
              80.0087,
              7.107
            ],
            [
              80.0559,
              7.1177
            ],
            [
              80.0559,
              7.1178
            ],
            [
              80.054,
              7.0886
            ],
            [
              80.054,
              7.0886
            ],
            [
              80.0431,
              7.0777
            ],
            [
              80.0236,
              7.069
            ]
          ]
        ]
      }
    },
    {
      "id": "feature_015",
      "type": "Feature",
      "properties": {
        "id": "LK-12-022",
        "name": "Ja- Ela UC",
        "area_sqkm": "7.91",
        "center_lat": "7.071388",
        "center_lng": "79.887224",
        "lg_code": "22",
        "province_id": "LK-1",
        "district_id": "LK-12",
        "dsd_id": "LK-1221",
        "ed_id": "EC-02",
        "pd_id": "EC-02I"
      },
      "geometry": {
        "type": "Polygon",
        "coordinates": [
          [
            [
              79.8817,
              7.0508
            ],
            [
              79.8971,
              7.0806
            ],
            [
              79.8971,
              7.0806
            ],
            [
              79.8971,
              7.0806
            ],
            [
              79.8789,
              7.0887
            ],
            [
              79.8817,
              7.0508
            ]
          ]
        ]
      }
    },
    {
      "id": "feature_016",
      "type": "Feature",
      "properties": {
        "id": "LK-12-023",
        "name": "Katunayaka- Seeduwa UC/Katana PS",
        "area_sqkm": "23.44",
        "center_lat": "7.157189",
        "center_lng": "79.878895",
        "lg_code": "23/37",
        "province_id": "LK-1",
        "district_id": "LK-12",
        "dsd_id": "LK-1206",
        "ed_id": "EC-02",
        "pd_id": "EC-02C"
      },
      "geometry": {
        "type": "Polygon",
        "coordinates": [
          [
            [
              79.8829,
              7.1105
            ],
            [
              79.8657,
              7.1905
            ],
            [
              79.8577,
              7.1811
            ],
            [
              79.8692,
              7.1366
            ],
            [
              79.871,
              7.1273
            ],
            [
              79.8531,
              7.1065
            ],
            [
              79.8595,
              7.1049
            ],
            [
              79.8829,
              7.1105
            ]
          ]
        ]
      }
    },
    {
      "id": "feature_017",
      "type": "Feature",
      "properties": {
        "id": "LK-12-024",
        "name": "Minuwangoda UC",
        "area_sqkm": "3.64",
        "center_lat": "7.170623",
        "center_lng": "79.952499",
        "lg_code": "24",
        "province_id": "LK-1",
        "district_id": "LK-12",
        "dsd_id": "LK-1215",
        "ed_id": "EC-02",
        "pd_id": "EC-02F"
      },
      "geometry": {
        "type": "Polygon",
        "coordinates": [
          [
            [
              79.9487,
              7.1745
            ],
            [
              79.9352,
              7.1687
            ],
            [
              79.9564,
              7.1539
            ],
            [
              79.9661,
              7.1862
            ],
            [
              79.9487,
              7.1745
            ]
          ]
        ]
      }
    },
    {
      "id": "feature_018",
      "type": "Feature",
      "properties": {
        "id": "LK-12-025",
        "name": "Peliyagoda UC",
        "area_sqkm": "3.81",
        "center_lat": "6.963016",
        "center_lng": "79.88928",
        "lg_code": "25",
        "province_id": "LK-1",
        "district_id": "LK-12",
        "dsd_id": "LK-1236",
        "ed_id": "EC-02",
        "pd_id": "EC-02M"
      },
      "geometry": {
        "type": "Polygon",
        "coordinates": [
          [
            [
              79.89,
              6.9546
            ],
            [
              79.8961,
              6.9561
            ],
            [
              79.8969,
              6.9709
            ],
            [
              79.8939,
              6.9713
            ],
            [
              79.885,
              6.9747
            ],
            [
              79.8792,
              6.9584
            ],
            [
              79.89,
              6.9546
            ]
          ]
        ]
      }
    },
    {
      "id": "feature_019",
      "type": "Feature",
      "properties": {
        "id": "LK-12-026",
        "name": "Wattala - Mabola UC",
        "area_sqkm": "3.95",
        "center_lat": "6.989689",
        "center_lng": "79.894309",
        "lg_code": "26",
        "province_id": "LK-1",
        "district_id": "LK-12",
        "dsd_id": "LK-1218",
        "ed_id": "EC-02",
        "pd_id": "EC-02A"
      },
      "geometry": {
        "type": "Polygon",
        "coordinates": [
          [
            [
              79.8939,
              6.9713
            ],
            [
              79.8927,
              6.9786
            ],
            [
              79.8927,
              6.9786
            ],
            [
              79.8927,
              6.9786
            ],
            [
              79.8927,
              6.9786
            ],
            [
              79.9051,
              6.9976
            ],
            [
              79.8997,
              7.0085
            ],
            [
              79.8829,
              6.9806
            ],
            [
              79.8829,
              6.9806
            ],
            [
              79.8829,
              6.9806
            ],
            [
              79.8822,
              6.9799
            ],
            [
              79.885,
              6.9747
            ],
            [
              79.8939,
              6.9713
            ]
          ]
        ]
      }
    },
    {
      "id": "feature_020",
      "type": "Feature",
      "properties": {
        "id": "LK-12-031",
        "name": "Attanagalla PS",
        "area_sqkm": "154.83",
        "center_lat": "7.114342",
        "center_lng": "80.109868",
        "lg_code": "31",
        "province_id": "LK-1",
        "district_id": "LK-12",
        "dsd_id": "LK-1227",
        "ed_id": "EC-02",
        "pd_id": "EC-02G"
      },
      "geometry": {
        "type": "Polygon",
        "coordinates": [
          [
            [
              80.0431,
              7.0777
            ],
            [
              80.0921,
              7.0734
            ],
            [
              80.0921,
              7.0734
            ],
            [
              80.0921,
              7.0734
            ],
            [
              80.0933,
              7.0701
            ],
            [
              80.1648,
              7.0601
            ],
            [
              80.2022,
              7.137
            ],
            [
              80.1589,
              7.1364
            ],
            [
              80.1025,
              7.16
            ],
            [
              80.1025,
              7.1599
            ],
            [
              80.1025,
              7.16
            ],
            [
              80.0415,
              7.1704
            ],
            [
              80.0198,
              7.1292
            ],
            [
              80.0198,
              7.1292
            ],
            [
              80.0198,
              7.1292
            ],
            [
              80.0087,
              7.107
            ],
            [
              80.0559,
              7.1177
            ],
            [
              80.0559,
              7.1178
            ],
            [
              80.054,
              7.0886
            ],
            [
              80.054,
              7.0886
            ],
            [
              80.0431,
              7.0777
            ]
          ],
          [
            [
              80.0462,
              7.0759
            ],
            [
              80.0466,
              7.0758
            ],
            [
              80.046,
              7.0754
            ],
            [
              80.0458,
              7.0756
            ],
            [
              80.0462,
              7.0759
            ]
          ]
        ]
      }
    },
    {
      "id": "feature_021",
      "type": "Feature",
      "properties": {
        "id": "LK-12-032",
        "name": "Biyagama PS",
        "area_sqkm": "61.01",
        "center_lat": "6.968689",
        "center_lng": "79.978247",
        "lg_code": "32",
        "province_id": "LK-1",
        "district_id": "LK-12",
        "dsd_id": "LK-1239",
        "ed_id": "EC-02",
        "pd_id": "EC-02L"
      },
      "geometry": {
        "type": "Polygon",
        "coordinates": [
          [
            [
              79.9503,
              6.9403
            ],
            [
              80.0142,
              6.9462
            ],
            [
              80.0305,
              6.9884
            ],
            [
              79.9596,
              7.0071
            ],
            [
              79.9598,
              7.0071
            ],
            [
              79.9596,
              7.0071
            ],
            [
              79.939,
              6.9911
            ],
            [
              79.9294,
              6.9499
            ],
            [
              79.9503,
              6.9403
            ]
          ]
        ]
      }
    },
    {
      "id": "feature_022",
      "type": "Feature",
      "properties": {
        "id": "LK-12-033",
        "name": "Divulapitiya PS",
        "area_sqkm": "203.16",
        "center_lat": "7.253922",
        "center_lng": "80.006882",
        "lg_code": "33",
        "province_id": "LK-1",
        "district_id": "LK-12",
        "dsd_id": "LK-1209",
        "ed_id": "EC-02",
        "pd_id": "EC-02D"
      },
      "geometry": {
        "type": "Polygon",
        "coordinates": [
          [
            [
              79.9397,
              7.1991
            ],
            [
              79.9618,
              7.1998
            ],
            [
              79.9618,
              7.1998
            ],
            [
              79.9618,
              7.1998
            ],
            [
              80.0334,
              7.2104
            ],
            [
              80.0948,
              7.3076
            ],
            [
              79.9416,
              7.2762
            ],
            [
              79.9126,
              7.2678
            ],
            [
              79.9397,
              7.1991
            ]
          ]
        ]
      }
    },
    {
      "id": "feature_023",
      "type": "Feature",
      "properties": {
        "id": "LK-12-034",
        "name": "Dompe PS",
        "area_sqkm": "179.18",
        "center_lat": "6.990491",
        "center_lng": "80.098929",
        "lg_code": "34",
        "province_id": "LK-1",
        "district_id": "LK-12",
        "dsd_id": "LK-1230",
        "ed_id": "EC-02",
        "pd_id": "EC-02K"
      },
      "geometry": {
        "type": "Polygon",
        "coordinates": [
          [
            [
              80.0626,
              6.9083
            ],
            [
              80.1793,
              6.9776
            ],
            [
              80.1648,
              7.0601
            ],
            [
              80.0933,
              7.0701
            ],
            [
              80.0305,
              6.9884
            ],
            [
              80.0142,
              6.9462
            ],
            [
              80.045,
              6.9148
            ],
            [
              80.0626,
              6.9083
            ]
          ]
        ]
      }
    },
    {
      "id": "feature_024",
      "type": "Feature",
      "properties": {
        "id": "LK-12-035",
        "name": "Gampaha PS",
        "area_sqkm": "63.93",
        "center_lat": "7.06141",
        "center_lng": "79.981326",
        "lg_code": "35",
        "province_id": "LK-1",
        "district_id": "LK-12",
        "dsd_id": "LK-1224",
        "ed_id": "EC-02",
        "pd_id": "EC-02H"
      },
      "geometry": {
        "type": "Polygon",
        "coordinates": [
          [
            [
              79.9517,
              7.0574
            ],
            [
              80.0236,
              7.069
            ],
            [
              79.9868,
              7.0951
            ],
            [
              79.9276,
              7.1141
            ],
            [
              79.9308,
              7.0763
            ],
            [
              79.9308,
              7.0763
            ],
            [
              79.9308,
              7.0763
            ],
            [
              79.9413,
              7.063
            ],
            [
              79.9413,
              7.063
            ],
            [
              79.9517,
              7.0574
            ]
          ]
        ]
      }
    },
    {
      "id": "feature_025",
      "type": "Feature",
      "properties": {
        "id": "LK-12-036",
        "name": "Ja- Ela PS",
        "area_sqkm": "54.54",
        "center_lat": "7.072131",
        "center_lng": "79.912021",
        "lg_code": "36",
        "province_id": "LK-1",
        "district_id": "LK-12",
        "dsd_id": "LK-1221",
        "ed_id": "EC-02",
        "pd_id": "EC-02I"
      },
      "geometry": {
        "type": "Polygon",
        "coordinates": [
          [
            [
              79.8817,
              7.0508
            ],
            [
              79.9338,
              7.0208
            ],
            [
              79.9517,
              7.0574
            ],
            [
              79.9413,
              7.063
            ],
            [
              79.9413,
              7.063
            ],
            [
              79.9308,
              7.0763
            ],
            [
              79.9308,
              7.0763
            ],
            [
              79.9308,
              7.0763
            ],
            [
              79.9276,
              7.1141
            ],
            [
              79.9207,
              7.1174
            ],
            [
              79.8829,
              7.1105
            ],
            [
              79.8595,
              7.1049
            ],
            [
              79.8789,
              7.0887
            ],
            [
              79.8971,
              7.0806
            ],
            [
              79.8971,
              7.0806
            ],
            [
              79.8971,
              7.0806
            ],
            [
              79.8817,
              7.0508
            ]
          ]
        ]
      }
    },
    {
      "id": "feature_026",
      "type": "Feature",
      "properties": {
        "id": "LK-12-037",
        "name": "Katana PS",
        "area_sqkm": "83.15",
        "center_lat": "7.203003",
        "center_lng": "79.893504",
        "lg_code": "37",
        "province_id": "LK-1",
        "district_id": "LK-12",
        "dsd_id": "LK-1206",
        "ed_id": "EC-02",
        "pd_id": "EC-02C"
      },
      "geometry": {
        "type": "MultiPolygon",
        "coordinates": [
          [
            [
              [
                79.8657,
                7.1905
              ],
              [
                79.8829,
                7.1105
              ],
              [
                79.9207,
                7.1174
              ],
              [
                79.9293,
                7.1422
              ],
              [
                79.9294,
                7.1422
              ],
              [
                79.9293,
                7.1422
              ],
              [
                79.9177,
                7.1805
              ],
              [
                79.9177,
                7.1805
              ],
              [
                79.9177,
                7.1805
              ],
              [
                79.9397,
                7.1991
              ],
              [
                79.9126,
                7.2678
              ],
              [
                79.8609,
                7.27
              ],
              [
                79.8657,
                7.1905
              ]
            ]
          ],
          [
            [
              [
                79.871,
                7.1273
              ],
              [
                79.871,
                7.1273
              ],
              [
                79.8692,
                7.1366
              ],
              [
                79.871,
                7.1273
              ]
            ]
          ]
        ]
      }
    },
    {
      "id": "feature_027",
      "type": "Feature",
      "properties": {
        "id": "LK-12-038",
        "name": "Kelaniya PS",
        "area_sqkm": "18.13",
        "center_lat": "6.9719",
        "center_lng": "79.914193",
        "lg_code": "38",
        "province_id": "LK-1",
        "district_id": "LK-12",
        "dsd_id": "LK-1236",
        "ed_id": "EC-02",
        "pd_id": "EC-02M"
      },
      "geometry": {
        "type": "Polygon",
        "coordinates": [
          [
            [
              79.8961,
              6.9561
            ],
            [
              79.9294,
              6.9499
            ],
            [
              79.939,
              6.9911
            ],
            [
              79.9051,
              6.9976
            ],
            [
              79.8927,
              6.9786
            ],
            [
              79.8927,
              6.9786
            ],
            [
              79.8927,
              6.9786
            ],
            [
              79.8927,
              6.9786
            ],
            [
              79.8939,
              6.9713
            ],
            [
              79.8969,
              6.9709
            ],
            [
              79.8961,
              6.9561
            ]
          ]
        ]
      }
    },
    {
      "id": "feature_028",
      "type": "Feature",
      "properties": {
        "id": "LK-12-039",
        "name": "Mahara PS",
        "area_sqkm": "95.75",
        "center_lat": "7.029309",
        "center_lng": "80.01439",
        "lg_code": "39",
        "province_id": "LK-1",
        "district_id": "LK-12",
        "dsd_id": "LK-1233",
        "ed_id": "EC-02",
        "pd_id": "EC-02J"
      },
      "geometry": {
        "type": "MultiPolygon",
        "coordinates": [
          [
            [
              [
                79.9051,
                6.9976
              ],
              [
                79.939,
                6.9911
              ],
              [
                79.9596,
                7.0071
              ],
              [
                79.9598,
                7.0071
              ],
              [
                79.9596,
                7.0071
              ],
              [
                80.0305,
                6.9884
              ],
              [
                80.0933,
                7.0701
              ],
              [
                80.0921,
                7.0734
              ],
              [
                80.0921,
                7.0734
              ],
              [
                80.0921,
                7.0734
              ],
              [
                80.0431,
                7.0777
              ],
              [
                80.0236,
                7.069
              ],
              [
                79.9517,
                7.0574
              ],
              [
                79.9338,
                7.0208
              ],
              [
                79.8997,
                7.0085
              ],
              [
                79.9051,
                6.9976
              ]
            ]
          ],
          [
            [
              [
                80.0462,
                7.0759
              ],
              [
                80.0458,
                7.0756
              ],
              [
                80.046,
                7.0754
              ],
              [
                80.0466,
                7.0758
              ],
              [
                80.0462,
                7.0759
              ]
            ]
          ]
        ]
      }
    },
    {
      "id": "feature_029",
      "type": "Feature",
      "properties": {
        "id": "LK-12-040",
        "name": "Minuwangoda PS",
        "area_sqkm": "128.48",
        "center_lat": "7.154593",
        "center_lng": "79.979797",
        "lg_code": "40",
        "province_id": "LK-1",
        "district_id": "LK-12",
        "dsd_id": "LK-1215",
        "ed_id": "EC-02",
        "pd_id": "EC-02F"
      },
      "geometry": {
        "type": "Polygon",
        "coordinates": [
          [
            [
              79.9276,
              7.1141
            ],
            [
              79.9868,
              7.0951
            ],
            [
              80.0087,
              7.107
            ],
            [
              80.0198,
              7.1292
            ],
            [
              80.0198,
              7.1292
            ],
            [
              80.0198,
              7.1292
            ],
            [
              80.0415,
              7.1704
            ],
            [
              80.0334,
              7.2104
            ],
            [
              79.9618,
              7.1998
            ],
            [
              79.9618,
              7.1998
            ],
            [
              79.9618,
              7.1998
            ],
            [
              79.9397,
              7.1991
            ],
            [
              79.9177,
              7.1805
            ],
            [
              79.9177,
              7.1805
            ],
            [
              79.9177,
              7.1805
            ],
            [
              79.9293,
              7.1422
            ],
            [
              79.9294,
              7.1422
            ],
            [
              79.9293,
              7.1422
            ],
            [
              79.9207,
              7.1174
            ],
            [
              79.9276,
              7.1141
            ]
          ],
          [
            [
              79.9487,
              7.1745
            ],
            [
              79.9661,
              7.1862
            ],
            [
              79.9564,
              7.1539
            ],
            [
              79.9352,
              7.1687
            ],
            [
              79.9487,
              7.1745
            ]
          ]
        ]
      }
    },
    {
      "id": "feature_030",
      "type": "Feature",
      "properties": {
        "id": "LK-12-041",
        "name": "Mirigama PS",
        "area_sqkm": "188.81",
        "center_lat": "7.225181",
        "center_lng": "80.12288",
        "lg_code": "41",
        "province_id": "LK-1",
        "district_id": "LK-12",
        "dsd_id": "LK-1212",
        "ed_id": "EC-02",
        "pd_id": "EC-02E"
      },
      "geometry": {
        "type": "Polygon",
        "coordinates": [
          [
            [
              80.0415,
              7.1704
            ],
            [
              80.1025,
              7.16
            ],
            [
              80.1025,
              7.1599
            ],
            [
              80.1025,
              7.16
            ],
            [
              80.1589,
              7.1364
            ],
            [
              80.157,
              7.1435
            ],
            [
              80.157,
              7.1435
            ],
            [
              80.157,
              7.1435
            ],
            [
              80.196,
              7.2582
            ],
            [
              80.1482,
              7.3136
            ],
            [
              80.1252,
              7.3301
            ],
            [
              80.0948,
              7.3076
            ],
            [
              80.0334,
              7.2104
            ],
            [
              80.0415,
              7.1704
            ]
          ],
          [
            [
              80.1671,
              7.2001
            ],
            [
              80.1609,
              7.1983
            ],
            [
              80.159,
              7.1996
            ],
            [
              80.1628,
              7.2032
            ],
            [
              80.1671,
              7.2001
            ]
          ]
        ]
      }
    },
    {
      "id": "feature_031",
      "type": "Feature",
      "properties": {
        "id": "LK-12-042",
        "name": "Wattala PS",
        "area_sqkm": "53.22",
        "center_lat": "7.038584",
        "center_lng": "79.88011",
        "lg_code": "42",
        "province_id": "LK-1",
        "district_id": "LK-12",
        "dsd_id": "LK-1218",
        "ed_id": "EC-02",
        "pd_id": "EC-02A"
      },
      "geometry": {
        "type": "Polygon",
        "coordinates": [
          [
            [
              79.8692,
              6.9781
            ],
            [
              79.8822,
              6.9799
            ],
            [
              79.8829,
              6.9806
            ],
            [
              79.8829,
              6.9806
            ],
            [
              79.8829,
              6.9806
            ],
            [
              79.8997,
              7.0085
            ],
            [
              79.9338,
              7.0208
            ],
            [
              79.8817,
              7.0508
            ],
            [
              79.8789,
              7.0887
            ],
            [
              79.8595,
              7.1049
            ],
            [
              79.8531,
              7.1065
            ],
            [
              79.8426,
              7.1121
            ],
            [
              79.8423,
              7.112
            ],
            [
              79.8692,
              6.9781
            ]
          ]
        ]
      }
    },
    {
      "id": "feature_032",
      "type": "Feature",
      "properties": {
        "id": "LK-13-011",
        "name": "Kalutara MC",
        "area_sqkm": "20.76",
        "center_lat": "6.574697",
        "center_lng": "79.973975",
        "lg_code": "11",
        "province_id": "LK-1",
        "district_id": "LK-13",
        "dsd_id": "LK-1321",
        "ed_id": "EC-03",
        "pd_id": "EC-03F"
      },
      "geometry": {
        "type": "Polygon",
        "coordinates": [
          [
            [
              79.9484,
              6.607
            ],
            [
              79.9695,
              6.5435
            ],
            [
              80.0024,
              6.5541
            ],
            [
              80.002,
              6.5583
            ],
            [
              80.002,
              6.5583
            ],
            [
              80.002,
              6.5583
            ],
            [
              79.9943,
              6.5717
            ],
            [
              79.978,
              6.587
            ],
            [
              79.978,
              6.587
            ],
            [
              79.978,
              6.587
            ],
            [
              79.9729,
              6.6117
            ],
            [
              79.9729,
              6.6117
            ],
            [
              79.9729,
              6.6117
            ],
            [
              79.9484,
              6.607
            ]
          ]
        ]
      }
    },
    {
      "id": "feature_033",
      "type": "Feature",
      "properties": {
        "id": "LK-13-021",
        "name": "Beruwala UC",
        "area_sqkm": "4.73",
        "center_lat": "6.470168",
        "center_lng": "79.98435",
        "lg_code": "21",
        "province_id": "LK-1",
        "district_id": "LK-13",
        "dsd_id": "LK-1324",
        "ed_id": "EC-03",
        "pd_id": "EC-03G"
      },
      "geometry": {
        "type": "MultiPolygon",
        "coordinates": [
          [
            [
              [
                79.9765,
                6.4576
              ],
              [
                79.9765,
                6.4576
              ],
              [
                79.983,
                6.4837
              ],
              [
                79.9765,
                6.4576
              ]
            ]
          ],
          [
            [
              [
                79.9717,
                6.4698
              ],
              [
                79.9714,
                6.4691
              ],
              [
                79.9718,
                6.4688
              ],
              [
                79.9721,
                6.4695
              ],
              [
                79.9717,
                6.4698
              ]
            ]
          ],
          [
            [
              [
                79.9709,
                6.4722
              ],
              [
                79.97,
                6.4719
              ],
              [
                79.9704,
                6.4705
              ],
              [
                79.9709,
                6.4708
              ],
              [
                79.9709,
                6.4722
              ]
            ]
          ],
          [
            [
              [
                79.9697,
                6.4618
              ],
              [
                79.9698,
                6.4639
              ],
              [
                79.9681,
                6.4643
              ],
              [
                79.9675,
                6.4627
              ],
              [
                79.9697,
                6.4618
              ]
            ]
          ]
        ]
      }
    },
    {
      "id": "feature_034",
      "type": "Feature",
      "properties": {
        "id": "LK-13-022",
        "name": "Horana UC/Horana PS",
        "area_sqkm": "5.01",
        "center_lat": "6.716079",
        "center_lng": "80.064276",
        "lg_code": "22/36",
        "province_id": "LK-1",
        "district_id": "LK-13",
        "dsd_id": "LK-1309",
        "ed_id": "EC-03",
        "pd_id": "EC-03C"
      },
      "geometry": {
        "type": "Polygon",
        "coordinates": [
          [
            [
              80.0787,
              6.7087
            ],
            [
              80.072,
              6.7017
            ],
            [
              80.043,
              6.7193
            ],
            [
              80.0423,
              6.7194
            ],
            [
              80.0787,
              6.7087
            ]
          ]
        ]
      }
    },
    {
      "id": "feature_035",
      "type": "Feature",
      "properties": {
        "id": "LK-13-024",
        "name": "Panadura UC/Panadura PS",
        "area_sqkm": "7.45",
        "center_lat": "6.714246",
        "center_lng": "79.912254",
        "lg_code": "24/39",
        "province_id": "LK-1",
        "district_id": "LK-13",
        "dsd_id": "LK-1303",
        "ed_id": "EC-03",
        "pd_id": "EC-03A"
      },
      "geometry": {
        "type": "Polygon",
        "coordinates": [
          [
            [
              79.9011,
              6.7153
            ],
            [
              79.9006,
              6.7348
            ],
            [
              79.904,
              6.7363
            ],
            [
              79.904,
              6.7363
            ],
            [
              79.9266,
              6.7194
            ],
            [
              79.9262,
              6.7184
            ],
            [
              79.9174,
              6.7128
            ],
            [
              79.9174,
              6.7128
            ],
            [
              79.9196,
              6.7121
            ],
            [
              79.9205,
              6.7057
            ],
            [
              79.9201,
              6.7002
            ],
            [
              79.9201,
              6.7002
            ],
            [
              79.9201,
              6.7002
            ],
            [
              79.9114,
              6.6927
            ],
            [
              79.9011,
              6.7153
            ]
          ],
          [
            [
              79.9219,
              6.7255
            ],
            [
              79.923,
              6.7219
            ],
            [
              79.9174,
              6.7234
            ],
            [
              79.9217,
              6.7265
            ],
            [
              79.9219,
              6.7255
            ]
          ]
        ]
      }
    },
    {
      "id": "feature_036",
      "type": "Feature",
      "properties": {
        "id": "LK-13-031",
        "name": "Agalawatta PS",
        "area_sqkm": "92.24",
        "center_lat": "6.515637",
        "center_lng": "80.174536",
        "lg_code": "31",
        "province_id": "LK-1",
        "district_id": "LK-13",
        "dsd_id": "LK-1333",
        "ed_id": "EC-03",
        "pd_id": ""
      },
      "geometry": {
        "type": "Polygon",
        "coordinates": [
          [
            [
              80.1535,
              6.4685
            ],
            [
              80.2235,
              6.4447
            ],
            [
              80.1783,
              6.5356
            ],
            [
              80.1881,
              6.5805
            ],
            [
              80.1353,
              6.5661
            ],
            [
              80.1353,
              6.566
            ],
            [
              80.1353,
              6.5661
            ],
            [
              80.114,
              6.5648
            ],
            [
              80.1535,
              6.4685
            ]
          ]
        ]
      }
    },
    {
      "id": "feature_037",
      "type": "Feature",
      "properties": {
        "id": "LK-13-032",
        "name": "Bandaragama PS",
        "area_sqkm": "57.08",
        "center_lat": "6.718529",
        "center_lng": "79.975934",
        "lg_code": "32",
        "province_id": "LK-1",
        "district_id": "LK-13",
        "dsd_id": "LK-1306",
        "ed_id": "EC-03",
        "pd_id": "EC-03B"
      },
      "geometry": {
        "type": "Polygon",
        "coordinates": [
          [
            [
              79.9196,
              6.7121
            ],
            [
              79.955,
              6.6888
            ],
            [
              79.9827,
              6.6824
            ],
            [
              80.0228,
              6.7194
            ],
            [
              80.0228,
              6.7194
            ],
            [
              80.0228,
              6.7194
            ],
            [
              80.0235,
              6.7222
            ],
            [
              79.9721,
              6.7591
            ],
            [
              79.9505,
              6.7634
            ],
            [
              79.9387,
              6.748
            ],
            [
              79.9469,
              6.7431
            ],
            [
              79.9469,
              6.7431
            ],
            [
              79.9469,
              6.7431
            ],
            [
              79.9476,
              6.7222
            ],
            [
              79.9476,
              6.7223
            ],
            [
              79.9476,
              6.7222
            ],
            [
              79.9476,
              6.7222
            ],
            [
              79.9266,
              6.7194
            ],
            [
              79.9262,
              6.7184
            ],
            [
              79.9174,
              6.7128
            ],
            [
              79.9174,
              6.7128
            ],
            [
              79.9196,
              6.7121
            ]
          ]
        ]
      }
    },
    {
      "id": "feature_038",
      "type": "Feature",
      "properties": {
        "id": "LK-13-033",
        "name": "Beruwala PS",
        "area_sqkm": "68.79",
        "center_lat": "6.490077",
        "center_lng": "80.006139",
        "lg_code": "33",
        "province_id": "LK-1",
        "district_id": "LK-13",
        "dsd_id": "LK-1324",
        "ed_id": "EC-03",
        "pd_id": "EC-03G"
      },
      "geometry": {
        "type": "MultiPolygon",
        "coordinates": [
          [
            [
              [
                79.9855,
                6.4436
              ],
              [
                80.0248,
                6.4276
              ],
              [
                80.04,
                6.4571
              ],
              [
                80.04,
                6.4571
              ],
              [
                80.0369,
                6.4826
              ],
              [
                80.0369,
                6.4826
              ],
              [
                80.0275,
                6.5181
              ],
              [
                80.0275,
                6.5181
              ],
              [
                80.0172,
                6.5429
              ],
              [
                80.0172,
                6.5429
              ],
              [
                80.0155,
                6.5451
              ],
              [
                80.0155,
                6.5451
              ],
              [
                80.0155,
                6.5451
              ],
              [
                80.0024,
                6.5541
              ],
              [
                79.9695,
                6.5435
              ],
              [
                79.983,
                6.4837
              ],
              [
                79.9765,
                6.4576
              ],
              [
                79.9855,
                6.4436
              ]
            ]
          ],
          [
            [
              [
                79.9796,
                6.4483
              ],
              [
                79.979,
                6.45
              ],
              [
                79.9769,
                6.4526
              ],
              [
                79.9795,
                6.4479
              ],
              [
                79.9796,
                6.4483
              ]
            ]
          ],
          [
            [
              [
                79.9794,
                6.447
              ],
              [
                79.9786,
                6.4471
              ],
              [
                79.9783,
                6.4467
              ],
              [
                79.979,
                6.4465
              ],
              [
                79.9794,
                6.447
              ]
            ]
          ],
          [
            [
              [
                79.979,
                6.4415
              ],
              [
                79.9793,
                6.4415
              ],
              [
                79.9793,
                6.4416
              ],
              [
                79.9791,
                6.4417
              ],
              [
                79.979,
                6.4415
              ]
            ]
          ]
        ]
      }
    },
    {
      "id": "feature_039",
      "type": "Feature",
      "properties": {
        "id": "LK-13-034",
        "name": "Bulathsinhala PS",
        "area_sqkm": "211.03",
        "center_lat": "6.648237",
        "center_lng": "80.174565",
        "lg_code": "34",
        "province_id": "LK-1",
        "district_id": "LK-13",
        "dsd_id": "LK-1312",
        "ed_id": "EC-03",
        "pd_id": "EC-03D"
      },
      "geometry": {
        "type": "Polygon",
        "coordinates": [
          [
            [
              80.1353,
              6.5661
            ],
            [
              80.1881,
              6.5805
            ],
            [
              80.2607,
              6.6224
            ],
            [
              80.204,
              6.7222
            ],
            [
              80.204,
              6.7222
            ],
            [
              80.1991,
              6.7266
            ],
            [
              80.1087,
              6.7044
            ],
            [
              80.1142,
              6.5825
            ],
            [
              80.114,
              6.5648
            ],
            [
              80.1353,
              6.5661
            ],
            [
              80.1353,
              6.566
            ],
            [
              80.1353,
              6.5661
            ]
          ]
        ]
      }
    },
    {
      "id": "feature_040",
      "type": "Feature",
      "properties": {
        "id": "LK-13-035",
        "name": "Dodangoda PS",
        "area_sqkm": "109.85",
        "center_lat": "6.571467",
        "center_lng": "80.044831",
        "lg_code": "35",
        "province_id": "LK-1",
        "district_id": "LK-13",
        "dsd_id": "LK-1327",
        "ed_id": "EC-03",
        "pd_id": "EC-03E"
      },
      "geometry": {
        "type": "Polygon",
        "coordinates": [
          [
            [
              80.0369,
              6.4826
            ],
            [
              80.1087,
              6.5799
            ],
            [
              80.0735,
              6.6246
            ],
            [
              80.0098,
              6.6348
            ],
            [
              79.9943,
              6.5717
            ],
            [
              80.002,
              6.5583
            ],
            [
              80.002,
              6.5583
            ],
            [
              80.002,
              6.5583
            ],
            [
              80.0024,
              6.5541
            ],
            [
              80.0155,
              6.5451
            ],
            [
              80.0155,
              6.5451
            ],
            [
              80.0155,
              6.5451
            ],
            [
              80.0172,
              6.5429
            ],
            [
              80.0172,
              6.5429
            ],
            [
              80.0275,
              6.5181
            ],
            [
              80.0275,
              6.5181
            ],
            [
              80.0369,
              6.4826
            ],
            [
              80.0369,
              6.4826
            ]
          ]
        ]
      }
    },
    {
      "id": "feature_041",
      "type": "Feature",
      "properties": {
        "id": "LK-13-036",
        "name": "Horana PS",
        "area_sqkm": "201.04",
        "center_lat": "6.760308",
        "center_lng": "80.100775",
        "lg_code": "36",
        "province_id": "LK-1",
        "district_id": "LK-13",
        "dsd_id": "",
        "ed_id": "EC-03",
        "pd_id": "EC-03C"
      },
      "geometry": {
        "type": "MultiPolygon",
        "coordinates": [
          [
            [
              [
                80.0235,
                6.7222
              ],
              [
                80.0423,
                6.7194
              ],
              [
                80.0787,
                6.7087
              ],
              [
                80.1087,
                6.7044
              ],
              [
                80.1991,
                6.7266
              ],
              [
                80.2053,
                6.7305
              ],
              [
                80.1965,
                6.7531
              ],
              [
                80.1777,
                6.8158
              ],
              [
                80.0897,
                6.8153
              ],
              [
                80.0006,
                6.771
              ],
              [
                80.0006,
                6.771
              ],
              [
                80.0006,
                6.771
              ],
              [
                79.9721,
                6.7591
              ],
              [
                80.0235,
                6.7222
              ]
            ]
          ],
          [
            [
              [
                80.072,
                6.7017
              ],
              [
                80.0557,
                6.6943
              ],
              [
                80.0477,
                6.7183
              ],
              [
                80.0477,
                6.7183
              ],
              [
                80.0477,
                6.7183
              ],
              [
                80.043,
                6.7193
              ],
              [
                80.072,
                6.7017
              ]
            ]
          ]
        ]
      }
    },
    {
      "id": "feature_042",
      "type": "Feature",
      "properties": {
        "id": "LK-13-037",
        "name": "Kalutara PS",
        "area_sqkm": "54.81",
        "center_lat": "6.637438",
        "center_lng": "79.970166",
        "lg_code": "37",
        "province_id": "LK-1",
        "district_id": "LK-13",
        "dsd_id": "LK-1321",
        "ed_id": "EC-03",
        "pd_id": "EC-03F"
      },
      "geometry": {
        "type": "Polygon",
        "coordinates": [
          [
            [
              79.9484,
              6.607
            ],
            [
              79.9729,
              6.6117
            ],
            [
              79.9729,
              6.6117
            ],
            [
              79.9729,
              6.6117
            ],
            [
              79.978,
              6.587
            ],
            [
              79.978,
              6.587
            ],
            [
              79.978,
              6.587
            ],
            [
              79.9943,
              6.5717
            ],
            [
              80.0098,
              6.6348
            ],
            [
              79.9827,
              6.6824
            ],
            [
              79.955,
              6.6888
            ],
            [
              79.9508,
              6.6729
            ],
            [
              79.9508,
              6.6728
            ],
            [
              79.9508,
              6.6729
            ],
            [
              79.9439,
              6.6551
            ],
            [
              79.9439,
              6.6552
            ],
            [
              79.9439,
              6.6551
            ],
            [
              79.9318,
              6.6498
            ],
            [
              79.9484,
              6.607
            ]
          ]
        ]
      }
    },
    {
      "id": "feature_043",
      "type": "Feature",
      "properties": {
        "id": "LK-13-038",
        "name": "Mathugama PS",
        "area_sqkm": "138.88",
        "center_lat": "6.488",
        "center_lng": "80.090993",
        "lg_code": "38",
        "province_id": "LK-1",
        "district_id": "LK-13",
        "dsd_id": "LK-1330",
        "ed_id": "EC-03",
        "pd_id": "EC-03E"
      },
      "geometry": {
        "type": "Polygon",
        "coordinates": [
          [
            [
              80.0596,
              6.4086
            ],
            [
              80.127,
              6.4586
            ],
            [
              80.127,
              6.4586
            ],
            [
              80.1535,
              6.4685
            ],
            [
              80.114,
              6.5648
            ],
            [
              80.1142,
              6.5825
            ],
            [
              80.1087,
              6.5799
            ],
            [
              80.0369,
              6.4826
            ],
            [
              80.0369,
              6.4826
            ],
            [
              80.04,
              6.4571
            ],
            [
              80.04,
              6.4571
            ],
            [
              80.0248,
              6.4276
            ],
            [
              80.0596,
              6.4086
            ]
          ]
        ]
      }
    },
    {
      "id": "feature_044",
      "type": "Feature",
      "properties": {
        "id": "LK-13-039",
        "name": "Panadura PS",
        "area_sqkm": "37.95",
        "center_lat": "6.716098",
        "center_lng": "79.92523",
        "lg_code": "39",
        "province_id": "LK-1",
        "district_id": "LK-13",
        "dsd_id": "LK-1303",
        "ed_id": "EC-03",
        "pd_id": ""
      },
      "geometry": {
        "type": "MultiPolygon",
        "coordinates": [
          [
            [
              [
                79.9114,
                6.6927
              ],
              [
                79.9318,
                6.6498
              ],
              [
                79.9439,
                6.6551
              ],
              [
                79.9439,
                6.6552
              ],
              [
                79.9439,
                6.6551
              ],
              [
                79.9508,
                6.6729
              ],
              [
                79.9508,
                6.6728
              ],
              [
                79.9508,
                6.6729
              ],
              [
                79.955,
                6.6888
              ],
              [
                79.9196,
                6.7121
              ],
              [
                79.9205,
                6.7057
              ],
              [
                79.9201,
                6.7002
              ],
              [
                79.9201,
                6.7002
              ],
              [
                79.9201,
                6.7002
              ],
              [
                79.9114,
                6.6927
              ]
            ]
          ],
          [
            [
              [
                79.904,
                6.7363
              ],
              [
                79.9266,
                6.7194
              ],
              [
                79.9476,
                6.7222
              ],
              [
                79.9476,
                6.7223
              ],
              [
                79.9476,
                6.7222
              ],
              [
                79.9476,
                6.7222
              ],
              [
                79.9469,
                6.7431
              ],
              [
                79.9469,
                6.7431
              ],
              [
                79.9469,
                6.7431
              ],
              [
                79.9387,
                6.748
              ],
              [
                79.9054,
                6.7682
              ],
              [
                79.9006,
                6.7348
              ],
              [
                79.904,
                6.7363
              ],
              [
                79.904,
                6.7363
              ]
            ]
          ],
          [
            [
              [
                79.9174,
                6.7128
              ],
              [
                79.9262,
                6.7184
              ],
              [
                79.9174,
                6.7128
              ],
              [
                79.9174,
                6.7128
              ]
            ]
          ],
          [
            [
              [
                79.9219,
                6.7255
              ],
              [
                79.9217,
                6.7265
              ],
              [
                79.9174,
                6.7234
              ],
              [
                79.923,
                6.7219
              ],
              [
                79.9219,
                6.7255
              ]
            ]
          ]
        ]
      }
    },
    {
      "id": "feature_045",
      "type": "Feature",
      "properties": {
        "id": "LK-13-040",
        "name": "Walallawita PS",
        "area_sqkm": "211.65",
        "center_lat": "6.406665",
        "center_lng": "80.187579",
        "lg_code": "40",
        "province_id": "LK-1",
        "district_id": "LK-13",
        "dsd_id": "LK-1339",
        "ed_id": "EC-03",
        "pd_id": "EC-03H"
      },
      "geometry": {
        "type": "Polygon",
        "coordinates": [
          [
            [
              80.1314,
              6.3658
            ],
            [
              80.2065,
              6.3597
            ],
            [
              80.2991,
              6.3259
            ],
            [
              80.3003,
              6.3969
            ],
            [
              80.2235,
              6.4447
            ],
            [
              80.1535,
              6.4685
            ],
            [
              80.127,
              6.4586
            ],
            [
              80.127,
              6.4586
            ],
            [
              80.0596,
              6.4086
            ],
            [
              80.1314,
              6.3658
            ]
          ]
        ]
      }
    },
    {
      "id": "feature_046",
      "type": "Feature",
      "properties": {
        "id": "LK-13-041",
        "name": "Madurawala PS",
        "area_sqkm": "62.19",
        "center_lat": "6.651918",
        "center_lng": "80.093422",
        "lg_code": "41",
        "province_id": "LK-1",
        "district_id": "LK-13",
        "dsd_id": "LK-1315",
        "ed_id": "EC-03",
        "pd_id": "EC-03D"
      },
      "geometry": {
        "type": "Polygon",
        "coordinates": [
          [
            [
              80.0735,
              6.6246
            ],
            [
              80.1087,
              6.5799
            ],
            [
              80.1142,
              6.5825
            ],
            [
              80.1087,
              6.7044
            ],
            [
              80.0787,
              6.7087
            ],
            [
              80.072,
              6.7017
            ],
            [
              80.0557,
              6.6943
            ],
            [
              80.0735,
              6.6246
            ]
          ]
        ]
      }
    },
    {
      "id": "feature_047",
      "type": "Feature",
      "properties": {
        "id": "LK-13-042",
        "name": "Palindanuwara PS",
        "area_sqkm": "284.12",
        "center_lat": "6.506966",
        "center_lng": "80.274635",
        "lg_code": "42",
        "province_id": "LK-1",
        "district_id": "LK-13",
        "dsd_id": "LK-1336",
        "ed_id": "EC-03",
        "pd_id": "EC-03H"
      },
      "geometry": {
        "type": "Polygon",
        "coordinates": [
          [
            [
              80.2235,
              6.4447
            ],
            [
              80.3003,
              6.3969
            ],
            [
              80.3164,
              6.3995
            ],
            [
              80.3809,
              6.4261
            ],
            [
              80.3144,
              6.5706
            ],
            [
              80.2607,
              6.6224
            ],
            [
              80.1881,
              6.5805
            ],
            [
              80.1783,
              6.5356
            ],
            [
              80.2235,
              6.4447
            ]
          ]
        ]
      }
    },
    {
      "id": "feature_048",
      "type": "Feature",
      "properties": {
        "id": "LK-13-043",
        "name": "Millaniya PS",
        "area_sqkm": "79.42",
        "center_lat": "6.658585",
        "center_lng": "80.031028",
        "lg_code": "43",
        "province_id": "LK-1",
        "district_id": "LK-13",
        "dsd_id": "LK-1318",
        "ed_id": "EC-03",
        "pd_id": "EC-03B"
      },
      "geometry": {
        "type": "Polygon",
        "coordinates": [
          [
            [
              80.0098,
              6.6348
            ],
            [
              80.0735,
              6.6246
            ],
            [
              80.0557,
              6.6943
            ],
            [
              80.0477,
              6.7183
            ],
            [
              80.0477,
              6.7183
            ],
            [
              80.0477,
              6.7183
            ],
            [
              80.043,
              6.7193
            ],
            [
              80.0423,
              6.7194
            ],
            [
              80.0235,
              6.7222
            ],
            [
              80.0228,
              6.7194
            ],
            [
              80.0228,
              6.7194
            ],
            [
              80.0228,
              6.7194
            ],
            [
              79.9827,
              6.6824
            ],
            [
              80.0098,
              6.6348
            ]
          ]
        ]
      }
    },
    {
      "id": "feature_049",
      "type": "Feature",
      "properties": {
        "id": "LK-21-011",
        "name": "Kandy MC/ Pathadumbara PS",
        "area_sqkm": "29.09",
        "center_lat": "7.292359",
        "center_lng": "80.629803",
        "lg_code": "11/40",
        "province_id": "LK-2",
        "district_id": "LK-21",
        "dsd_id": "",
        "ed_id": "EC-04",
        "pd_id": ""
      },
      "geometry": {
        "type": "Polygon",
        "coordinates": [
          [
            [
              80.6177,
              7.2644
            ],
            [
              80.6208,
              7.265
            ],
            [
              80.6207,
              7.265
            ],
            [
              80.6208,
              7.265
            ],
            [
              80.629,
              7.258
            ],
            [
              80.6411,
              7.2633
            ],
            [
              80.6429,
              7.2639
            ],
            [
              80.6481,
              7.2685
            ],
            [
              80.6443,
              7.2798
            ],
            [
              80.6575,
              7.2931
            ],
            [
              80.6446,
              7.3231
            ],
            [
              80.6223,
              7.3319
            ],
            [
              80.606,
              7.2758
            ],
            [
              80.5936,
              7.2642
            ],
            [
              80.6177,
              7.2644
            ],
            [
              80.6177,
              7.2644
            ],
            [
              80.6177,
              7.2644
            ]
          ]
        ]
      }
    },
    {
      "id": "feature_050",
      "type": "Feature",
      "properties": {
        "id": "LK-21-021",
        "name": "Gampola UC",
        "area_sqkm": "13.92",
        "center_lat": "7.169488",
        "center_lng": "80.571736",
        "lg_code": "21",
        "province_id": "LK-2",
        "district_id": "LK-21",
        "dsd_id": "LK-2151",
        "ed_id": "EC-04",
        "pd_id": "EC-04L"
      },
      "geometry": {
        "type": "MultiPolygon",
        "coordinates": [
          [
            [
              [
                80.5413,
                7.1654
              ],
              [
                80.5762,
                7.1533
              ],
              [
                80.6012,
                7.1944
              ],
              [
                80.568,
                7.1839
              ],
              [
                80.5478,
                7.1823
              ],
              [
                80.5433,
                7.1811
              ],
              [
                80.5413,
                7.1654
              ]
            ]
          ],
          [
            [
              [
                80.5653,
                7.1469
              ],
              [
                80.5724,
                7.1387
              ],
              [
                80.5669,
                7.1584
              ],
              [
                80.5616,
                7.1569
              ],
              [
                80.5653,
                7.1469
              ]
            ]
          ]
        ]
      }
    },
    {
      "id": "feature_051",
      "type": "Feature",
      "properties": {
        "id": "LK-21-022",
        "name": "Kadugannawa UC/Yatinuwara PS",
        "area_sqkm": "7.81",
        "center_lat": "7.262628",
        "center_lng": "80.538077",
        "lg_code": "22/47",
        "province_id": "LK-2",
        "district_id": "LK-21",
        "dsd_id": "LK-2136",
        "ed_id": "EC-04",
        "pd_id": "EC-04J"
      },
      "geometry": {
        "type": "Polygon",
        "coordinates": [
          [
            [
              80.5093,
              7.2475
            ],
            [
              80.5595,
              7.2579
            ],
            [
              80.5081,
              7.2542
            ],
            [
              80.5093,
              7.2475
            ]
          ]
        ]
      }
    },
    {
      "id": "feature_052",
      "type": "Feature",
      "properties": {
        "id": "LK-21-023",
        "name": "Nawalapitiya UC/Pasbage Korale PS",
        "area_sqkm": "14.54",
        "center_lat": "7.047561",
        "center_lng": "80.540675",
        "lg_code": "23/39",
        "province_id": "LK-2",
        "district_id": "LK-21",
        "dsd_id": "LK-2157",
        "ed_id": "EC-04",
        "pd_id": "EC-04M"
      },
      "geometry": {
        "type": "Polygon",
        "coordinates": [
          [
            [
              80.5469,
              7.0769
            ],
            [
              80.5469,
              7.0769
            ],
            [
              80.559,
              7.0506
            ],
            [
              80.5469,
              7.0769
            ]
          ]
        ]
      }
    },
    {
      "id": "feature_053",
      "type": "Feature",
      "properties": {
        "id": "LK-21-024",
        "name": "Wattegama UC/ Pathadumbara PS",
        "area_sqkm": "9.49",
        "center_lat": "7.351362",
        "center_lng": "80.678548",
        "lg_code": "24/40",
        "province_id": "LK-2",
        "district_id": "LK-21",
        "dsd_id": "LK-2112",
        "ed_id": "EC-04",
        "pd_id": "EC-04C"
      },
      "geometry": {
        "type": "Polygon",
        "coordinates": [
          [
            [
              80.6933,
              7.3524
            ],
            [
              80.6617,
              7.3713
            ],
            [
              80.6611,
              7.3713
            ],
            [
              80.6865,
              7.3357
            ],
            [
              80.6988,
              7.3478
            ],
            [
              80.6933,
              7.3524
            ]
          ]
        ]
      }
    },
    {
      "id": "feature_054",
      "type": "Feature",
      "properties": {
        "id": "LK-21-025",
        "name": "Medadumbara PS",
        "area_sqkm": "0.89",
        "center_lat": "7.3365",
        "center_lng": "80.79031",
        "lg_code": "25",
        "province_id": "LK-2",
        "district_id": "LK-21",
        "dsd_id": "LK-2124",
        "ed_id": "EC-04",
        "pd_id": "EC-04E"
      },
      "geometry": {
        "type": "Polygon",
        "coordinates": [
          [
            [
              80.7871,
              7.3455
            ],
            [
              80.7873,
              7.3351
            ],
            [
              80.7932,
              7.3272
            ],
            [
              80.7925,
              7.3439
            ],
            [
              80.7871,
              7.3455
            ]
          ]
        ]
      }
    },
    {
      "id": "feature_055",
      "type": "Feature",
      "properties": {
        "id": "LK-21-031",
        "name": "Akurana PS",
        "area_sqkm": "29.9",
        "center_lat": "7.391395",
        "center_lng": "80.617968",
        "lg_code": "31",
        "province_id": "LK-2",
        "district_id": "LK-21",
        "dsd_id": "LK-2109",
        "ed_id": "EC-04",
        "pd_id": "EC-04B"
      },
      "geometry": {
        "type": "Polygon",
        "coordinates": [
          [
            [
              80.6175,
              7.3593
            ],
            [
              80.6611,
              7.3713
            ],
            [
              80.6617,
              7.3713
            ],
            [
              80.6564,
              7.3848
            ],
            [
              80.586,
              7.4304
            ],
            [
              80.6175,
              7.3593
            ]
          ]
        ]
      }
    },
    {
      "id": "feature_056",
      "type": "Feature",
      "properties": {
        "id": "LK-21-032",
        "name": "Ganga Ihala Korale",
        "area_sqkm": "96.17",
        "center_lat": "7.112563",
        "center_lng": "80.512388",
        "lg_code": "32",
        "province_id": "LK-2",
        "district_id": "LK-21",
        "dsd_id": "LK-2154",
        "ed_id": "EC-04",
        "pd_id": "EC-04M"
      },
      "geometry": {
        "type": "Polygon",
        "coordinates": [
          [
            [
              80.4715,
              7.064
            ],
            [
              80.5572,
              7.093
            ],
            [
              80.5762,
              7.1533
            ],
            [
              80.5413,
              7.1654
            ],
            [
              80.5105,
              7.1483
            ],
            [
              80.4598,
              7.0909
            ],
            [
              80.4659,
              7.065
            ],
            [
              80.4715,
              7.064
            ]
          ],
          [
            [
              80.5653,
              7.1469
            ],
            [
              80.5616,
              7.1569
            ],
            [
              80.5669,
              7.1584
            ],
            [
              80.5724,
              7.1387
            ],
            [
              80.5653,
              7.1469
            ]
          ]
        ]
      }
    },
    {
      "id": "feature_057",
      "type": "Feature",
      "properties": {
        "id": "LK-21-033",
        "name": "Harispattuwa PS",
        "area_sqkm": "49.04",
        "center_lat": "7.328489",
        "center_lng": "80.587938",
        "lg_code": "33",
        "province_id": "LK-2",
        "district_id": "LK-21",
        "dsd_id": "LK-2133",
        "ed_id": "EC-04",
        "pd_id": "EC-04B"
      },
      "geometry": {
        "type": "Polygon",
        "coordinates": [
          [
            [
              80.5639,
              7.3175
            ],
            [
              80.606,
              7.2758
            ],
            [
              80.6223,
              7.3319
            ],
            [
              80.6156,
              7.3479
            ],
            [
              80.5559,
              7.3739
            ],
            [
              80.5485,
              7.317
            ],
            [
              80.5639,
              7.3175
            ],
            [
              80.5639,
              7.3175
            ]
          ]
        ]
      }
    },
    {
      "id": "feature_058",
      "type": "Feature",
      "properties": {
        "id": "LK-21-034",
        "name": "Kandy Four Graverts &Gangawata Korale PS",
        "area_sqkm": "31.99",
        "center_lat": "7.258323",
        "center_lng": "80.646016",
        "lg_code": "34",
        "province_id": "LK-2",
        "district_id": "LK-21",
        "dsd_id": "LK-2130",
        "ed_id": "EC-04",
        "pd_id": ""
      },
      "geometry": {
        "type": "MultiPolygon",
        "coordinates": [
          [
            [
              [
                80.6481,
                7.2685
              ],
              [
                80.7286,
                7.2558
              ],
              [
                80.7286,
                7.2559
              ],
              [
                80.7286,
                7.2558
              ],
              [
                80.7304,
                7.2599
              ],
              [
                80.6575,
                7.2931
              ],
              [
                80.6443,
                7.2798
              ],
              [
                80.6481,
                7.2685
              ]
            ]
          ],
          [
            [
              [
                80.6429,
                7.2639
              ],
              [
                80.6429,
                7.2639
              ],
              [
                80.6411,
                7.2633
              ],
              [
                80.6429,
                7.2639
              ]
            ]
          ],
          [
            [
              [
                80.6041,
                7.2178
              ],
              [
                80.6286,
                7.2385
              ],
              [
                80.629,
                7.258
              ],
              [
                80.6208,
                7.265
              ],
              [
                80.6207,
                7.265
              ],
              [
                80.6208,
                7.265
              ],
              [
                80.6177,
                7.2644
              ],
              [
                80.6177,
                7.2644
              ],
              [
                80.6177,
                7.2644
              ],
              [
                80.5936,
                7.2642
              ],
              [
                80.586,
                7.2553
              ],
              [
                80.6041,
                7.2178
              ]
            ]
          ]
        ]
      }
    },
    {
      "id": "feature_059",
      "type": "Feature",
      "properties": {
        "id": "LK-21-035",
        "name": "Medadumbara PS",
        "area_sqkm": "82.37",
        "center_lat": "7.305974",
        "center_lng": "80.709274",
        "lg_code": "35",
        "province_id": "LK-2",
        "district_id": "LK-21",
        "dsd_id": "",
        "ed_id": "EC-04",
        "pd_id": ""
      },
      "geometry": {
        "type": "Polygon",
        "coordinates": [
          [
            [
              80.6575,
              7.2931
            ],
            [
              80.7304,
              7.2599
            ],
            [
              80.7543,
              7.2521
            ],
            [
              80.7547,
              7.2732
            ],
            [
              80.7451,
              7.3014
            ],
            [
              80.7451,
              7.3014
            ],
            [
              80.7451,
              7.3014
            ],
            [
              80.7366,
              7.361
            ],
            [
              80.7178,
              7.3621
            ],
            [
              80.7178,
              7.3622
            ],
            [
              80.7178,
              7.3621
            ],
            [
              80.6988,
              7.3478
            ],
            [
              80.6865,
              7.3357
            ],
            [
              80.6656,
              7.3267
            ],
            [
              80.6656,
              7.3267
            ],
            [
              80.6656,
              7.3267
            ],
            [
              80.6446,
              7.3231
            ],
            [
              80.6575,
              7.2931
            ]
          ]
        ]
      }
    },
    {
      "id": "feature_060",
      "type": "Feature",
      "properties": {
        "id": "LK-21-036",
        "name": "Medadumbara PS",
        "area_sqkm": "186.74",
        "center_lat": "7.302292",
        "center_lng": "80.800531",
        "lg_code": "36",
        "province_id": "LK-2",
        "district_id": "LK-21",
        "dsd_id": "LK-2124",
        "ed_id": "EC-04",
        "pd_id": "EC-04E"
      },
      "geometry": {
        "type": "Polygon",
        "coordinates": [
          [
            [
              80.7451,
              7.3014
            ],
            [
              80.7547,
              7.2732
            ],
            [
              80.8463,
              7.1918
            ],
            [
              80.8504,
              7.1909
            ],
            [
              80.8104,
              7.396
            ],
            [
              80.7366,
              7.361
            ],
            [
              80.7451,
              7.3014
            ],
            [
              80.7451,
              7.3014
            ],
            [
              80.7451,
              7.3014
            ]
          ],
          [
            [
              80.7871,
              7.3455
            ],
            [
              80.7925,
              7.3439
            ],
            [
              80.7932,
              7.3272
            ],
            [
              80.7873,
              7.3351
            ],
            [
              80.7871,
              7.3455
            ]
          ]
        ]
      }
    },
    {
      "id": "feature_061",
      "type": "Feature",
      "properties": {
        "id": "LK-21-037",
        "name": "Minipe PS",
        "area_sqkm": "249.31",
        "center_lat": "7.348541",
        "center_lng": "80.949201",
        "lg_code": "37",
        "province_id": "LK-2",
        "district_id": "LK-21",
        "dsd_id": "LK-2121",
        "ed_id": "EC-04",
        "pd_id": "EC-04D"
      },
      "geometry": {
        "type": "Polygon",
        "coordinates": [
          [
            [
              80.8802,
              7.4644
            ],
            [
              80.9229,
              7.202
            ],
            [
              80.9478,
              7.2002
            ],
            [
              81.0114,
              7.2222
            ],
            [
              80.9739,
              7.4884
            ],
            [
              80.9121,
              7.4635
            ],
            [
              80.8802,
              7.4644
            ]
          ]
        ]
      }
    },
    {
      "id": "feature_062",
      "type": "Feature",
      "properties": {
        "id": "LK-21-038",
        "name": "Panvila PS",
        "area_sqkm": "92.63",
        "center_lat": "7.409011",
        "center_lng": "80.742498",
        "lg_code": "38",
        "province_id": "LK-2",
        "district_id": "LK-21",
        "dsd_id": "LK-2115",
        "ed_id": "EC-04",
        "pd_id": "EC-04C"
      },
      "geometry": {
        "type": "Polygon",
        "coordinates": [
          [
            [
              80.7178,
              7.3621
            ],
            [
              80.7366,
              7.361
            ],
            [
              80.8104,
              7.396
            ],
            [
              80.7896,
              7.4268
            ],
            [
              80.7299,
              7.475
            ],
            [
              80.7044,
              7.4481
            ],
            [
              80.6995,
              7.387
            ],
            [
              80.6995,
              7.387
            ],
            [
              80.6991,
              7.3868
            ],
            [
              80.6933,
              7.3524
            ],
            [
              80.6988,
              7.3478
            ],
            [
              80.7178,
              7.3621
            ],
            [
              80.7178,
              7.3622
            ],
            [
              80.7178,
              7.3621
            ]
          ]
        ]
      }
    },
    {
      "id": "feature_063",
      "type": "Feature",
      "properties": {
        "id": "LK-21-039",
        "name": "Pasbage Korale PS",
        "area_sqkm": "107.03",
        "center_lat": "7.014613",
        "center_lng": "80.536217",
        "lg_code": "39",
        "province_id": "LK-2",
        "district_id": "LK-21",
        "dsd_id": "LK-2157",
        "ed_id": "EC-04",
        "pd_id": "EC-04M"
      },
      "geometry": {
        "type": "Polygon",
        "coordinates": [
          [
            [
              80.4671,
              7.0222
            ],
            [
              80.5792,
              6.9449
            ],
            [
              80.5922,
              6.9732
            ],
            [
              80.559,
              7.0506
            ],
            [
              80.5469,
              7.0769
            ],
            [
              80.5546,
              7.0827
            ],
            [
              80.5572,
              7.093
            ],
            [
              80.4715,
              7.064
            ],
            [
              80.4671,
              7.0222
            ]
          ]
        ]
      }
    },
    {
      "id": "feature_064",
      "type": "Feature",
      "properties": {
        "id": "LK-21-040",
        "name": "Pathadumbara PS",
        "area_sqkm": "38.49",
        "center_lat": "7.350645",
        "center_lng": "80.657879",
        "lg_code": "40",
        "province_id": "LK-2",
        "district_id": "LK-21",
        "dsd_id": "LK-2112",
        "ed_id": "EC-04",
        "pd_id": "EC-04C"
      },
      "geometry": {
        "type": "MultiPolygon",
        "coordinates": [
          [
            [
              [
                80.6223,
                7.3319
              ],
              [
                80.6446,
                7.3231
              ],
              [
                80.6656,
                7.3267
              ],
              [
                80.6656,
                7.3267
              ],
              [
                80.6656,
                7.3267
              ],
              [
                80.6865,
                7.3357
              ],
              [
                80.6611,
                7.3713
              ],
              [
                80.6175,
                7.3593
              ],
              [
                80.6156,
                7.3479
              ],
              [
                80.6223,
                7.3319
              ]
            ]
          ],
          [
            [
              [
                80.6991,
                7.3868
              ],
              [
                80.6564,
                7.3848
              ],
              [
                80.6617,
                7.3713
              ],
              [
                80.6933,
                7.3524
              ],
              [
                80.6991,
                7.3868
              ]
            ]
          ]
        ]
      }
    },
    {
      "id": "feature_065",
      "type": "Feature",
      "properties": {
        "id": "LK-21-041",
        "name": "Pathhewaheta PS",
        "area_sqkm": "133.33",
        "center_lat": "7.212482",
        "center_lng": "80.703446",
        "lg_code": "41",
        "province_id": "LK-2",
        "district_id": "LK-21",
        "dsd_id": "",
        "ed_id": "EC-04",
        "pd_id": "EC-04G"
      },
      "geometry": {
        "type": "Polygon",
        "coordinates": [
          [
            [
              80.6662,
              7.1974
            ],
            [
              80.7095,
              7.1257
            ],
            [
              80.7543,
              7.2521
            ],
            [
              80.7304,
              7.2599
            ],
            [
              80.7286,
              7.2558
            ],
            [
              80.7286,
              7.2559
            ],
            [
              80.7286,
              7.2558
            ],
            [
              80.6481,
              7.2685
            ],
            [
              80.6429,
              7.2639
            ],
            [
              80.6411,
              7.2633
            ],
            [
              80.629,
              7.258
            ],
            [
              80.6286,
              7.2385
            ],
            [
              80.6662,
              7.1974
            ],
            [
              80.6662,
              7.1974
            ]
          ]
        ]
      }
    },
    {
      "id": "feature_066",
      "type": "Feature",
      "properties": {
        "id": "LK-21-042",
        "name": "Pujapitiya PS",
        "area_sqkm": "58.6",
        "center_lat": "7.400318",
        "center_lng": "80.56578",
        "lg_code": "42",
        "province_id": "LK-2",
        "district_id": "LK-21",
        "dsd_id": "LK-2106",
        "ed_id": "EC-04",
        "pd_id": "EC-04B"
      },
      "geometry": {
        "type": "Polygon",
        "coordinates": [
          [
            [
              80.5192,
              7.3896
            ],
            [
              80.5559,
              7.3739
            ],
            [
              80.6156,
              7.3479
            ],
            [
              80.6175,
              7.3593
            ],
            [
              80.586,
              7.4304
            ],
            [
              80.5656,
              7.4584
            ],
            [
              80.5174,
              7.4141
            ],
            [
              80.5192,
              7.3896
            ]
          ]
        ]
      }
    },
    {
      "id": "feature_067",
      "type": "Feature",
      "properties": {
        "id": "LK-21-043",
        "name": "Thumpane PS",
        "area_sqkm": "114.91",
        "center_lat": "7.346769",
        "center_lng": "80.495134",
        "lg_code": "43",
        "province_id": "LK-2",
        "district_id": "LK-21",
        "dsd_id": "",
        "ed_id": "EC-04",
        "pd_id": "EC-04A"
      },
      "geometry": {
        "type": "Polygon",
        "coordinates": [
          [
            [
              80.471,
              7.2954
            ],
            [
              80.5485,
              7.317
            ],
            [
              80.5559,
              7.3739
            ],
            [
              80.5192,
              7.3896
            ],
            [
              80.4212,
              7.3562
            ],
            [
              80.4637,
              7.3029
            ],
            [
              80.471,
              7.2954
            ]
          ]
        ]
      }
    },
    {
      "id": "feature_068",
      "type": "Feature",
      "properties": {
        "id": "LK-21-044",
        "name": "Udadumbara PS",
        "area_sqkm": "277.55",
        "center_lat": "7.328827",
        "center_lng": "80.874486",
        "lg_code": "44",
        "province_id": "LK-2",
        "district_id": "LK-21",
        "dsd_id": "LK-2118",
        "ed_id": "EC-04",
        "pd_id": "EC-04D"
      },
      "geometry": {
        "type": "Polygon",
        "coordinates": [
          [
            [
              80.8504,
              7.1909
            ],
            [
              80.9229,
              7.202
            ],
            [
              80.8802,
              7.4644
            ],
            [
              80.7896,
              7.4268
            ],
            [
              80.8104,
              7.396
            ],
            [
              80.8504,
              7.1909
            ]
          ]
        ]
      }
    },
    {
      "id": "feature_069",
      "type": "Feature",
      "properties": {
        "id": "LK-21-045",
        "name": "Udapalatha PS",
        "area_sqkm": "173.72",
        "center_lat": "7.145243",
        "center_lng": "80.630403",
        "lg_code": "45",
        "province_id": "LK-2",
        "district_id": "LK-21",
        "dsd_id": "",
        "ed_id": "EC-04",
        "pd_id": ""
      },
      "geometry": {
        "type": "MultiPolygon",
        "coordinates": [
          [
            [
              [
                80.5762,
                7.1533
              ],
              [
                80.5572,
                7.093
              ],
              [
                80.5546,
                7.0827
              ],
              [
                80.6968,
                7.1094
              ],
              [
                80.7095,
                7.1257
              ],
              [
                80.6662,
                7.1974
              ],
              [
                80.6662,
                7.1974
              ],
              [
                80.6286,
                7.2385
              ],
              [
                80.6041,
                7.2178
              ],
              [
                80.6012,
                7.1944
              ],
              [
                80.5762,
                7.1533
              ]
            ]
          ],
          [
            [
              [
                80.5478,
                7.1823
              ],
              [
                80.5478,
                7.1823
              ],
              [
                80.568,
                7.1839
              ],
              [
                80.5478,
                7.1823
              ]
            ]
          ]
        ]
      }
    },
    {
      "id": "feature_070",
      "type": "Feature",
      "properties": {
        "id": "LK-21-046",
        "name": "Udunuwara PS",
        "area_sqkm": "68.84",
        "center_lat": "7.222683",
        "center_lng": "80.559451",
        "lg_code": "46",
        "province_id": "LK-2",
        "district_id": "LK-21",
        "dsd_id": "LK-2139",
        "ed_id": "EC-04",
        "pd_id": "EC-04K"
      },
      "geometry": {
        "type": "Polygon",
        "coordinates": [
          [
            [
              80.5478,
              7.1823
            ],
            [
              80.568,
              7.1839
            ],
            [
              80.6012,
              7.1944
            ],
            [
              80.6041,
              7.2178
            ],
            [
              80.586,
              7.2553
            ],
            [
              80.5595,
              7.2579
            ],
            [
              80.5093,
              7.2475
            ],
            [
              80.5433,
              7.1811
            ],
            [
              80.5478,
              7.1823
            ]
          ]
        ]
      }
    },
    {
      "id": "feature_071",
      "type": "Feature",
      "properties": {
        "id": "LK-21-047",
        "name": "Yatinuwara PS",
        "area_sqkm": "61.3",
        "center_lat": "7.285391",
        "center_lng": "80.538016",
        "lg_code": "47",
        "province_id": "LK-2",
        "district_id": "LK-21",
        "dsd_id": "LK-2136",
        "ed_id": "EC-04",
        "pd_id": "EC-04J"
      },
      "geometry": {
        "type": "Polygon",
        "coordinates": [
          [
            [
              80.5081,
              7.2542
            ],
            [
              80.471,
              7.2954
            ],
            [
              80.5485,
              7.317
            ],
            [
              80.5639,
              7.3175
            ],
            [
              80.5639,
              7.3175
            ],
            [
              80.606,
              7.2758
            ],
            [
              80.5936,
              7.2642
            ],
            [
              80.586,
              7.2553
            ],
            [
              80.5595,
              7.2579
            ],
            [
              80.5081,
              7.2542
            ]
          ]
        ]
      }
    },
    {
      "id": "feature_072",
      "type": "Feature",
      "properties": {
        "id": "LK-22-011",
        "name": "Matale MC/ Matale PS",
        "area_sqkm": "17.19",
        "center_lat": "7.475768",
        "center_lng": "80.619063",
        "lg_code": "11/35",
        "province_id": "LK-2",
        "district_id": "LK-22",
        "dsd_id": "",
        "ed_id": "EC-05",
        "pd_id": "EC-05C"
      },
      "geometry": {
        "type": "Polygon",
        "coordinates": [
          [
            [
              80.6045,
              7.4483
            ],
            [
              80.6174,
              7.4488
            ],
            [
              80.6201,
              7.4456
            ],
            [
              80.6174,
              7.4435
            ],
            [
              80.6174,
              7.4435
            ],
            [
              80.6174,
              7.4435
            ],
            [
              80.6328,
              7.4711
            ],
            [
              80.635,
              7.5001
            ],
            [
              80.635,
              7.5001
            ],
            [
              80.6063,
              7.5017
            ],
            [
              80.6053,
              7.4848
            ],
            [
              80.6025,
              7.4794
            ],
            [
              80.6056,
              7.4678
            ],
            [
              80.6005,
              7.4691
            ],
            [
              80.5995,
              7.4615
            ],
            [
              80.6045,
              7.4483
            ]
          ]
        ]
      }
    },
    {
      "id": "feature_073",
      "type": "Feature",
      "properties": {
        "id": "LK-22-012",
        "name": "Dambulla MC",
        "area_sqkm": "53.98",
        "center_lat": "7.860743",
        "center_lng": "80.656023",
        "lg_code": "12",
        "province_id": "LK-2",
        "district_id": "LK-22",
        "dsd_id": "LK-2206",
        "ed_id": "EC-05",
        "pd_id": "EC-05A"
      },
      "geometry": {
        "type": "Polygon",
        "coordinates": [
          [
            [
              80.6396,
              7.8354
            ],
            [
              80.6452,
              7.9089
            ],
            [
              80.6322,
              7.9002
            ],
            [
              80.6216,
              7.8679
            ],
            [
              80.6396,
              7.8354
            ]
          ]
        ]
      }
    },
    {
      "id": "feature_074",
      "type": "Feature",
      "properties": {
        "id": "LK-22-031",
        "name": "Ambanganga Korale PS",
        "area_sqkm": "55.38",
        "center_lat": "7.561141",
        "center_lng": "80.678754",
        "lg_code": "31",
        "province_id": "LK-2",
        "district_id": "LK-22",
        "dsd_id": "LK-2221",
        "ed_id": "EC-05",
        "pd_id": "EC-05B"
      },
      "geometry": {
        "type": "Polygon",
        "coordinates": [
          [
            [
              80.6479,
              7.5275
            ],
            [
              80.7114,
              7.5498
            ],
            [
              80.714,
              7.6032
            ],
            [
              80.6658,
              7.6121
            ],
            [
              80.6479,
              7.5275
            ]
          ]
        ]
      }
    },
    {
      "id": "feature_075",
      "type": "Feature",
      "properties": {
        "id": "LK-22-032",
        "name": "Dambulla PS",
        "area_sqkm": "399.36",
        "center_lat": "7.877418",
        "center_lng": "80.726306",
        "lg_code": "32",
        "province_id": "LK-2",
        "district_id": "LK-22",
        "dsd_id": "LK-2206",
        "ed_id": "EC-05",
        "pd_id": "EC-05A"
      },
      "geometry": {
        "type": "Polygon",
        "coordinates": [
          [
            [
              80.6167,
              7.7515
            ],
            [
              80.77,
              7.8024
            ],
            [
              80.8326,
              7.9707
            ],
            [
              80.7556,
              8.0115
            ],
            [
              80.7014,
              7.9838
            ],
            [
              80.7014,
              7.9839
            ],
            [
              80.7014,
              7.9838
            ],
            [
              80.6452,
              7.9089
            ],
            [
              80.6396,
              7.8354
            ],
            [
              80.6167,
              7.7515
            ]
          ]
        ]
      }
    },
    {
      "id": "feature_076",
      "type": "Feature",
      "properties": {
        "id": "LK-22-033",
        "name": "Galewela PS",
        "area_sqkm": "196.94",
        "center_lat": "7.779286",
        "center_lng": "80.570693",
        "lg_code": "33",
        "province_id": "LK-2",
        "district_id": "LK-22",
        "dsd_id": "LK-2203",
        "ed_id": "EC-05",
        "pd_id": "EC-05A"
      },
      "geometry": {
        "type": "Polygon",
        "coordinates": [
          [
            [
              80.5538,
              7.6692
            ],
            [
              80.6173,
              7.7122
            ],
            [
              80.6167,
              7.7515
            ],
            [
              80.6396,
              7.8354
            ],
            [
              80.6216,
              7.8679
            ],
            [
              80.5013,
              7.8169
            ],
            [
              80.5408,
              7.7089
            ],
            [
              80.5538,
              7.6692
            ]
          ]
        ]
      }
    },
    {
      "id": "feature_077",
      "type": "Feature",
      "properties": {
        "id": "LK-22-034",
        "name": "Laggala-Pallegama PS",
        "area_sqkm": "384.63",
        "center_lat": "7.556101",
        "center_lng": "80.811179",
        "lg_code": "34",
        "province_id": "LK-2",
        "district_id": "LK-22",
        "dsd_id": "",
        "ed_id": "EC-05",
        "pd_id": "EC-05B"
      },
      "geometry": {
        "type": "Polygon",
        "coordinates": [
          [
            [
              80.7896,
              7.4268
            ],
            [
              80.8802,
              7.4644
            ],
            [
              80.9121,
              7.4635
            ],
            [
              80.8768,
              7.6829
            ],
            [
              80.7921,
              7.6784
            ],
            [
              80.714,
              7.6032
            ],
            [
              80.7114,
              7.5498
            ],
            [
              80.7299,
              7.475
            ],
            [
              80.7896,
              7.4268
            ]
          ]
        ]
      }
    },
    {
      "id": "feature_078",
      "type": "Feature",
      "properties": {
        "id": "LK-22-035",
        "name": "Matale PS",
        "area_sqkm": "54.64",
        "center_lat": "7.559794",
        "center_lng": "80.63285",
        "lg_code": "35",
        "province_id": "LK-2",
        "district_id": "LK-22",
        "dsd_id": "LK-2218",
        "ed_id": "EC-05",
        "pd_id": "EC-05C"
      },
      "geometry": {
        "type": "MultiPolygon",
        "coordinates": [
          [
            [
              [
                80.6063,
                7.5017
              ],
              [
                80.635,
                7.5001
              ],
              [
                80.635,
                7.5001
              ],
              [
                80.6479,
                7.5275
              ],
              [
                80.6658,
                7.6121
              ],
              [
                80.6525,
                7.6375
              ],
              [
                80.6388,
                7.5907
              ],
              [
                80.6063,
                7.5017
              ]
            ]
          ],
          [
            [
              [
                80.6201,
                7.4456
              ],
              [
                80.6201,
                7.4456
              ],
              [
                80.6174,
                7.4488
              ],
              [
                80.6201,
                7.4456
              ]
            ]
          ],
          [
            [
              [
                80.6056,
                7.4678
              ],
              [
                80.6025,
                7.4794
              ],
              [
                80.6005,
                7.4691
              ],
              [
                80.6056,
                7.4678
              ]
            ]
          ],
          [
            [
              [
                80.6045,
                7.4483
              ],
              [
                80.6045,
                7.4483
              ],
              [
                80.5995,
                7.4615
              ],
              [
                80.6045,
                7.4483
              ]
            ]
          ]
        ]
      }
    },
    {
      "id": "feature_079",
      "type": "Feature",
      "properties": {
        "id": "LK-22-036",
        "name": "Naula PS",
        "area_sqkm": "287.89",
        "center_lat": "7.688935",
        "center_lng": "80.707889",
        "lg_code": "36",
        "province_id": "LK-2",
        "district_id": "LK-22",
        "dsd_id": "LK-2209",
        "ed_id": "EC-05",
        "pd_id": "EC-05B"
      },
      "geometry": {
        "type": "Polygon",
        "coordinates": [
          [
            [
              80.6173,
              7.7122
            ],
            [
              80.6525,
              7.6375
            ],
            [
              80.6658,
              7.6121
            ],
            [
              80.714,
              7.6032
            ],
            [
              80.7921,
              7.6784
            ],
            [
              80.77,
              7.8024
            ],
            [
              80.6167,
              7.7515
            ],
            [
              80.6173,
              7.7122
            ]
          ]
        ]
      }
    },
    {
      "id": "feature_080",
      "type": "Feature",
      "properties": {
        "id": "LK-22-037",
        "name": "Pallepola PS",
        "area_sqkm": "82.9",
        "center_lat": "7.647136",
        "center_lng": "80.599248",
        "lg_code": "37",
        "province_id": "LK-2",
        "district_id": "LK-22",
        "dsd_id": "LK-2212",
        "ed_id": "EC-05",
        "pd_id": "EC-05A"
      },
      "geometry": {
        "type": "Polygon",
        "coordinates": [
          [
            [
              80.5775,
              7.6043
            ],
            [
              80.6388,
              7.5907
            ],
            [
              80.6525,
              7.6375
            ],
            [
              80.6173,
              7.7122
            ],
            [
              80.5538,
              7.6692
            ],
            [
              80.5566,
              7.6344
            ],
            [
              80.5678,
              7.6177
            ],
            [
              80.5775,
              7.6059
            ],
            [
              80.5775,
              7.6043
            ]
          ]
        ]
      }
    },
    {
      "id": "feature_081",
      "type": "Feature",
      "properties": {
        "id": "LK-22-038",
        "name": "Rattota PS",
        "area_sqkm": "103.92",
        "center_lat": "7.485932",
        "center_lng": "80.685504",
        "lg_code": "38",
        "province_id": "LK-2",
        "district_id": "LK-22",
        "dsd_id": "LK-2230",
        "ed_id": "EC-05",
        "pd_id": "EC-05D"
      },
      "geometry": {
        "type": "Polygon",
        "coordinates": [
          [
            [
              80.6328,
              7.4711
            ],
            [
              80.7044,
              7.4481
            ],
            [
              80.7299,
              7.475
            ],
            [
              80.7114,
              7.5498
            ],
            [
              80.6479,
              7.5275
            ],
            [
              80.635,
              7.5001
            ],
            [
              80.635,
              7.5001
            ],
            [
              80.6328,
              7.4711
            ]
          ]
        ]
      }
    },
    {
      "id": "feature_082",
      "type": "Feature",
      "properties": {
        "id": "LK-22-039",
        "name": "Ukuwela PS",
        "area_sqkm": "78.4",
        "center_lat": "7.429686",
        "center_lng": "80.639004",
        "lg_code": "39",
        "province_id": "LK-2",
        "district_id": "LK-22",
        "dsd_id": "LK-2233",
        "ed_id": "EC-05",
        "pd_id": "EC-05D"
      },
      "geometry": {
        "type": "Polygon",
        "coordinates": [
          [
            [
              80.586,
              7.4304
            ],
            [
              80.6564,
              7.3848
            ],
            [
              80.6991,
              7.3868
            ],
            [
              80.6995,
              7.387
            ],
            [
              80.6995,
              7.387
            ],
            [
              80.7044,
              7.4481
            ],
            [
              80.6328,
              7.4711
            ],
            [
              80.6174,
              7.4435
            ],
            [
              80.6174,
              7.4435
            ],
            [
              80.6174,
              7.4435
            ],
            [
              80.6201,
              7.4456
            ],
            [
              80.6174,
              7.4488
            ],
            [
              80.6045,
              7.4483
            ],
            [
              80.5995,
              7.4615
            ],
            [
              80.6005,
              7.4691
            ],
            [
              80.6025,
              7.4794
            ],
            [
              80.6053,
              7.4848
            ],
            [
              80.5747,
              7.4833
            ],
            [
              80.5656,
              7.4584
            ],
            [
              80.586,
              7.4304
            ]
          ]
        ]
      }
    },
    {
      "id": "feature_083",
      "type": "Feature",
      "properties": {
        "id": "LK-22-040",
        "name": "Wilgamuwa PS",
        "area_sqkm": "276.13",
        "center_lat": "7.605904",
        "center_lng": "80.931318",
        "lg_code": "40",
        "province_id": "LK-2",
        "district_id": "LK-22",
        "dsd_id": "LK-2227",
        "ed_id": "EC-05",
        "pd_id": "EC-05B"
      },
      "geometry": {
        "type": "Polygon",
        "coordinates": [
          [
            [
              80.9121,
              7.4635
            ],
            [
              80.9739,
              7.4884
            ],
            [
              80.9795,
              7.6216
            ],
            [
              80.9885,
              7.7205
            ],
            [
              80.8846,
              7.7143
            ],
            [
              80.8768,
              7.6829
            ],
            [
              80.9121,
              7.4635
            ]
          ]
        ]
      }
    },
    {
      "id": "feature_084",
      "type": "Feature",
      "properties": {
        "id": "LK-22-041",
        "name": "Yatawatta PS",
        "area_sqkm": "67.39",
        "center_lat": "7.548664",
        "center_lng": "80.588859",
        "lg_code": "41",
        "province_id": "LK-2",
        "district_id": "LK-22",
        "dsd_id": "LK-2215",
        "ed_id": "EC-05",
        "pd_id": "EC-05C"
      },
      "geometry": {
        "type": "MultiPolygon",
        "coordinates": [
          [
            [
              [
                80.5747,
                7.4833
              ],
              [
                80.6053,
                7.4848
              ],
              [
                80.6063,
                7.5017
              ],
              [
                80.6388,
                7.5907
              ],
              [
                80.5775,
                7.6043
              ],
              [
                80.5747,
                7.4833
              ]
            ]
          ],
          [
            [
              [
                80.5775,
                7.6059
              ],
              [
                80.5775,
                7.6059
              ],
              [
                80.5678,
                7.6177
              ],
              [
                80.5775,
                7.6059
              ]
            ]
          ]
        ]
      }
    },
    {
      "id": "feature_085",
      "type": "Feature",
      "properties": {
        "id": "LK-23-011",
        "name": "Nuwara Eliya MC/ Nuwara Eliya PS",
        "area_sqkm": "46.3",
        "center_lat": "6.965875",
        "center_lng": "80.779358",
        "lg_code": "11/34",
        "province_id": "LK-2",
        "district_id": "LK-23",
        "dsd_id": "LK-2312",
        "ed_id": "EC-06",
        "pd_id": "EC-06A"
      },
      "geometry": {
        "type": "Polygon",
        "coordinates": [
          [
            [
              80.7586,
              7.0075
            ],
            [
              80.8292,
              6.9273
            ],
            [
              80.8299,
              6.9283
            ],
            [
              80.8352,
              6.9542
            ],
            [
              80.7982,
              6.9669
            ],
            [
              80.7855,
              7.0007
            ],
            [
              80.7727,
              7.0022
            ],
            [
              80.7586,
              7.0075
            ]
          ]
        ]
      }
    },
    {
      "id": "feature_086",
      "type": "Feature",
      "properties": {
        "id": "LK-23-021",
        "name": "Hatton - Dickoya UC/ Ambagamuwa PS",
        "area_sqkm": "16.7",
        "center_lat": "6.886439",
        "center_lng": "80.60563",
        "lg_code": "21/31",
        "province_id": "LK-2",
        "district_id": "LK-23",
        "dsd_id": "LK-2314",
        "ed_id": "EC-06",
        "pd_id": "EC-06A"
      },
      "geometry": {
        "type": "Polygon",
        "coordinates": [
          [
            [
              80.5885,
              6.8784
            ],
            [
              80.6234,
              6.8978
            ],
            [
              80.5921,
              6.9126
            ],
            [
              80.5891,
              6.9127
            ],
            [
              80.5891,
              6.9127
            ],
            [
              80.5891,
              6.9127
            ],
            [
              80.5885,
              6.8784
            ]
          ]
        ]
      }
    },
    {
      "id": "feature_087",
      "type": "Feature",
      "properties": {
        "id": "LK-23-022",
        "name": "Thalawakale-Lindula UC/ Kotagala PS",
        "area_sqkm": "31.29",
        "center_lat": "6.93989",
        "center_lng": "80.66863",
        "lg_code": "22/39",
        "province_id": "LK-2",
        "district_id": "LK-23",
        "dsd_id": "LK-2313",
        "ed_id": "EC-06",
        "pd_id": "EC-06A"
      },
      "geometry": {
        "type": "Polygon",
        "coordinates": [
          [
            [
              80.6925,
              6.9219
            ],
            [
              80.6954,
              6.9363
            ],
            [
              80.6945,
              6.9692
            ],
            [
              80.6625,
              6.9729
            ],
            [
              80.6286,
              6.966
            ],
            [
              80.6402,
              6.9079
            ],
            [
              80.6925,
              6.9219
            ]
          ]
        ]
      }
    },
    {
      "id": "feature_088",
      "type": "Feature",
      "properties": {
        "id": "LK-23-031",
        "name": "Ambagamuwa PS",
        "area_sqkm": "185.13",
        "center_lat": "6.941279",
        "center_lng": "80.504309",
        "lg_code": "31",
        "province_id": "LK-2",
        "district_id": "LK-23",
        "dsd_id": "",
        "ed_id": "EC-06",
        "pd_id": "EC-06A"
      },
      "geometry": {
        "type": "Polygon",
        "coordinates": [
          [
            [
              80.437,
              6.955
            ],
            [
              80.4994,
              6.8658
            ],
            [
              80.5672,
              6.856
            ],
            [
              80.5885,
              6.8784
            ],
            [
              80.5891,
              6.9127
            ],
            [
              80.5891,
              6.9127
            ],
            [
              80.5891,
              6.9127
            ],
            [
              80.5921,
              6.9126
            ],
            [
              80.5792,
              6.9449
            ],
            [
              80.4671,
              7.0222
            ],
            [
              80.437,
              6.955
            ]
          ]
        ]
      }
    },
    {
      "id": "feature_089",
      "type": "Feature",
      "properties": {
        "id": "LK-23-032",
        "name": "Hanguranketha PS",
        "area_sqkm": "225.72",
        "center_lat": "7.123265",
        "center_lng": "80.776507",
        "lg_code": "32",
        "province_id": "LK-2",
        "district_id": "LK-23",
        "dsd_id": "",
        "ed_id": "EC-06",
        "pd_id": "EC-06C"
      },
      "geometry": {
        "type": "Polygon",
        "coordinates": [
          [
            [
              80.7727,
              7.0022
            ],
            [
              80.8204,
              7.0231
            ],
            [
              80.8463,
              7.1918
            ],
            [
              80.7547,
              7.2732
            ],
            [
              80.7543,
              7.2521
            ],
            [
              80.7095,
              7.1257
            ],
            [
              80.6968,
              7.1094
            ],
            [
              80.7586,
              7.0075
            ],
            [
              80.7727,
              7.0022
            ]
          ]
        ]
      }
    },
    {
      "id": "feature_090",
      "type": "Feature",
      "properties": {
        "id": "LK-23-033",
        "name": "Kothmale PS",
        "area_sqkm": "226.79",
        "center_lat": "7.038477",
        "center_lng": "80.656096",
        "lg_code": "33",
        "province_id": "LK-2",
        "district_id": "LK-23",
        "dsd_id": "",
        "ed_id": "EC-06",
        "pd_id": "EC-06B"
      },
      "geometry": {
        "type": "Polygon",
        "coordinates": [
          [
            [
              80.5922,
              6.9732
            ],
            [
              80.6286,
              6.966
            ],
            [
              80.6625,
              6.9729
            ],
            [
              80.6703,
              6.9777
            ],
            [
              80.7586,
              7.0075
            ],
            [
              80.6968,
              7.1094
            ],
            [
              80.5546,
              7.0827
            ],
            [
              80.5469,
              7.0769
            ],
            [
              80.559,
              7.0506
            ],
            [
              80.5922,
              6.9732
            ]
          ]
        ]
      }
    },
    {
      "id": "feature_091",
      "type": "Feature",
      "properties": {
        "id": "LK-23-034",
        "name": "Nuwara Eliya PS",
        "area_sqkm": "173.84",
        "center_lat": "6.920252",
        "center_lng": "80.781245",
        "lg_code": "34",
        "province_id": "LK-2",
        "district_id": "LK-23",
        "dsd_id": "LK-2312",
        "ed_id": "EC-06",
        "pd_id": "EC-06A"
      },
      "geometry": {
        "type": "MultiPolygon",
        "coordinates": [
          [
            [
              [
                80.7727,
                7.0022
              ],
              [
                80.7855,
                7.0007
              ],
              [
                80.7982,
                6.9669
              ],
              [
                80.8352,
                6.9542
              ],
              [
                80.864,
                6.9788
              ],
              [
                80.8204,
                7.0231
              ],
              [
                80.7727,
                7.0022
              ]
            ]
          ],
          [
            [
              [
                80.8373,
                6.8119
              ],
              [
                80.8292,
                6.9273
              ],
              [
                80.7586,
                7.0075
              ],
              [
                80.6703,
                6.9777
              ],
              [
                80.6945,
                6.9692
              ],
              [
                80.6954,
                6.9363
              ],
              [
                80.6989,
                6.9341
              ],
              [
                80.7114,
                6.9238
              ],
              [
                80.7114,
                6.9237
              ],
              [
                80.7114,
                6.9238
              ],
              [
                80.7516,
                6.9021
              ],
              [
                80.7516,
                6.902
              ],
              [
                80.7516,
                6.9021
              ],
              [
                80.7667,
                6.7989
              ],
              [
                80.7754,
                6.779
              ],
              [
                80.8086,
                6.7917
              ],
              [
                80.8373,
                6.8119
              ]
            ]
          ]
        ]
      }
    },
    {
      "id": "feature_092",
      "type": "Feature",
      "properties": {
        "id": "LK-23-035",
        "name": "Walapane PS",
        "area_sqkm": "322.88",
        "center_lat": "7.0925",
        "center_lng": "80.886866",
        "lg_code": "35",
        "province_id": "LK-2",
        "district_id": "LK-23",
        "dsd_id": "",
        "ed_id": "EC-06",
        "pd_id": "EC-06D"
      },
      "geometry": {
        "type": "Polygon",
        "coordinates": [
          [
            [
              80.8204,
              7.0231
            ],
            [
              80.864,
              6.9788
            ],
            [
              80.9575,
              7.0631
            ],
            [
              80.9478,
              7.2002
            ],
            [
              80.9229,
              7.202
            ],
            [
              80.8504,
              7.1909
            ],
            [
              80.8463,
              7.1918
            ],
            [
              80.8204,
              7.0231
            ]
          ]
        ]
      }
    },
    {
      "id": "feature_093",
      "type": "Feature",
      "properties": {
        "id": "LK-23-036",
        "name": "Maskeliya PS",
        "area_sqkm": "156.2",
        "center_lat": "6.811348",
        "center_lng": "80.56089",
        "lg_code": "36",
        "province_id": "LK-2",
        "district_id": "LK-23",
        "dsd_id": "LK-2314",
        "ed_id": "EC-06",
        "pd_id": "EC-06A"
      },
      "geometry": {
        "type": "MultiPolygon",
        "coordinates": [
          [
            [
              [
                80.653,
                6.8167
              ],
              [
                80.6463,
                6.8024
              ],
              [
                80.6543,
                6.8
              ],
              [
                80.6633,
                6.8111
              ],
              [
                80.653,
                6.8167
              ]
            ]
          ],
          [
            [
              [
                80.4951,
                6.832
              ],
              [
                80.6133,
                6.7598
              ],
              [
                80.6629,
                6.7616
              ],
              [
                80.5672,
                6.856
              ],
              [
                80.4994,
                6.8658
              ],
              [
                80.4951,
                6.832
              ],
              [
                80.4951,
                6.832
              ]
            ]
          ]
        ]
      }
    },
    {
      "id": "feature_094",
      "type": "Feature",
      "properties": {
        "id": "LK-23-037",
        "name": "Noorwood PS",
        "area_sqkm": "128.8",
        "center_lat": "6.816981",
        "center_lng": "80.667324",
        "lg_code": "37",
        "province_id": "LK-2",
        "district_id": "LK-23",
        "dsd_id": "LK-2314",
        "ed_id": "EC-06",
        "pd_id": "EC-06A"
      },
      "geometry": {
        "type": "Polygon",
        "coordinates": [
          [
            [
              80.5672,
              6.856
            ],
            [
              80.6629,
              6.7616
            ],
            [
              80.7754,
              6.779
            ],
            [
              80.7667,
              6.7989
            ],
            [
              80.6364,
              6.9046
            ],
            [
              80.6234,
              6.8978
            ],
            [
              80.5885,
              6.8784
            ],
            [
              80.5672,
              6.856
            ]
          ],
          [
            [
              80.653,
              6.8167
            ],
            [
              80.6633,
              6.8111
            ],
            [
              80.6543,
              6.8
            ],
            [
              80.6463,
              6.8024
            ],
            [
              80.653,
              6.8167
            ]
          ]
        ]
      }
    },
    {
      "id": "feature_095",
      "type": "Feature",
      "properties": {
        "id": "LK-23-038",
        "name": "Agarapathana PS",
        "area_sqkm": "169.09",
        "center_lat": "6.859088",
        "center_lng": "80.720059",
        "lg_code": "38",
        "province_id": "LK-2",
        "district_id": "LK-23",
        "dsd_id": "LK-2313",
        "ed_id": "EC-06",
        "pd_id": "EC-06A"
      },
      "geometry": {
        "type": "Polygon",
        "coordinates": [
          [
            [
              80.6364,
              6.9046
            ],
            [
              80.7667,
              6.7989
            ],
            [
              80.7516,
              6.9021
            ],
            [
              80.7516,
              6.902
            ],
            [
              80.7516,
              6.9021
            ],
            [
              80.7114,
              6.9238
            ],
            [
              80.7114,
              6.9237
            ],
            [
              80.7114,
              6.9238
            ],
            [
              80.6989,
              6.9341
            ],
            [
              80.6925,
              6.9219
            ],
            [
              80.6402,
              6.9079
            ],
            [
              80.6364,
              6.9046
            ]
          ]
        ]
      }
    },
    {
      "id": "feature_096",
      "type": "Feature",
      "properties": {
        "id": "LK-23-039",
        "name": "Kotagala PS",
        "area_sqkm": "62.07",
        "center_lat": "6.943042",
        "center_lng": "80.625937",
        "lg_code": "39",
        "province_id": "LK-2",
        "district_id": "LK-23",
        "dsd_id": "",
        "ed_id": "EC-06",
        "pd_id": "EC-06A"
      },
      "geometry": {
        "type": "MultiPolygon",
        "coordinates": [
          [
            [
              [
                80.6989,
                6.9341
              ],
              [
                80.6954,
                6.9363
              ],
              [
                80.6925,
                6.9219
              ],
              [
                80.6989,
                6.9341
              ]
            ]
          ],
          [
            [
              [
                80.6625,
                6.9729
              ],
              [
                80.6945,
                6.9692
              ],
              [
                80.6703,
                6.9777
              ],
              [
                80.6625,
                6.9729
              ]
            ]
          ],
          [
            [
              [
                80.6402,
                6.9079
              ],
              [
                80.6286,
                6.966
              ],
              [
                80.5922,
                6.9732
              ],
              [
                80.5792,
                6.9449
              ],
              [
                80.5921,
                6.9126
              ],
              [
                80.6234,
                6.8978
              ],
              [
                80.6364,
                6.9046
              ],
              [
                80.6402,
                6.9079
              ]
            ]
          ]
        ]
      }
    },
    {
      "id": "feature_097",
      "type": "Feature",
      "properties": {
        "id": "LK-31-011",
        "name": "Galle MC",
        "area_sqkm": "17.19",
        "center_lat": "6.048309",
        "center_lng": "80.215172",
        "lg_code": "11",
        "province_id": "LK-3",
        "district_id": "LK-31",
        "dsd_id": "LK-3139",
        "ed_id": "EC-07",
        "pd_id": "EC-07H"
      },
      "geometry": {
        "type": "Polygon",
        "coordinates": [
          [
            [
              80.1736,
              6.062
            ],
            [
              80.2417,
              6.0284
            ],
            [
              80.2464,
              6.0265
            ],
            [
              80.2341,
              6.0626
            ],
            [
              80.1751,
              6.0644
            ],
            [
              80.1736,
              6.062
            ]
          ]
        ]
      }
    },
    {
      "id": "feature_098",
      "type": "Feature",
      "properties": {
        "id": "LK-31-021",
        "name": "Ambalangoda UC",
        "area_sqkm": "7.23",
        "center_lat": "6.242114",
        "center_lng": "80.065724",
        "lg_code": "21",
        "province_id": "LK-3",
        "district_id": "LK-31",
        "dsd_id": "LK-3133",
        "ed_id": "EC-07",
        "pd_id": "EC-07B"
      },
      "geometry": {
        "type": "Polygon",
        "coordinates": [
          [
            [
              80.053,
              6.2283
            ],
            [
              80.0702,
              6.2357
            ],
            [
              80.0865,
              6.2465
            ],
            [
              80.0634,
              6.2559
            ],
            [
              80.0454,
              6.2453
            ],
            [
              80.053,
              6.2283
            ]
          ]
        ]
      }
    },
    {
      "id": "feature_099",
      "type": "Feature",
      "properties": {
        "id": "LK-31-022",
        "name": "Hikkaduwa UC",
        "area_sqkm": "13.04",
        "center_lat": "6.128233",
        "center_lng": "80.119869",
        "lg_code": "22",
        "province_id": "LK-3",
        "district_id": "LK-31",
        "dsd_id": "LK-3136",
        "ed_id": "EC-07",
        "pd_id": "EC-07G"
      },
      "geometry": {
        "type": "MultiPolygon",
        "coordinates": [
          [
            [
              [
                80.0985,
                6.1471
              ],
              [
                80.1306,
                6.0965
              ],
              [
                80.1507,
                6.135
              ],
              [
                80.1502,
                6.1353
              ],
              [
                80.1157,
                6.1485
              ],
              [
                80.0985,
                6.1471
              ]
            ]
          ],
          [
            [
              [
                80.099,
                6.1394
              ],
              [
                80.0977,
                6.1368
              ],
              [
                80.0984,
                6.1332
              ],
              [
                80.0991,
                6.1354
              ],
              [
                80.098,
                6.1371
              ],
              [
                80.099,
                6.1394
              ]
            ]
          ]
        ]
      }
    },
    {
      "id": "feature_100",
      "type": "Feature",
      "properties": {
        "id": "LK-31-031",
        "name": "Akmeemana PS",
        "area_sqkm": "71.2",
        "center_lat": "6.059798",
        "center_lng": "80.284577",
        "lg_code": "31",
        "province_id": "LK-3",
        "district_id": "LK-31",
        "dsd_id": "LK-3145",
        "ed_id": "EC-07",
        "pd_id": "EC-07I"
      },
      "geometry": {
        "type": "Polygon",
        "coordinates": [
          [
            [
              80.2464,
              6.0265
            ],
            [
              80.2998,
              6.033
            ],
            [
              80.3555,
              6.0725
            ],
            [
              80.2811,
              6.0852
            ],
            [
              80.2552,
              6.0954
            ],
            [
              80.2552,
              6.0954
            ],
            [
              80.2419,
              6.1045
            ],
            [
              80.2341,
              6.0626
            ],
            [
              80.2464,
              6.0265
            ]
          ]
        ]
      }
    },
    {
      "id": "feature_101",
      "type": "Feature",
      "properties": {
        "id": "LK-31-032",
        "name": "Ambalangoda PS",
        "area_sqkm": "67.37",
        "center_lat": "6.198961",
        "center_lng": "80.116809",
        "lg_code": "32",
        "province_id": "LK-3",
        "district_id": "LK-31",
        "dsd_id": "",
        "ed_id": "EC-07",
        "pd_id": "EC-07B"
      },
      "geometry": {
        "type": "Polygon",
        "coordinates": [
          [
            [
              80.0702,
              6.2357
            ],
            [
              80.1157,
              6.1485
            ],
            [
              80.1502,
              6.1353
            ],
            [
              80.1408,
              6.1788
            ],
            [
              80.1403,
              6.2164
            ],
            [
              80.1404,
              6.2164
            ],
            [
              80.1403,
              6.2164
            ],
            [
              80.1358,
              6.249
            ],
            [
              80.0865,
              6.2465
            ],
            [
              80.0702,
              6.2357
            ]
          ]
        ]
      }
    },
    {
      "id": "feature_102",
      "type": "Feature",
      "properties": {
        "id": "LK-31-033",
        "name": "Baddegama PS",
        "area_sqkm": "112.86",
        "center_lat": "6.136369",
        "center_lng": "80.220155",
        "lg_code": "33",
        "province_id": "LK-3",
        "district_id": "LK-31",
        "dsd_id": "",
        "ed_id": "EC-07",
        "pd_id": ""
      },
      "geometry": {
        "type": "Polygon",
        "coordinates": [
          [
            [
              80.1836,
              6.0873
            ],
            [
              80.2083,
              6.099
            ],
            [
              80.2083,
              6.099
            ],
            [
              80.2083,
              6.099
            ],
            [
              80.2419,
              6.1045
            ],
            [
              80.2552,
              6.0954
            ],
            [
              80.2552,
              6.0954
            ],
            [
              80.2811,
              6.0852
            ],
            [
              80.2946,
              6.0998
            ],
            [
              80.2946,
              6.0998
            ],
            [
              80.2946,
              6.0998
            ],
            [
              80.2947,
              6.1116
            ],
            [
              80.2947,
              6.1116
            ],
            [
              80.2947,
              6.1116
            ],
            [
              80.3066,
              6.146
            ],
            [
              80.2649,
              6.1419
            ],
            [
              80.2648,
              6.1419
            ],
            [
              80.2649,
              6.1419
            ],
            [
              80.251,
              6.1518
            ],
            [
              80.251,
              6.1518
            ],
            [
              80.251,
              6.1518
            ],
            [
              80.2373,
              6.1701
            ],
            [
              80.1408,
              6.1788
            ],
            [
              80.1502,
              6.1353
            ],
            [
              80.1507,
              6.135
            ],
            [
              80.1836,
              6.0873
            ]
          ]
        ]
      }
    },
    {
      "id": "feature_103",
      "type": "Feature",
      "properties": {
        "id": "LK-31-034",
        "name": "Balapitiya PS",
        "area_sqkm": "54.26",
        "center_lat": "6.314523",
        "center_lng": "80.050593",
        "lg_code": "34",
        "province_id": "LK-3",
        "district_id": "LK-31",
        "dsd_id": "LK-3106",
        "ed_id": "EC-07",
        "pd_id": "EC-07A"
      },
      "geometry": {
        "type": "Polygon",
        "coordinates": [
          [
            [
              80.0163,
              6.3583
            ],
            [
              80.0454,
              6.2453
            ],
            [
              80.0634,
              6.2559
            ],
            [
              80.0684,
              6.3622
            ],
            [
              80.0163,
              6.3583
            ]
          ]
        ]
      }
    },
    {
      "id": "feature_104",
      "type": "Feature",
      "properties": {
        "id": "LK-31-035",
        "name": "Benthota PS",
        "area_sqkm": "70.97",
        "center_lat": "6.386622",
        "center_lng": "80.055626",
        "lg_code": "35",
        "province_id": "LK-3",
        "district_id": "LK-31",
        "dsd_id": "LK-3103",
        "ed_id": "EC-07",
        "pd_id": "EC-07D"
      },
      "geometry": {
        "type": "Polygon",
        "coordinates": [
          [
            [
              80.0163,
              6.3583
            ],
            [
              80.0684,
              6.3622
            ],
            [
              80.1359,
              6.3355
            ],
            [
              80.1314,
              6.3658
            ],
            [
              80.0596,
              6.4086
            ],
            [
              80.0248,
              6.4276
            ],
            [
              79.9855,
              6.4436
            ],
            [
              80.0163,
              6.3583
            ]
          ]
        ]
      }
    },
    {
      "id": "feature_105",
      "type": "Feature",
      "properties": {
        "id": "LK-31-036",
        "name": "Bope_Poddala PS",
        "area_sqkm": "33.72",
        "center_lat": "6.081956",
        "center_lng": "80.211473",
        "lg_code": "36",
        "province_id": "LK-3",
        "district_id": "LK-31",
        "dsd_id": "",
        "ed_id": "EC-07",
        "pd_id": ""
      },
      "geometry": {
        "type": "Polygon",
        "coordinates": [
          [
            [
              80.1751,
              6.0644
            ],
            [
              80.2341,
              6.0626
            ],
            [
              80.2419,
              6.1045
            ],
            [
              80.2083,
              6.099
            ],
            [
              80.2083,
              6.099
            ],
            [
              80.2083,
              6.099
            ],
            [
              80.1836,
              6.0873
            ],
            [
              80.1751,
              6.0644
            ]
          ]
        ]
      }
    },
    {
      "id": "feature_106",
      "type": "Feature",
      "properties": {
        "id": "LK-31-037",
        "name": "Elpitiya PS",
        "area_sqkm": "150.64",
        "center_lat": "6.290338",
        "center_lng": "80.185674",
        "lg_code": "37",
        "province_id": "LK-3",
        "district_id": "LK-31",
        "dsd_id": "LK-3112",
        "ed_id": "EC-07",
        "pd_id": "EC-07D"
      },
      "geometry": {
        "type": "Polygon",
        "coordinates": [
          [
            [
              80.1483,
              6.263
            ],
            [
              80.2343,
              6.2124
            ],
            [
              80.2344,
              6.2124
            ],
            [
              80.2343,
              6.2124
            ],
            [
              80.2415,
              6.2184
            ],
            [
              80.2065,
              6.3597
            ],
            [
              80.1314,
              6.3658
            ],
            [
              80.1359,
              6.3355
            ],
            [
              80.1483,
              6.263
            ]
          ]
        ]
      }
    },
    {
      "id": "feature_107",
      "type": "Feature",
      "properties": {
        "id": "LK-31-038",
        "name": "Habaraduwa PS",
        "area_sqkm": "48.81",
        "center_lat": "6.001825",
        "center_lng": "80.320646",
        "lg_code": "38",
        "province_id": "LK-3",
        "district_id": "LK-31",
        "dsd_id": "LK-3154",
        "ed_id": "EC-07",
        "pd_id": "EC-07J"
      },
      "geometry": {
        "type": "Polygon",
        "coordinates": [
          [
            [
              80.2417,
              6.0284
            ],
            [
              80.3819,
              5.9649
            ],
            [
              80.3886,
              6.0038
            ],
            [
              80.3656,
              6.0016
            ],
            [
              80.2998,
              6.033
            ],
            [
              80.2464,
              6.0265
            ],
            [
              80.2417,
              6.0284
            ]
          ]
        ]
      }
    },
    {
      "id": "feature_108",
      "type": "Feature",
      "properties": {
        "id": "LK-31-039",
        "name": "Rajgama PS",
        "area_sqkm": "50.13",
        "center_lat": "6.142852",
        "center_lng": "80.123289",
        "lg_code": "39",
        "province_id": "LK-3",
        "district_id": "LK-31",
        "dsd_id": "",
        "ed_id": "EC-07",
        "pd_id": "EC-07G"
      },
      "geometry": {
        "type": "MultiPolygon",
        "coordinates": [
          [
            [
              [
                80.1306,
                6.0965
              ],
              [
                80.1736,
                6.062
              ],
              [
                80.1751,
                6.0644
              ],
              [
                80.1836,
                6.0873
              ],
              [
                80.1507,
                6.135
              ],
              [
                80.1306,
                6.0965
              ]
            ]
          ],
          [
            [
              [
                80.053,
                6.2283
              ],
              [
                80.0985,
                6.1471
              ],
              [
                80.1157,
                6.1485
              ],
              [
                80.0702,
                6.2357
              ],
              [
                80.053,
                6.2283
              ]
            ]
          ]
        ]
      }
    },
    {
      "id": "feature_109",
      "type": "Feature",
      "properties": {
        "id": "LK-31-040",
        "name": "Karandeniya PS",
        "area_sqkm": "88.55",
        "center_lat": "6.301085",
        "center_lng": "80.100581",
        "lg_code": "40",
        "province_id": "LK-3",
        "district_id": "LK-31",
        "dsd_id": "LK-3109",
        "ed_id": "EC-07",
        "pd_id": "EC-07C"
      },
      "geometry": {
        "type": "Polygon",
        "coordinates": [
          [
            [
              80.0865,
              6.2465
            ],
            [
              80.1358,
              6.249
            ],
            [
              80.1483,
              6.263
            ],
            [
              80.1359,
              6.3355
            ],
            [
              80.0684,
              6.3622
            ],
            [
              80.0634,
              6.2559
            ],
            [
              80.0865,
              6.2465
            ]
          ]
        ]
      }
    },
    {
      "id": "feature_110",
      "type": "Feature",
      "properties": {
        "id": "LK-31-041",
        "name": "Nagoda PS",
        "area_sqkm": "173.43",
        "center_lat": "6.199194",
        "center_lng": "80.313741",
        "lg_code": "41",
        "province_id": "LK-3",
        "district_id": "LK-31",
        "dsd_id": "LK-3124",
        "ed_id": "EC-07",
        "pd_id": ""
      },
      "geometry": {
        "type": "Polygon",
        "coordinates": [
          [
            [
              80.2649,
              6.1419
            ],
            [
              80.3066,
              6.146
            ],
            [
              80.3828,
              6.1621
            ],
            [
              80.3862,
              6.2198
            ],
            [
              80.3033,
              6.2856
            ],
            [
              80.2486,
              6.2044
            ],
            [
              80.2472,
              6.2032
            ],
            [
              80.2472,
              6.2032
            ],
            [
              80.2472,
              6.2032
            ],
            [
              80.2373,
              6.1701
            ],
            [
              80.251,
              6.1518
            ],
            [
              80.251,
              6.1518
            ],
            [
              80.251,
              6.1518
            ],
            [
              80.2649,
              6.1419
            ],
            [
              80.2648,
              6.1419
            ],
            [
              80.2649,
              6.1419
            ]
          ]
        ]
      }
    },
    {
      "id": "feature_111",
      "type": "Feature",
      "properties": {
        "id": "LK-31-042",
        "name": "Neluwa PS",
        "area_sqkm": "152.51",
        "center_lat": "6.360383",
        "center_lng": "80.409622",
        "lg_code": "42",
        "province_id": "LK-3",
        "district_id": "LK-31",
        "dsd_id": "LK-3121",
        "ed_id": "EC-07",
        "pd_id": "EC-07E"
      },
      "geometry": {
        "type": "Polygon",
        "coordinates": [
          [
            [
              80.3769,
              6.3222
            ],
            [
              80.4781,
              6.283
            ],
            [
              80.4958,
              6.3682
            ],
            [
              80.3809,
              6.4261
            ],
            [
              80.3164,
              6.3995
            ],
            [
              80.3769,
              6.3222
            ]
          ]
        ]
      }
    },
    {
      "id": "feature_112",
      "type": "Feature",
      "properties": {
        "id": "LK-31-043",
        "name": "Niyagama PS",
        "area_sqkm": "104.37",
        "center_lat": "6.302514",
        "center_lng": "80.251476",
        "lg_code": "43",
        "province_id": "LK-3",
        "district_id": "LK-31",
        "dsd_id": "LK-3115",
        "ed_id": "EC-07",
        "pd_id": "EC-07E"
      },
      "geometry": {
        "type": "Polygon",
        "coordinates": [
          [
            [
              80.2065,
              6.3597
            ],
            [
              80.2415,
              6.2184
            ],
            [
              80.2486,
              6.2044
            ],
            [
              80.3033,
              6.2856
            ],
            [
              80.2991,
              6.3259
            ],
            [
              80.2065,
              6.3597
            ]
          ]
        ]
      }
    },
    {
      "id": "feature_113",
      "type": "Feature",
      "properties": {
        "id": "LK-31-044",
        "name": "Thawalama PS",
        "area_sqkm": "173.7",
        "center_lat": "6.292952",
        "center_lng": "80.354998",
        "lg_code": "44",
        "province_id": "LK-3",
        "district_id": "LK-31",
        "dsd_id": "LK-3118",
        "ed_id": "EC-07",
        "pd_id": "EC-07E"
      },
      "geometry": {
        "type": "Polygon",
        "coordinates": [
          [
            [
              80.3033,
              6.2856
            ],
            [
              80.3862,
              6.2198
            ],
            [
              80.4403,
              6.2267
            ],
            [
              80.3769,
              6.3222
            ],
            [
              80.3164,
              6.3995
            ],
            [
              80.3003,
              6.3969
            ],
            [
              80.2991,
              6.3259
            ],
            [
              80.3033,
              6.2856
            ]
          ]
        ]
      }
    },
    {
      "id": "feature_114",
      "type": "Feature",
      "properties": {
        "id": "LK-31-045",
        "name": "Yakkalamulla PS",
        "area_sqkm": "108.68",
        "center_lat": "6.107609",
        "center_lng": "80.360034",
        "lg_code": "45",
        "province_id": "LK-3",
        "district_id": "LK-31",
        "dsd_id": "LK-3148",
        "ed_id": "EC-07",
        "pd_id": "EC-07F"
      },
      "geometry": {
        "type": "Polygon",
        "coordinates": [
          [
            [
              80.2811,
              6.0852
            ],
            [
              80.3555,
              6.0725
            ],
            [
              80.3677,
              6.0712
            ],
            [
              80.3677,
              6.0712
            ],
            [
              80.374,
              6.067
            ],
            [
              80.374,
              6.067
            ],
            [
              80.374,
              6.067
            ],
            [
              80.3876,
              6.0533
            ],
            [
              80.4123,
              6.0711
            ],
            [
              80.3828,
              6.1621
            ],
            [
              80.3066,
              6.146
            ],
            [
              80.2947,
              6.1116
            ],
            [
              80.2947,
              6.1116
            ],
            [
              80.2947,
              6.1116
            ],
            [
              80.2946,
              6.0998
            ],
            [
              80.2946,
              6.0998
            ],
            [
              80.2946,
              6.0998
            ],
            [
              80.2811,
              6.0852
            ]
          ]
        ]
      }
    },
    {
      "id": "feature_115",
      "type": "Feature",
      "properties": {
        "id": "LK-31-046",
        "name": "Imaduwa PS",
        "area_sqkm": "58.36",
        "center_lat": "6.032628",
        "center_lng": "80.358504",
        "lg_code": "46",
        "province_id": "LK-3",
        "district_id": "LK-31",
        "dsd_id": "LK-3151",
        "ed_id": "EC-07",
        "pd_id": "EC-07J"
      },
      "geometry": {
        "type": "Polygon",
        "coordinates": [
          [
            [
              80.2998,
              6.033
            ],
            [
              80.3656,
              6.0016
            ],
            [
              80.3886,
              6.0038
            ],
            [
              80.3876,
              6.0533
            ],
            [
              80.374,
              6.067
            ],
            [
              80.374,
              6.067
            ],
            [
              80.374,
              6.067
            ],
            [
              80.3677,
              6.0712
            ],
            [
              80.3677,
              6.0712
            ],
            [
              80.3555,
              6.0725
            ],
            [
              80.2998,
              6.033
            ]
          ]
        ]
      }
    },
    {
      "id": "feature_116",
      "type": "Feature",
      "properties": {
        "id": "LK-31-047",
        "name": "Welivitiya_Divithura PS",
        "area_sqkm": "56.47",
        "center_lat": "6.206917",
        "center_lng": "80.180778",
        "lg_code": "47",
        "province_id": "LK-3",
        "district_id": "LK-31",
        "dsd_id": "LK-3130",
        "ed_id": "EC-07",
        "pd_id": "EC-07C"
      },
      "geometry": {
        "type": "Polygon",
        "coordinates": [
          [
            [
              80.1408,
              6.1788
            ],
            [
              80.2373,
              6.1701
            ],
            [
              80.2472,
              6.2032
            ],
            [
              80.2472,
              6.2032
            ],
            [
              80.2472,
              6.2032
            ],
            [
              80.2486,
              6.2044
            ],
            [
              80.2415,
              6.2184
            ],
            [
              80.2343,
              6.2124
            ],
            [
              80.2344,
              6.2124
            ],
            [
              80.2343,
              6.2124
            ],
            [
              80.1483,
              6.263
            ],
            [
              80.1358,
              6.249
            ],
            [
              80.1403,
              6.2164
            ],
            [
              80.1404,
              6.2164
            ],
            [
              80.1403,
              6.2164
            ],
            [
              80.1408,
              6.1788
            ]
          ]
        ]
      }
    },
    {
      "id": "feature_117",
      "type": "Feature",
      "properties": {
        "id": "LK-32-011",
        "name": "Matara MC",
        "area_sqkm": "23.14",
        "center_lat": "5.952797",
        "center_lng": "80.538466",
        "lg_code": "11",
        "province_id": "LK-3",
        "district_id": "LK-32",
        "dsd_id": "LK-3242",
        "ed_id": "EC-08",
        "pd_id": "EC-08F"
      },
      "geometry": {
        "type": "Polygon",
        "coordinates": [
          [
            [
              80.5056,
              5.9372
            ],
            [
              80.5826,
              5.9309
            ],
            [
              80.5814,
              5.9418
            ],
            [
              80.5506,
              5.9669
            ],
            [
              80.5269,
              5.9753
            ],
            [
              80.5101,
              5.9667
            ],
            [
              80.5049,
              5.9664
            ],
            [
              80.5062,
              5.9638
            ],
            [
              80.5039,
              5.952
            ],
            [
              80.5056,
              5.9372
            ]
          ]
        ]
      }
    },
    {
      "id": "feature_118",
      "type": "Feature",
      "properties": {
        "id": "LK-32-021",
        "name": "Weligama UC",
        "area_sqkm": "4.93",
        "center_lat": "5.971829",
        "center_lng": "80.423023",
        "lg_code": "21",
        "province_id": "LK-3",
        "district_id": "LK-32",
        "dsd_id": "LK-3239",
        "ed_id": "EC-08",
        "pd_id": "EC-08G"
      },
      "geometry": {
        "type": "Polygon",
        "coordinates": [
          [
            [
              80.4227,
              5.9656
            ],
            [
              80.4082,
              5.9583
            ],
            [
              80.4407,
              5.9712
            ],
            [
              80.4257,
              5.9698
            ],
            [
              80.4227,
              5.9656
            ]
          ]
        ]
      }
    },
    {
      "id": "feature_119",
      "type": "Feature",
      "properties": {
        "id": "LK-32-031",
        "name": "Akuressa PS",
        "area_sqkm": "150.06",
        "center_lat": "6.135891",
        "center_lng": "80.440469",
        "lg_code": "31",
        "province_id": "LK-3",
        "district_id": "LK-32",
        "dsd_id": "LK-3218",
        "ed_id": "EC-08",
        "pd_id": "EC-08C"
      },
      "geometry": {
        "type": "Polygon",
        "coordinates": [
          [
            [
              80.4123,
              6.0711
            ],
            [
              80.4685,
              6.0454
            ],
            [
              80.507,
              6.0586
            ],
            [
              80.4843,
              6.1592
            ],
            [
              80.4403,
              6.2267
            ],
            [
              80.3862,
              6.2198
            ],
            [
              80.3828,
              6.1621
            ],
            [
              80.4123,
              6.0711
            ]
          ]
        ]
      }
    },
    {
      "id": "feature_120",
      "type": "Feature",
      "properties": {
        "id": "LK-32-032",
        "name": "Devinuwara PS",
        "area_sqkm": "38.16",
        "center_lat": "5.977065",
        "center_lng": "80.614856",
        "lg_code": "32",
        "province_id": "LK-3",
        "district_id": "LK-32",
        "dsd_id": "LK-3245",
        "ed_id": "EC-08",
        "pd_id": "EC-08E"
      },
      "geometry": {
        "type": "MultiPolygon",
        "coordinates": [
          [
            [
              [
                80.5826,
                5.9309
              ],
              [
                80.6332,
                5.9461
              ],
              [
                80.6412,
                6.0033
              ],
              [
                80.6115,
                6.0265
              ],
              [
                80.5928,
                5.9966
              ],
              [
                80.5814,
                5.9418
              ],
              [
                80.5826,
                5.9309
              ]
            ]
          ],
          [
            [
              [
                80.6116,
                5.9283
              ],
              [
                80.6116,
                5.9274
              ],
              [
                80.6126,
                5.9283
              ],
              [
                80.6121,
                5.9284
              ],
              [
                80.6116,
                5.9283
              ]
            ]
          ]
        ]
      }
    },
    {
      "id": "feature_121",
      "type": "Feature",
      "properties": {
        "id": "LK-32-033",
        "name": "Dickwella PS",
        "area_sqkm": "51.11",
        "center_lat": "5.985368",
        "center_lng": "80.673372",
        "lg_code": "33",
        "province_id": "LK-3",
        "district_id": "LK-32",
        "dsd_id": "LK-3248",
        "ed_id": "EC-08",
        "pd_id": "EC-08E"
      },
      "geometry": {
        "type": "Polygon",
        "coordinates": [
          [
            [
              80.6332,
              5.9461
            ],
            [
              80.7238,
              5.9789
            ],
            [
              80.7128,
              5.9888
            ],
            [
              80.7041,
              5.9934
            ],
            [
              80.7041,
              5.9933
            ],
            [
              80.6662,
              6.0245
            ],
            [
              80.6412,
              6.0033
            ],
            [
              80.6332,
              5.9461
            ]
          ]
        ]
      }
    },
    {
      "id": "feature_122",
      "type": "Feature",
      "properties": {
        "id": "LK-32-034",
        "name": "Hakmana PS",
        "area_sqkm": "49.52",
        "center_lat": "6.094981",
        "center_lng": "80.649031",
        "lg_code": "34",
        "province_id": "LK-3",
        "district_id": "LK-32",
        "dsd_id": "LK-3230",
        "ed_id": "EC-08",
        "pd_id": ""
      },
      "geometry": {
        "type": "Polygon",
        "coordinates": [
          [
            [
              80.6156,
              6.0748
            ],
            [
              80.6919,
              6.0708
            ],
            [
              80.6816,
              6.0948
            ],
            [
              80.652,
              6.1332
            ],
            [
              80.5935,
              6.0978
            ],
            [
              80.6156,
              6.0748
            ]
          ]
        ]
      }
    },
    {
      "id": "feature_123",
      "type": "Feature",
      "properties": {
        "id": "LK-32-035",
        "name": "Kamburupitiya PS",
        "area_sqkm": "110.7",
        "center_lat": "6.039269",
        "center_lng": "80.5605",
        "lg_code": "35",
        "province_id": "LK-3",
        "district_id": "LK-32",
        "dsd_id": "",
        "ed_id": "EC-08",
        "pd_id": "EC-08D"
      },
      "geometry": {
        "type": "Polygon",
        "coordinates": [
          [
            [
              80.5269,
              5.9753
            ],
            [
              80.5506,
              5.9669
            ],
            [
              80.5928,
              5.9966
            ],
            [
              80.6115,
              6.0265
            ],
            [
              80.6156,
              6.0748
            ],
            [
              80.5935,
              6.0978
            ],
            [
              80.5368,
              6.0952
            ],
            [
              80.509,
              6.0558
            ],
            [
              80.5102,
              5.9808
            ],
            [
              80.5269,
              5.9753
            ]
          ]
        ]
      }
    },
    {
      "id": "feature_124",
      "type": "Feature",
      "properties": {
        "id": "LK-32-036",
        "name": "Kotapola PS",
        "area_sqkm": "178.98",
        "center_lat": "6.322503",
        "center_lng": "80.538487",
        "lg_code": "36",
        "province_id": "LK-3",
        "district_id": "LK-32",
        "dsd_id": "LK-3206",
        "ed_id": "EC-08",
        "pd_id": "EC-08A"
      },
      "geometry": {
        "type": "Polygon",
        "coordinates": [
          [
            [
              80.5471,
              6.2361
            ],
            [
              80.612,
              6.3458
            ],
            [
              80.621,
              6.3946
            ],
            [
              80.4958,
              6.3682
            ],
            [
              80.4781,
              6.283
            ],
            [
              80.5471,
              6.2361
            ]
          ]
        ]
      }
    },
    {
      "id": "feature_125",
      "type": "Feature",
      "properties": {
        "id": "LK-32-037",
        "name": "Malimbada PS",
        "area_sqkm": "42.86",
        "center_lat": "6.019686",
        "center_lng": "80.49915",
        "lg_code": "37",
        "province_id": "LK-3",
        "district_id": "LK-32",
        "dsd_id": "LK-3224",
        "ed_id": "EC-08",
        "pd_id": "EC-08C"
      },
      "geometry": {
        "type": "Polygon",
        "coordinates": [
          [
            [
              80.4685,
              6.0454
            ],
            [
              80.5049,
              5.9664
            ],
            [
              80.5101,
              5.9667
            ],
            [
              80.5102,
              5.9808
            ],
            [
              80.509,
              6.0558
            ],
            [
              80.507,
              6.0586
            ],
            [
              80.4685,
              6.0454
            ]
          ]
        ]
      }
    },
    {
      "id": "feature_126",
      "type": "Feature",
      "properties": {
        "id": "LK-32-038",
        "name": "Matara PS",
        "area_sqkm": "33.49",
        "center_lat": "5.969664",
        "center_lng": "80.580371",
        "lg_code": "38",
        "province_id": "LK-3",
        "district_id": "LK-32",
        "dsd_id": "LK-3242",
        "ed_id": "EC-08",
        "pd_id": "EC-08F"
      },
      "geometry": {
        "type": "MultiPolygon",
        "coordinates": [
          [
            [
              [
                80.5814,
                5.9418
              ],
              [
                80.5928,
                5.9966
              ],
              [
                80.5506,
                5.9669
              ],
              [
                80.5814,
                5.9418
              ]
            ]
          ],
          [
            [
              [
                80.5101,
                5.9667
              ],
              [
                80.5269,
                5.9753
              ],
              [
                80.5102,
                5.9808
              ],
              [
                80.5101,
                5.9667
              ]
            ]
          ],
          [
            [
              [
                80.5039,
                5.952
              ],
              [
                80.5039,
                5.952
              ],
              [
                80.5062,
                5.9638
              ],
              [
                80.5039,
                5.952
              ]
            ]
          ]
        ]
      }
    },
    {
      "id": "feature_127",
      "type": "Feature",
      "properties": {
        "id": "LK-32-039",
        "name": "Mulatiyana PS",
        "area_sqkm": "120.4",
        "center_lat": "6.147335",
        "center_lng": "80.586973",
        "lg_code": "39",
        "province_id": "LK-3",
        "district_id": "LK-32",
        "dsd_id": "LK-3212",
        "ed_id": "EC-08",
        "pd_id": "EC-08B"
      },
      "geometry": {
        "type": "Polygon",
        "coordinates": [
          [
            [
              80.5368,
              6.0952
            ],
            [
              80.5935,
              6.0978
            ],
            [
              80.652,
              6.1332
            ],
            [
              80.662,
              6.1684
            ],
            [
              80.6115,
              6.1902
            ],
            [
              80.5514,
              6.2003
            ],
            [
              80.5266,
              6.1668
            ],
            [
              80.5368,
              6.0952
            ]
          ]
        ]
      }
    },
    {
      "id": "feature_128",
      "type": "Feature",
      "properties": {
        "id": "LK-32-040",
        "name": "Pasgoda PS",
        "area_sqkm": "154.01",
        "center_lat": "6.276173",
        "center_lng": "80.608151",
        "lg_code": "40",
        "province_id": "LK-3",
        "district_id": "LK-32",
        "dsd_id": "LK-3209",
        "ed_id": "EC-08",
        "pd_id": ""
      },
      "geometry": {
        "type": "Polygon",
        "coordinates": [
          [
            [
              80.5514,
              6.2003
            ],
            [
              80.6115,
              6.1902
            ],
            [
              80.6707,
              6.3056
            ],
            [
              80.6707,
              6.3056
            ],
            [
              80.6707,
              6.3056
            ],
            [
              80.612,
              6.3458
            ],
            [
              80.5471,
              6.2361
            ],
            [
              80.5514,
              6.2003
            ]
          ]
        ]
      }
    },
    {
      "id": "feature_129",
      "type": "Feature",
      "properties": {
        "id": "LK-32-042",
        "name": "Weligama PS",
        "area_sqkm": "107.06",
        "center_lat": "5.99918",
        "center_lng": "80.442313",
        "lg_code": "42",
        "province_id": "LK-3",
        "district_id": "LK-32",
        "dsd_id": "",
        "ed_id": "EC-08",
        "pd_id": "EC-08G"
      },
      "geometry": {
        "type": "MultiPolygon",
        "coordinates": [
          [
            [
              [
                80.4082,
                5.9583
              ],
              [
                80.4407,
                5.9712
              ],
              [
                80.5056,
                5.9372
              ],
              [
                80.5039,
                5.952
              ],
              [
                80.5062,
                5.9638
              ],
              [
                80.5049,
                5.9664
              ],
              [
                80.4685,
                6.0454
              ],
              [
                80.4123,
                6.0711
              ],
              [
                80.3876,
                6.0533
              ],
              [
                80.3886,
                6.0038
              ],
              [
                80.3819,
                5.9649
              ],
              [
                80.4082,
                5.9583
              ]
            ]
          ],
          [
            [
              [
                80.4261,
                5.968
              ],
              [
                80.4257,
                5.9683
              ],
              [
                80.4255,
                5.968
              ],
              [
                80.4259,
                5.9676
              ],
              [
                80.4261,
                5.968
              ]
            ]
          ],
          [
            [
              [
                80.4227,
                5.9656
              ],
              [
                80.4227,
                5.9656
              ],
              [
                80.4257,
                5.9698
              ],
              [
                80.4227,
                5.9656
              ]
            ]
          ]
        ]
      }
    },
    {
      "id": "feature_130",
      "type": "Feature",
      "properties": {
        "id": "LK-32-043",
        "name": "Pitadeddara PS",
        "area_sqkm": "136.99",
        "center_lat": "6.239504",
        "center_lng": "80.473365",
        "lg_code": "43",
        "province_id": "LK-3",
        "district_id": "LK-32",
        "dsd_id": "LK-3203",
        "ed_id": "EC-08",
        "pd_id": "EC-08A"
      },
      "geometry": {
        "type": "Polygon",
        "coordinates": [
          [
            [
              80.4403,
              6.2267
            ],
            [
              80.4843,
              6.1592
            ],
            [
              80.5266,
              6.1668
            ],
            [
              80.5514,
              6.2003
            ],
            [
              80.5471,
              6.2361
            ],
            [
              80.4781,
              6.283
            ],
            [
              80.3769,
              6.3222
            ],
            [
              80.4403,
              6.2267
            ]
          ]
        ]
      }
    },
    {
      "id": "feature_131",
      "type": "Feature",
      "properties": {
        "id": "LK-32-044",
        "name": "Athuraliya PS",
        "area_sqkm": "63.05",
        "center_lat": "6.117181",
        "center_lng": "80.509603",
        "lg_code": "44",
        "province_id": "LK-3",
        "district_id": "LK-32",
        "dsd_id": "LK-3215",
        "ed_id": "EC-08",
        "pd_id": "EC-08C"
      },
      "geometry": {
        "type": "Polygon",
        "coordinates": [
          [
            [
              80.4843,
              6.1592
            ],
            [
              80.507,
              6.0586
            ],
            [
              80.509,
              6.0558
            ],
            [
              80.5368,
              6.0952
            ],
            [
              80.5266,
              6.1668
            ],
            [
              80.4843,
              6.1592
            ]
          ]
        ]
      }
    },
    {
      "id": "feature_132",
      "type": "Feature",
      "properties": {
        "id": "LK-32-045",
        "name": "Kirinda Puhulwella PS",
        "area_sqkm": "41.91",
        "center_lat": "6.046066",
        "center_lng": "80.636112",
        "lg_code": "45",
        "province_id": "LK-3",
        "district_id": "LK-32",
        "dsd_id": "LK-3233",
        "ed_id": "EC-08",
        "pd_id": "EC-08D"
      },
      "geometry": {
        "type": "Polygon",
        "coordinates": [
          [
            [
              80.6115,
              6.0265
            ],
            [
              80.6412,
              6.0033
            ],
            [
              80.6662,
              6.0245
            ],
            [
              80.6919,
              6.0708
            ],
            [
              80.6156,
              6.0748
            ],
            [
              80.6115,
              6.0265
            ]
          ]
        ]
      }
    },
    {
      "id": "feature_133",
      "type": "Feature",
      "properties": {
        "id": "LK-33-011",
        "name": "Hambantota MC",
        "area_sqkm": "91.8",
        "center_lat": "6.167139",
        "center_lng": "81.120387",
        "lg_code": "11",
        "province_id": "LK-3",
        "district_id": "LK-33",
        "dsd_id": "LK-3312",
        "ed_id": "EC-09",
        "pd_id": "EC-09D"
      },
      "geometry": {
        "type": "Polygon",
        "coordinates": [
          [
            [
              81.0813,
              6.1124
            ],
            [
              81.0813,
              6.1124
            ],
            [
              81.1862,
              6.1585
            ],
            [
              81.0813,
              6.1124
            ]
          ]
        ]
      }
    },
    {
      "id": "feature_134",
      "type": "Feature",
      "properties": {
        "id": "LK-33-021",
        "name": "Tangalle UC",
        "area_sqkm": "3.18",
        "center_lat": "6.031879",
        "center_lng": "80.794863",
        "lg_code": "21",
        "province_id": "LK-3",
        "district_id": "LK-33",
        "dsd_id": "LK-3333",
        "ed_id": "EC-09",
        "pd_id": "EC-09C"
      },
      "geometry": {
        "type": "Polygon",
        "coordinates": [
          [
            [
              80.7906,
              6.0187
            ],
            [
              80.7906,
              6.0187
            ],
            [
              80.8023,
              6.0343
            ],
            [
              80.7906,
              6.0187
            ]
          ]
        ]
      }
    },
    {
      "id": "feature_135",
      "type": "Feature",
      "properties": {
        "id": "LK-33-031",
        "name": "Ambalantota PS",
        "area_sqkm": "212.81",
        "center_lat": "6.16102",
        "center_lng": "80.96355",
        "lg_code": "31",
        "province_id": "LK-3",
        "district_id": "LK-33",
        "dsd_id": "LK-3315",
        "ed_id": "EC-09",
        "pd_id": ""
      },
      "geometry": {
        "type": "Polygon",
        "coordinates": [
          [
            [
              80.8944,
              6.1373
            ],
            [
              80.9326,
              6.0756
            ],
            [
              81.0158,
              6.1039
            ],
            [
              81.0219,
              6.1626
            ],
            [
              81.0198,
              6.1629
            ],
            [
              81.0198,
              6.163
            ],
            [
              81.0198,
              6.1629
            ],
            [
              81.0301,
              6.1935
            ],
            [
              80.9525,
              6.2405
            ],
            [
              80.9092,
              6.2386
            ],
            [
              80.8944,
              6.1373
            ]
          ]
        ]
      }
    },
    {
      "id": "feature_136",
      "type": "Feature",
      "properties": {
        "id": "LK-33-032",
        "name": "Angunakolapelessa PS",
        "area_sqkm": "171.85",
        "center_lat": "6.19339",
        "center_lng": "80.851244",
        "lg_code": "32",
        "province_id": "LK-3",
        "district_id": "LK-33",
        "dsd_id": "LK-3318",
        "ed_id": "EC-09",
        "pd_id": "EC-09C"
      },
      "geometry": {
        "type": "Polygon",
        "coordinates": [
          [
            [
              80.8055,
              6.1229
            ],
            [
              80.8944,
              6.1373
            ],
            [
              80.9092,
              6.2386
            ],
            [
              80.8067,
              6.2674
            ],
            [
              80.7955,
              6.23
            ],
            [
              80.8425,
              6.2064
            ],
            [
              80.8427,
              6.2064
            ],
            [
              80.8427,
              6.2063
            ],
            [
              80.8425,
              6.2064
            ],
            [
              80.843,
              6.1969
            ],
            [
              80.843,
              6.1969
            ],
            [
              80.843,
              6.1969
            ],
            [
              80.8055,
              6.1229
            ]
          ]
        ]
      }
    },
    {
      "id": "feature_137",
      "type": "Feature",
      "properties": {
        "id": "LK-33-033",
        "name": "Beliatta PS",
        "area_sqkm": "102.7",
        "center_lat": "6.050734",
        "center_lng": "80.720383",
        "lg_code": "33",
        "province_id": "LK-3",
        "district_id": "LK-33",
        "dsd_id": "LK-3330",
        "ed_id": "EC-09",
        "pd_id": "EC-09B"
      },
      "geometry": {
        "type": "Polygon",
        "coordinates": [
          [
            [
              80.7041,
              5.9934
            ],
            [
              80.7128,
              5.9888
            ],
            [
              80.7521,
              6.0558
            ],
            [
              80.752,
              6.0557
            ],
            [
              80.7521,
              6.0558
            ],
            [
              80.7698,
              6.0955
            ],
            [
              80.6816,
              6.0948
            ],
            [
              80.6919,
              6.0708
            ],
            [
              80.6662,
              6.0245
            ],
            [
              80.7041,
              5.9933
            ],
            [
              80.7041,
              5.9934
            ]
          ]
        ]
      }
    },
    {
      "id": "feature_138",
      "type": "Feature",
      "properties": {
        "id": "LK-33-034",
        "name": "Hambantota PS",
        "area_sqkm": "251.98",
        "center_lat": "6.218205",
        "center_lng": "81.123751",
        "lg_code": "34",
        "province_id": "LK-3",
        "district_id": "LK-33",
        "dsd_id": "LK-3312",
        "ed_id": "EC-09",
        "pd_id": "EC-09D"
      },
      "geometry": {
        "type": "Polygon",
        "coordinates": [
          [
            [
              81.0158,
              6.1039
            ],
            [
              81.0813,
              6.1124
            ],
            [
              81.1862,
              6.1585
            ],
            [
              81.2931,
              6.1948
            ],
            [
              81.2566,
              6.2247
            ],
            [
              81.2566,
              6.2247
            ],
            [
              81.2566,
              6.2247
            ],
            [
              81.2216,
              6.2093
            ],
            [
              81.082,
              6.3376
            ],
            [
              81.0301,
              6.1935
            ],
            [
              81.0198,
              6.1629
            ],
            [
              81.0198,
              6.163
            ],
            [
              81.0198,
              6.1629
            ],
            [
              81.0219,
              6.1626
            ],
            [
              81.0158,
              6.1039
            ]
          ]
        ]
      }
    },
    {
      "id": "feature_139",
      "type": "Feature",
      "properties": {
        "id": "LK-33-035",
        "name": "Katuwana PS",
        "area_sqkm": "169.07",
        "center_lat": "6.242033",
        "center_lng": "80.694471",
        "lg_code": "35",
        "province_id": "LK-3",
        "district_id": "LK-33",
        "dsd_id": "",
        "ed_id": "EC-09",
        "pd_id": ""
      },
      "geometry": {
        "type": "Polygon",
        "coordinates": [
          [
            [
              80.6115,
              6.1902
            ],
            [
              80.662,
              6.1684
            ],
            [
              80.7955,
              6.23
            ],
            [
              80.8067,
              6.2674
            ],
            [
              80.6891,
              6.3082
            ],
            [
              80.6707,
              6.3056
            ],
            [
              80.6707,
              6.3056
            ],
            [
              80.6115,
              6.1902
            ]
          ]
        ]
      }
    },
    {
      "id": "feature_140",
      "type": "Feature",
      "properties": {
        "id": "LK-33-036",
        "name": "Lunugamvehera PS",
        "area_sqkm": "284.91",
        "center_lat": "6.33159",
        "center_lng": "81.162489",
        "lg_code": "36",
        "province_id": "LK-3",
        "district_id": "LK-33",
        "dsd_id": "LK-3306",
        "ed_id": "EC-09",
        "pd_id": "EC-09D"
      },
      "geometry": {
        "type": "MultiPolygon",
        "coordinates": [
          [
            [
              [
                81.2511,
                6.3402
              ],
              [
                81.2785,
                6.3657
              ],
              [
                81.2777,
                6.3666
              ],
              [
                81.2511,
                6.3402
              ]
            ]
          ],
          [
            [
              [
                81.082,
                6.3376
              ],
              [
                81.2216,
                6.2093
              ],
              [
                81.243,
                6.3405
              ],
              [
                81.0461,
                6.3982
              ],
              [
                81.082,
                6.3376
              ]
            ]
          ]
        ]
      }
    },
    {
      "id": "feature_141",
      "type": "Feature",
      "properties": {
        "id": "LK-33-037",
        "name": "Tangalle PS",
        "area_sqkm": "149.58",
        "center_lat": "6.07345",
        "center_lng": "80.827124",
        "lg_code": "37",
        "province_id": "LK-3",
        "district_id": "LK-33",
        "dsd_id": "LK-3333",
        "ed_id": "EC-09",
        "pd_id": ""
      },
      "geometry": {
        "type": "Polygon",
        "coordinates": [
          [
            [
              80.7238,
              5.9789
            ],
            [
              80.7906,
              6.0187
            ],
            [
              80.8023,
              6.0343
            ],
            [
              80.9326,
              6.0756
            ],
            [
              80.8944,
              6.1373
            ],
            [
              80.8055,
              6.1229
            ],
            [
              80.7704,
              6.0958
            ],
            [
              80.7704,
              6.0958
            ],
            [
              80.7704,
              6.0958
            ],
            [
              80.7698,
              6.0955
            ],
            [
              80.7521,
              6.0558
            ],
            [
              80.752,
              6.0557
            ],
            [
              80.7521,
              6.0558
            ],
            [
              80.7128,
              5.9888
            ],
            [
              80.7238,
              5.9789
            ]
          ]
        ]
      }
    },
    {
      "id": "feature_142",
      "type": "Feature",
      "properties": {
        "id": "LK-33-038",
        "name": "Thissamaharama PS",
        "area_sqkm": "792.11",
        "center_lat": "6.362319",
        "center_lng": "81.429386",
        "lg_code": "38",
        "province_id": "LK-3",
        "district_id": "LK-33",
        "dsd_id": "LK-3309",
        "ed_id": "EC-09",
        "pd_id": "EC-09D"
      },
      "geometry": {
        "type": "Polygon",
        "coordinates": [
          [
            [
              81.2216,
              6.2093
            ],
            [
              81.2566,
              6.2247
            ],
            [
              81.2566,
              6.2247
            ],
            [
              81.2566,
              6.2247
            ],
            [
              81.2931,
              6.1948
            ],
            [
              81.707,
              6.5107
            ],
            [
              81.6085,
              6.5801
            ],
            [
              81.2785,
              6.3657
            ],
            [
              81.2511,
              6.3402
            ],
            [
              81.243,
              6.3405
            ],
            [
              81.2216,
              6.2093
            ]
          ]
        ]
      }
    },
    {
      "id": "feature_143",
      "type": "Feature",
      "properties": {
        "id": "LK-33-039",
        "name": "Weeraketiya PS",
        "area_sqkm": "201.41",
        "center_lat": "6.167414",
        "center_lng": "80.742377",
        "lg_code": "39",
        "province_id": "LK-3",
        "district_id": "LK-33",
        "dsd_id": "",
        "ed_id": "EC-09",
        "pd_id": ""
      },
      "geometry": {
        "type": "Polygon",
        "coordinates": [
          [
            [
              80.6816,
              6.0948
            ],
            [
              80.7698,
              6.0955
            ],
            [
              80.7704,
              6.0958
            ],
            [
              80.7704,
              6.0958
            ],
            [
              80.7704,
              6.0958
            ],
            [
              80.8055,
              6.1229
            ],
            [
              80.843,
              6.1969
            ],
            [
              80.843,
              6.1969
            ],
            [
              80.843,
              6.1969
            ],
            [
              80.8425,
              6.2064
            ],
            [
              80.8427,
              6.2064
            ],
            [
              80.8427,
              6.2063
            ],
            [
              80.8425,
              6.2064
            ],
            [
              80.7955,
              6.23
            ],
            [
              80.662,
              6.1684
            ],
            [
              80.652,
              6.1332
            ],
            [
              80.6816,
              6.0948
            ]
          ]
        ]
      }
    },
    {
      "id": "feature_144",
      "type": "Feature",
      "properties": {
        "id": "LK-33-040",
        "name": "Sooriyawewa PS",
        "area_sqkm": "193.66",
        "center_lat": "6.29244",
        "center_lng": "81.015794",
        "lg_code": "40",
        "province_id": "LK-3",
        "district_id": "LK-33",
        "dsd_id": "LK-3303",
        "ed_id": "EC-09",
        "pd_id": "EC-09D"
      },
      "geometry": {
        "type": "Polygon",
        "coordinates": [
          [
            [
              80.9525,
              6.2405
            ],
            [
              81.0301,
              6.1935
            ],
            [
              81.082,
              6.3376
            ],
            [
              81.0461,
              6.3982
            ],
            [
              80.9321,
              6.2862
            ],
            [
              80.9525,
              6.2405
            ]
          ]
        ]
      }
    },
    {
      "id": "feature_145",
      "type": "Feature",
      "properties": {
        "id": "LK-41-011",
        "name": "Jaffna MC",
        "area_sqkm": "22.75",
        "center_lat": "9.667866",
        "center_lng": "80.028321",
        "lg_code": "11",
        "province_id": "LK-4",
        "district_id": "LK-41",
        "dsd_id": "",
        "ed_id": "EC-10",
        "pd_id": ""
      },
      "geometry": {
        "type": "Polygon",
        "coordinates": [
          [
            [
              79.9995,
              9.6544
            ],
            [
              80.0535,
              9.6475
            ],
            [
              80.0766,
              9.6594
            ],
            [
              80.0694,
              9.6639
            ],
            [
              80.0424,
              9.6737
            ],
            [
              80.0138,
              9.6915
            ],
            [
              80.0138,
              9.6915
            ],
            [
              80.0024,
              9.6974
            ],
            [
              80.0001,
              9.6946
            ],
            [
              80.0002,
              9.694
            ],
            [
              80.0004,
              9.6934
            ],
            [
              80.0003,
              9.6937
            ],
            [
              80.0002,
              9.694
            ],
            [
              80.0001,
              9.6946
            ],
            [
              79.9966,
              9.689
            ],
            [
              79.9993,
              9.6545
            ],
            [
              79.9995,
              9.6544
            ]
          ]
        ]
      }
    },
    {
      "id": "feature_146",
      "type": "Feature",
      "properties": {
        "id": "LK-41-021",
        "name": "Chavakachcheri UC",
        "area_sqkm": "21.72",
        "center_lat": "9.667126",
        "center_lng": "80.162788",
        "lg_code": "21",
        "province_id": "LK-4",
        "district_id": "LK-41",
        "dsd_id": "LK-4130",
        "ed_id": "EC-10",
        "pd_id": "EC-10H"
      },
      "geometry": {
        "type": "MultiPolygon",
        "coordinates": [
          [
            [
              [
                80.1551,
                9.6462
              ],
              [
                80.1551,
                9.6462
              ],
              [
                80.1828,
                9.6512
              ],
              [
                80.1551,
                9.6462
              ]
            ]
          ],
          [
            [
              [
                80.1651,
                9.6554
              ],
              [
                80.1651,
                9.6562
              ],
              [
                80.1641,
                9.6552
              ],
              [
                80.165,
                9.6551
              ],
              [
                80.1651,
                9.6554
              ]
            ]
          ],
          [
            [
              [
                80.1619,
                9.6521
              ],
              [
                80.1613,
                9.6522
              ],
              [
                80.1613,
                9.6517
              ],
              [
                80.1616,
                9.6517
              ],
              [
                80.1619,
                9.6521
              ]
            ]
          ]
        ]
      }
    },
    {
      "id": "feature_147",
      "type": "Feature",
      "properties": {
        "id": "LK-41-022",
        "name": "Point Pedro UC",
        "area_sqkm": "4.91",
        "center_lat": "9.820294",
        "center_lng": "80.241709",
        "lg_code": "22",
        "province_id": "LK-4",
        "district_id": "LK-41",
        "dsd_id": "LK-4127",
        "ed_id": "EC-10",
        "pd_id": "EC-10G"
      },
      "geometry": {
        "type": "Polygon",
        "coordinates": [
          [
            [
              80.258,
              9.8103
            ],
            [
              80.258,
              9.8103
            ],
            [
              80.2305,
              9.8304
            ],
            [
              80.258,
              9.8103
            ]
          ]
        ]
      }
    },
    {
      "id": "feature_148",
      "type": "Feature",
      "properties": {
        "id": "LK-41-023",
        "name": "Valvettiturai UC/ Vadamaradchi South West PS",
        "area_sqkm": "7.93",
        "center_lat": "9.81762",
        "center_lng": "80.152502",
        "lg_code": "23/36",
        "province_id": "LK-4",
        "district_id": "LK-41",
        "dsd_id": "",
        "ed_id": "EC-10",
        "pd_id": "EC-10F"
      },
      "geometry": {
        "type": "Polygon",
        "coordinates": [
          [
            [
              80.1291,
              9.8092
            ],
            [
              80.1752,
              9.8204
            ],
            [
              80.1885,
              9.8278
            ],
            [
              80.1339,
              9.82
            ],
            [
              80.1291,
              9.8092
            ]
          ]
        ]
      }
    },
    {
      "id": "feature_149",
      "type": "Feature",
      "properties": {
        "id": "LK-41-031",
        "name": "Chavakachcheri PS",
        "area_sqkm": "214.36",
        "center_lat": "9.678009",
        "center_lng": "80.192363",
        "lg_code": "31",
        "province_id": "LK-4",
        "district_id": "LK-41",
        "dsd_id": "LK-4130",
        "ed_id": "EC-10",
        "pd_id": "EC-10H"
      },
      "geometry": {
        "type": "MultiPolygon",
        "coordinates": [
          [
            [
              [
                80.1551,
                9.6462
              ],
              [
                80.1828,
                9.6512
              ],
              [
                80.2575,
                9.6133
              ],
              [
                80.2567,
                9.6115
              ],
              [
                80.2564,
                9.6116
              ],
              [
                80.2569,
                9.6115
              ],
              [
                80.2575,
                9.6133
              ],
              [
                80.2994,
                9.6849
              ],
              [
                80.2393,
                9.7606
              ],
              [
                80.165,
                9.7328
              ],
              [
                80.0694,
                9.6639
              ],
              [
                80.0766,
                9.6594
              ],
              [
                80.1551,
                9.6462
              ]
            ]
          ],
          [
            [
              [
                80.2016,
                9.5927
              ],
              [
                80.2034,
                9.5926
              ],
              [
                80.1961,
                9.5946
              ],
              [
                80.1998,
                9.5928
              ],
              [
                80.2016,
                9.5927
              ]
            ]
          ],
          [
            [
              [
                80.2024,
                9.6275
              ],
              [
                80.2005,
                9.6267
              ],
              [
                80.1988,
                9.627
              ],
              [
                80.2007,
                9.6255
              ],
              [
                80.2024,
                9.6275
              ]
            ]
          ],
          [
            [
              [
                80.2028,
                9.64
              ],
              [
                80.199,
                9.6393
              ],
              [
                80.1993,
                9.6392
              ],
              [
                80.1995,
                9.6391
              ],
              [
                80.2014,
                9.6389
              ],
              [
                80.2024,
                9.6395
              ],
              [
                80.2028,
                9.64
              ]
            ]
          ],
          [
            [
              [
                80.2019,
                9.6173
              ],
              [
                80.202,
                9.6177
              ],
              [
                80.2018,
                9.6181
              ],
              [
                80.2015,
                9.6174
              ],
              [
                80.2019,
                9.6173
              ]
            ]
          ],
          [
            [
              [
                80.1964,
                9.5959
              ],
              [
                80.2,
                9.5942
              ],
              [
                80.201,
                9.5949
              ],
              [
                80.1978,
                9.597
              ],
              [
                80.1964,
                9.5959
              ]
            ]
          ],
          [
            [
              [
                80.1965,
                9.592
              ],
              [
                80.1936,
                9.5921
              ],
              [
                80.1994,
                9.5898
              ],
              [
                80.198,
                9.5913
              ],
              [
                80.1965,
                9.592
              ]
            ]
          ],
          [
            [
              [
                80.1972,
                9.6024
              ],
              [
                80.1946,
                9.6022
              ],
              [
                80.1943,
                9.5994
              ],
              [
                80.199,
                9.602
              ],
              [
                80.1972,
                9.6024
              ]
            ]
          ],
          [
            [
              [
                80.1964,
                9.6418
              ],
              [
                80.1956,
                9.6425
              ],
              [
                80.1962,
                9.6417
              ],
              [
                80.1988,
                9.6395
              ],
              [
                80.1986,
                9.6398
              ],
              [
                80.1964,
                9.6418
              ]
            ]
          ],
          [
            [
              [
                80.1969,
                9.5994
              ],
              [
                80.1964,
                9.599
              ],
              [
                80.1957,
                9.5987
              ],
              [
                80.1974,
                9.5993
              ],
              [
                80.1969,
                9.5994
              ]
            ]
          ],
          [
            [
              [
                80.1954,
                9.5989
              ],
              [
                80.1959,
                9.5991
              ],
              [
                80.1951,
                9.5991
              ],
              [
                80.1945,
                9.5985
              ],
              [
                80.195,
                9.5988
              ],
              [
                80.1954,
                9.5989
              ]
            ]
          ],
          [
            [
              [
                80.1948,
                9.6442
              ],
              [
                80.195,
                9.6433
              ],
              [
                80.1956,
                9.6426
              ],
              [
                80.1949,
                9.6437
              ],
              [
                80.1948,
                9.6442
              ]
            ]
          ],
          [
            [
              [
                80.1932,
                9.6182
              ],
              [
                80.1905,
                9.6206
              ],
              [
                80.1907,
                9.6197
              ],
              [
                80.1916,
                9.6186
              ],
              [
                80.1932,
                9.6182
              ]
            ]
          ],
          [
            [
              [
                80.1916,
                9.6238
              ],
              [
                80.1927,
                9.6238
              ],
              [
                80.1942,
                9.623
              ],
              [
                80.1938,
                9.6242
              ],
              [
                80.1916,
                9.6238
              ]
            ]
          ],
          [
            [
              [
                80.1857,
                9.5954
              ],
              [
                80.1929,
                9.5962
              ],
              [
                80.1931,
                9.602
              ],
              [
                80.1858,
                9.5994
              ],
              [
                80.1857,
                9.5954
              ]
            ]
          ],
          [
            [
              [
                80.1927,
                9.5998
              ],
              [
                80.193,
                9.5997
              ],
              [
                80.1931,
                9.6003
              ],
              [
                80.1928,
                9.6003
              ],
              [
                80.1927,
                9.5998
              ]
            ]
          ],
          [
            [
              [
                80.1792,
                9.6068
              ],
              [
                80.1871,
                9.6052
              ],
              [
                80.1924,
                9.6134
              ],
              [
                80.1881,
                9.6139
              ],
              [
                80.1792,
                9.6068
              ]
            ]
          ],
          [
            [
              [
                80.1931,
                9.6181
              ],
              [
                80.1929,
                9.6181
              ],
              [
                80.1929,
                9.6179
              ],
              [
                80.1931,
                9.6179
              ],
              [
                80.1931,
                9.6181
              ]
            ]
          ],
          [
            [
              [
                80.1925,
                9.618
              ],
              [
                80.1926,
                9.618
              ],
              [
                80.1927,
                9.6181
              ],
              [
                80.1923,
                9.6182
              ],
              [
                80.1925,
                9.618
              ]
            ]
          ],
          [
            [
              [
                80.1785,
                9.6086
              ],
              [
                80.1822,
                9.6119
              ],
              [
                80.1919,
                9.6151
              ],
              [
                80.187,
                9.6178
              ],
              [
                80.1785,
                9.6086
              ]
            ]
          ],
          [
            [
              [
                80.1903,
                9.5943
              ],
              [
                80.1915,
                9.5945
              ],
              [
                80.1878,
                9.5949
              ],
              [
                80.1901,
                9.5943
              ],
              [
                80.1903,
                9.5943
              ]
            ]
          ],
          [
            [
              [
                80.1911,
                9.6229
              ],
              [
                80.1905,
                9.6225
              ],
              [
                80.1879,
                9.6236
              ],
              [
                80.1911,
                9.6218
              ],
              [
                80.1911,
                9.6229
              ]
            ]
          ],
          [
            [
              [
                80.1866,
                9.6221
              ],
              [
                80.1873,
                9.6229
              ],
              [
                80.1859,
                9.6234
              ],
              [
                80.1857,
                9.6228
              ],
              [
                80.1866,
                9.6221
              ]
            ]
          ],
          [
            [
              [
                80.1831,
                9.6158
              ],
              [
                80.1805,
                9.616
              ],
              [
                80.1801,
                9.6141
              ],
              [
                80.1828,
                9.6139
              ],
              [
                80.1831,
                9.6158
              ]
            ]
          ],
          [
            [
              [
                80.1817,
                9.6281
              ],
              [
                80.1815,
                9.6279
              ],
              [
                80.1818,
                9.628
              ],
              [
                80.1818,
                9.6281
              ],
              [
                80.1817,
                9.6281
              ]
            ]
          ],
          [
            [
              [
                80.1815,
                9.6041
              ],
              [
                80.1816,
                9.6044
              ],
              [
                80.1813,
                9.6043
              ],
              [
                80.1814,
                9.6041
              ],
              [
                80.1815,
                9.6041
              ]
            ]
          ],
          [
            [
              [
                80.1813,
                9.6172
              ],
              [
                80.1809,
                9.618
              ],
              [
                80.1811,
                9.6162
              ],
              [
                80.1814,
                9.6168
              ],
              [
                80.1813,
                9.6172
              ]
            ]
          ],
          [
            [
              [
                80.1811,
                9.6287
              ],
              [
                80.1812,
                9.6288
              ],
              [
                80.18,
                9.6302
              ],
              [
                80.1801,
                9.6296
              ],
              [
                80.1811,
                9.6287
              ]
            ]
          ],
          [
            [
              [
                80.181,
                9.6058
              ],
              [
                80.181,
                9.6055
              ],
              [
                80.1812,
                9.6055
              ],
              [
                80.1812,
                9.6056
              ],
              [
                80.181,
                9.6058
              ]
            ]
          ],
          [
            [
              [
                80.181,
                9.6047
              ],
              [
                80.1809,
                9.6048
              ],
              [
                80.1808,
                9.6046
              ],
              [
                80.1809,
                9.6046
              ],
              [
                80.181,
                9.6047
              ]
            ]
          ],
          [
            [
              [
                80.1808,
                9.6048
              ],
              [
                80.1809,
                9.6049
              ],
              [
                80.1805,
                9.6049
              ],
              [
                80.1807,
                9.6048
              ],
              [
                80.1808,
                9.6048
              ]
            ]
          ],
          [
            [
              [
                80.1806,
                9.605
              ],
              [
                80.1808,
                9.6051
              ],
              [
                80.1808,
                9.6052
              ],
              [
                80.1805,
                9.6051
              ],
              [
                80.1806,
                9.605
              ]
            ]
          ],
          [
            [
              [
                80.1796,
                9.6054
              ],
              [
                80.1802,
                9.6049
              ],
              [
                80.1807,
                9.6053
              ],
              [
                80.1798,
                9.6059
              ],
              [
                80.1796,
                9.6054
              ]
            ]
          ],
          [
            [
              [
                80.1803,
                9.6059
              ],
              [
                80.1804,
                9.6059
              ],
              [
                80.1805,
                9.606
              ],
              [
                80.1804,
                9.606
              ],
              [
                80.1803,
                9.6059
              ]
            ]
          ],
          [
            [
              [
                80.1786,
                9.6053
              ],
              [
                80.1789,
                9.6048
              ],
              [
                80.1791,
                9.6047
              ],
              [
                80.1788,
                9.6052
              ],
              [
                80.1786,
                9.6053
              ]
            ]
          ],
          [
            [
              [
                80.1786,
                9.6067
              ],
              [
                80.1786,
                9.6065
              ],
              [
                80.179,
                9.6065
              ],
              [
                80.179,
                9.6066
              ],
              [
                80.1786,
                9.6067
              ]
            ]
          ],
          [
            [
              [
                80.1785,
                9.6058
              ],
              [
                80.1785,
                9.6057
              ],
              [
                80.1787,
                9.6057
              ],
              [
                80.1786,
                9.6058
              ],
              [
                80.1785,
                9.6058
              ]
            ]
          ],
          [
            [
              [
                80.1782,
                9.6262
              ],
              [
                80.1779,
                9.6262
              ],
              [
                80.1782,
                9.6255
              ],
              [
                80.1785,
                9.6258
              ],
              [
                80.1782,
                9.6262
              ]
            ]
          ],
          [
            [
              [
                80.1769,
                9.63
              ],
              [
                80.1768,
                9.6293
              ],
              [
                80.1785,
                9.6293
              ],
              [
                80.1774,
                9.6296
              ],
              [
                80.1769,
                9.63
              ]
            ]
          ],
          [
            [
              [
                80.1779,
                9.6043
              ],
              [
                80.1784,
                9.6047
              ],
              [
                80.1777,
                9.605
              ],
              [
                80.1778,
                9.6043
              ],
              [
                80.1779,
                9.6043
              ]
            ]
          ],
          [
            [
              [
                80.1777,
                9.6065
              ],
              [
                80.1777,
                9.6064
              ],
              [
                80.178,
                9.6062
              ],
              [
                80.178,
                9.6064
              ],
              [
                80.1777,
                9.6065
              ]
            ]
          ],
          [
            [
              [
                80.1776,
                9.6067
              ],
              [
                80.1778,
                9.6067
              ],
              [
                80.1776,
                9.6068
              ],
              [
                80.1776,
                9.6067
              ],
              [
                80.1776,
                9.6067
              ]
            ]
          ],
          [
            [
              [
                80.177,
                9.6057
              ],
              [
                80.1774,
                9.6059
              ],
              [
                80.1773,
                9.6062
              ],
              [
                80.1772,
                9.606
              ],
              [
                80.177,
                9.6057
              ]
            ]
          ],
          [
            [
              [
                80.1752,
                9.628
              ],
              [
                80.1756,
                9.6287
              ],
              [
                80.1756,
                9.6288
              ],
              [
                80.1752,
                9.6284
              ],
              [
                80.1752,
                9.628
              ]
            ]
          ],
          [
            [
              [
                80.1747,
                9.6325
              ],
              [
                80.1743,
                9.6316
              ],
              [
                80.1739,
                9.6312
              ],
              [
                80.1748,
                9.6316
              ],
              [
                80.1747,
                9.6325
              ]
            ]
          ],
          [
            [
              [
                80.1643,
                9.6407
              ],
              [
                80.168,
                9.6392
              ],
              [
                80.1734,
                9.6433
              ],
              [
                80.1686,
                9.6472
              ],
              [
                80.1643,
                9.6407
              ]
            ]
          ],
          [
            [
              [
                80.1659,
                9.6381
              ],
              [
                80.1621,
                9.6404
              ],
              [
                80.1612,
                9.64
              ],
              [
                80.163,
                9.6366
              ],
              [
                80.1659,
                9.6381
              ]
            ]
          ],
          [
            [
              [
                80.1653,
                9.6487
              ],
              [
                80.1648,
                9.6487
              ],
              [
                80.1647,
                9.6484
              ],
              [
                80.1656,
                9.6487
              ],
              [
                80.1653,
                9.6487
              ]
            ]
          ],
          [
            [
              [
                80.1639,
                9.6458
              ],
              [
                80.1647,
                9.6451
              ],
              [
                80.1655,
                9.6459
              ],
              [
                80.1642,
                9.6466
              ],
              [
                80.1639,
                9.6458
              ]
            ]
          ],
          [
            [
              [
                80.1625,
                9.6487
              ],
              [
                80.1638,
                9.648
              ],
              [
                80.1647,
                9.6486
              ],
              [
                80.1631,
                9.6497
              ],
              [
                80.1625,
                9.6487
              ]
            ]
          ],
          [
            [
              [
                80.1626,
                9.6447
              ],
              [
                80.163,
                9.6448
              ],
              [
                80.1632,
                9.6449
              ],
              [
                80.1627,
                9.645
              ],
              [
                80.1626,
                9.6447
              ]
            ]
          ],
          [
            [
              [
                80.1616,
                9.6447
              ],
              [
                80.1626,
                9.6457
              ],
              [
                80.1602,
                9.6456
              ],
              [
                80.1605,
                9.6448
              ],
              [
                80.1616,
                9.6447
              ]
            ]
          ],
          [
            [
              [
                80.1599,
                9.6468
              ],
              [
                80.1605,
                9.6465
              ],
              [
                80.1615,
                9.6475
              ],
              [
                80.1599,
                9.6479
              ],
              [
                80.1599,
                9.6468
              ]
            ]
          ],
          [
            [
              [
                80.0792,
                9.6526
              ],
              [
                80.0792,
                9.6526
              ],
              [
                80.0794,
                9.6529
              ],
              [
                80.0789,
                9.6528
              ],
              [
                80.0792,
                9.6526
              ]
            ]
          ]
        ]
      }
    },
    {
      "id": "feature_150",
      "type": "Feature",
      "properties": {
        "id": "LK-41-032",
        "name": "Delft PS",
        "area_sqkm": "48.44",
        "center_lat": "9.513087",
        "center_lng": "79.690805",
        "lg_code": "32",
        "province_id": "LK-4",
        "district_id": "LK-41",
        "dsd_id": "LK-4142",
        "ed_id": "EC-10",
        "pd_id": "EC-10A"
      },
      "geometry": {
        "type": "MultiPolygon",
        "coordinates": [
          [
            [
              [
                79.715,
                9.5297
              ],
              [
                79.6704,
                9.554
              ],
              [
                79.6509,
                9.547
              ],
              [
                79.7201,
                9.4747
              ],
              [
                79.715,
                9.5297
              ]
            ]
          ],
          [
            [
              [
                79.5263,
                9.3928
              ],
              [
                79.5214,
                9.3887
              ],
              [
                79.5283,
                9.3833
              ],
              [
                79.5302,
                9.388
              ],
              [
                79.5263,
                9.3928
              ]
            ]
          ]
        ]
      }
    },
    {
      "id": "feature_151",
      "type": "Feature",
      "properties": {
        "id": "LK-41-033",
        "name": "Kayts PS",
        "area_sqkm": "32.47",
        "center_lat": "9.67518",
        "center_lng": "79.850124",
        "lg_code": "33",
        "province_id": "LK-4",
        "district_id": "LK-41",
        "dsd_id": "LK-4103",
        "ed_id": "EC-10",
        "pd_id": "EC-10A"
      },
      "geometry": {
        "type": "MultiPolygon",
        "coordinates": [
          [
            [
              [
                79.8968,
                9.6754
              ],
              [
                79.8968,
                9.6754
              ],
              [
                79.8754,
                9.6359
              ],
              [
                79.8968,
                9.6754
              ]
            ]
          ],
          [
            [
              [
                79.859,
                9.6419
              ],
              [
                79.8572,
                9.6418
              ],
              [
                79.8601,
                9.6403
              ],
              [
                79.8603,
                9.6409
              ],
              [
                79.859,
                9.6419
              ]
            ]
          ],
          [
            [
              [
                79.8584,
                9.6396
              ],
              [
                79.8579,
                9.6395
              ],
              [
                79.8573,
                9.64
              ],
              [
                79.8578,
                9.6394
              ],
              [
                79.8584,
                9.6396
              ]
            ]
          ],
          [
            [
              [
                79.8116,
                9.6856
              ],
              [
                79.8143,
                9.6891
              ],
              [
                79.8143,
                9.7161
              ],
              [
                79.8076,
                9.6955
              ],
              [
                79.8116,
                9.6856
              ]
            ]
          ],
          [
            [
              [
                79.791,
                9.6871
              ],
              [
                79.7914,
                9.6823
              ],
              [
                79.7935,
                9.6783
              ],
              [
                79.7935,
                9.6887
              ],
              [
                79.791,
                9.6871
              ]
            ]
          ],
          [
            [
              [
                79.7778,
                9.6557
              ],
              [
                79.787,
                9.6658
              ],
              [
                79.7829,
                9.6873
              ],
              [
                79.7636,
                9.6586
              ],
              [
                79.7778,
                9.6557
              ]
            ]
          ]
        ]
      }
    },
    {
      "id": "feature_152",
      "type": "Feature",
      "properties": {
        "id": "LK-41-034",
        "name": "Nallur PS",
        "area_sqkm": "20.9",
        "center_lat": "9.665127",
        "center_lng": "80.057198",
        "lg_code": "34",
        "province_id": "LK-4",
        "district_id": "LK-41",
        "dsd_id": "LK-4133",
        "ed_id": "EC-10",
        "pd_id": "EC-10I"
      },
      "geometry": {
        "type": "MultiPolygon",
        "coordinates": [
          [
            [
              [
                80.0766,
                9.6594
              ],
              [
                80.0766,
                9.6594
              ],
              [
                80.0535,
                9.6475
              ],
              [
                80.0766,
                9.6594
              ]
            ]
          ],
          [
            [
              [
                80.0924,
                9.6421
              ],
              [
                80.0814,
                9.6472
              ],
              [
                80.0858,
                9.6427
              ],
              [
                80.0914,
                9.6411
              ],
              [
                80.0924,
                9.6421
              ]
            ]
          ],
          [
            [
              [
                80.0833,
                9.6441
              ],
              [
                80.0831,
                9.6444
              ],
              [
                80.0821,
                9.6439
              ],
              [
                80.0828,
                9.6437
              ],
              [
                80.0833,
                9.6441
              ]
            ]
          ],
          [
            [
              [
                80.077,
                9.6519
              ],
              [
                80.0771,
                9.6524
              ],
              [
                80.0768,
                9.6513
              ],
              [
                80.0771,
                9.6509
              ],
              [
                80.0769,
                9.6514
              ],
              [
                80.077,
                9.6519
              ]
            ]
          ],
          [
            [
              [
                80.0138,
                9.6915
              ],
              [
                80.0424,
                9.6737
              ],
              [
                80.0317,
                9.713
              ],
              [
                80.0063,
                9.7029
              ],
              [
                80.0024,
                9.6974
              ],
              [
                80.0138,
                9.6915
              ],
              [
                80.0138,
                9.6915
              ]
            ]
          ]
        ]
      }
    },
    {
      "id": "feature_153",
      "type": "Feature",
      "properties": {
        "id": "LK-41-035",
        "name": "Point Pedro PS",
        "area_sqkm": "215.87",
        "center_lat": "9.63596",
        "center_lng": "80.388399",
        "lg_code": "35",
        "province_id": "LK-4",
        "district_id": "LK-41",
        "dsd_id": "",
        "ed_id": "EC-10",
        "pd_id": ""
      },
      "geometry": {
        "type": "Polygon",
        "coordinates": [
          [
            [
              80.2393,
              9.7606
            ],
            [
              80.2994,
              9.6849
            ],
            [
              80.4726,
              9.5185
            ],
            [
              80.6172,
              9.4521
            ],
            [
              80.6228,
              9.4588
            ],
            [
              80.258,
              9.8103
            ],
            [
              80.2305,
              9.8304
            ],
            [
              80.1885,
              9.8278
            ],
            [
              80.1752,
              9.8204
            ],
            [
              80.2393,
              9.7606
            ]
          ]
        ]
      }
    },
    {
      "id": "feature_154",
      "type": "Feature",
      "properties": {
        "id": "LK-41-036",
        "name": "Vadamaradchi South West PS",
        "area_sqkm": "86.11",
        "center_lat": "9.775736",
        "center_lng": "80.183422",
        "lg_code": "36",
        "province_id": "LK-4",
        "district_id": "LK-41",
        "dsd_id": "LK-4121",
        "ed_id": "EC-10",
        "pd_id": ""
      },
      "geometry": {
        "type": "Polygon",
        "coordinates": [
          [
            [
              80.165,
              9.7328
            ],
            [
              80.2393,
              9.7606
            ],
            [
              80.1752,
              9.8204
            ],
            [
              80.1291,
              9.8092
            ],
            [
              80.165,
              9.7328
            ]
          ]
        ]
      }
    },
    {
      "id": "feature_155",
      "type": "Feature",
      "properties": {
        "id": "LK-41-037",
        "name": "Valikamam East PS",
        "area_sqkm": "108.75",
        "center_lat": "9.736957",
        "center_lng": "80.097029",
        "lg_code": "37",
        "province_id": "LK-4",
        "district_id": "LK-41",
        "dsd_id": "LK-4118",
        "ed_id": "EC-10",
        "pd_id": "EC-10E"
      },
      "geometry": {
        "type": "Polygon",
        "coordinates": [
          [
            [
              80.0694,
              9.6639
            ],
            [
              80.165,
              9.7328
            ],
            [
              80.1291,
              9.8092
            ],
            [
              80.1339,
              9.82
            ],
            [
              80.1,
              9.809
            ],
            [
              80.0861,
              9.7641
            ],
            [
              80.0557,
              9.7454
            ],
            [
              80.0317,
              9.713
            ],
            [
              80.0424,
              9.6737
            ],
            [
              80.0694,
              9.6639
            ]
          ]
        ]
      }
    },
    {
      "id": "feature_156",
      "type": "Feature",
      "properties": {
        "id": "LK-41-038",
        "name": "Valikamam North PS",
        "area_sqkm": "61.68",
        "center_lat": "9.789107",
        "center_lng": "80.042169",
        "lg_code": "38",
        "province_id": "LK-4",
        "district_id": "LK-41",
        "dsd_id": "LK-4112",
        "ed_id": "EC-10",
        "pd_id": "EC-10C"
      },
      "geometry": {
        "type": "Polygon",
        "coordinates": [
          [
            [
              80.0035,
              9.7567
            ],
            [
              80.0473,
              9.7748
            ],
            [
              80.0473,
              9.7748
            ],
            [
              80.0861,
              9.7641
            ],
            [
              80.1,
              9.809
            ],
            [
              79.9844,
              9.81
            ],
            [
              79.9848,
              9.8079
            ],
            [
              79.9958,
              9.7654
            ],
            [
              79.9958,
              9.7654
            ],
            [
              79.9958,
              9.7654
            ],
            [
              80.0035,
              9.7567
            ]
          ]
        ]
      }
    },
    {
      "id": "feature_157",
      "type": "Feature",
      "properties": {
        "id": "LK-41-039",
        "name": "Valikamam South PS",
        "area_sqkm": "34.38",
        "center_lat": "9.744762",
        "center_lng": "80.034763",
        "lg_code": "39",
        "province_id": "LK-4",
        "district_id": "LK-41",
        "dsd_id": "LK-4115",
        "ed_id": "EC-10",
        "pd_id": ""
      },
      "geometry": {
        "type": "Polygon",
        "coordinates": [
          [
            [
              80.0063,
              9.7029
            ],
            [
              80.0317,
              9.713
            ],
            [
              80.0557,
              9.7454
            ],
            [
              80.0861,
              9.7641
            ],
            [
              80.0473,
              9.7748
            ],
            [
              80.0473,
              9.7748
            ],
            [
              80.0035,
              9.7567
            ],
            [
              80.0063,
              9.7029
            ]
          ]
        ]
      }
    },
    {
      "id": "feature_158",
      "type": "Feature",
      "properties": {
        "id": "LK-41-040",
        "name": "Valikamam South West PS",
        "area_sqkm": "47.65",
        "center_lat": "9.750615",
        "center_lng": "79.981145",
        "lg_code": "40",
        "province_id": "LK-4",
        "district_id": "LK-41",
        "dsd_id": "LK-4109",
        "ed_id": "EC-10",
        "pd_id": ""
      },
      "geometry": {
        "type": "Polygon",
        "coordinates": [
          [
            [
              79.9672,
              9.7051
            ],
            [
              79.9966,
              9.689
            ],
            [
              80.0001,
              9.6946
            ],
            [
              80.0002,
              9.694
            ],
            [
              80.0004,
              9.6934
            ],
            [
              80.0003,
              9.6937
            ],
            [
              80.0002,
              9.694
            ],
            [
              80.0001,
              9.6946
            ],
            [
              80.0024,
              9.6974
            ],
            [
              80.0063,
              9.7029
            ],
            [
              80.0035,
              9.7567
            ],
            [
              79.9958,
              9.7654
            ],
            [
              79.9958,
              9.7654
            ],
            [
              79.9958,
              9.7654
            ],
            [
              79.9848,
              9.8079
            ],
            [
              79.9844,
              9.81
            ],
            [
              79.9429,
              9.7863
            ],
            [
              79.9845,
              9.7535
            ],
            [
              79.9845,
              9.7536
            ],
            [
              79.9845,
              9.7535
            ],
            [
              79.9795,
              9.7492
            ],
            [
              79.9795,
              9.7492
            ],
            [
              79.9795,
              9.7492
            ],
            [
              79.9672,
              9.7051
            ]
          ]
        ]
      }
    },
    {
      "id": "feature_159",
      "type": "Feature",
      "properties": {
        "id": "LK-41-041",
        "name": "Valikamam West PS",
        "area_sqkm": "48.94",
        "center_lat": "9.74171",
        "center_lng": "79.945292",
        "lg_code": "41",
        "province_id": "LK-4",
        "district_id": "LK-41",
        "dsd_id": "LK-4106",
        "ed_id": "EC-10",
        "pd_id": "EC-10B"
      },
      "geometry": {
        "type": "MultiPolygon",
        "coordinates": [
          [
            [
              [
                79.8988,
                9.7415
              ],
              [
                79.9672,
                9.7051
              ],
              [
                79.9795,
                9.7492
              ],
              [
                79.9795,
                9.7492
              ],
              [
                79.9795,
                9.7492
              ],
              [
                79.9845,
                9.7535
              ],
              [
                79.9845,
                9.7536
              ],
              [
                79.9845,
                9.7535
              ],
              [
                79.9429,
                9.7863
              ],
              [
                79.8988,
                9.7417
              ],
              [
                79.8988,
                9.7415
              ]
            ]
          ],
          [
            [
              [
                79.9062,
                9.7517
              ],
              [
                79.9036,
                9.7496
              ],
              [
                79.908,
                9.7454
              ],
              [
                79.9097,
                9.7483
              ],
              [
                79.9062,
                9.7517
              ]
            ]
          ]
        ]
      }
    },
    {
      "id": "feature_160",
      "type": "Feature",
      "properties": {
        "id": "LK-41-042",
        "name": "Velanai PS",
        "area_sqkm": "90.73",
        "center_lat": "9.622153",
        "center_lng": "79.891398",
        "lg_code": "42",
        "province_id": "LK-4",
        "district_id": "LK-41",
        "dsd_id": "LK-4139",
        "ed_id": "EC-10",
        "pd_id": "EC-10A"
      },
      "geometry": {
        "type": "MultiPolygon",
        "coordinates": [
          [
            [
              [
                80.0125,
                9.6414
              ],
              [
                80.0078,
                9.6474
              ],
              [
                80.003,
                9.6489
              ],
              [
                80.0047,
                9.6456
              ],
              [
                80.0125,
                9.6414
              ]
            ]
          ],
          [
            [
              [
                79.8754,
                9.6359
              ],
              [
                79.9995,
                9.6544
              ],
              [
                79.9993,
                9.6545
              ],
              [
                79.8968,
                9.6754
              ],
              [
                79.8754,
                9.6359
              ]
            ]
          ],
          [
            [
              [
                80.0073,
                9.6196
              ],
              [
                80.0067,
                9.6203
              ],
              [
                80.0067,
                9.6197
              ],
              [
                80.0069,
                9.6194
              ],
              [
                80.0073,
                9.6196
              ]
            ]
          ],
          [
            [
              [
                80.0059,
                9.6332
              ],
              [
                80.001,
                9.6349
              ],
              [
                79.9984,
                9.634
              ],
              [
                80.0042,
                9.6291
              ],
              [
                80.0059,
                9.6332
              ]
            ]
          ],
          [
            [
              [
                80.0062,
                9.6182
              ],
              [
                80.0062,
                9.6186
              ],
              [
                80.0048,
                9.6184
              ],
              [
                80.0053,
                9.6181
              ],
              [
                80.0062,
                9.6182
              ]
            ]
          ],
          [
            [
              [
                80.0058,
                9.641
              ],
              [
                80.0054,
                9.6414
              ],
              [
                80.0047,
                9.6417
              ],
              [
                80.0043,
                9.6417
              ],
              [
                80.0048,
                9.6417
              ],
              [
                80.0058,
                9.641
              ]
            ]
          ],
          [
            [
              [
                80.0009,
                9.645
              ],
              [
                79.9987,
                9.6445
              ],
              [
                80.0039,
                9.642
              ],
              [
                80.0029,
                9.6432
              ],
              [
                80.0009,
                9.645
              ]
            ]
          ],
          [
            [
              [
                79.9901,
                9.653
              ],
              [
                79.9925,
                9.6527
              ],
              [
                79.9932,
                9.6531
              ],
              [
                79.9905,
                9.6543
              ],
              [
                79.9901,
                9.653
              ]
            ]
          ],
          [
            [
              [
                79.9898,
                9.6438
              ],
              [
                79.99,
                9.6435
              ],
              [
                79.9906,
                9.6435
              ],
              [
                79.9897,
                9.6442
              ],
              [
                79.9898,
                9.6438
              ]
            ]
          ],
          [
            [
              [
                79.9845,
                9.6426
              ],
              [
                79.9873,
                9.6389
              ],
              [
                79.9884,
                9.6397
              ],
              [
                79.9878,
                9.642
              ],
              [
                79.9845,
                9.6426
              ]
            ]
          ],
          [
            [
              [
                79.9846,
                9.6322
              ],
              [
                79.9828,
                9.6304
              ],
              [
                79.9838,
                9.6296
              ],
              [
                79.985,
                9.6306
              ],
              [
                79.9846,
                9.6322
              ]
            ]
          ],
          [
            [
              [
                79.9827,
                9.6223
              ],
              [
                79.9827,
                9.6225
              ],
              [
                79.9822,
                9.6222
              ],
              [
                79.9826,
                9.6219
              ],
              [
                79.9827,
                9.6223
              ]
            ]
          ],
          [
            [
              [
                79.9819,
                9.6138
              ],
              [
                79.9827,
                9.6138
              ],
              [
                79.9824,
                9.6147
              ],
              [
                79.9821,
                9.6147
              ],
              [
                79.9819,
                9.6138
              ]
            ]
          ],
          [
            [
              [
                79.9826,
                9.6173
              ],
              [
                79.9824,
                9.6172
              ],
              [
                79.9824,
                9.617
              ],
              [
                79.9825,
                9.6171
              ],
              [
                79.9826,
                9.6173
              ]
            ]
          ],
          [
            [
              [
                79.9824,
                9.6218
              ],
              [
                79.9823,
                9.6217
              ],
              [
                79.9823,
                9.6217
              ],
              [
                79.9825,
                9.6218
              ],
              [
                79.9824,
                9.6218
              ]
            ]
          ],
          [
            [
              [
                79.9825,
                9.6134
              ],
              [
                79.982,
                9.6134
              ],
              [
                79.982,
                9.6131
              ],
              [
                79.9823,
                9.613
              ],
              [
                79.9825,
                9.6134
              ]
            ]
          ],
          [
            [
              [
                79.9821,
                9.6162
              ],
              [
                79.9822,
                9.6164
              ],
              [
                79.9823,
                9.6166
              ],
              [
                79.982,
                9.6163
              ],
              [
                79.9821,
                9.6162
              ]
            ]
          ],
          [
            [
              [
                79.982,
                9.6168
              ],
              [
                79.9822,
                9.6169
              ],
              [
                79.9822,
                9.6172
              ],
              [
                79.9821,
                9.6171
              ],
              [
                79.982,
                9.6168
              ]
            ]
          ],
          [
            [
              [
                79.9816,
                9.622
              ],
              [
                79.9816,
                9.6221
              ],
              [
                79.9813,
                9.6222
              ],
              [
                79.9814,
                9.6221
              ],
              [
                79.9816,
                9.622
              ]
            ]
          ],
          [
            [
              [
                79.9694,
                9.6083
              ],
              [
                79.9695,
                9.608
              ],
              [
                79.9702,
                9.6079
              ],
              [
                79.9704,
                9.608
              ],
              [
                79.97,
                9.608
              ],
              [
                79.9694,
                9.6083
              ]
            ]
          ],
          [
            [
              [
                79.9681,
                9.6088
              ],
              [
                79.9667,
                9.6091
              ],
              [
                79.9665,
                9.6084
              ],
              [
                79.9678,
                9.608
              ],
              [
                79.9681,
                9.6088
              ]
            ]
          ],
          [
            [
              [
                79.9388,
                9.6776
              ],
              [
                79.939,
                9.6768
              ],
              [
                79.9397,
                9.6766
              ],
              [
                79.9395,
                9.6773
              ],
              [
                79.9388,
                9.6776
              ]
            ]
          ],
          [
            [
              [
                79.9388,
                9.6739
              ],
              [
                79.9393,
                9.6737
              ],
              [
                79.9397,
                9.6743
              ],
              [
                79.9394,
                9.6745
              ],
              [
                79.9388,
                9.6739
              ]
            ]
          ],
          [
            [
              [
                79.9375,
                9.6745
              ],
              [
                79.9391,
                9.6745
              ],
              [
                79.9383,
                9.6762
              ],
              [
                79.9375,
                9.6752
              ],
              [
                79.9375,
                9.6745
              ]
            ]
          ],
          [
            [
              [
                79.9355,
                9.6789
              ],
              [
                79.9368,
                9.6771
              ],
              [
                79.9382,
                9.6772
              ],
              [
                79.9366,
                9.679
              ],
              [
                79.9355,
                9.6789
              ]
            ]
          ],
          [
            [
              [
                79.9372,
                9.6768
              ],
              [
                79.9342,
                9.6729
              ],
              [
                79.9358,
                9.6651
              ],
              [
                79.9372,
                9.6675
              ],
              [
                79.9372,
                9.6768
              ]
            ]
          ],
          [
            [
              [
                79.9345,
                9.6691
              ],
              [
                79.935,
                9.6691
              ],
              [
                79.935,
                9.6696
              ],
              [
                79.9347,
                9.6694
              ],
              [
                79.9345,
                9.6691
              ]
            ]
          ],
          [
            [
              [
                79.9333,
                9.667
              ],
              [
                79.9346,
                9.6697
              ],
              [
                79.934,
                9.6704
              ],
              [
                79.9325,
                9.668
              ],
              [
                79.9333,
                9.667
              ]
            ]
          ],
          [
            [
              [
                79.9345,
                9.6672
              ],
              [
                79.9342,
                9.6672
              ],
              [
                79.9342,
                9.6664
              ],
              [
                79.9345,
                9.6667
              ],
              [
                79.9345,
                9.6672
              ]
            ]
          ],
          [
            [
              [
                79.9335,
                9.6698
              ],
              [
                79.934,
                9.6704
              ],
              [
                79.9336,
                9.6708
              ],
              [
                79.933,
                9.67
              ],
              [
                79.9335,
                9.6698
              ]
            ]
          ],
          [
            [
              [
                79.9152,
                9.6801
              ],
              [
                79.917,
                9.6793
              ],
              [
                79.9172,
                9.6796
              ],
              [
                79.9168,
                9.6808
              ],
              [
                79.9152,
                9.6801
              ]
            ]
          ],
          [
            [
              [
                79.9052,
                9.6777
              ],
              [
                79.9055,
                9.6774
              ],
              [
                79.9059,
                9.6774
              ],
              [
                79.9053,
                9.6778
              ],
              [
                79.9052,
                9.6777
              ]
            ]
          ],
          [
            [
              [
                79.8619,
                9.625
              ],
              [
                79.8612,
                9.6236
              ],
              [
                79.8621,
                9.6229
              ],
              [
                79.8639,
                9.6253
              ],
              [
                79.8619,
                9.625
              ]
            ]
          ],
          [
            [
              [
                79.853,
                9.6275
              ],
              [
                79.8569,
                9.6201
              ],
              [
                79.8609,
                9.6181
              ],
              [
                79.8551,
                9.6351
              ],
              [
                79.853,
                9.6275
              ]
            ]
          ],
          [
            [
              [
                79.8617,
                9.6186
              ],
              [
                79.8591,
                9.6181
              ],
              [
                79.8602,
                9.6168
              ],
              [
                79.8609,
                9.6166
              ],
              [
                79.862,
                9.6179
              ],
              [
                79.8617,
                9.6186
              ]
            ]
          ],
          [
            [
              [
                79.8604,
                9.6166
              ],
              [
                79.86,
                9.617
              ],
              [
                79.86,
                9.6165
              ],
              [
                79.8602,
                9.6164
              ],
              [
                79.8604,
                9.6166
              ]
            ]
          ],
          [
            [
              [
                79.8585,
                9.6172
              ],
              [
                79.8588,
                9.6167
              ],
              [
                79.8583,
                9.6177
              ],
              [
                79.8583,
                9.6175
              ],
              [
                79.8585,
                9.6172
              ]
            ]
          ],
          [
            [
              [
                79.8541,
                9.6165
              ],
              [
                79.8553,
                9.6171
              ],
              [
                79.852,
                9.6178
              ],
              [
                79.853,
                9.6168
              ],
              [
                79.8541,
                9.6165
              ]
            ]
          ],
          [
            [
              [
                79.843,
                9.6202
              ],
              [
                79.8428,
                9.6203
              ],
              [
                79.8426,
                9.6204
              ],
              [
                79.8429,
                9.62
              ],
              [
                79.843,
                9.6202
              ]
            ]
          ],
          [
            [
              [
                79.8383,
                9.6237
              ],
              [
                79.8387,
                9.6247
              ],
              [
                79.8374,
                9.6246
              ],
              [
                79.8377,
                9.624
              ],
              [
                79.8383,
                9.6237
              ]
            ]
          ],
          [
            [
              [
                79.8013,
                9.5947
              ],
              [
                79.8022,
                9.5944
              ],
              [
                79.8019,
                9.5956
              ],
              [
                79.8013,
                9.5955
              ],
              [
                79.8013,
                9.5947
              ]
            ]
          ],
          [
            [
              [
                79.8009,
                9.5793
              ],
              [
                79.801,
                9.5797
              ],
              [
                79.8007,
                9.5802
              ],
              [
                79.8002,
                9.5791
              ],
              [
                79.8009,
                9.5793
              ]
            ]
          ],
          [
            [
              [
                79.7756,
                9.5962
              ],
              [
                79.7705,
                9.6221
              ],
              [
                79.7634,
                9.5898
              ],
              [
                79.7739,
                9.5846
              ],
              [
                79.7757,
                9.5901
              ],
              [
                79.7756,
                9.5962
              ]
            ]
          ]
        ]
      }
    },
    {
      "id": "feature_161",
      "type": "Feature",
      "properties": {
        "id": "LK-41-043",
        "name": "Karainagar PS",
        "area_sqkm": "23.64",
        "center_lat": "9.735886",
        "center_lng": "79.874717",
        "lg_code": "43",
        "province_id": "LK-4",
        "district_id": "LK-41",
        "dsd_id": "LK-4104",
        "ed_id": "EC-10",
        "pd_id": "EC-10B"
      },
      "geometry": {
        "type": "MultiPolygon",
        "coordinates": [
          [
            [
              [
                79.8988,
                9.7417
              ],
              [
                79.8988,
                9.7417
              ],
              [
                79.8988,
                9.7415
              ],
              [
                79.8988,
                9.7417
              ]
            ]
          ],
          [
            [
              [
                79.8643,
                9.7081
              ],
              [
                79.8649,
                9.7075
              ],
              [
                79.865,
                9.7074
              ],
              [
                79.8644,
                9.7082
              ],
              [
                79.8643,
                9.7081
              ]
            ]
          ],
          [
            [
              [
                79.8479,
                9.7114
              ],
              [
                79.8484,
                9.7113
              ],
              [
                79.8481,
                9.712
              ],
              [
                79.8476,
                9.7117
              ],
              [
                79.8479,
                9.7114
              ]
            ]
          ]
        ]
      }
    },
    {
      "id": "feature_162",
      "type": "Feature",
      "properties": {
        "id": "LK-42-021",
        "name": "Mannar UC",
        "area_sqkm": "16.71",
        "center_lat": "8.980788",
        "center_lng": "79.896059",
        "lg_code": "21",
        "province_id": "LK-4",
        "district_id": "LK-42",
        "dsd_id": "LK-4203",
        "ed_id": "EC-11",
        "pd_id": "EC-11A"
      },
      "geometry": {
        "type": "MultiPolygon",
        "coordinates": [
          [
            [
              [
                79.8695,
                8.9859
              ],
              [
                79.8695,
                8.9859
              ],
              [
                79.8955,
                9.0011
              ],
              [
                79.8695,
                8.9859
              ]
            ]
          ],
          [
            [
              [
                79.9219,
                8.9485
              ],
              [
                79.9217,
                8.9483
              ],
              [
                79.9219,
                8.9481
              ],
              [
                79.9221,
                8.9482
              ],
              [
                79.9219,
                8.9485
              ]
            ]
          ],
          [
            [
              [
                79.9219,
                8.949
              ],
              [
                79.9218,
                8.9493
              ],
              [
                79.9216,
                8.9493
              ],
              [
                79.9217,
                8.949
              ],
              [
                79.9219,
                8.949
              ]
            ]
          ],
          [
            [
              [
                79.9215,
                8.9482
              ],
              [
                79.9216,
                8.9482
              ],
              [
                79.9216,
                8.9483
              ],
              [
                79.9214,
                8.9482
              ],
              [
                79.9215,
                8.9482
              ]
            ]
          ],
          [
            [
              [
                79.921,
                8.9486
              ],
              [
                79.921,
                8.9482
              ],
              [
                79.9212,
                8.9479
              ],
              [
                79.9212,
                8.9486
              ],
              [
                79.921,
                8.9486
              ]
            ]
          ],
          [
            [
              [
                79.9202,
                8.958
              ],
              [
                79.9167,
                8.9577
              ],
              [
                79.9203,
                8.9538
              ],
              [
                79.9208,
                8.9559
              ],
              [
                79.9202,
                8.958
              ]
            ]
          ],
          [
            [
              [
                79.9201,
                8.9533
              ],
              [
                79.9203,
                8.9536
              ],
              [
                79.9196,
                8.9545
              ],
              [
                79.9196,
                8.9533
              ],
              [
                79.9201,
                8.9533
              ]
            ]
          ],
          [
            [
              [
                79.9161,
                8.9589
              ],
              [
                79.9185,
                8.9584
              ],
              [
                79.92,
                8.9605
              ],
              [
                79.9173,
                8.9613
              ],
              [
                79.9161,
                8.9589
              ]
            ]
          ],
          [
            [
              [
                79.9191,
                8.9507
              ],
              [
                79.9193,
                8.9507
              ],
              [
                79.9196,
                8.9507
              ],
              [
                79.919,
                8.9511
              ],
              [
                79.9191,
                8.9507
              ]
            ]
          ],
          [
            [
              [
                79.9165,
                8.9578
              ],
              [
                79.9157,
                8.9581
              ],
              [
                79.9177,
                8.9566
              ],
              [
                79.9167,
                8.9575
              ],
              [
                79.9165,
                8.9578
              ]
            ]
          ],
          [
            [
              [
                79.9175,
                8.9476
              ],
              [
                79.9174,
                8.9479
              ],
              [
                79.9172,
                8.9477
              ],
              [
                79.9174,
                8.9476
              ],
              [
                79.9175,
                8.9476
              ]
            ]
          ],
          [
            [
              [
                79.9163,
                8.9586
              ],
              [
                79.9167,
                8.9581
              ],
              [
                79.9174,
                8.9585
              ],
              [
                79.9169,
                8.9588
              ],
              [
                79.9163,
                8.9586
              ]
            ]
          ],
          [
            [
              [
                79.9164,
                8.9475
              ],
              [
                79.9169,
                8.9478
              ],
              [
                79.9166,
                8.9484
              ],
              [
                79.916,
                8.9482
              ],
              [
                79.9164,
                8.9475
              ]
            ]
          ],
          [
            [
              [
                79.9163,
                8.9584
              ],
              [
                79.9165,
                8.9582
              ],
              [
                79.9166,
                8.9582
              ],
              [
                79.9164,
                8.9585
              ],
              [
                79.9163,
                8.9584
              ]
            ]
          ],
          [
            [
              [
                79.9154,
                8.9722
              ],
              [
                79.9165,
                8.9719
              ],
              [
                79.9157,
                8.9743
              ],
              [
                79.9153,
                8.974
              ],
              [
                79.9154,
                8.9722
              ]
            ]
          ],
          [
            [
              [
                79.8944,
                8.9578
              ],
              [
                79.8933,
                8.9527
              ],
              [
                79.9041,
                8.9484
              ],
              [
                79.9075,
                8.9591
              ],
              [
                79.8944,
                8.9578
              ]
            ]
          ],
          [
            [
              [
                79.891,
                8.9568
              ],
              [
                79.8913,
                8.9566
              ],
              [
                79.8922,
                8.9575
              ],
              [
                79.8908,
                8.9579
              ],
              [
                79.891,
                8.9568
              ]
            ]
          ]
        ]
      }
    },
    {
      "id": "feature_163",
      "type": "Feature",
      "properties": {
        "id": "LK-42-031",
        "name": "Mannar PS",
        "area_sqkm": "203.47",
        "center_lat": "8.992898",
        "center_lng": "79.886867",
        "lg_code": "31",
        "province_id": "LK-4",
        "district_id": "LK-42",
        "dsd_id": "LK-4203",
        "ed_id": "EC-11",
        "pd_id": "EC-11A"
      },
      "geometry": {
        "type": "MultiPolygon",
        "coordinates": [
          [
            [
              [
                79.9252,
                8.9322
              ],
              [
                80.0562,
                8.8394
              ],
              [
                79.9813,
                8.9732
              ],
              [
                79.9252,
                8.9322
              ]
            ]
          ],
          [
            [
              [
                79.9539,
                8.953
              ],
              [
                79.9542,
                8.9532
              ],
              [
                79.9539,
                8.9544
              ],
              [
                79.9537,
                8.952
              ],
              [
                79.9539,
                8.953
              ]
            ]
          ],
          [
            [
              [
                79.9531,
                8.9514
              ],
              [
                79.9509,
                8.9497
              ],
              [
                79.9509,
                8.9482
              ],
              [
                79.9513,
                8.95
              ],
              [
                79.9531,
                8.9514
              ]
            ]
          ],
          [
            [
              [
                79.9527,
                8.9502
              ],
              [
                79.9523,
                8.9503
              ],
              [
                79.9524,
                8.9499
              ],
              [
                79.9527,
                8.95
              ],
              [
                79.9527,
                8.9502
              ]
            ]
          ],
          [
            [
              [
                79.95,
                8.9487
              ],
              [
                79.949,
                8.9487
              ],
              [
                79.9478,
                8.9471
              ],
              [
                79.9489,
                8.9469
              ],
              [
                79.95,
                8.9487
              ]
            ]
          ],
          [
            [
              [
                79.9479,
                8.9466
              ],
              [
                79.9475,
                8.9471
              ],
              [
                79.9464,
                8.9467
              ],
              [
                79.9472,
                8.9469
              ],
              [
                79.9479,
                8.9466
              ]
            ]
          ],
          [
            [
              [
                79.9461,
                8.946
              ],
              [
                79.9461,
                8.9462
              ],
              [
                79.9459,
                8.9463
              ],
              [
                79.9458,
                8.9462
              ],
              [
                79.9461,
                8.946
              ]
            ]
          ],
          [
            [
              [
                79.8955,
                9.0011
              ],
              [
                79.696,
                9.0987
              ],
              [
                79.8695,
                8.9859
              ],
              [
                79.8955,
                9.0011
              ]
            ]
          ],
          [
            [
              [
                79.9231,
                8.9528
              ],
              [
                79.9232,
                8.9531
              ],
              [
                79.9225,
                8.953
              ],
              [
                79.9226,
                8.9525
              ],
              [
                79.9231,
                8.9528
              ]
            ]
          ],
          [
            [
              [
                79.6986,
                9.0947
              ],
              [
                79.6977,
                9.0927
              ],
              [
                79.6992,
                9.0944
              ],
              [
                79.6991,
                9.0949
              ],
              [
                79.6986,
                9.0947
              ]
            ]
          ],
          [
            [
              [
                79.6985,
                9.0986
              ],
              [
                79.6988,
                9.0982
              ],
              [
                79.6991,
                9.099
              ],
              [
                79.6987,
                9.0988
              ],
              [
                79.6985,
                9.0986
              ]
            ]
          ],
          [
            [
              [
                79.6975,
                9.0943
              ],
              [
                79.6981,
                9.0946
              ],
              [
                79.6982,
                9.095
              ],
              [
                79.6976,
                9.095
              ],
              [
                79.6975,
                9.0943
              ]
            ]
          ],
          [
            [
              [
                79.6978,
                9.0982
              ],
              [
                79.6978,
                9.098
              ],
              [
                79.698,
                9.0982
              ],
              [
                79.6979,
                9.0984
              ],
              [
                79.6978,
                9.0982
              ]
            ]
          ],
          [
            [
              [
                79.6963,
                9.0949
              ],
              [
                79.6977,
                9.0977
              ],
              [
                79.6971,
                9.0979
              ],
              [
                79.6961,
                9.0952
              ],
              [
                79.6963,
                9.0949
              ]
            ]
          ],
          [
            [
              [
                79.6976,
                9.0943
              ],
              [
                79.6975,
                9.0943
              ],
              [
                79.6975,
                9.0941
              ],
              [
                79.6976,
                9.0941
              ],
              [
                79.6976,
                9.0943
              ]
            ]
          ],
          [
            [
              [
                79.696,
                9.0904
              ],
              [
                79.6967,
                9.0895
              ],
              [
                79.6968,
                9.0895
              ],
              [
                79.6969,
                9.0907
              ],
              [
                79.696,
                9.0904
              ]
            ]
          ],
          [
            [
              [
                79.6958,
                9.0862
              ],
              [
                79.6961,
                9.0864
              ],
              [
                79.6957,
                9.0869
              ],
              [
                79.6957,
                9.0864
              ],
              [
                79.6958,
                9.0862
              ]
            ]
          ],
          [
            [
              [
                79.6953,
                9.0886
              ],
              [
                79.6957,
                9.0879
              ],
              [
                79.6956,
                9.0897
              ],
              [
                79.6954,
                9.0895
              ],
              [
                79.6953,
                9.0886
              ]
            ]
          ],
          [
            [
              [
                79.6956,
                9.0875
              ],
              [
                79.6959,
                9.0876
              ],
              [
                79.6952,
                9.0881
              ],
              [
                79.6952,
                9.0877
              ],
              [
                79.6956,
                9.0875
              ]
            ]
          ],
          [
            [
              [
                79.6947,
                9.0799
              ],
              [
                79.695,
                9.0794
              ],
              [
                79.6953,
                9.0798
              ],
              [
                79.6952,
                9.08
              ],
              [
                79.6947,
                9.0799
              ]
            ]
          ]
        ]
      }
    },
    {
      "id": "feature_164",
      "type": "Feature",
      "properties": {
        "id": "LK-42-032",
        "name": "Manthai West PS",
        "area_sqkm": "1084.59",
        "center_lat": "8.958245",
        "center_lng": "80.171352",
        "lg_code": "32",
        "province_id": "LK-4",
        "district_id": "LK-42",
        "dsd_id": "",
        "ed_id": "EC-11",
        "pd_id": "EC-11A"
      },
      "geometry": {
        "type": "MultiPolygon",
        "coordinates": [
          [
            [
              [
                79.9813,
                8.9732
              ],
              [
                80.0562,
                8.8394
              ],
              [
                80.1843,
                8.7716
              ],
              [
                80.2721,
                8.8224
              ],
              [
                80.34,
                8.959
              ],
              [
                80.1745,
                8.9503
              ],
              [
                80.2173,
                9.1422
              ],
              [
                80.1917,
                9.2372
              ],
              [
                80.1812,
                9.2299
              ],
              [
                80.1187,
                9.2117
              ],
              [
                79.9813,
                8.9732
              ]
            ]
          ],
          [
            [
              [
                80.2352,
                8.6804
              ],
              [
                80.2077,
                8.7117
              ],
              [
                80.143,
                8.6828
              ],
              [
                80.1454,
                8.6574
              ],
              [
                80.2352,
                8.6804
              ]
            ]
          ],
          [
            [
              [
                80.1083,
                9.1982
              ],
              [
                80.1083,
                9.1985
              ],
              [
                80.1078,
                9.197
              ],
              [
                80.1082,
                9.1975
              ],
              [
                80.1083,
                9.1982
              ]
            ]
          ]
        ]
      }
    },
    {
      "id": "feature_165",
      "type": "Feature",
      "properties": {
        "id": "LK-42-033",
        "name": "Musali PS",
        "area_sqkm": "463.26",
        "center_lat": "8.677386",
        "center_lng": "80.021293",
        "lg_code": "33",
        "province_id": "LK-4",
        "district_id": "LK-42",
        "dsd_id": "LK-4215",
        "ed_id": "EC-11",
        "pd_id": "EC-11A"
      },
      "geometry": {
        "type": "Polygon",
        "coordinates": [
          [
            [
              79.9205,
              8.567
            ],
            [
              80.033,
              8.5264
            ],
            [
              80.0519,
              8.5251
            ],
            [
              80.1454,
              8.6574
            ],
            [
              80.143,
              8.6828
            ],
            [
              79.9235,
              8.7968
            ],
            [
              79.9205,
              8.567
            ]
          ]
        ]
      }
    },
    {
      "id": "feature_166",
      "type": "Feature",
      "properties": {
        "id": "LK-42-034",
        "name": "Nanattan PS",
        "area_sqkm": "242.79",
        "center_lat": "8.802894",
        "center_lng": "80.053139",
        "lg_code": "34",
        "province_id": "LK-4",
        "district_id": "LK-42",
        "dsd_id": "",
        "ed_id": "EC-11",
        "pd_id": "EC-11A"
      },
      "geometry": {
        "type": "MultiPolygon",
        "coordinates": [
          [
            [
              [
                79.9146,
                8.9246
              ],
              [
                79.9235,
                8.7968
              ],
              [
                80.143,
                8.6828
              ],
              [
                80.2077,
                8.7117
              ],
              [
                80.1843,
                8.7716
              ],
              [
                80.0562,
                8.8394
              ],
              [
                79.9252,
                8.9322
              ],
              [
                79.9146,
                8.9246
              ],
              [
                79.9146,
                8.9246
              ]
            ]
          ],
          [
            [
              [
                79.9282,
                8.9085
              ],
              [
                79.9285,
                8.9079
              ],
              [
                79.9292,
                8.9077
              ],
              [
                79.9288,
                8.9091
              ],
              [
                79.9282,
                8.9085
              ]
            ]
          ],
          [
            [
              [
                79.9281,
                8.9003
              ],
              [
                79.9281,
                8.9002
              ],
              [
                79.9282,
                8.9001
              ],
              [
                79.9282,
                8.9003
              ],
              [
                79.9281,
                8.9003
              ]
            ]
          ],
          [
            [
              [
                79.9185,
                8.9178
              ],
              [
                79.9249,
                8.9072
              ],
              [
                79.9257,
                8.9116
              ],
              [
                79.9158,
                8.9218
              ],
              [
                79.9163,
                8.921
              ],
              [
                79.9173,
                8.9203
              ],
              [
                79.9174,
                8.9195
              ],
              [
                79.9179,
                8.9182
              ],
              [
                79.9185,
                8.9178
              ]
            ]
          ],
          [
            [
              [
                79.9257,
                8.9038
              ],
              [
                79.9256,
                8.9037
              ],
              [
                79.9258,
                8.9035
              ],
              [
                79.9259,
                8.9039
              ],
              [
                79.9257,
                8.9038
              ]
            ]
          ],
          [
            [
              [
                79.9249,
                8.9033
              ],
              [
                79.89,
                8.9574
              ],
              [
                79.8897,
                8.9558
              ],
              [
                79.8903,
                8.9542
              ],
              [
                79.9249,
                8.9033
              ]
            ]
          ],
          [
            [
              [
                79.9206,
                8.812
              ],
              [
                79.9201,
                8.8117
              ],
              [
                79.9217,
                8.8116
              ],
              [
                79.9209,
                8.8121
              ],
              [
                79.9206,
                8.812
              ]
            ]
          ],
          [
            [
              [
                79.9188,
                8.8212
              ],
              [
                79.9184,
                8.8204
              ],
              [
                79.9204,
                8.8203
              ],
              [
                79.9199,
                8.8207
              ],
              [
                79.9188,
                8.8212
              ]
            ]
          ],
          [
            [
              [
                79.9194,
                8.831
              ],
              [
                79.9204,
                8.8318
              ],
              [
                79.9197,
                8.833
              ],
              [
                79.9189,
                8.83
              ],
              [
                79.9194,
                8.831
              ]
            ]
          ],
          [
            [
              [
                79.9196,
                8.8102
              ],
              [
                79.92,
                8.8094
              ],
              [
                79.9201,
                8.8093
              ],
              [
                79.9203,
                8.8099
              ],
              [
                79.9196,
                8.8102
              ]
            ]
          ],
          [
            [
              [
                79.9177,
                8.8197
              ],
              [
                79.9186,
                8.8178
              ],
              [
                79.9199,
                8.8182
              ],
              [
                79.919,
                8.8196
              ],
              [
                79.9177,
                8.8197
              ]
            ]
          ],
          [
            [
              [
                79.9181,
                8.8102
              ],
              [
                79.9185,
                8.8095
              ],
              [
                79.9194,
                8.8096
              ],
              [
                79.9191,
                8.8102
              ],
              [
                79.9181,
                8.8102
              ]
            ]
          ],
          [
            [
              [
                79.919,
                8.8279
              ],
              [
                79.9187,
                8.8283
              ],
              [
                79.9185,
                8.8268
              ],
              [
                79.9195,
                8.8274
              ],
              [
                79.919,
                8.8279
              ]
            ]
          ],
          [
            [
              [
                79.9189,
                8.8328
              ],
              [
                79.919,
                8.8332
              ],
              [
                79.9187,
                8.8333
              ],
              [
                79.9189,
                8.8322
              ],
              [
                79.9189,
                8.8328
              ]
            ]
          ],
          [
            [
              [
                79.9186,
                8.8231
              ],
              [
                79.9181,
                8.8231
              ],
              [
                79.918,
                8.822
              ],
              [
                79.9183,
                8.8222
              ],
              [
                79.9186,
                8.8231
              ]
            ]
          ],
          [
            [
              [
                79.9183,
                8.8284
              ],
              [
                79.9182,
                8.8285
              ],
              [
                79.9181,
                8.8284
              ],
              [
                79.9185,
                8.8283
              ],
              [
                79.9183,
                8.8284
              ]
            ]
          ],
          [
            [
              [
                79.9171,
                8.8196
              ],
              [
                79.9171,
                8.8205
              ],
              [
                79.9159,
                8.8209
              ],
              [
                79.9159,
                8.8183
              ],
              [
                79.9171,
                8.8196
              ]
            ]
          ],
          [
            [
              [
                79.9177,
                8.8223
              ],
              [
                79.9175,
                8.8219
              ],
              [
                79.9179,
                8.8208
              ],
              [
                79.9178,
                8.8233
              ],
              [
                79.9177,
                8.8223
              ]
            ]
          ],
          [
            [
              [
                79.9165,
                8.8122
              ],
              [
                79.9168,
                8.8114
              ],
              [
                79.9178,
                8.8112
              ],
              [
                79.917,
                8.8126
              ],
              [
                79.9165,
                8.8122
              ]
            ]
          ],
          [
            [
              [
                79.9166,
                8.8221
              ],
              [
                79.9172,
                8.8218
              ],
              [
                79.9174,
                8.8241
              ],
              [
                79.9163,
                8.8226
              ],
              [
                79.9166,
                8.8221
              ]
            ]
          ],
          [
            [
              [
                79.9174,
                8.8262
              ],
              [
                79.9175,
                8.8272
              ],
              [
                79.9173,
                8.8283
              ],
              [
                79.9169,
                8.825
              ],
              [
                79.9174,
                8.8262
              ]
            ]
          ],
          [
            [
              [
                79.9157,
                8.8106
              ],
              [
                79.9166,
                8.8105
              ],
              [
                79.9158,
                8.8125
              ],
              [
                79.9157,
                8.8124
              ],
              [
                79.9157,
                8.8106
              ]
            ]
          ],
          [
            [
              [
                79.9146,
                8.9246
              ],
              [
                79.9146,
                8.9246
              ],
              [
                79.9146,
                8.9246
              ],
              [
                79.9146,
                8.9246
              ]
            ]
          ],
          [
            [
              [
                79.9135,
                8.9238
              ],
              [
                79.9136,
                8.9235
              ],
              [
                79.9141,
                8.9236
              ],
              [
                79.9136,
                8.9239
              ],
              [
                79.9135,
                8.9238
              ]
            ]
          ],
          [
            [
              [
                79.9018,
                8.9423
              ],
              [
                79.9019,
                8.942
              ],
              [
                79.9025,
                8.9418
              ],
              [
                79.9022,
                8.9426
              ],
              [
                79.9018,
                8.9423
              ]
            ]
          ]
        ]
      }
    },
    {
      "id": "feature_167",
      "type": "Feature",
      "properties": {
        "id": "LK-43-011",
        "name": "Vavuniya MC/ Vavuniya South (Tamil) PS",
        "area_sqkm": "33.57",
        "center_lat": "8.756608",
        "center_lng": "80.493521",
        "lg_code": "11/33",
        "province_id": "LK-4",
        "district_id": "LK-43",
        "dsd_id": "LK-4309",
        "ed_id": "EC-11",
        "pd_id": "EC-11B"
      },
      "geometry": {
        "type": "Polygon",
        "coordinates": [
          [
            [
              80.5028,
              8.7255
            ],
            [
              80.5202,
              8.727
            ],
            [
              80.5227,
              8.7313
            ],
            [
              80.5227,
              8.7313
            ],
            [
              80.5227,
              8.7313
            ],
            [
              80.5204,
              8.763
            ],
            [
              80.4875,
              8.7944
            ],
            [
              80.4767,
              8.7245
            ],
            [
              80.4992,
              8.7227
            ],
            [
              80.4992,
              8.7227
            ],
            [
              80.4992,
              8.7227
            ],
            [
              80.5028,
              8.7255
            ]
          ]
        ]
      }
    },
    {
      "id": "feature_168",
      "type": "Feature",
      "properties": {
        "id": "LK-43-031",
        "name": "Vavuniya North PS",
        "area_sqkm": "686.72",
        "center_lat": "9.004658",
        "center_lng": "80.576682",
        "lg_code": "31",
        "province_id": "LK-4",
        "district_id": "LK-43",
        "dsd_id": "LK-4303",
        "ed_id": "EC-11",
        "pd_id": "EC-11B"
      },
      "geometry": {
        "type": "Polygon",
        "coordinates": [
          [
            [
              80.3749,
              8.9801
            ],
            [
              80.5963,
              8.8699
            ],
            [
              80.6682,
              8.872
            ],
            [
              80.745,
              8.9032
            ],
            [
              80.7434,
              9.0358
            ],
            [
              80.7259,
              9.0459
            ],
            [
              80.4051,
              9.1156
            ],
            [
              80.405,
              9.0907
            ],
            [
              80.405,
              9.0907
            ],
            [
              80.3749,
              8.9801
            ]
          ]
        ]
      }
    },
    {
      "id": "feature_169",
      "type": "Feature",
      "properties": {
        "id": "LK-43-032",
        "name": "Vavuniya South (Sinhala) PS",
        "area_sqkm": "216.25",
        "center_lat": "8.7351",
        "center_lng": "80.513638",
        "lg_code": "32",
        "province_id": "LK-4",
        "district_id": "LK-43",
        "dsd_id": "LK-4306",
        "ed_id": "EC-11",
        "pd_id": "EC-11B"
      },
      "geometry": {
        "type": "MultiPolygon",
        "coordinates": [
          [
            [
              [
                80.5688,
                8.7002
              ],
              [
                80.6316,
                8.8283
              ],
              [
                80.5366,
                8.8065
              ],
              [
                80.5366,
                8.8065
              ],
              [
                80.5366,
                8.8065
              ],
              [
                80.5055,
                8.8226
              ],
              [
                80.5055,
                8.8226
              ],
              [
                80.5204,
                8.763
              ],
              [
                80.5227,
                8.7313
              ],
              [
                80.5227,
                8.7313
              ],
              [
                80.5227,
                8.7313
              ],
              [
                80.5202,
                8.727
              ],
              [
                80.553,
                8.696
              ],
              [
                80.5688,
                8.7002
              ]
            ]
          ],
          [
            [
              [
                80.4039,
                8.6429
              ],
              [
                80.525,
                8.6664
              ],
              [
                80.5028,
                8.7255
              ],
              [
                80.4992,
                8.7227
              ],
              [
                80.4992,
                8.7227
              ],
              [
                80.4992,
                8.7227
              ],
              [
                80.4767,
                8.7245
              ],
              [
                80.4518,
                8.7095
              ],
              [
                80.3954,
                8.7273
              ],
              [
                80.3866,
                8.7249
              ],
              [
                80.4039,
                8.6429
              ]
            ],
            [
              [
                80.3907,
                8.7033
              ],
              [
                80.4024,
                8.7081
              ],
              [
                80.4073,
                8.7014
              ],
              [
                80.3949,
                8.6926
              ],
              [
                80.3907,
                8.7033
              ]
            ]
          ],
          [
            [
              [
                80.5023,
                8.7925
              ],
              [
                80.5068,
                8.804
              ],
              [
                80.4967,
                8.8064
              ],
              [
                80.4929,
                8.8029
              ],
              [
                80.5023,
                8.7925
              ]
            ]
          ],
          [
            [
              [
                80.3799,
                8.6208
              ],
              [
                80.3799,
                8.6208
              ],
              [
                80.3887,
                8.6259
              ],
              [
                80.3799,
                8.6208
              ]
            ]
          ],
          [
            [
              [
                80.3465,
                8.5663
              ],
              [
                80.3465,
                8.5663
              ],
              [
                80.3811,
                8.5884
              ],
              [
                80.3465,
                8.5663
              ]
            ]
          ],
          [
            [
              [
                80.3617,
                8.7404
              ],
              [
                80.3617,
                8.7404
              ],
              [
                80.3693,
                8.7362
              ],
              [
                80.3617,
                8.7404
              ]
            ]
          ]
        ]
      }
    },
    {
      "id": "feature_170",
      "type": "Feature",
      "properties": {
        "id": "LK-43-033",
        "name": "Vavuniya South (Tamil) PS",
        "area_sqkm": "583.28",
        "center_lat": "8.838244",
        "center_lng": "80.45458",
        "lg_code": "33",
        "province_id": "LK-4",
        "district_id": "LK-43",
        "dsd_id": "LK-4309",
        "ed_id": "EC-11",
        "pd_id": "EC-11B"
      },
      "geometry": {
        "type": "MultiPolygon",
        "coordinates": [
          [
            [
              [
                80.4767,
                8.7245
              ],
              [
                80.4875,
                8.7944
              ],
              [
                80.5204,
                8.763
              ],
              [
                80.5055,
                8.8226
              ],
              [
                80.5055,
                8.8226
              ],
              [
                80.5366,
                8.8065
              ],
              [
                80.5366,
                8.8065
              ],
              [
                80.5366,
                8.8065
              ],
              [
                80.6316,
                8.8283
              ],
              [
                80.5963,
                8.8699
              ],
              [
                80.3749,
                8.9801
              ],
              [
                80.34,
                8.959
              ],
              [
                80.2721,
                8.8224
              ],
              [
                80.3617,
                8.7404
              ],
              [
                80.3693,
                8.7362
              ],
              [
                80.3866,
                8.7249
              ],
              [
                80.3954,
                8.7273
              ],
              [
                80.399,
                8.7308
              ],
              [
                80.4518,
                8.7095
              ],
              [
                80.4767,
                8.7245
              ]
            ],
            [
              [
                80.5023,
                8.7925
              ],
              [
                80.4929,
                8.8029
              ],
              [
                80.4967,
                8.8064
              ],
              [
                80.5068,
                8.804
              ],
              [
                80.5023,
                8.7925
              ]
            ]
          ],
          [
            [
              [
                80.553,
                8.696
              ],
              [
                80.5202,
                8.727
              ],
              [
                80.5028,
                8.7255
              ],
              [
                80.525,
                8.6664
              ],
              [
                80.553,
                8.696
              ]
            ]
          ]
        ]
      }
    },
    {
      "id": "feature_171",
      "type": "Feature",
      "properties": {
        "id": "LK-43-034",
        "name": "Vengalacheddikulam PS",
        "area_sqkm": "415.08",
        "center_lat": "8.692808",
        "center_lng": "80.294587",
        "lg_code": "34",
        "province_id": "LK-4",
        "district_id": "LK-43",
        "dsd_id": "LK-4312",
        "ed_id": "EC-11",
        "pd_id": "EC-11B"
      },
      "geometry": {
        "type": "MultiPolygon",
        "coordinates": [
          [
            [
              [
                80.4518,
                8.7095
              ],
              [
                80.399,
                8.7308
              ],
              [
                80.3954,
                8.7273
              ],
              [
                80.4518,
                8.7095
              ]
            ]
          ],
          [
            [
              [
                80.395,
                8.6926
              ],
              [
                80.4073,
                8.7014
              ],
              [
                80.4024,
                8.7081
              ],
              [
                80.3895,
                8.7016
              ],
              [
                80.395,
                8.6926
              ]
            ]
          ],
          [
            [
              [
                80.3465,
                8.5663
              ],
              [
                80.3811,
                8.5884
              ],
              [
                80.3799,
                8.6208
              ],
              [
                80.3887,
                8.6259
              ],
              [
                80.4039,
                8.6429
              ],
              [
                80.3866,
                8.7249
              ],
              [
                80.3693,
                8.7362
              ],
              [
                80.3617,
                8.7404
              ],
              [
                80.2721,
                8.8224
              ],
              [
                80.1843,
                8.7716
              ],
              [
                80.2077,
                8.7117
              ],
              [
                80.2352,
                8.6804
              ],
              [
                80.34,
                8.5472
              ],
              [
                80.3465,
                8.5663
              ]
            ]
          ]
        ]
      }
    },
    {
      "id": "feature_172",
      "type": "Feature",
      "properties": {
        "id": "LK-44-031",
        "name": "Vavuniya North PS",
        "area_sqkm": "85.77",
        "center_lat": "8.973439",
        "center_lng": "80.749125",
        "lg_code": "31",
        "province_id": "LK-4",
        "district_id": "LK-44",
        "dsd_id": "LK-4418",
        "ed_id": "EC-11",
        "pd_id": "EC-11B"
      },
      "geometry": {
        "type": "Polygon",
        "coordinates": [
          [
            [
              80.7551,
              8.9058
            ],
            [
              80.8035,
              8.9529
            ],
            [
              80.7434,
              9.0358
            ],
            [
              80.745,
              8.9032
            ],
            [
              80.7551,
              8.9058
            ]
          ]
        ]
      }
    },
    {
      "id": "feature_173",
      "type": "Feature",
      "properties": {
        "id": "LK-44-041",
        "name": "Manthai East PS",
        "area_sqkm": "485.91",
        "center_lat": "9.06305",
        "center_lng": "80.308719",
        "lg_code": "41",
        "province_id": "LK-4",
        "district_id": "LK-44",
        "dsd_id": "LK-4406",
        "ed_id": "EC-11",
        "pd_id": "EC-11C"
      },
      "geometry": {
        "type": "Polygon",
        "coordinates": [
          [
            [
              80.3749,
              8.9801
            ],
            [
              80.405,
              9.0907
            ],
            [
              80.405,
              9.0907
            ],
            [
              80.4051,
              9.1156
            ],
            [
              80.4029,
              9.1237
            ],
            [
              80.3357,
              9.2115
            ],
            [
              80.2173,
              9.1422
            ],
            [
              80.1745,
              8.9503
            ],
            [
              80.34,
              8.959
            ],
            [
              80.3749,
              8.9801
            ]
          ]
        ]
      }
    },
    {
      "id": "feature_174",
      "type": "Feature",
      "properties": {
        "id": "LK-44-042",
        "name": "Maritimepattu PS",
        "area_sqkm": "691.21",
        "center_lat": "9.149428",
        "center_lng": "80.806493",
        "lg_code": "42",
        "province_id": "LK-4",
        "district_id": "LK-44",
        "dsd_id": "",
        "ed_id": "EC-11",
        "pd_id": "EC-11C"
      },
      "geometry": {
        "type": "Polygon",
        "coordinates": [
          [
            [
              80.7434,
              9.0358
            ],
            [
              80.8035,
              8.9529
            ],
            [
              80.8962,
              8.9807
            ],
            [
              80.9672,
              8.9867
            ],
            [
              80.6228,
              9.4588
            ],
            [
              80.6172,
              9.4521
            ],
            [
              80.6095,
              9.4275
            ],
            [
              80.7153,
              9.1908
            ],
            [
              80.7152,
              9.1908
            ],
            [
              80.7153,
              9.1908
            ],
            [
              80.7259,
              9.0459
            ],
            [
              80.7434,
              9.0358
            ]
          ]
        ]
      }
    },
    {
      "id": "feature_175",
      "type": "Feature",
      "properties": {
        "id": "LK-44-043",
        "name": "Puthukudiyiruppu PS",
        "area_sqkm": "1089.07",
        "center_lat": "9.230581",
        "center_lng": "80.565654",
        "lg_code": "43",
        "province_id": "LK-4",
        "district_id": "LK-44",
        "dsd_id": "",
        "ed_id": "EC-11",
        "pd_id": "EC-11C"
      },
      "geometry": {
        "type": "Polygon",
        "coordinates": [
          [
            [
              80.4051,
              9.1156
            ],
            [
              80.7259,
              9.0459
            ],
            [
              80.7153,
              9.1908
            ],
            [
              80.7152,
              9.1908
            ],
            [
              80.7153,
              9.1908
            ],
            [
              80.6095,
              9.4275
            ],
            [
              80.4069,
              9.3051
            ],
            [
              80.3357,
              9.2115
            ],
            [
              80.4029,
              9.1237
            ],
            [
              80.4051,
              9.1156
            ]
          ]
        ]
      }
    },
    {
      "id": "feature_176",
      "type": "Feature",
      "properties": {
        "id": "LK-44-044",
        "name": "Thunukkai PS",
        "area_sqkm": "329.19",
        "center_lat": "9.222892",
        "center_lng": "80.286117",
        "lg_code": "44",
        "province_id": "LK-4",
        "district_id": "LK-44",
        "dsd_id": "LK-4403",
        "ed_id": "EC-11",
        "pd_id": "EC-11C"
      },
      "geometry": {
        "type": "Polygon",
        "coordinates": [
          [
            [
              80.2173,
              9.1422
            ],
            [
              80.3357,
              9.2115
            ],
            [
              80.4069,
              9.3051
            ],
            [
              80.1917,
              9.2372
            ],
            [
              80.2173,
              9.1422
            ]
          ]
        ]
      }
    },
    {
      "id": "feature_177",
      "type": "Feature",
      "properties": {
        "id": "LK-45-031",
        "name": "Karachchi PS",
        "area_sqkm": "669.87",
        "center_lat": "9.394491",
        "center_lng": "80.395724",
        "lg_code": "31",
        "province_id": "LK-4",
        "district_id": "LK-45",
        "dsd_id": "",
        "ed_id": "EC-10",
        "pd_id": "EC-10K"
      },
      "geometry": {
        "type": "MultiPolygon",
        "coordinates": [
          [
            [
              [
                80.1917,
                9.2372
              ],
              [
                80.4069,
                9.3051
              ],
              [
                80.6095,
                9.4275
              ],
              [
                80.6172,
                9.4521
              ],
              [
                80.4726,
                9.5185
              ],
              [
                80.3881,
                9.5172
              ],
              [
                80.3031,
                9.4568
              ],
              [
                80.2581,
                9.376
              ],
              [
                80.2581,
                9.3761
              ],
              [
                80.2581,
                9.376
              ],
              [
                80.1812,
                9.2299
              ],
              [
                80.1917,
                9.2372
              ]
            ]
          ],
          [
            [
              [
                80.3884,
                9.4836
              ],
              [
                80.3879,
                9.4836
              ],
              [
                80.3873,
                9.4835
              ],
              [
                80.389,
                9.4835
              ],
              [
                80.3884,
                9.4836
              ]
            ]
          ],
          [
            [
              [
                80.3871,
                9.4833
              ],
              [
                80.3866,
                9.4835
              ],
              [
                80.3833,
                9.4831
              ],
              [
                80.3857,
                9.4829
              ],
              [
                80.3871,
                9.4833
              ]
            ]
          ],
          [
            [
              [
                80.3855,
                9.482
              ],
              [
                80.384,
                9.4821
              ],
              [
                80.3852,
                9.4815
              ],
              [
                80.387,
                9.4821
              ],
              [
                80.3855,
                9.482
              ]
            ]
          ],
          [
            [
              [
                80.3837,
                9.482
              ],
              [
                80.3828,
                9.4821
              ],
              [
                80.3824,
                9.4813
              ],
              [
                80.383,
                9.481
              ],
              [
                80.3837,
                9.482
              ]
            ]
          ],
          [
            [
              [
                80.3819,
                9.4842
              ],
              [
                80.3812,
                9.4841
              ],
              [
                80.3811,
                9.4816
              ],
              [
                80.3836,
                9.4825
              ],
              [
                80.3819,
                9.4842
              ]
            ]
          ],
          [
            [
              [
                80.38,
                9.4795
              ],
              [
                80.3796,
                9.4802
              ],
              [
                80.3789,
                9.48
              ],
              [
                80.3795,
                9.4793
              ],
              [
                80.38,
                9.4795
              ]
            ]
          ],
          [
            [
              [
                80.3796,
                9.4838
              ],
              [
                80.3799,
                9.4839
              ],
              [
                80.3788,
                9.4838
              ],
              [
                80.3782,
                9.4832
              ],
              [
                80.3787,
                9.4837
              ],
              [
                80.3796,
                9.4838
              ]
            ]
          ],
          [
            [
              [
                80.3787,
                9.4828
              ],
              [
                80.3785,
                9.4826
              ],
              [
                80.3779,
                9.4828
              ],
              [
                80.3791,
                9.4824
              ],
              [
                80.3787,
                9.4828
              ]
            ]
          ],
          [
            [
              [
                80.3787,
                9.4798
              ],
              [
                80.3783,
                9.4809
              ],
              [
                80.3772,
                9.4791
              ],
              [
                80.3779,
                9.4786
              ],
              [
                80.3787,
                9.4798
              ]
            ]
          ],
          [
            [
              [
                80.3775,
                9.4807
              ],
              [
                80.3773,
                9.4815
              ],
              [
                80.3758,
                9.4806
              ],
              [
                80.3748,
                9.4782
              ],
              [
                80.3773,
                9.4796
              ],
              [
                80.3765,
                9.4808
              ],
              [
                80.3775,
                9.4807
              ]
            ]
          ],
          [
            [
              [
                80.3775,
                9.4786
              ],
              [
                80.3764,
                9.4786
              ],
              [
                80.3755,
                9.4777
              ],
              [
                80.3753,
                9.477
              ],
              [
                80.3759,
                9.4779
              ],
              [
                80.3775,
                9.4786
              ]
            ]
          ],
          [
            [
              [
                80.3772,
                9.4777
              ],
              [
                80.3776,
                9.4784
              ],
              [
                80.3771,
                9.4786
              ],
              [
                80.3767,
                9.4778
              ],
              [
                80.3772,
                9.4777
              ]
            ]
          ],
          [
            [
              [
                80.3762,
                9.477
              ],
              [
                80.3764,
                9.4769
              ],
              [
                80.3767,
                9.4776
              ],
              [
                80.3761,
                9.4773
              ],
              [
                80.3762,
                9.477
              ]
            ]
          ],
          [
            [
              [
                80.3754,
                9.4814
              ],
              [
                80.3732,
                9.4806
              ],
              [
                80.3722,
                9.4768
              ],
              [
                80.3735,
                9.4805
              ],
              [
                80.3754,
                9.4814
              ]
            ]
          ],
          [
            [
              [
                80.3741,
                9.4766
              ],
              [
                80.3734,
                9.4772
              ],
              [
                80.3702,
                9.4747
              ],
              [
                80.3731,
                9.4768
              ],
              [
                80.3741,
                9.4766
              ]
            ]
          ],
          [
            [
              [
                80.3694,
                9.4745
              ],
              [
                80.369,
                9.474
              ],
              [
                80.3691,
                9.4736
              ],
              [
                80.3697,
                9.4743
              ],
              [
                80.3694,
                9.4745
              ]
            ]
          ],
          [
            [
              [
                80.3688,
                9.474
              ],
              [
                80.3691,
                9.4742
              ],
              [
                80.3687,
                9.4741
              ],
              [
                80.3678,
                9.4732
              ],
              [
                80.368,
                9.4731
              ],
              [
                80.3688,
                9.474
              ]
            ]
          ],
          [
            [
              [
                80.3684,
                9.4734
              ],
              [
                80.3683,
                9.4732
              ],
              [
                80.3689,
                9.4734
              ],
              [
                80.3686,
                9.4733
              ],
              [
                80.3684,
                9.4734
              ]
            ]
          ],
          [
            [
              [
                80.3634,
                9.4708
              ],
              [
                80.3613,
                9.47
              ],
              [
                80.3647,
                9.4706
              ],
              [
                80.3677,
                9.4725
              ],
              [
                80.367,
                9.4726
              ],
              [
                80.3634,
                9.4708
              ]
            ]
          ],
          [
            [
              [
                80.3609,
                9.4698
              ],
              [
                80.3604,
                9.4699
              ],
              [
                80.3599,
                9.4694
              ],
              [
                80.3612,
                9.4693
              ],
              [
                80.3609,
                9.4698
              ]
            ]
          ],
          [
            [
              [
                80.36,
                9.4692
              ],
              [
                80.3592,
                9.4692
              ],
              [
                80.3599,
                9.4683
              ],
              [
                80.3604,
                9.4688
              ],
              [
                80.36,
                9.4692
              ]
            ]
          ],
          [
            [
              [
                80.3521,
                9.4662
              ],
              [
                80.3518,
                9.4668
              ],
              [
                80.3515,
                9.4667
              ],
              [
                80.3518,
                9.4656
              ],
              [
                80.3521,
                9.4662
              ]
            ]
          ],
          [
            [
              [
                80.3517,
                9.4673
              ],
              [
                80.3517,
                9.4672
              ],
              [
                80.3519,
                9.4672
              ],
              [
                80.3518,
                9.4674
              ],
              [
                80.3517,
                9.4673
              ]
            ]
          ],
          [
            [
              [
                80.3514,
                9.4672
              ],
              [
                80.3513,
                9.4675
              ],
              [
                80.3509,
                9.4674
              ],
              [
                80.3511,
                9.4671
              ],
              [
                80.3514,
                9.4672
              ]
            ]
          ],
          [
            [
              [
                80.3507,
                9.4665
              ],
              [
                80.3509,
                9.4665
              ],
              [
                80.3511,
                9.4668
              ],
              [
                80.3509,
                9.4668
              ],
              [
                80.3507,
                9.4665
              ]
            ]
          ],
          [
            [
              [
                80.3506,
                9.4672
              ],
              [
                80.3507,
                9.4671
              ],
              [
                80.3507,
                9.4673
              ],
              [
                80.3506,
                9.4673
              ],
              [
                80.3506,
                9.4672
              ]
            ]
          ],
          [
            [
              [
                80.3504,
                9.4666
              ],
              [
                80.3506,
                9.4666
              ],
              [
                80.3506,
                9.4668
              ],
              [
                80.3505,
                9.4668
              ],
              [
                80.3504,
                9.4666
              ]
            ]
          ],
          [
            [
              [
                80.3501,
                9.4669
              ],
              [
                80.3502,
                9.4668
              ],
              [
                80.3498,
                9.4672
              ],
              [
                80.3498,
                9.467
              ],
              [
                80.3501,
                9.4669
              ]
            ]
          ],
          [
            [
              [
                80.3493,
                9.465
              ],
              [
                80.3495,
                9.465
              ],
              [
                80.3499,
                9.4654
              ],
              [
                80.3493,
                9.4652
              ],
              [
                80.3493,
                9.465
              ]
            ]
          ],
          [
            [
              [
                80.3378,
                9.4691
              ],
              [
                80.338,
                9.4689
              ],
              [
                80.3385,
                9.4687
              ],
              [
                80.3376,
                9.4694
              ],
              [
                80.3378,
                9.4691
              ]
            ]
          ],
          [
            [
              [
                80.3362,
                9.463
              ],
              [
                80.3365,
                9.4629
              ],
              [
                80.3364,
                9.4635
              ],
              [
                80.3361,
                9.4633
              ],
              [
                80.3362,
                9.463
              ]
            ]
          ],
          [
            [
              [
                80.336,
                9.4587
              ],
              [
                80.3359,
                9.4587
              ],
              [
                80.3359,
                9.4586
              ],
              [
                80.3361,
                9.4588
              ],
              [
                80.336,
                9.4587
              ]
            ]
          ],
          [
            [
              [
                80.3358,
                9.459
              ],
              [
                80.3359,
                9.4588
              ],
              [
                80.336,
                9.4591
              ],
              [
                80.3359,
                9.4591
              ],
              [
                80.3358,
                9.459
              ]
            ]
          ],
          [
            [
              [
                80.3357,
                9.4632
              ],
              [
                80.3358,
                9.4631
              ],
              [
                80.3359,
                9.4634
              ],
              [
                80.3357,
                9.4634
              ],
              [
                80.3357,
                9.4632
              ]
            ]
          ],
          [
            [
              [
                80.3357,
                9.4637
              ],
              [
                80.3357,
                9.4636
              ],
              [
                80.3357,
                9.4635
              ],
              [
                80.3358,
                9.4638
              ],
              [
                80.3357,
                9.4637
              ]
            ]
          ],
          [
            [
              [
                80.3356,
                9.4629
              ],
              [
                80.3356,
                9.4627
              ],
              [
                80.3356,
                9.4627
              ],
              [
                80.3357,
                9.4629
              ],
              [
                80.3356,
                9.4629
              ]
            ]
          ],
          [
            [
              [
                80.3353,
                9.4634
              ],
              [
                80.3354,
                9.4633
              ],
              [
                80.3354,
                9.4635
              ],
              [
                80.3354,
                9.4635
              ],
              [
                80.3353,
                9.4634
              ]
            ]
          ],
          [
            [
              [
                80.3352,
                9.4629
              ],
              [
                80.3351,
                9.4628
              ],
              [
                80.3351,
                9.4627
              ],
              [
                80.3352,
                9.4629
              ],
              [
                80.3352,
                9.4629
              ]
            ]
          ],
          [
            [
              [
                80.3349,
                9.4632
              ],
              [
                80.3349,
                9.4631
              ],
              [
                80.3351,
                9.4631
              ],
              [
                80.335,
                9.4633
              ],
              [
                80.3349,
                9.4632
              ]
            ]
          ],
          [
            [
              [
                80.3346,
                9.4631
              ],
              [
                80.3346,
                9.4631
              ],
              [
                80.3346,
                9.463
              ],
              [
                80.3347,
                9.4632
              ],
              [
                80.3346,
                9.4631
              ]
            ]
          ],
          [
            [
              [
                80.3293,
                9.4647
              ],
              [
                80.3274,
                9.4639
              ],
              [
                80.3321,
                9.4631
              ],
              [
                80.3337,
                9.4642
              ],
              [
                80.3318,
                9.4638
              ],
              [
                80.3293,
                9.4647
              ]
            ]
          ],
          [
            [
              [
                80.3305,
                9.4553
              ],
              [
                80.3308,
                9.4552
              ],
              [
                80.3306,
                9.4555
              ],
              [
                80.3304,
                9.4553
              ],
              [
                80.3305,
                9.4553
              ]
            ]
          ],
          [
            [
              [
                80.3277,
                9.465
              ],
              [
                80.3268,
                9.4653
              ],
              [
                80.3268,
                9.4642
              ],
              [
                80.3273,
                9.464
              ],
              [
                80.3277,
                9.465
              ]
            ]
          ],
          [
            [
              [
                80.3259,
                9.4654
              ],
              [
                80.3251,
                9.4654
              ],
              [
                80.3266,
                9.4647
              ],
              [
                80.3267,
                9.4652
              ],
              [
                80.3259,
                9.4654
              ]
            ]
          ],
          [
            [
              [
                80.3039,
                9.4837
              ],
              [
                80.312,
                9.4683
              ],
              [
                80.325,
                9.4653
              ],
              [
                80.325,
                9.4658
              ],
              [
                80.3225,
                9.4677
              ],
              [
                80.3074,
                9.4786
              ],
              [
                80.3039,
                9.4837
              ]
            ],
            [
              [
                80.3081,
                9.4772
              ],
              [
                80.3078,
                9.4769
              ],
              [
                80.3064,
                9.4789
              ],
              [
                80.3076,
                9.4779
              ],
              [
                80.3081,
                9.4772
              ]
            ]
          ],
          [
            [
              [
                80.3187,
                9.4642
              ],
              [
                80.3171,
                9.4661
              ],
              [
                80.3114,
                9.4634
              ],
              [
                80.3193,
                9.4609
              ],
              [
                80.3187,
                9.4642
              ]
            ]
          ],
          [
            [
              [
                80.3136,
                9.4679
              ],
              [
                80.3124,
                9.4678
              ],
              [
                80.3184,
                9.4672
              ],
              [
                80.3177,
                9.4679
              ],
              [
                80.3136,
                9.4679
              ]
            ]
          ],
          [
            [
              [
                80.3183,
                9.4698
              ],
              [
                80.318,
                9.47
              ],
              [
                80.3174,
                9.4699
              ],
              [
                80.3182,
                9.4696
              ],
              [
                80.3183,
                9.4698
              ]
            ]
          ],
          [
            [
              [
                80.3107,
                9.4675
              ],
              [
                80.3114,
                9.4681
              ],
              [
                80.3107,
                9.4678
              ],
              [
                80.3105,
                9.4675
              ],
              [
                80.3106,
                9.4674
              ],
              [
                80.3107,
                9.4673
              ],
              [
                80.3113,
                9.4675
              ],
              [
                80.3107,
                9.4675
              ]
            ]
          ],
          [
            [
              [
                80.3107,
                9.4738
              ],
              [
                80.3108,
                9.4734
              ],
              [
                80.3113,
                9.4735
              ],
              [
                80.3109,
                9.4741
              ],
              [
                80.3107,
                9.4738
              ]
            ]
          ],
          [
            [
              [
                80.3096,
                9.4643
              ],
              [
                80.3062,
                9.4638
              ],
              [
                80.3094,
                9.4638
              ],
              [
                80.3106,
                9.4641
              ],
              [
                80.3096,
                9.4643
              ]
            ]
          ],
          [
            [
              [
                80.3081,
                9.4657
              ],
              [
                80.3091,
                9.4665
              ],
              [
                80.3057,
                9.4648
              ],
              [
                80.3073,
                9.4651
              ],
              [
                80.3081,
                9.4657
              ]
            ]
          ],
          [
            [
              [
                80.3051,
                9.4651
              ],
              [
                80.3057,
                9.4654
              ],
              [
                80.3046,
                9.4663
              ],
              [
                80.3042,
                9.4656
              ],
              [
                80.3051,
                9.4651
              ]
            ]
          ],
          [
            [
              [
                80.3045,
                9.4631
              ],
              [
                80.3049,
                9.4632
              ],
              [
                80.3053,
                9.4636
              ],
              [
                80.3043,
                9.4634
              ],
              [
                80.3045,
                9.4631
              ]
            ]
          ],
          [
            [
              [
                80.3006,
                9.4691
              ],
              [
                80.3034,
                9.4652
              ],
              [
                80.304,
                9.4671
              ],
              [
                80.3031,
                9.4681
              ],
              [
                80.3006,
                9.4691
              ]
            ]
          ],
          [
            [
              [
                80.303,
                9.4823
              ],
              [
                80.3032,
                9.4813
              ],
              [
                80.3041,
                9.4809
              ],
              [
                80.3038,
                9.4822
              ],
              [
                80.303,
                9.4823
              ]
            ]
          ],
          [
            [
              [
                80.3027,
                9.4618
              ],
              [
                80.303,
                9.4619
              ],
              [
                80.303,
                9.462
              ],
              [
                80.3024,
                9.4618
              ],
              [
                80.3027,
                9.4618
              ]
            ]
          ],
          [
            [
              [
                80.3003,
                9.4625
              ],
              [
                80.301,
                9.4619
              ],
              [
                80.3023,
                9.4623
              ],
              [
                80.3009,
                9.462
              ],
              [
                80.3003,
                9.4625
              ]
            ]
          ],
          [
            [
              [
                80.3005,
                9.4635
              ],
              [
                80.3001,
                9.4637
              ],
              [
                80.3003,
                9.4642
              ],
              [
                80.3,
                9.4634
              ],
              [
                80.3005,
                9.4635
              ]
            ]
          ],
          [
            [
              [
                80.3005,
                9.4647
              ],
              [
                80.3001,
                9.465
              ],
              [
                80.2997,
                9.4646
              ],
              [
                80.3,
                9.4644
              ],
              [
                80.3005,
                9.4647
              ]
            ]
          ],
          [
            [
              [
                80.2998,
                9.4651
              ],
              [
                80.3003,
                9.4652
              ],
              [
                80.3001,
                9.466
              ],
              [
                80.2997,
                9.4655
              ],
              [
                80.2998,
                9.4651
              ]
            ]
          ],
          [
            [
              [
                80.2995,
                9.4627
              ],
              [
                80.2984,
                9.4629
              ],
              [
                80.2987,
                9.4626
              ],
              [
                80.2993,
                9.4626
              ],
              [
                80.3,
                9.4629
              ],
              [
                80.2999,
                9.4629
              ],
              [
                80.2995,
                9.4627
              ]
            ]
          ],
          [
            [
              [
                80.2994,
                9.4668
              ],
              [
                80.2971,
                9.4666
              ],
              [
                80.2969,
                9.4649
              ],
              [
                80.2993,
                9.4649
              ],
              [
                80.2994,
                9.4668
              ]
            ]
          ],
          [
            [
              [
                80.2979,
                9.4623
              ],
              [
                80.2973,
                9.4627
              ],
              [
                80.2973,
                9.4626
              ],
              [
                80.2974,
                9.4623
              ],
              [
                80.2979,
                9.4623
              ]
            ]
          ],
          [
            [
              [
                80.2957,
                9.4626
              ],
              [
                80.2965,
                9.4632
              ],
              [
                80.2973,
                9.4646
              ],
              [
                80.2969,
                9.4645
              ],
              [
                80.2957,
                9.4626
              ]
            ]
          ],
          [
            [
              [
                80.2966,
                9.4677
              ],
              [
                80.297,
                9.4675
              ],
              [
                80.2972,
                9.4676
              ],
              [
                80.2968,
                9.4681
              ],
              [
                80.2966,
                9.4677
              ]
            ]
          ],
          [
            [
              [
                80.2963,
                9.467
              ],
              [
                80.2966,
                9.467
              ],
              [
                80.2971,
                9.4674
              ],
              [
                80.2963,
                9.4674
              ],
              [
                80.2963,
                9.467
              ]
            ]
          ],
          [
            [
              [
                80.2963,
                9.4677
              ],
              [
                80.2965,
                9.4676
              ],
              [
                80.2963,
                9.4683
              ],
              [
                80.2961,
                9.4679
              ],
              [
                80.2963,
                9.4677
              ]
            ]
          ]
        ]
      }
    },
    {
      "id": "feature_178",
      "type": "Feature",
      "properties": {
        "id": "LK-45-032",
        "name": "Pachchillaipalli PS",
        "area_sqkm": "176.03",
        "center_lat": "9.590645",
        "center_lng": "80.359079",
        "lg_code": "32",
        "province_id": "LK-4",
        "district_id": "LK-45",
        "dsd_id": "LK-4503",
        "ed_id": "EC-10",
        "pd_id": "EC-10K"
      },
      "geometry": {
        "type": "MultiPolygon",
        "coordinates": [
          [
            [
              [
                80.2575,
                9.6133
              ],
              [
                80.3881,
                9.5172
              ],
              [
                80.4726,
                9.5185
              ],
              [
                80.2994,
                9.6849
              ],
              [
                80.2575,
                9.6133
              ]
            ]
          ],
          [
            [
              [
                80.3579,
                9.5429
              ],
              [
                80.3599,
                9.5426
              ],
              [
                80.3585,
                9.5436
              ],
              [
                80.3581,
                9.5433
              ],
              [
                80.3579,
                9.5429
              ]
            ]
          ],
          [
            [
              [
                80.3525,
                9.5497
              ],
              [
                80.3504,
                9.5497
              ],
              [
                80.3588,
                9.5443
              ],
              [
                80.3585,
                9.5449
              ],
              [
                80.3525,
                9.5497
              ]
            ]
          ],
          [
            [
              [
                80.3496,
                9.5501
              ],
              [
                80.3496,
                9.5499
              ],
              [
                80.3498,
                9.5498
              ],
              [
                80.3497,
                9.5501
              ],
              [
                80.3496,
                9.5501
              ]
            ]
          ],
          [
            [
              [
                80.3486,
                9.5508
              ],
              [
                80.349,
                9.5505
              ],
              [
                80.3478,
                9.5516
              ],
              [
                80.3478,
                9.5514
              ],
              [
                80.3486,
                9.5508
              ]
            ]
          ],
          [
            [
              [
                80.3061,
                9.5844
              ],
              [
                80.3058,
                9.5848
              ],
              [
                80.3044,
                9.5846
              ],
              [
                80.3061,
                9.5839
              ],
              [
                80.3061,
                9.5844
              ]
            ]
          ],
          [
            [
              [
                80.3034,
                9.5852
              ],
              [
                80.3034,
                9.5849
              ],
              [
                80.3039,
                9.585
              ],
              [
                80.3037,
                9.5853
              ],
              [
                80.3034,
                9.5852
              ]
            ]
          ],
          [
            [
              [
                80.3011,
                9.5861
              ],
              [
                80.3015,
                9.5855
              ],
              [
                80.3018,
                9.5856
              ],
              [
                80.3017,
                9.5859
              ],
              [
                80.3011,
                9.5861
              ]
            ]
          ],
          [
            [
              [
                80.3007,
                9.5847
              ],
              [
                80.3005,
                9.5857
              ],
              [
                80.2994,
                9.5857
              ],
              [
                80.2994,
                9.5855
              ],
              [
                80.3007,
                9.5847
              ]
            ]
          ],
          [
            [
              [
                80.3,
                9.5858
              ],
              [
                80.3009,
                9.5871
              ],
              [
                80.2973,
                9.587
              ],
              [
                80.2996,
                9.5867
              ],
              [
                80.3,
                9.5858
              ]
            ]
          ]
        ]
      }
    },
    {
      "id": "feature_179",
      "type": "Feature",
      "properties": {
        "id": "LK-45-033",
        "name": "Poonagari PS",
        "area_sqkm": "473.39",
        "center_lat": "9.396612",
        "center_lng": "80.168652",
        "lg_code": "33",
        "province_id": "LK-4",
        "district_id": "LK-45",
        "dsd_id": "LK-4512",
        "ed_id": "EC-10",
        "pd_id": "EC-10K"
      },
      "geometry": {
        "type": "MultiPolygon",
        "coordinates": [
          [
            [
              [
                80.1187,
                9.2117
              ],
              [
                80.1812,
                9.2299
              ],
              [
                80.2581,
                9.376
              ],
              [
                80.2581,
                9.3761
              ],
              [
                80.2581,
                9.376
              ],
              [
                80.3031,
                9.4568
              ],
              [
                80.0604,
                9.6111
              ],
              [
                80.0519,
                9.5988
              ],
              [
                80.1857,
                9.4866
              ],
              [
                80.0537,
                9.3909
              ],
              [
                80.1187,
                9.2117
              ]
            ]
          ],
          [
            [
              [
                80.2952,
                9.4615
              ],
              [
                80.2947,
                9.4603
              ],
              [
                80.2976,
                9.4595
              ],
              [
                80.2959,
                9.4615
              ],
              [
                80.2949,
                9.4605
              ],
              [
                80.2952,
                9.4615
              ]
            ]
          ],
          [
            [
              [
                80.2945,
                9.4676
              ],
              [
                80.2951,
                9.4672
              ],
              [
                80.2952,
                9.469
              ],
              [
                80.2938,
                9.4678
              ],
              [
                80.2945,
                9.4676
              ]
            ]
          ],
          [
            [
              [
                80.2904,
                9.4727
              ],
              [
                80.2895,
                9.47
              ],
              [
                80.2938,
                9.4683
              ],
              [
                80.2934,
                9.4717
              ],
              [
                80.2904,
                9.4727
              ]
            ]
          ],
          [
            [
              [
                80.2926,
                9.4614
              ],
              [
                80.2933,
                9.4665
              ],
              [
                80.2871,
                9.4679
              ],
              [
                80.2895,
                9.4596
              ],
              [
                80.2926,
                9.4614
              ]
            ]
          ],
          [
            [
              [
                80.2928,
                9.4603
              ],
              [
                80.2931,
                9.4602
              ],
              [
                80.2933,
                9.4603
              ],
              [
                80.293,
                9.4604
              ],
              [
                80.2928,
                9.4603
              ]
            ]
          ],
          [
            [
              [
                80.2912,
                9.4599
              ],
              [
                80.2921,
                9.4602
              ],
              [
                80.2926,
                9.4603
              ],
              [
                80.2915,
                9.4609
              ],
              [
                80.2912,
                9.4599
              ]
            ]
          ],
          [
            [
              [
                80.292,
                9.4651
              ],
              [
                80.2921,
                9.4649
              ],
              [
                80.2923,
                9.4654
              ],
              [
                80.292,
                9.4652
              ],
              [
                80.292,
                9.4651
              ]
            ]
          ],
          [
            [
              [
                80.2899,
                9.4677
              ],
              [
                80.2899,
                9.4675
              ],
              [
                80.2903,
                9.4674
              ],
              [
                80.2902,
                9.4677
              ],
              [
                80.2899,
                9.4677
              ]
            ]
          ],
          [
            [
              [
                80.2895,
                9.459
              ],
              [
                80.2889,
                9.4592
              ],
              [
                80.2888,
                9.4585
              ],
              [
                80.2889,
                9.4585
              ],
              [
                80.2895,
                9.459
              ]
            ]
          ],
          [
            [
              [
                80.2886,
                9.4629
              ],
              [
                80.2877,
                9.4615
              ],
              [
                80.2889,
                9.4599
              ],
              [
                80.2887,
                9.4605
              ],
              [
                80.2886,
                9.4629
              ]
            ]
          ],
          [
            [
              [
                80.2879,
                9.46
              ],
              [
                80.2852,
                9.4624
              ],
              [
                80.2851,
                9.4622
              ],
              [
                80.2854,
                9.4617
              ],
              [
                80.2879,
                9.46
              ]
            ]
          ],
          [
            [
              [
                80.2873,
                9.4634
              ],
              [
                80.2874,
                9.4631
              ],
              [
                80.2877,
                9.4628
              ],
              [
                80.2876,
                9.4636
              ],
              [
                80.2873,
                9.4634
              ]
            ]
          ],
          [
            [
              [
                80.2875,
                9.4642
              ],
              [
                80.2872,
                9.464
              ],
              [
                80.2875,
                9.4637
              ],
              [
                80.2875,
                9.464
              ],
              [
                80.2875,
                9.4642
              ]
            ]
          ],
          [
            [
              [
                80.2868,
                9.4962
              ],
              [
                80.2654,
                9.4954
              ],
              [
                80.2789,
                9.4896
              ],
              [
                80.2875,
                9.4967
              ],
              [
                80.2868,
                9.4962
              ]
            ]
          ],
          [
            [
              [
                80.2869,
                9.468
              ],
              [
                80.2864,
                9.468
              ],
              [
                80.2862,
                9.4668
              ],
              [
                80.2863,
                9.4668
              ],
              [
                80.2869,
                9.468
              ]
            ]
          ],
          [
            [
              [
                80.2822,
                9.4742
              ],
              [
                80.2868,
                9.4754
              ],
              [
                80.2801,
                9.4749
              ],
              [
                80.2803,
                9.4744
              ],
              [
                80.2822,
                9.4742
              ]
            ]
          ],
          [
            [
              [
                80.2863,
                9.4643
              ],
              [
                80.2865,
                9.464
              ],
              [
                80.2867,
                9.464
              ],
              [
                80.2867,
                9.4645
              ],
              [
                80.2863,
                9.4643
              ]
            ]
          ],
          [
            [
              [
                80.2854,
                9.4661
              ],
              [
                80.2839,
                9.465
              ],
              [
                80.2848,
                9.4626
              ],
              [
                80.286,
                9.4658
              ],
              [
                80.2854,
                9.4661
              ]
            ]
          ],
          [
            [
              [
                80.2827,
                9.4772
              ],
              [
                80.2821,
                9.4777
              ],
              [
                80.281,
                9.4778
              ],
              [
                80.2829,
                9.4765
              ],
              [
                80.2827,
                9.4772
              ]
            ]
          ],
          [
            [
              [
                80.2824,
                9.4592
              ],
              [
                80.2828,
                9.4595
              ],
              [
                80.2809,
                9.4596
              ],
              [
                80.2814,
                9.4592
              ],
              [
                80.2824,
                9.4592
              ]
            ]
          ],
          [
            [
              [
                80.2804,
                9.4604
              ],
              [
                80.2806,
                9.4606
              ],
              [
                80.2801,
                9.4608
              ],
              [
                80.28,
                9.4605
              ],
              [
                80.2804,
                9.4604
              ]
            ]
          ],
          [
            [
              [
                80.2792,
                9.4621
              ],
              [
                80.2794,
                9.466
              ],
              [
                80.2789,
                9.4656
              ],
              [
                80.2783,
                9.4644
              ],
              [
                80.2781,
                9.4631
              ],
              [
                80.2792,
                9.4621
              ]
            ],
            [
              [
                80.2786,
                9.4633
              ],
              [
                80.2796,
                9.4627
              ],
              [
                80.2784,
                9.462
              ],
              [
                80.2783,
                9.4632
              ],
              [
                80.2786,
                9.4633
              ]
            ]
          ],
          [
            [
              [
                80.2784,
                9.4775
              ],
              [
                80.2782,
                9.478
              ],
              [
                80.2778,
                9.478
              ],
              [
                80.2779,
                9.4777
              ],
              [
                80.2784,
                9.4775
              ]
            ]
          ],
          [
            [
              [
                80.2777,
                9.4733
              ],
              [
                80.2773,
                9.4736
              ],
              [
                80.2759,
                9.4739
              ],
              [
                80.2764,
                9.4729
              ],
              [
                80.2777,
                9.4733
              ]
            ]
          ],
          [
            [
              [
                80.2773,
                9.4932
              ],
              [
                80.2773,
                9.4932
              ],
              [
                80.2772,
                9.493
              ],
              [
                80.2773,
                9.493
              ],
              [
                80.2773,
                9.4932
              ]
            ]
          ],
          [
            [
              [
                80.2751,
                9.4661
              ],
              [
                80.2744,
                9.4663
              ],
              [
                80.2764,
                9.4654
              ],
              [
                80.2763,
                9.4655
              ],
              [
                80.2751,
                9.4661
              ]
            ]
          ],
          [
            [
              [
                80.276,
                9.4669
              ],
              [
                80.2756,
                9.4673
              ],
              [
                80.2762,
                9.4659
              ],
              [
                80.2764,
                9.4663
              ],
              [
                80.276,
                9.4669
              ]
            ]
          ],
          [
            [
              [
                80.2739,
                9.4689
              ],
              [
                80.2746,
                9.469
              ],
              [
                80.2758,
                9.4699
              ],
              [
                80.2755,
                9.4701
              ],
              [
                80.2739,
                9.4689
              ]
            ]
          ],
          [
            [
              [
                80.2742,
                9.4674
              ],
              [
                80.2752,
                9.4675
              ],
              [
                80.275,
                9.4686
              ],
              [
                80.2743,
                9.4682
              ],
              [
                80.2742,
                9.4674
              ]
            ]
          ],
          [
            [
              [
                80.2736,
                9.4699
              ],
              [
                80.2748,
                9.4708
              ],
              [
                80.2723,
                9.4712
              ],
              [
                80.2722,
                9.4708
              ],
              [
                80.2736,
                9.4699
              ]
            ]
          ],
          [
            [
              [
                80.2728,
                9.4679
              ],
              [
                80.2736,
                9.468
              ],
              [
                80.2735,
                9.4695
              ],
              [
                80.2731,
                9.4696
              ],
              [
                80.2728,
                9.4679
              ]
            ]
          ],
          [
            [
              [
                80.2729,
                9.4682
              ],
              [
                80.273,
                9.4685
              ],
              [
                80.273,
                9.4685
              ],
              [
                80.2728,
                9.4681
              ],
              [
                80.2729,
                9.4682
              ]
            ]
          ],
          [
            [
              [
                80.2698,
                9.4704
              ],
              [
                80.2658,
                9.4694
              ],
              [
                80.2692,
                9.4669
              ],
              [
                80.272,
                9.468
              ],
              [
                80.2698,
                9.4704
              ]
            ]
          ],
          [
            [
              [
                80.2711,
                9.4661
              ],
              [
                80.2715,
                9.4665
              ],
              [
                80.2685,
                9.4668
              ],
              [
                80.2694,
                9.4662
              ],
              [
                80.2711,
                9.4661
              ]
            ]
          ],
          [
            [
              [
                80.2695,
                9.4756
              ],
              [
                80.2701,
                9.4761
              ],
              [
                80.2698,
                9.4766
              ],
              [
                80.2696,
                9.4765
              ],
              [
                80.2695,
                9.4756
              ]
            ]
          ],
          [
            [
              [
                80.2672,
                9.4867
              ],
              [
                80.2668,
                9.4866
              ],
              [
                80.267,
                9.4856
              ],
              [
                80.2679,
                9.486
              ],
              [
                80.2672,
                9.4867
              ]
            ]
          ],
          [
            [
              [
                80.2668,
                9.485
              ],
              [
                80.2662,
                9.4837
              ],
              [
                80.2662,
                9.4833
              ],
              [
                80.2678,
                9.4839
              ],
              [
                80.2668,
                9.485
              ]
            ]
          ],
          [
            [
              [
                80.2662,
                9.484
              ],
              [
                80.2656,
                9.4843
              ],
              [
                80.2656,
                9.4835
              ],
              [
                80.2658,
                9.4835
              ],
              [
                80.2662,
                9.484
              ]
            ]
          ],
          [
            [
              [
                80.2643,
                9.4647
              ],
              [
                80.2617,
                9.4704
              ],
              [
                80.2592,
                9.4666
              ],
              [
                80.2633,
                9.4632
              ],
              [
                80.2643,
                9.4636
              ],
              [
                80.2643,
                9.4647
              ]
            ]
          ],
          [
            [
              [
                80.2631,
                9.4957
              ],
              [
                80.2621,
                9.4948
              ],
              [
                80.265,
                9.4949
              ],
              [
                80.2639,
                9.496
              ],
              [
                80.2631,
                9.4957
              ]
            ]
          ],
          [
            [
              [
                80.2646,
                9.4982
              ],
              [
                80.2645,
                9.4983
              ],
              [
                80.2641,
                9.498
              ],
              [
                80.2643,
                9.498
              ],
              [
                80.2646,
                9.4982
              ]
            ]
          ],
          [
            [
              [
                80.2635,
                9.4876
              ],
              [
                80.2632,
                9.4875
              ],
              [
                80.263,
                9.4866
              ],
              [
                80.2636,
                9.487
              ],
              [
                80.2635,
                9.4876
              ]
            ]
          ],
          [
            [
              [
                80.2627,
                9.498
              ],
              [
                80.2626,
                9.4982
              ],
              [
                80.2625,
                9.4981
              ],
              [
                80.2625,
                9.498
              ],
              [
                80.2627,
                9.498
              ]
            ]
          ],
          [
            [
              [
                80.2616,
                9.4985
              ],
              [
                80.2618,
                9.4983
              ],
              [
                80.2623,
                9.4985
              ],
              [
                80.2622,
                9.4987
              ],
              [
                80.2616,
                9.4985
              ]
            ]
          ],
          [
            [
              [
                80.2618,
                9.4957
              ],
              [
                80.2621,
                9.4957
              ],
              [
                80.2621,
                9.4959
              ],
              [
                80.2618,
                9.4957
              ],
              [
                80.2618,
                9.4957
              ]
            ]
          ],
          [
            [
              [
                80.2617,
                9.4948
              ],
              [
                80.2619,
                9.4952
              ],
              [
                80.2613,
                9.495
              ],
              [
                80.2614,
                9.4948
              ],
              [
                80.2617,
                9.4948
              ]
            ]
          ],
          [
            [
              [
                80.2615,
                9.488
              ],
              [
                80.2611,
                9.4878
              ],
              [
                80.2609,
                9.4874
              ],
              [
                80.2617,
                9.4878
              ],
              [
                80.2615,
                9.488
              ]
            ]
          ],
          [
            [
              [
                80.2598,
                9.4977
              ],
              [
                80.2609,
                9.4974
              ],
              [
                80.2614,
                9.4985
              ],
              [
                80.2604,
                9.4983
              ],
              [
                80.2598,
                9.4977
              ]
            ]
          ],
          [
            [
              [
                80.2611,
                9.4972
              ],
              [
                80.2605,
                9.4973
              ],
              [
                80.2603,
                9.4968
              ],
              [
                80.2607,
                9.4967
              ],
              [
                80.2611,
                9.4972
              ]
            ]
          ],
          [
            [
              [
                80.2609,
                9.4946
              ],
              [
                80.261,
                9.4948
              ],
              [
                80.2605,
                9.4946
              ],
              [
                80.2606,
                9.4945
              ],
              [
                80.2609,
                9.4946
              ]
            ]
          ],
          [
            [
              [
                80.2594,
                9.4718
              ],
              [
                80.2599,
                9.472
              ],
              [
                80.2599,
                9.4723
              ],
              [
                80.2594,
                9.4723
              ],
              [
                80.2594,
                9.4718
              ]
            ]
          ],
          [
            [
              [
                80.2598,
                9.4709
              ],
              [
                80.2599,
                9.4711
              ],
              [
                80.2583,
                9.4708
              ],
              [
                80.259,
                9.4706
              ],
              [
                80.2598,
                9.4709
              ]
            ]
          ],
          [
            [
              [
                80.2554,
                9.4917
              ],
              [
                80.256,
                9.4933
              ],
              [
                80.2594,
                9.4943
              ],
              [
                80.2536,
                9.4952
              ],
              [
                80.2554,
                9.4917
              ]
            ]
          ],
          [
            [
              [
                80.259,
                9.4715
              ],
              [
                80.2591,
                9.4718
              ],
              [
                80.2586,
                9.4711
              ],
              [
                80.2588,
                9.4713
              ],
              [
                80.259,
                9.4715
              ]
            ]
          ],
          [
            [
              [
                80.2585,
                9.4921
              ],
              [
                80.2577,
                9.4909
              ],
              [
                80.2588,
                9.4912
              ],
              [
                80.2588,
                9.4922
              ],
              [
                80.2585,
                9.4921
              ]
            ]
          ],
          [
            [
              [
                80.2583,
                9.4716
              ],
              [
                80.2584,
                9.4718
              ],
              [
                80.2578,
                9.4715
              ],
              [
                80.258,
                9.4714
              ],
              [
                80.2583,
                9.4716
              ]
            ]
          ],
          [
            [
              [
                80.2575,
                9.4988
              ],
              [
                80.2576,
                9.4985
              ],
              [
                80.2578,
                9.4993
              ],
              [
                80.2576,
                9.4992
              ],
              [
                80.2575,
                9.4988
              ]
            ]
          ],
          [
            [
              [
                80.2575,
                9.4915
              ],
              [
                80.2567,
                9.4914
              ],
              [
                80.2569,
                9.491
              ],
              [
                80.2576,
                9.4911
              ],
              [
                80.2575,
                9.4915
              ]
            ]
          ],
          [
            [
              [
                80.2569,
                9.4983
              ],
              [
                80.2573,
                9.4985
              ],
              [
                80.2573,
                9.499
              ],
              [
                80.2567,
                9.4984
              ],
              [
                80.2569,
                9.4983
              ]
            ]
          ],
          [
            [
              [
                80.2571,
                9.4901
              ],
              [
                80.2572,
                9.4907
              ],
              [
                80.2565,
                9.4903
              ],
              [
                80.2567,
                9.49
              ],
              [
                80.2571,
                9.4901
              ]
            ]
          ],
          [
            [
              [
                80.257,
                9.4714
              ],
              [
                80.2572,
                9.4715
              ],
              [
                80.2538,
                9.4731
              ],
              [
                80.2552,
                9.4722
              ],
              [
                80.257,
                9.4714
              ]
            ]
          ],
          [
            [
              [
                80.2551,
                9.4907
              ],
              [
                80.2557,
                9.4904
              ],
              [
                80.2569,
                9.4908
              ],
              [
                80.2558,
                9.491
              ],
              [
                80.2551,
                9.4907
              ]
            ]
          ],
          [
            [
              [
                80.2544,
                9.4911
              ],
              [
                80.2546,
                9.4909
              ],
              [
                80.255,
                9.4912
              ],
              [
                80.2547,
                9.4914
              ],
              [
                80.2544,
                9.4911
              ]
            ]
          ],
          [
            [
              [
                80.2535,
                9.4706
              ],
              [
                80.2537,
                9.4708
              ],
              [
                80.2533,
                9.4711
              ],
              [
                80.2533,
                9.4708
              ],
              [
                80.2535,
                9.4706
              ]
            ]
          ],
          [
            [
              [
                80.2522,
                9.4974
              ],
              [
                80.2524,
                9.4965
              ],
              [
                80.2534,
                9.4962
              ],
              [
                80.2528,
                9.4978
              ],
              [
                80.2522,
                9.4974
              ]
            ]
          ],
          [
            [
              [
                80.2249,
                9.535
              ],
              [
                80.2265,
                9.5334
              ],
              [
                80.2271,
                9.5339
              ],
              [
                80.2264,
                9.535
              ],
              [
                80.2249,
                9.535
              ]
            ]
          ],
          [
            [
              [
                80.224,
                9.5369
              ],
              [
                80.2239,
                9.5364
              ],
              [
                80.2248,
                9.5362
              ],
              [
                80.2239,
                9.5373
              ],
              [
                80.224,
                9.5369
              ]
            ]
          ],
          [
            [
              [
                80.2212,
                9.5389
              ],
              [
                80.2189,
                9.5383
              ],
              [
                80.2232,
                9.5367
              ],
              [
                80.2233,
                9.5376
              ],
              [
                80.2212,
                9.5389
              ]
            ]
          ],
          [
            [
              [
                80.2185,
                9.5394
              ],
              [
                80.2181,
                9.5391
              ],
              [
                80.2183,
                9.5382
              ],
              [
                80.2189,
                9.5393
              ],
              [
                80.2185,
                9.5394
              ]
            ]
          ],
          [
            [
              [
                80.2087,
                9.5365
              ],
              [
                80.2034,
                9.5367
              ],
              [
                80.212,
                9.5313
              ],
              [
                80.2097,
                9.5363
              ],
              [
                80.2087,
                9.5365
              ]
            ]
          ],
          [
            [
              [
                80.2028,
                9.537
              ],
              [
                80.2031,
                9.5375
              ],
              [
                80.2027,
                9.5382
              ],
              [
                80.2021,
                9.5376
              ],
              [
                80.2028,
                9.537
              ]
            ]
          ],
          [
            [
              [
                80.2018,
                9.5422
              ],
              [
                80.1988,
                9.5421
              ],
              [
                80.2009,
                9.5391
              ],
              [
                80.2014,
                9.5394
              ],
              [
                80.2018,
                9.5422
              ]
            ]
          ],
          [
            [
              [
                80.1945,
                9.5452
              ],
              [
                80.1944,
                9.5451
              ],
              [
                80.1946,
                9.5449
              ],
              [
                80.1947,
                9.5451
              ],
              [
                80.1945,
                9.5452
              ]
            ]
          ],
          [
            [
              [
                80.1565,
                9.4492
              ],
              [
                80.1575,
                9.4488
              ],
              [
                80.1578,
                9.4488
              ],
              [
                80.1566,
                9.4503
              ],
              [
                80.1565,
                9.4492
              ]
            ]
          ],
          [
            [
              [
                80.1572,
                9.4548
              ],
              [
                80.1569,
                9.4549
              ],
              [
                80.1569,
                9.4544
              ],
              [
                80.1571,
                9.4546
              ],
              [
                80.1572,
                9.4548
              ]
            ]
          ],
          [
            [
              [
                80.1568,
                9.4536
              ],
              [
                80.1569,
                9.4536
              ],
              [
                80.157,
                9.4538
              ],
              [
                80.1568,
                9.4537
              ],
              [
                80.1568,
                9.4536
              ]
            ]
          ],
          [
            [
              [
                80.1565,
                9.448
              ],
              [
                80.1568,
                9.4484
              ],
              [
                80.1568,
                9.4488
              ],
              [
                80.1561,
                9.4486
              ],
              [
                80.1565,
                9.448
              ]
            ]
          ],
          [
            [
              [
                80.1258,
                9.4297
              ],
              [
                80.1252,
                9.4293
              ],
              [
                80.1254,
                9.4285
              ],
              [
                80.1256,
                9.4295
              ],
              [
                80.1258,
                9.4297
              ]
            ]
          ],
          [
            [
              [
                80.0923,
                9.5985
              ],
              [
                80.0888,
                9.5991
              ],
              [
                80.0991,
                9.5948
              ],
              [
                80.1045,
                9.5943
              ],
              [
                80.1015,
                9.5946
              ],
              [
                80.0923,
                9.5985
              ]
            ]
          ],
          [
            [
              [
                80.0886,
                9.3115
              ],
              [
                80.0833,
                9.3209
              ],
              [
                80.0731,
                9.3221
              ],
              [
                80.0791,
                9.3131
              ],
              [
                80.0886,
                9.3115
              ]
            ]
          ],
          [
            [
              [
                80.0885,
                9.3139
              ],
              [
                80.0884,
                9.3137
              ],
              [
                80.0887,
                9.3138
              ],
              [
                80.0884,
                9.3142
              ],
              [
                80.0885,
                9.3139
              ]
            ]
          ],
          [
            [
              [
                80.0702,
                9.609
              ],
              [
                80.066,
                9.6096
              ],
              [
                80.0739,
                9.6039
              ],
              [
                80.087,
                9.5986
              ],
              [
                80.0776,
                9.6029
              ],
              [
                80.0702,
                9.609
              ]
            ]
          ],
          [
            [
              [
                80.0846,
                9.3195
              ],
              [
                80.0843,
                9.3184
              ],
              [
                80.0851,
                9.3178
              ],
              [
                80.0851,
                9.3189
              ],
              [
                80.0846,
                9.3195
              ]
            ]
          ],
          [
            [
              [
                80.084,
                9.3192
              ],
              [
                80.0846,
                9.3195
              ],
              [
                80.0841,
                9.3201
              ],
              [
                80.0839,
                9.32
              ],
              [
                80.084,
                9.3192
              ]
            ]
          ],
          [
            [
              [
                80.079,
                9.6113
              ],
              [
                80.076,
                9.612
              ],
              [
                80.0843,
                9.609
              ],
              [
                80.0825,
                9.6099
              ],
              [
                80.079,
                9.6113
              ]
            ]
          ],
          [
            [
              [
                80.0592,
                9.3298
              ],
              [
                80.0607,
                9.3318
              ],
              [
                80.0565,
                9.3482
              ],
              [
                80.052,
                9.3379
              ],
              [
                80.0592,
                9.3298
              ]
            ]
          ],
          [
            [
              [
                79.989,
                9.3058
              ],
              [
                79.9727,
                9.2874
              ],
              [
                80.0013,
                9.2705
              ],
              [
                80.007,
                9.2867
              ],
              [
                79.989,
                9.3058
              ]
            ]
          ],
          [
            [
              [
                80.0043,
                9.279
              ],
              [
                80.0047,
                9.2791
              ],
              [
                80.0049,
                9.2812
              ],
              [
                80.0045,
                9.2807
              ],
              [
                80.0043,
                9.279
              ]
            ]
          ],
          [
            [
              [
                80.0042,
                9.2781
              ],
              [
                80.0044,
                9.278
              ],
              [
                80.0041,
                9.2784
              ],
              [
                80.0042,
                9.2782
              ],
              [
                80.0042,
                9.2781
              ]
            ]
          ],
          [
            [
              [
                80.004,
                9.2781
              ],
              [
                80.004,
                9.2779
              ],
              [
                80.0041,
                9.2778
              ],
              [
                80.0042,
                9.2781
              ],
              [
                80.004,
                9.2781
              ]
            ]
          ],
          [
            [
              [
                80.004,
                9.279
              ],
              [
                80.0039,
                9.2788
              ],
              [
                80.0042,
                9.279
              ],
              [
                80.004,
                9.279
              ],
              [
                80.004,
                9.279
              ]
            ]
          ],
          [
            [
              [
                80.0033,
                9.2788
              ],
              [
                80.0033,
                9.2787
              ],
              [
                80.0035,
                9.2787
              ],
              [
                80.0034,
                9.2789
              ],
              [
                80.0033,
                9.2788
              ]
            ]
          ],
          [
            [
              [
                80.0026,
                9.2867
              ],
              [
                80.0024,
                9.2864
              ],
              [
                80.0031,
                9.2873
              ],
              [
                80.0029,
                9.2872
              ],
              [
                80.0026,
                9.2867
              ]
            ]
          ],
          [
            [
              [
                79.9986,
                9.2806
              ],
              [
                79.9985,
                9.2806
              ],
              [
                79.9987,
                9.2805
              ],
              [
                79.9986,
                9.2806
              ],
              [
                79.9986,
                9.2806
              ]
            ]
          ],
          [
            [
              [
                79.9982,
                9.2822
              ],
              [
                79.9984,
                9.282
              ],
              [
                79.9984,
                9.2832
              ],
              [
                79.9983,
                9.2831
              ],
              [
                79.9982,
                9.2822
              ]
            ]
          ],
          [
            [
              [
                79.9981,
                9.2836
              ],
              [
                79.9983,
                9.2834
              ],
              [
                79.9983,
                9.2835
              ],
              [
                79.9981,
                9.2837
              ],
              [
                79.9981,
                9.2836
              ]
            ]
          ],
          [
            [
              [
                79.9981,
                9.2827
              ],
              [
                79.9982,
                9.2824
              ],
              [
                79.9982,
                9.283
              ],
              [
                79.9982,
                9.2829
              ],
              [
                79.9981,
                9.2827
              ]
            ]
          ]
        ]
      }
    },
    {
      "id": "feature_180",
      "type": "Feature",
      "properties": {
        "id": "LK-51-001",
        "name": "Eravur Pattu PS",
        "area_sqkm": "4.76",
        "center_lat": "7.759147",
        "center_lng": "81.636557",
        "lg_code": "1",
        "province_id": "LK-5",
        "district_id": "LK-51",
        "dsd_id": "LK-5112",
        "ed_id": "EC-12",
        "pd_id": "EC-12B"
      },
      "geometry": {
        "type": "Polygon",
        "coordinates": [
          [
            [
              81.6452,
              7.7499
            ],
            [
              81.6363,
              7.7657
            ],
            [
              81.6363,
              7.7657
            ],
            [
              81.6189,
              7.764
            ],
            [
              81.6452,
              7.7499
            ]
          ]
        ]
      }
    },
    {
      "id": "feature_181",
      "type": "Feature",
      "properties": {
        "id": "LK-51-002",
        "name": "Eravur Pattu PS",
        "area_sqkm": "6.86",
        "center_lat": "7.781256",
        "center_lng": "81.633447",
        "lg_code": "2",
        "province_id": "LK-5",
        "district_id": "LK-51",
        "dsd_id": "LK-5112",
        "ed_id": "EC-12",
        "pd_id": ""
      },
      "geometry": {
        "type": "Polygon",
        "coordinates": [
          [
            [
              81.6247,
              7.7823
            ],
            [
              81.6168,
              7.7764
            ],
            [
              81.6119,
              7.7681
            ],
            [
              81.6189,
              7.764
            ],
            [
              81.6363,
              7.7657
            ],
            [
              81.6363,
              7.7657
            ],
            [
              81.6478,
              7.783
            ],
            [
              81.6339,
              7.8009
            ],
            [
              81.6303,
              7.7984
            ],
            [
              81.6247,
              7.7823
            ]
          ]
        ]
      }
    },
    {
      "id": "feature_182",
      "type": "Feature",
      "properties": {
        "id": "LK-51-003",
        "name": "Eravur Pattu PS",
        "area_sqkm": "1.82",
        "center_lat": "7.790749",
        "center_lng": "81.617729",
        "lg_code": "3",
        "province_id": "LK-5",
        "district_id": "LK-51",
        "dsd_id": "LK-5112",
        "ed_id": "EC-12",
        "pd_id": "EC-12B"
      },
      "geometry": {
        "type": "Polygon",
        "coordinates": [
          [
            [
              81.6218,
              7.7842
            ],
            [
              81.6102,
              7.7979
            ],
            [
              81.6094,
              7.7942
            ],
            [
              81.6094,
              7.7941
            ],
            [
              81.6133,
              7.7857
            ],
            [
              81.6133,
              7.7857
            ],
            [
              81.6218,
              7.7842
            ]
          ]
        ]
      }
    },
    {
      "id": "feature_183",
      "type": "Feature",
      "properties": {
        "id": "LK-51-004",
        "name": "Eravur Pattu PS",
        "area_sqkm": "1.15",
        "center_lat": "7.780385",
        "center_lng": "81.617286",
        "lg_code": "4",
        "province_id": "LK-5",
        "district_id": "LK-51",
        "dsd_id": "LK-5112",
        "ed_id": "EC-12",
        "pd_id": "EC-12B"
      },
      "geometry": {
        "type": "Polygon",
        "coordinates": [
          [
            [
              81.6218,
              7.7842
            ],
            [
              81.6133,
              7.7857
            ],
            [
              81.6133,
              7.7857
            ],
            [
              81.6094,
              7.7814
            ],
            [
              81.6168,
              7.7764
            ],
            [
              81.6247,
              7.7823
            ],
            [
              81.6218,
              7.7842
            ]
          ]
        ]
      }
    },
    {
      "id": "feature_184",
      "type": "Feature",
      "properties": {
        "id": "LK-51-005",
        "name": "Koralai Pattu PS",
        "area_sqkm": "4.76",
        "center_lat": "7.90971",
        "center_lng": "81.545218",
        "lg_code": "5",
        "province_id": "LK-5",
        "district_id": "LK-51",
        "dsd_id": "",
        "ed_id": "EC-12",
        "pd_id": ""
      },
      "geometry": {
        "type": "MultiPolygon",
        "coordinates": [
          [
            [
              [
                81.6094,
                7.7814
              ],
              [
                81.6133,
                7.7857
              ],
              [
                81.6133,
                7.7857
              ],
              [
                81.6133,
                7.7857
              ],
              [
                81.6094,
                7.7941
              ],
              [
                81.6061,
                7.7838
              ],
              [
                81.6094,
                7.7814
              ]
            ]
          ],
          [
            [
              [
                81.5453,
                7.9473
              ],
              [
                81.5453,
                7.9473
              ],
              [
                81.5253,
                7.934
              ],
              [
                81.5453,
                7.9473
              ]
            ]
          ],
          [
            [
              [
                81.538,
                7.9198
              ],
              [
                81.5426,
                7.9297
              ],
              [
                81.5311,
                7.9275
              ],
              [
                81.5298,
                7.9263
              ],
              [
                81.5312,
                7.92
              ],
              [
                81.5316,
                7.9184
              ],
              [
                81.538,
                7.9198
              ]
            ]
          ],
          [
            [
              [
                81.5196,
                7.9007
              ],
              [
                81.5313,
                7.9073
              ],
              [
                81.5304,
                7.9073
              ],
              [
                81.5291,
                7.899
              ],
              [
                81.5196,
                7.9007
              ]
            ]
          ],
          [
            [
              [
                81.5241,
                7.9292
              ],
              [
                81.5252,
                7.931
              ],
              [
                81.5226,
                7.9288
              ],
              [
                81.5301,
                7.9286
              ],
              [
                81.5261,
                7.9298
              ],
              [
                81.5241,
                7.9292
              ]
            ]
          ],
          [
            [
              [
                81.5239,
                7.9312
              ],
              [
                81.5245,
                7.9322
              ],
              [
                81.5229,
                7.9315
              ],
              [
                81.5217,
                7.929
              ],
              [
                81.5229,
                7.9296
              ],
              [
                81.5239,
                7.9312
              ]
            ]
          ],
          [
            [
              [
                81.5182,
                7.9022
              ],
              [
                81.5178,
                7.9026
              ],
              [
                81.5177,
                7.9018
              ],
              [
                81.5182,
                7.9022
              ]
            ]
          ]
        ]
      }
    },
    {
      "id": "feature_185",
      "type": "Feature",
      "properties": {
        "id": "LK-51-006",
        "name": "Koralai Pattu PS",
        "area_sqkm": "19.75",
        "center_lat": "7.861704",
        "center_lng": "81.585223",
        "lg_code": "6",
        "province_id": "LK-5",
        "district_id": "LK-51",
        "dsd_id": "",
        "ed_id": "EC-12",
        "pd_id": ""
      },
      "geometry": {
        "type": "MultiPolygon",
        "coordinates": [
          [
            [
              [
                81.5955,
                7.7818
              ],
              [
                81.6021,
                7.7874
              ],
              [
                81.6021,
                7.7874
              ],
              [
                81.6021,
                7.7874
              ],
              [
                81.6094,
                7.7942
              ],
              [
                81.6102,
                7.7979
              ],
              [
                81.6303,
                7.7984
              ],
              [
                81.6339,
                7.8009
              ],
              [
                81.6011,
                7.8262
              ],
              [
                81.5993,
                7.8032
              ],
              [
                81.593,
                7.7936
              ],
              [
                81.5955,
                7.7818
              ]
            ]
          ],
          [
            [
              [
                81.5639,
                7.893
              ],
              [
                81.5426,
                7.9297
              ],
              [
                81.538,
                7.9198
              ],
              [
                81.5535,
                7.8972
              ],
              [
                81.5639,
                7.893
              ]
            ]
          ]
        ]
      }
    },
    {
      "id": "feature_186",
      "type": "Feature",
      "properties": {
        "id": "LK-51-007",
        "name": "Koralai Pattu PS",
        "area_sqkm": "16.63",
        "center_lat": "7.84243",
        "center_lng": "81.575476",
        "lg_code": "7",
        "province_id": "LK-5",
        "district_id": "LK-51",
        "dsd_id": "",
        "ed_id": "EC-12",
        "pd_id": ""
      },
      "geometry": {
        "type": "MultiPolygon",
        "coordinates": [
          [
            [
              [
                81.5862,
                7.8001
              ],
              [
                81.5993,
                7.8032
              ],
              [
                81.6011,
                7.8262
              ],
              [
                81.5791,
                7.8486
              ],
              [
                81.5669,
                7.8259
              ],
              [
                81.5681,
                7.8246
              ],
              [
                81.5701,
                7.8124
              ],
              [
                81.5862,
                7.8001
              ]
            ]
          ],
          [
            [
              [
                81.5535,
                7.8972
              ],
              [
                81.538,
                7.9198
              ],
              [
                81.5316,
                7.9184
              ],
              [
                81.5337,
                7.9094
              ],
              [
                81.5421,
                7.905
              ],
              [
                81.5535,
                7.8972
              ]
            ]
          ]
        ]
      }
    },
    {
      "id": "feature_187",
      "type": "Feature",
      "properties": {
        "id": "LK-51-008",
        "name": "Eravur Pattu PS",
        "area_sqkm": "0.86",
        "center_lat": "7.821029",
        "center_lng": "81.558593",
        "lg_code": "8",
        "province_id": "LK-5",
        "district_id": "LK-51",
        "dsd_id": "LK-5112",
        "ed_id": "EC-12",
        "pd_id": "EC-12A"
      },
      "geometry": {
        "type": "Polygon",
        "coordinates": [
          [
            [
              81.5669,
              7.8259
            ],
            [
              81.5503,
              7.8232
            ],
            [
              81.5589,
              7.816
            ],
            [
              81.5681,
              7.8246
            ],
            [
              81.5669,
              7.8259
            ]
          ]
        ]
      }
    },
    {
      "id": "feature_188",
      "type": "Feature",
      "properties": {
        "id": "LK-51-009",
        "name": "Eravur Pattu PS",
        "area_sqkm": "2.1",
        "center_lat": "7.813881",
        "center_lng": "81.565911",
        "lg_code": "9",
        "province_id": "LK-5",
        "district_id": "LK-51",
        "dsd_id": "LK-5112",
        "ed_id": "EC-12",
        "pd_id": "EC-12A"
      },
      "geometry": {
        "type": "Polygon",
        "coordinates": [
          [
            [
              81.5701,
              7.8124
            ],
            [
              81.5681,
              7.8246
            ],
            [
              81.5589,
              7.816
            ],
            [
              81.5589,
              7.8083
            ],
            [
              81.5701,
              7.8124
            ]
          ]
        ]
      }
    },
    {
      "id": "feature_189",
      "type": "Feature",
      "properties": {
        "id": "LK-51-010",
        "name": "Koralai Pattu PS",
        "area_sqkm": "13.56",
        "center_lat": "7.823293",
        "center_lng": "81.556283",
        "lg_code": "10",
        "province_id": "LK-5",
        "district_id": "LK-51",
        "dsd_id": "",
        "ed_id": "EC-12",
        "pd_id": "EC-12A"
      },
      "geometry": {
        "type": "MultiPolygon",
        "coordinates": [
          [
            [
              [
                81.6218,
                7.7842
              ],
              [
                81.6247,
                7.7823
              ],
              [
                81.6303,
                7.7984
              ],
              [
                81.6102,
                7.7979
              ],
              [
                81.6218,
                7.7842
              ]
            ]
          ],
          [
            [
              [
                81.6009,
                7.7711
              ],
              [
                81.6061,
                7.7838
              ],
              [
                81.6094,
                7.7941
              ],
              [
                81.6094,
                7.7942
              ],
              [
                81.6021,
                7.7874
              ],
              [
                81.6021,
                7.7874
              ],
              [
                81.6021,
                7.7874
              ],
              [
                81.5955,
                7.7818
              ],
              [
                81.5998,
                7.7708
              ],
              [
                81.6009,
                7.7711
              ]
            ]
          ],
          [
            [
              [
                81.5589,
                7.816
              ],
              [
                81.5503,
                7.8232
              ],
              [
                81.5487,
                7.8242
              ],
              [
                81.5182,
                7.8121
              ],
              [
                81.5323,
                7.8
              ],
              [
                81.5589,
                7.8083
              ],
              [
                81.5589,
                7.816
              ]
            ]
          ],
          [
            [
              [
                81.5182,
                7.9022
              ],
              [
                81.5177,
                7.9018
              ],
              [
                81.5214,
                7.8886
              ],
              [
                81.5262,
                7.8907
              ],
              [
                81.5421,
                7.905
              ],
              [
                81.5337,
                7.9094
              ],
              [
                81.5313,
                7.9073
              ],
              [
                81.5196,
                7.9007
              ],
              [
                81.5182,
                7.9022
              ]
            ]
          ],
          [
            [
              [
                81.52,
                7.8863
              ],
              [
                81.52,
                7.8863
              ],
              [
                81.5202,
                7.8868
              ],
              [
                81.52,
                7.8863
              ]
            ]
          ]
        ]
      }
    },
    {
      "id": "feature_190",
      "type": "Feature",
      "properties": {
        "id": "LK-51-011",
        "name": "Koralai Pattu PS",
        "area_sqkm": "77.48",
        "center_lat": "7.764301",
        "center_lng": "81.628713",
        "lg_code": "11",
        "province_id": "LK-5",
        "district_id": "LK-51",
        "dsd_id": "",
        "ed_id": "EC-12",
        "pd_id": ""
      },
      "geometry": {
        "type": "MultiPolygon",
        "coordinates": [
          [
            [
              [
                81.7193,
                7.6844
              ],
              [
                81.7193,
                7.6844
              ],
              [
                81.7353,
                7.6949
              ],
              [
                81.7193,
                7.6844
              ]
            ]
          ],
          [
            [
              [
                81.6961,
                7.7039
              ],
              [
                81.6903,
                7.6887
              ],
              [
                81.696,
                7.6705
              ],
              [
                81.7095,
                7.6878
              ],
              [
                81.6961,
                7.7039
              ]
            ]
          ],
          [
            [
              [
                81.6452,
                7.7499
              ],
              [
                81.6478,
                7.783
              ],
              [
                81.6363,
                7.7657
              ],
              [
                81.6363,
                7.7657
              ],
              [
                81.6363,
                7.7657
              ],
              [
                81.6452,
                7.7499
              ]
            ]
          ],
          [
            [
              [
                81.6925,
                7.7052
              ],
              [
                81.7029,
                7.712
              ],
              [
                81.6852,
                7.7125
              ],
              [
                81.6896,
                7.7033
              ],
              [
                81.6925,
                7.7052
              ]
            ]
          ],
          [
            [
              [
                81.6641,
                7.6991
              ],
              [
                81.6653,
                7.7032
              ],
              [
                81.6588,
                7.7013
              ],
              [
                81.6623,
                7.6966
              ],
              [
                81.6641,
                7.6991
              ]
            ]
          ],
          [
            [
              [
                81.5168,
                7.7612
              ],
              [
                81.5704,
                7.7788
              ],
              [
                81.5862,
                7.8001
              ],
              [
                81.5701,
                7.8124
              ],
              [
                81.5589,
                7.8083
              ],
              [
                81.5323,
                7.8
              ],
              [
                81.5168,
                7.7612
              ]
            ]
          ],
          [
            [
              [
                81.5235,
                7.8751
              ],
              [
                81.5661,
                7.8796
              ],
              [
                81.5639,
                7.893
              ],
              [
                81.5535,
                7.8972
              ],
              [
                81.5421,
                7.905
              ],
              [
                81.5262,
                7.8907
              ],
              [
                81.5214,
                7.8886
              ],
              [
                81.5235,
                7.8751
              ]
            ]
          ],
          [
            [
              [
                81.5202,
                7.8868
              ],
              [
                81.5202,
                7.8868
              ],
              [
                81.52,
                7.8863
              ],
              [
                81.5202,
                7.8868
              ]
            ]
          ]
        ]
      }
    },
    {
      "id": "feature_191",
      "type": "Feature",
      "properties": {
        "id": "LK-51-012",
        "name": "Eravur Pattu PS",
        "area_sqkm": "4.45",
        "center_lat": "7.791113",
        "center_lng": "81.583752",
        "lg_code": "12",
        "province_id": "LK-5",
        "district_id": "LK-51",
        "dsd_id": "LK-5112",
        "ed_id": "EC-12",
        "pd_id": "EC-12A"
      },
      "geometry": {
        "type": "Polygon",
        "coordinates": [
          [
            [
              81.5837,
              7.7791
            ],
            [
              81.593,
              7.7936
            ],
            [
              81.5993,
              7.8032
            ],
            [
              81.5862,
              7.8001
            ],
            [
              81.5704,
              7.7788
            ],
            [
              81.5837,
              7.7791
            ]
          ]
        ]
      }
    },
    {
      "id": "feature_192",
      "type": "Feature",
      "properties": {
        "id": "LK-51-013",
        "name": "Eravur Pattu PS",
        "area_sqkm": "1.9",
        "center_lat": "7.779962",
        "center_lng": "81.592291",
        "lg_code": "13",
        "province_id": "LK-5",
        "district_id": "LK-51",
        "dsd_id": "LK-5112",
        "ed_id": "EC-12",
        "pd_id": "EC-12A"
      },
      "geometry": {
        "type": "Polygon",
        "coordinates": [
          [
            [
              81.5955,
              7.7818
            ],
            [
              81.593,
              7.7936
            ],
            [
              81.5837,
              7.7791
            ],
            [
              81.5957,
              7.7681
            ],
            [
              81.5998,
              7.7708
            ],
            [
              81.5955,
              7.7818
            ]
          ]
        ]
      }
    },
    {
      "id": "feature_193",
      "type": "Feature",
      "properties": {
        "id": "LK-51-014",
        "name": "Eravur Pattu PS",
        "area_sqkm": "79.22",
        "center_lat": "7.739319",
        "center_lng": "81.531287",
        "lg_code": "14",
        "province_id": "LK-5",
        "district_id": "LK-51",
        "dsd_id": "LK-5112",
        "ed_id": "EC-12",
        "pd_id": "EC-12B"
      },
      "geometry": {
        "type": "Polygon",
        "coordinates": [
          [
            [
              81.568,
              7.7217
            ],
            [
              81.5957,
              7.7681
            ],
            [
              81.5837,
              7.7791
            ],
            [
              81.5704,
              7.7788
            ],
            [
              81.5168,
              7.7612
            ],
            [
              81.4537,
              7.7011
            ],
            [
              81.5656,
              7.7114
            ],
            [
              81.568,
              7.7217
            ]
          ]
        ]
      }
    },
    {
      "id": "feature_194",
      "type": "Feature",
      "properties": {
        "id": "LK-51-015",
        "name": "Eravur Pattu PS",
        "area_sqkm": "226.89",
        "center_lat": "7.739272",
        "center_lng": "81.353361",
        "lg_code": "15",
        "province_id": "LK-5",
        "district_id": "LK-51",
        "dsd_id": "LK-5112",
        "ed_id": "EC-12",
        "pd_id": "EC-12A"
      },
      "geometry": {
        "type": "Polygon",
        "coordinates": [
          [
            [
              81.5141,
              7.8161
            ],
            [
              81.2377,
              7.7603
            ],
            [
              81.2404,
              7.7395
            ],
            [
              81.3791,
              7.6591
            ],
            [
              81.4537,
              7.7011
            ],
            [
              81.5168,
              7.7612
            ],
            [
              81.5323,
              7.8
            ],
            [
              81.5182,
              7.8121
            ],
            [
              81.5141,
              7.8161
            ]
          ]
        ]
      }
    },
    {
      "id": "feature_195",
      "type": "Feature",
      "properties": {
        "id": "LK-51-016",
        "name": "Eravur Pattu PS",
        "area_sqkm": "88.65",
        "center_lat": "7.676967",
        "center_lng": "81.479238",
        "lg_code": "16",
        "province_id": "LK-5",
        "district_id": "LK-51",
        "dsd_id": "LK-5112",
        "ed_id": "EC-12",
        "pd_id": "EC-12B"
      },
      "geometry": {
        "type": "Polygon",
        "coordinates": [
          [
            [
              81.5183,
              7.6479
            ],
            [
              81.5656,
              7.7114
            ],
            [
              81.4537,
              7.7011
            ],
            [
              81.3791,
              7.6591
            ],
            [
              81.4422,
              7.6324
            ],
            [
              81.5183,
              7.6479
            ]
          ]
        ]
      }
    },
    {
      "id": "feature_196",
      "type": "Feature",
      "properties": {
        "id": "LK-51-017",
        "name": "Eravur Pattu PS",
        "area_sqkm": "109.67",
        "center_lat": "7.595566",
        "center_lng": "81.47896",
        "lg_code": "17",
        "province_id": "LK-5",
        "district_id": "LK-51",
        "dsd_id": "LK-5112",
        "ed_id": "EC-12",
        "pd_id": "EC-12B"
      },
      "geometry": {
        "type": "Polygon",
        "coordinates": [
          [
            [
              81.5076,
              7.5346
            ],
            [
              81.5183,
              7.6479
            ],
            [
              81.4422,
              7.6324
            ],
            [
              81.4462,
              7.5507
            ],
            [
              81.4462,
              7.5507
            ],
            [
              81.4462,
              7.5507
            ],
            [
              81.5004,
              7.5182
            ],
            [
              81.5005,
              7.5182
            ],
            [
              81.5076,
              7.5346
            ]
          ]
        ]
      }
    },
    {
      "id": "feature_197",
      "type": "Feature",
      "properties": {
        "id": "LK-51-018",
        "name": "Eravur Pattu PS",
        "area_sqkm": "15.11",
        "center_lat": "7.522429",
        "center_lng": "81.525216",
        "lg_code": "18",
        "province_id": "LK-5",
        "district_id": "LK-51",
        "dsd_id": "LK-5112",
        "ed_id": "EC-12",
        "pd_id": "EC-12B"
      },
      "geometry": {
        "type": "Polygon",
        "coordinates": [
          [
            [
              81.5492,
              7.535
            ],
            [
              81.5076,
              7.5346
            ],
            [
              81.5005,
              7.5182
            ],
            [
              81.5004,
              7.5182
            ],
            [
              81.4945,
              7.5136
            ],
            [
              81.5472,
              7.5078
            ],
            [
              81.5492,
              7.535
            ]
          ]
        ]
      }
    },
    {
      "id": "feature_198",
      "type": "Feature",
      "properties": {
        "id": "LK-51-021",
        "name": "Kattankudy UC",
        "area_sqkm": "3.88",
        "center_lat": "7.6829",
        "center_lng": "81.732091",
        "lg_code": "21",
        "province_id": "LK-5",
        "district_id": "LK-51",
        "dsd_id": "LK-5124",
        "ed_id": "EC-12",
        "pd_id": "EC-12B"
      },
      "geometry": {
        "type": "Polygon",
        "coordinates": [
          [
            [
              81.7252,
              7.6729
            ],
            [
              81.7461,
              7.678
            ],
            [
              81.7353,
              7.6949
            ],
            [
              81.7193,
              7.6844
            ],
            [
              81.7252,
              7.6729
            ]
          ]
        ]
      }
    },
    {
      "id": "feature_199",
      "type": "Feature",
      "properties": {
        "id": "LK-51-022",
        "name": "Eravur UC",
        "area_sqkm": "1.86",
        "center_lat": "7.775874",
        "center_lng": "81.608206",
        "lg_code": "22",
        "province_id": "LK-5",
        "district_id": "LK-51",
        "dsd_id": "LK-5115",
        "ed_id": "EC-12",
        "pd_id": "EC-12B"
      },
      "geometry": {
        "type": "Polygon",
        "coordinates": [
          [
            [
              81.6009,
              7.7711
            ],
            [
              81.6119,
              7.7681
            ],
            [
              81.6168,
              7.7764
            ],
            [
              81.6094,
              7.7814
            ],
            [
              81.6061,
              7.7838
            ],
            [
              81.6009,
              7.7711
            ]
          ]
        ]
      }
    },
    {
      "id": "feature_200",
      "type": "Feature",
      "properties": {
        "id": "LK-51-034",
        "name": "Koralai Pattu PS",
        "area_sqkm": "507.41",
        "center_lat": "7.852806",
        "center_lng": "81.381482",
        "lg_code": "34",
        "province_id": "LK-5",
        "district_id": "LK-51",
        "dsd_id": "",
        "ed_id": "EC-12",
        "pd_id": "EC-12A"
      },
      "geometry": {
        "type": "MultiPolygon",
        "coordinates": [
          [
            [
              [
                81.5503,
                7.8232
              ],
              [
                81.5669,
                7.8259
              ],
              [
                81.5791,
                7.8486
              ],
              [
                81.5661,
                7.8796
              ],
              [
                81.5235,
                7.8751
              ],
              [
                81.5487,
                7.8242
              ],
              [
                81.5503,
                7.8232
              ]
            ]
          ],
          [
            [
              [
                81.5093,
                7.8921
              ],
              [
                81.2377,
                7.9017
              ],
              [
                81.2377,
                7.7603
              ],
              [
                81.5141,
                7.8161
              ],
              [
                81.5093,
                7.8921
              ]
            ]
          ],
          [
            [
              [
                81.5291,
                7.899
              ],
              [
                81.5304,
                7.9073
              ],
              [
                81.5312,
                7.92
              ],
              [
                81.5298,
                7.9263
              ],
              [
                81.5287,
                7.9269
              ],
              [
                81.5211,
                7.9194
              ],
              [
                81.5291,
                7.899
              ]
            ]
          ],
          [
            [
              [
                81.5198,
                7.9209
              ],
              [
                81.5198,
                7.9209
              ],
              [
                81.5168,
                7.9228
              ],
              [
                81.5198,
                7.9209
              ]
            ]
          ],
          [
            [
              [
                81.516,
                7.898
              ],
              [
                81.5158,
                7.8911
              ],
              [
                81.5176,
                7.8942
              ],
              [
                81.517,
                7.8965
              ],
              [
                81.516,
                7.898
              ]
            ]
          ]
        ]
      }
    },
    {
      "id": "feature_201",
      "type": "Feature",
      "properties": {
        "id": "LK-51-035",
        "name": "Koralai Pattu North PS",
        "area_sqkm": "515.82",
        "center_lat": "8.088082",
        "center_lng": "81.374706",
        "lg_code": "35",
        "province_id": "LK-5",
        "district_id": "LK-51",
        "dsd_id": "",
        "ed_id": "EC-12",
        "pd_id": "EC-12A"
      },
      "geometry": {
        "type": "MultiPolygon",
        "coordinates": [
          [
            [
              [
                81.3356,
                7.9639
              ],
              [
                81.5252,
                7.934
              ],
              [
                81.5253,
                7.934
              ],
              [
                81.5453,
                7.9473
              ],
              [
                81.4037,
                8.266
              ],
              [
                81.3248,
                8.2626
              ],
              [
                81.3114,
                8.2519
              ],
              [
                81.3356,
                7.9639
              ]
            ],
            [
              [
                81.3857,
                8.1438
              ],
              [
                81.3837,
                8.2
              ],
              [
                81.4467,
                8.0655
              ],
              [
                81.4311,
                8.0704
              ],
              [
                81.3857,
                8.1438
              ]
            ]
          ],
          [
            [
              [
                81.5313,
                7.9073
              ],
              [
                81.5337,
                7.9094
              ],
              [
                81.5316,
                7.9184
              ],
              [
                81.5312,
                7.92
              ],
              [
                81.5304,
                7.9073
              ],
              [
                81.5313,
                7.9073
              ]
            ]
          ],
          [
            [
              [
                81.5298,
                7.9263
              ],
              [
                81.5311,
                7.9275
              ],
              [
                81.5287,
                7.9269
              ],
              [
                81.5298,
                7.9263
              ]
            ]
          ],
          [
            [
              [
                81.4622,
                8.1105
              ],
              [
                81.4641,
                8.1105
              ],
              [
                81.4642,
                8.1119
              ],
              [
                81.4632,
                8.1125
              ],
              [
                81.4622,
                8.1105
              ]
            ]
          ],
          [
            [
              [
                81.4415,
                8.1099
              ],
              [
                81.4451,
                8.1151
              ],
              [
                81.4444,
                8.1183
              ],
              [
                81.4404,
                8.1135
              ],
              [
                81.4415,
                8.1099
              ]
            ]
          ]
        ]
      }
    },
    {
      "id": "feature_202",
      "type": "Feature",
      "properties": {
        "id": "LK-51-036",
        "name": "Koralai Pattu West PS",
        "area_sqkm": "121.61",
        "center_lat": "7.925529",
        "center_lng": "81.386946",
        "lg_code": "36",
        "province_id": "LK-5",
        "district_id": "LK-51",
        "dsd_id": "",
        "ed_id": "EC-12",
        "pd_id": "EC-12A"
      },
      "geometry": {
        "type": "MultiPolygon",
        "coordinates": [
          [
            [
              [
                81.5291,
                7.899
              ],
              [
                81.5211,
                7.9194
              ],
              [
                81.5198,
                7.9209
              ],
              [
                81.5168,
                7.9228
              ],
              [
                81.5178,
                7.9026
              ],
              [
                81.5182,
                7.9022
              ],
              [
                81.5196,
                7.9007
              ],
              [
                81.5291,
                7.899
              ]
            ]
          ],
          [
            [
              [
                81.2377,
                7.9017
              ],
              [
                81.5093,
                7.8921
              ],
              [
                81.5252,
                7.934
              ],
              [
                81.3356,
                7.9639
              ],
              [
                81.2362,
                7.9066
              ],
              [
                81.2377,
                7.9017
              ]
            ]
          ],
          [
            [
              [
                81.519,
                7.9063
              ],
              [
                81.5192,
                7.9068
              ],
              [
                81.519,
                7.9075
              ],
              [
                81.5179,
                7.9062
              ],
              [
                81.519,
                7.9063
              ]
            ]
          ],
          [
            [
              [
                81.5172,
                7.9045
              ],
              [
                81.5171,
                7.904
              ],
              [
                81.5167,
                7.9032
              ],
              [
                81.5183,
                7.9052
              ],
              [
                81.5172,
                7.9045
              ]
            ]
          ],
          [
            [
              [
                81.5137,
                7.9139
              ],
              [
                81.5144,
                7.9089
              ],
              [
                81.516,
                7.9072
              ],
              [
                81.518,
                7.9109
              ],
              [
                81.5137,
                7.9139
              ]
            ]
          ],
          [
            [
              [
                81.5133,
                7.9121
              ],
              [
                81.513,
                7.9124
              ],
              [
                81.5134,
                7.9111
              ],
              [
                81.5135,
                7.9115
              ],
              [
                81.5133,
                7.9121
              ]
            ]
          ],
          [
            [
              [
                81.5101,
                7.9027
              ],
              [
                81.5096,
                7.9027
              ],
              [
                81.5091,
                7.9021
              ],
              [
                81.5104,
                7.902
              ],
              [
                81.5101,
                7.9027
              ]
            ]
          ]
        ]
      }
    },
    {
      "id": "feature_203",
      "type": "Feature",
      "properties": {
        "id": "LK-51-037",
        "name": "Manmunaipattu PS",
        "area_sqkm": "25.45",
        "center_lat": "7.639195",
        "center_lng": "81.753752",
        "lg_code": "37",
        "province_id": "LK-5",
        "district_id": "LK-51",
        "dsd_id": "LK-5127",
        "ed_id": "EC-12",
        "pd_id": "EC-12B"
      },
      "geometry": {
        "type": "Polygon",
        "coordinates": [
          [
            [
              81.7252,
              7.6729
            ],
            [
              81.7647,
              7.5955
            ],
            [
              81.7857,
              7.6022
            ],
            [
              81.7461,
              7.678
            ],
            [
              81.7252,
              7.6729
            ]
          ]
        ]
      }
    },
    {
      "id": "feature_204",
      "type": "Feature",
      "properties": {
        "id": "LK-51-038",
        "name": "Manmunai South & Eruvil Pattu PS",
        "area_sqkm": "43.92",
        "center_lat": "7.522348",
        "center_lng": "81.791102",
        "lg_code": "38",
        "province_id": "LK-5",
        "district_id": "LK-51",
        "dsd_id": "LK-5136",
        "ed_id": "EC-12",
        "pd_id": "EC-12C"
      },
      "geometry": {
        "type": "Polygon",
        "coordinates": [
          [
            [
              81.7647,
              7.5955
            ],
            [
              81.7956,
              7.4398
            ],
            [
              81.8186,
              7.4577
            ],
            [
              81.7857,
              7.6022
            ],
            [
              81.7647,
              7.5955
            ]
          ],
          [
            [
              81.8058,
              7.4971
            ],
            [
              81.8163,
              7.4645
            ],
            [
              81.8154,
              7.4651
            ],
            [
              81.8134,
              7.4682
            ],
            [
              81.8115,
              7.4761
            ],
            [
              81.8095,
              7.4773
            ],
            [
              81.8058,
              7.4971
            ]
          ]
        ]
      }
    },
    {
      "id": "feature_205",
      "type": "Feature",
      "properties": {
        "id": "LK-51-039",
        "name": "Manmunai South-West PS",
        "area_sqkm": "145.14",
        "center_lat": "7.567598",
        "center_lng": "81.661919",
        "lg_code": "39",
        "province_id": "LK-5",
        "district_id": "LK-51",
        "dsd_id": "LK-5130",
        "ed_id": "EC-12",
        "pd_id": "EC-12C"
      },
      "geometry": {
        "type": "MultiPolygon",
        "coordinates": [
          [
            [
              [
                81.6458,
                7.5228
              ],
              [
                81.7453,
                7.5631
              ],
              [
                81.7005,
                7.6328
              ],
              [
                81.5492,
                7.535
              ],
              [
                81.5472,
                7.5078
              ],
              [
                81.6458,
                7.5228
              ]
            ]
          ],
          [
            [
              [
                81.7311,
                7.6341
              ],
              [
                81.7327,
                7.6349
              ],
              [
                81.7318,
                7.6363
              ],
              [
                81.7312,
                7.6359
              ],
              [
                81.7311,
                7.6341
              ]
            ]
          ],
          [
            [
              [
                81.7283,
                7.6367
              ],
              [
                81.7285,
                7.6417
              ],
              [
                81.7274,
                7.6424
              ],
              [
                81.7259,
                7.6406
              ],
              [
                81.7283,
                7.6367
              ]
            ]
          ]
        ]
      }
    },
    {
      "id": "feature_206",
      "type": "Feature",
      "properties": {
        "id": "LK-51-040",
        "name": "Manmunai West (Vavunativu) PS",
        "area_sqkm": "280.58",
        "center_lat": "7.632937",
        "center_lng": "81.598993",
        "lg_code": "40",
        "province_id": "LK-5",
        "district_id": "LK-51",
        "dsd_id": "LK-5121",
        "ed_id": "EC-12",
        "pd_id": "EC-12B"
      },
      "geometry": {
        "type": "MultiPolygon",
        "coordinates": [
          [
            [
              [
                81.5492,
                7.535
              ],
              [
                81.7005,
                7.6328
              ],
              [
                81.568,
                7.7217
              ],
              [
                81.5656,
                7.7114
              ],
              [
                81.5183,
                7.6479
              ],
              [
                81.5076,
                7.5346
              ],
              [
                81.5492,
                7.535
              ]
            ]
          ],
          [
            [
              [
                81.7008,
                7.656
              ],
              [
                81.698,
                7.6523
              ],
              [
                81.7029,
                7.6483
              ],
              [
                81.7045,
                7.6525
              ],
              [
                81.7008,
                7.656
              ]
            ]
          ],
          [
            [
              [
                81.6956,
                7.6483
              ],
              [
                81.6948,
                7.6492
              ],
              [
                81.6942,
                7.6476
              ],
              [
                81.6956,
                7.647
              ],
              [
                81.6956,
                7.6483
              ]
            ]
          ]
        ]
      }
    },
    {
      "id": "feature_207",
      "type": "Feature",
      "properties": {
        "id": "LK-51-041",
        "name": "Porativepattu PS",
        "area_sqkm": "159.21",
        "center_lat": "7.497825",
        "center_lng": "81.704155",
        "lg_code": "41",
        "province_id": "LK-5",
        "district_id": "LK-51",
        "dsd_id": "LK-5133",
        "ed_id": "EC-12",
        "pd_id": "EC-12C"
      },
      "geometry": {
        "type": "MultiPolygon",
        "coordinates": [
          [
            [
              [
                81.7078,
                7.4352
              ],
              [
                81.7533,
                7.458
              ],
              [
                81.7453,
                7.5631
              ],
              [
                81.6458,
                7.5228
              ],
              [
                81.7078,
                7.4352
              ]
            ]
          ],
          [
            [
              [
                81.7711,
                7.5371
              ],
              [
                81.7708,
                7.5369
              ],
              [
                81.7711,
                7.5364
              ],
              [
                81.7715,
                7.5369
              ],
              [
                81.7711,
                7.5371
              ]
            ]
          ]
        ]
      }
    },
    {
      "id": "feature_208",
      "type": "Feature",
      "properties": {
        "id": "LK-52-011",
        "name": "Kalmunai MC",
        "area_sqkm": "24.26",
        "center_lat": "7.41718",
        "center_lng": "81.817666",
        "lg_code": "11",
        "province_id": "LK-5",
        "district_id": "LK-52",
        "dsd_id": "",
        "ed_id": "EC-13",
        "pd_id": "EC-13C"
      },
      "geometry": {
        "type": "Polygon",
        "coordinates": [
          [
            [
              81.846,
              7.3896
            ],
            [
              81.8186,
              7.4577
            ],
            [
              81.7956,
              7.4398
            ],
            [
              81.7884,
              7.4396
            ],
            [
              81.8129,
              7.3975
            ],
            [
              81.8204,
              7.3831
            ],
            [
              81.846,
              7.3896
            ]
          ]
        ]
      }
    },
    {
      "id": "feature_209",
      "type": "Feature",
      "properties": {
        "id": "LK-52-012",
        "name": "Akkaraipattu MC",
        "area_sqkm": "7.34",
        "center_lat": "7.22736",
        "center_lng": "81.846785",
        "lg_code": "12",
        "province_id": "LK-5",
        "district_id": "LK-52",
        "dsd_id": "LK-5236",
        "ed_id": "EC-13",
        "pd_id": ""
      },
      "geometry": {
        "type": "Polygon",
        "coordinates": [
          [
            [
              81.836,
              7.2223
            ],
            [
              81.8622,
              7.2095
            ],
            [
              81.8632,
              7.2348
            ],
            [
              81.8265,
              7.2393
            ],
            [
              81.836,
              7.2223
            ]
          ]
        ]
      }
    },
    {
      "id": "feature_210",
      "type": "Feature",
      "properties": {
        "id": "LK-52-021",
        "name": "Ampara UC/ Namaloya PS",
        "area_sqkm": "43.44",
        "center_lat": "7.293568",
        "center_lng": "81.664401",
        "lg_code": "21/39",
        "province_id": "LK-5",
        "district_id": "LK-52",
        "dsd_id": "LK-5215",
        "ed_id": "EC-13",
        "pd_id": "EC-13A"
      },
      "geometry": {
        "type": "Polygon",
        "coordinates": [
          [
            [
              81.645,
              7.2648
            ],
            [
              81.6958,
              7.2776
            ],
            [
              81.7163,
              7.3179
            ],
            [
              81.6903,
              7.3126
            ],
            [
              81.6903,
              7.3126
            ],
            [
              81.6903,
              7.3126
            ],
            [
              81.6294,
              7.2894
            ],
            [
              81.6349,
              7.2555
            ],
            [
              81.6349,
              7.2555
            ],
            [
              81.6349,
              7.2555
            ],
            [
              81.6295,
              7.2449
            ],
            [
              81.645,
              7.2648
            ]
          ]
        ]
      }
    },
    {
      "id": "feature_211",
      "type": "Feature",
      "properties": {
        "id": "LK-52-031",
        "name": "Addalachchanai PS",
        "area_sqkm": "74.4",
        "center_lat": "7.264536",
        "center_lng": "81.812687",
        "lg_code": "31",
        "province_id": "LK-5",
        "district_id": "LK-52",
        "dsd_id": "LK-5233",
        "ed_id": "EC-13",
        "pd_id": "EC-13D"
      },
      "geometry": {
        "type": "Polygon",
        "coordinates": [
          [
            [
              81.7577,
              7.2216
            ],
            [
              81.8265,
              7.2393
            ],
            [
              81.8632,
              7.2348
            ],
            [
              81.867,
              7.3005
            ],
            [
              81.8139,
              7.2931
            ],
            [
              81.7756,
              7.2977
            ],
            [
              81.7577,
              7.2216
            ]
          ]
        ]
      }
    },
    {
      "id": "feature_212",
      "type": "Feature",
      "properties": {
        "id": "LK-52-032",
        "name": "Alayadiwembu PS",
        "area_sqkm": "69.69",
        "center_lat": "7.170789",
        "center_lng": "81.807373",
        "lg_code": "32",
        "province_id": "LK-5",
        "district_id": "LK-52",
        "dsd_id": "LK-5239",
        "ed_id": "EC-13",
        "pd_id": "EC-13D"
      },
      "geometry": {
        "type": "Polygon",
        "coordinates": [
          [
            [
              81.7524,
              7.1391
            ],
            [
              81.8619,
              7.1858
            ],
            [
              81.8622,
              7.2095
            ],
            [
              81.836,
              7.2223
            ],
            [
              81.7567,
              7.1732
            ],
            [
              81.7445,
              7.1642
            ],
            [
              81.7503,
              7.1492
            ],
            [
              81.7524,
              7.1391
            ]
          ]
        ]
      }
    },
    {
      "id": "feature_213",
      "type": "Feature",
      "properties": {
        "id": "LK-52-033",
        "name": "Damana PS",
        "area_sqkm": "478.17",
        "center_lat": "7.133109",
        "center_lng": "81.628447",
        "lg_code": "33",
        "province_id": "LK-5",
        "district_id": "LK-52",
        "dsd_id": "LK-5242",
        "ed_id": "EC-13",
        "pd_id": ""
      },
      "geometry": {
        "type": "Polygon",
        "coordinates": [
          [
            [
              81.5015,
              7.1571
            ],
            [
              81.6178,
              6.9811
            ],
            [
              81.6894,
              6.9675
            ],
            [
              81.6974,
              7.0765
            ],
            [
              81.7524,
              7.1391
            ],
            [
              81.7503,
              7.1492
            ],
            [
              81.7445,
              7.1642
            ],
            [
              81.7567,
              7.1732
            ],
            [
              81.7429,
              7.1964
            ],
            [
              81.734,
              7.194
            ],
            [
              81.7118,
              7.1964
            ],
            [
              81.6709,
              7.2546
            ],
            [
              81.6559,
              7.2531
            ],
            [
              81.6559,
              7.2531
            ],
            [
              81.6559,
              7.2531
            ],
            [
              81.645,
              7.2648
            ],
            [
              81.6295,
              7.2449
            ],
            [
              81.5559,
              7.2192
            ],
            [
              81.5015,
              7.1571
            ]
          ]
        ]
      }
    },
    {
      "id": "feature_214",
      "type": "Feature",
      "properties": {
        "id": "LK-52-034",
        "name": "Dehiattakandiya PS",
        "area_sqkm": "374.18",
        "center_lat": "7.626104",
        "center_lng": "81.073565",
        "lg_code": "34",
        "province_id": "LK-5",
        "district_id": "LK-52",
        "dsd_id": "LK-5203",
        "ed_id": "EC-13",
        "pd_id": "EC-13A"
      },
      "geometry": {
        "type": "Polygon",
        "coordinates": [
          [
            [
              80.9795,
              7.6216
            ],
            [
              81.0404,
              7.5044
            ],
            [
              81.1893,
              7.5728
            ],
            [
              81.2101,
              7.6112
            ],
            [
              81.2146,
              7.6425
            ],
            [
              81.1023,
              7.6911
            ],
            [
              81.1023,
              7.6911
            ],
            [
              81.0316,
              7.7155
            ],
            [
              81.0316,
              7.7156
            ],
            [
              81.0316,
              7.7155
            ],
            [
              80.9969,
              7.7235
            ],
            [
              80.9969,
              7.7235
            ],
            [
              80.9969,
              7.7235
            ],
            [
              80.9881,
              7.7255
            ],
            [
              80.9885,
              7.7205
            ],
            [
              80.9795,
              7.6216
            ]
          ]
        ]
      }
    },
    {
      "id": "feature_215",
      "type": "Feature",
      "properties": {
        "id": "LK-52-036",
        "name": "Akkaraipattu PS",
        "area_sqkm": "46.34",
        "center_lat": "7.210244",
        "center_lng": "81.790491",
        "lg_code": "36",
        "province_id": "LK-5",
        "district_id": "LK-52",
        "dsd_id": "LK-5236",
        "ed_id": "EC-13",
        "pd_id": "EC-13B"
      },
      "geometry": {
        "type": "MultiPolygon",
        "coordinates": [
          [
            [
              [
                81.8265,
                7.2393
              ],
              [
                81.7577,
                7.2216
              ],
              [
                81.7429,
                7.1964
              ],
              [
                81.7567,
                7.1732
              ],
              [
                81.836,
                7.2223
              ],
              [
                81.8265,
                7.2393
              ]
            ]
          ],
          [
            [
              [
                81.7445,
                7.1642
              ],
              [
                81.7445,
                7.1642
              ],
              [
                81.7503,
                7.1492
              ],
              [
                81.7445,
                7.1642
              ]
            ]
          ],
          [
            [
              [
                81.7118,
                7.1964
              ],
              [
                81.7118,
                7.1964
              ],
              [
                81.734,
                7.194
              ],
              [
                81.7118,
                7.1964
              ]
            ]
          ]
        ]
      }
    },
    {
      "id": "feature_216",
      "type": "Feature",
      "properties": {
        "id": "LK-52-037",
        "name": "Lahugala PS",
        "area_sqkm": "815.3",
        "center_lat": "6.743613",
        "center_lng": "81.698939",
        "lg_code": "37",
        "province_id": "LK-5",
        "district_id": "LK-52",
        "dsd_id": "LK-5251",
        "ed_id": "EC-13",
        "pd_id": "EC-13D"
      },
      "geometry": {
        "type": "Polygon",
        "coordinates": [
          [
            [
              81.707,
              6.5107
            ],
            [
              81.8249,
              6.8098
            ],
            [
              81.6894,
              6.9675
            ],
            [
              81.6178,
              6.9811
            ],
            [
              81.6085,
              6.5801
            ],
            [
              81.707,
              6.5107
            ]
          ]
        ]
      }
    },
    {
      "id": "feature_217",
      "type": "Feature",
      "properties": {
        "id": "LK-52-038",
        "name": "Mahaoya PS",
        "area_sqkm": "680.41",
        "center_lat": "7.55649",
        "center_lng": "81.350833",
        "lg_code": "38",
        "province_id": "LK-5",
        "district_id": "LK-52",
        "dsd_id": "LK-5209",
        "ed_id": "EC-13",
        "pd_id": "EC-13A"
      },
      "geometry": {
        "type": "Polygon",
        "coordinates": [
          [
            [
              81.3652,
              7.3572
            ],
            [
              81.4796,
              7.4543
            ],
            [
              81.4945,
              7.5136
            ],
            [
              81.5004,
              7.5182
            ],
            [
              81.5005,
              7.5182
            ],
            [
              81.5004,
              7.5182
            ],
            [
              81.4462,
              7.5507
            ],
            [
              81.4462,
              7.5507
            ],
            [
              81.4462,
              7.5507
            ],
            [
              81.4422,
              7.6324
            ],
            [
              81.3791,
              7.6591
            ],
            [
              81.2404,
              7.7395
            ],
            [
              81.2146,
              7.6425
            ],
            [
              81.2101,
              7.6112
            ],
            [
              81.3651,
              7.3572
            ],
            [
              81.3652,
              7.3572
            ]
          ]
        ]
      }
    },
    {
      "id": "feature_218",
      "type": "Feature",
      "properties": {
        "id": "LK-52-039",
        "name": "Namaloya PS",
        "area_sqkm": "107.44",
        "center_lat": "7.267299",
        "center_lng": "81.58113",
        "lg_code": "39",
        "province_id": "LK-5",
        "district_id": "LK-52",
        "dsd_id": "",
        "ed_id": "EC-13",
        "pd_id": "EC-13A"
      },
      "geometry": {
        "type": "MultiPolygon",
        "coordinates": [
          [
            [
              [
                81.6709,
                7.2546
              ],
              [
                81.6958,
                7.2776
              ],
              [
                81.645,
                7.2648
              ],
              [
                81.6559,
                7.2531
              ],
              [
                81.6559,
                7.2531
              ],
              [
                81.6559,
                7.2531
              ],
              [
                81.6709,
                7.2546
              ]
            ]
          ],
          [
            [
              [
                81.5559,
                7.2192
              ],
              [
                81.6295,
                7.2449
              ],
              [
                81.6349,
                7.2555
              ],
              [
                81.6349,
                7.2555
              ],
              [
                81.6349,
                7.2555
              ],
              [
                81.6294,
                7.2894
              ],
              [
                81.4811,
                7.3211
              ],
              [
                81.5559,
                7.2192
              ]
            ]
          ]
        ]
      }
    },
    {
      "id": "feature_219",
      "type": "Feature",
      "properties": {
        "id": "LK-52-040",
        "name": "Ninthavur PS",
        "area_sqkm": "35.94",
        "center_lat": "7.326839",
        "center_lng": "81.839824",
        "lg_code": "40",
        "province_id": "LK-5",
        "district_id": "LK-52",
        "dsd_id": "LK-5230",
        "ed_id": "EC-13",
        "pd_id": "EC-13D"
      },
      "geometry": {
        "type": "Polygon",
        "coordinates": [
          [
            [
              81.8139,
              7.2931
            ],
            [
              81.867,
              7.3005
            ],
            [
              81.8546,
              7.3649
            ],
            [
              81.8307,
              7.3589
            ],
            [
              81.8208,
              7.3607
            ],
            [
              81.8139,
              7.2931
            ]
          ]
        ]
      }
    },
    {
      "id": "feature_220",
      "type": "Feature",
      "properties": {
        "id": "LK-52-041",
        "name": "Padiyathalawa  PS",
        "area_sqkm": "388.23",
        "center_lat": "7.422272",
        "center_lng": "81.261851",
        "lg_code": "41",
        "province_id": "LK-5",
        "district_id": "LK-52",
        "dsd_id": "LK-5206",
        "ed_id": "EC-13",
        "pd_id": "EC-13A"
      },
      "geometry": {
        "type": "Polygon",
        "coordinates": [
          [
            [
              81.2236,
              7.3316
            ],
            [
              81.2708,
              7.278
            ],
            [
              81.36,
              7.34
            ],
            [
              81.3652,
              7.3572
            ],
            [
              81.3651,
              7.3572
            ],
            [
              81.2101,
              7.6112
            ],
            [
              81.1893,
              7.5728
            ],
            [
              81.2236,
              7.3316
            ]
          ]
        ]
      }
    },
    {
      "id": "feature_221",
      "type": "Feature",
      "properties": {
        "id": "LK-52-042",
        "name": "Pothuvil  PS",
        "area_sqkm": "309.36",
        "center_lat": "6.949757",
        "center_lng": "81.797796",
        "lg_code": "42",
        "province_id": "LK-5",
        "district_id": "LK-52",
        "dsd_id": "LK-5248",
        "ed_id": "EC-13",
        "pd_id": "EC-13D"
      },
      "geometry": {
        "type": "Polygon",
        "coordinates": [
          [
            [
              81.8249,
              6.8098
            ],
            [
              81.8754,
              7.0313
            ],
            [
              81.6974,
              7.0765
            ],
            [
              81.6894,
              6.9675
            ],
            [
              81.8249,
              6.8098
            ]
          ]
        ]
      }
    },
    {
      "id": "feature_222",
      "type": "Feature",
      "properties": {
        "id": "LK-52-043",
        "name": "Sammanthurai PS",
        "area_sqkm": "108.91",
        "center_lat": "7.329298",
        "center_lng": "81.767875",
        "lg_code": "43",
        "province_id": "LK-5",
        "district_id": "LK-52",
        "dsd_id": "LK-5218",
        "ed_id": "EC-13",
        "pd_id": "EC-13B"
      },
      "geometry": {
        "type": "Polygon",
        "coordinates": [
          [
            [
              81.6958,
              7.2776
            ],
            [
              81.7756,
              7.2977
            ],
            [
              81.8139,
              7.2931
            ],
            [
              81.8208,
              7.3607
            ],
            [
              81.8204,
              7.3831
            ],
            [
              81.8129,
              7.3975
            ],
            [
              81.7316,
              7.3737
            ],
            [
              81.7163,
              7.3179
            ],
            [
              81.6958,
              7.2776
            ]
          ]
        ]
      }
    },
    {
      "id": "feature_223",
      "type": "Feature",
      "properties": {
        "id": "LK-52-044",
        "name": "Thirukkovili PS",
        "area_sqkm": "218.5",
        "center_lat": "7.079586",
        "center_lng": "81.794782",
        "lg_code": "44",
        "province_id": "LK-5",
        "district_id": "LK-52",
        "dsd_id": "LK-5245",
        "ed_id": "EC-13",
        "pd_id": "EC-13D"
      },
      "geometry": {
        "type": "Polygon",
        "coordinates": [
          [
            [
              81.6974,
              7.0765
            ],
            [
              81.8754,
              7.0313
            ],
            [
              81.8619,
              7.1858
            ],
            [
              81.7524,
              7.1391
            ],
            [
              81.6974,
              7.0765
            ]
          ]
        ]
      }
    },
    {
      "id": "feature_224",
      "type": "Feature",
      "properties": {
        "id": "LK-52-045",
        "name": "Uhana PS",
        "area_sqkm": "535.55",
        "center_lat": "7.401039",
        "center_lng": "81.592516",
        "lg_code": "45",
        "province_id": "LK-5",
        "district_id": "LK-52",
        "dsd_id": "LK-5212",
        "ed_id": "EC-13",
        "pd_id": "EC-13A"
      },
      "geometry": {
        "type": "Polygon",
        "coordinates": [
          [
            [
              81.6294,
              7.2894
            ],
            [
              81.6903,
              7.3126
            ],
            [
              81.6903,
              7.3126
            ],
            [
              81.6903,
              7.3126
            ],
            [
              81.7163,
              7.3179
            ],
            [
              81.7316,
              7.3737
            ],
            [
              81.7078,
              7.4352
            ],
            [
              81.6458,
              7.5228
            ],
            [
              81.5472,
              7.5078
            ],
            [
              81.4945,
              7.5136
            ],
            [
              81.4796,
              7.4543
            ],
            [
              81.4811,
              7.3211
            ],
            [
              81.6294,
              7.2894
            ]
          ]
        ]
      }
    },
    {
      "id": "feature_225",
      "type": "Feature",
      "properties": {
        "id": "LK-52-046",
        "name": "Karathivu PS",
        "area_sqkm": "10.15",
        "center_lat": "7.372969",
        "center_lng": "81.833667",
        "lg_code": "46",
        "province_id": "LK-5",
        "district_id": "LK-52",
        "dsd_id": "LK-5227",
        "ed_id": "EC-13",
        "pd_id": "EC-13D"
      },
      "geometry": {
        "type": "Polygon",
        "coordinates": [
          [
            [
              81.8307,
              7.3589
            ],
            [
              81.8546,
              7.3649
            ],
            [
              81.846,
              7.3896
            ],
            [
              81.8204,
              7.3831
            ],
            [
              81.8208,
              7.3607
            ],
            [
              81.8307,
              7.3589
            ]
          ]
        ]
      }
    },
    {
      "id": "feature_226",
      "type": "Feature",
      "properties": {
        "id": "LK-52-047",
        "name": "Navithanveli PS",
        "area_sqkm": "79.81",
        "center_lat": "7.419463",
        "center_lng": "81.762775",
        "lg_code": "47",
        "province_id": "LK-5",
        "district_id": "LK-52",
        "dsd_id": "LK-5216",
        "ed_id": "EC-13",
        "pd_id": "EC-13B"
      },
      "geometry": {
        "type": "Polygon",
        "coordinates": [
          [
            [
              81.7316,
              7.3737
            ],
            [
              81.8129,
              7.3975
            ],
            [
              81.7884,
              7.4396
            ],
            [
              81.7533,
              7.458
            ],
            [
              81.7078,
              7.4352
            ],
            [
              81.7316,
              7.3737
            ]
          ]
        ]
      }
    },
    {
      "id": "feature_227",
      "type": "Feature",
      "properties": {
        "id": "LK-52-048",
        "name": "Irakkamam PS",
        "area_sqkm": "67.23",
        "center_lat": "7.2411",
        "center_lng": "81.722174",
        "lg_code": "48",
        "province_id": "LK-5",
        "district_id": "LK-52",
        "dsd_id": "LK-5234",
        "ed_id": "EC-13",
        "pd_id": "EC-13B"
      },
      "geometry": {
        "type": "Polygon",
        "coordinates": [
          [
            [
              81.6709,
              7.2546
            ],
            [
              81.7118,
              7.1964
            ],
            [
              81.734,
              7.194
            ],
            [
              81.7429,
              7.1964
            ],
            [
              81.7577,
              7.2216
            ],
            [
              81.7756,
              7.2977
            ],
            [
              81.6958,
              7.2776
            ],
            [
              81.6709,
              7.2546
            ]
          ]
        ]
      }
    },
    {
      "id": "feature_228",
      "type": "Feature",
      "properties": {
        "id": "LK-53-011",
        "name": "Trincomalee MC",
        "area_sqkm": "14.03",
        "center_lat": "8.57326",
        "center_lng": "81.22406",
        "lg_code": "11",
        "province_id": "LK-5",
        "district_id": "LK-53",
        "dsd_id": "LK-5315",
        "ed_id": "EC-14",
        "pd_id": "EC-14B"
      },
      "geometry": {
        "type": "Polygon",
        "coordinates": [
          [
            [
              81.1986,
              8.5775
            ],
            [
              81.1986,
              8.5775
            ],
            [
              81.2215,
              8.6029
            ],
            [
              81.1986,
              8.5775
            ]
          ]
        ]
      }
    },
    {
      "id": "feature_229",
      "type": "Feature",
      "properties": {
        "id": "LK-53-022",
        "name": "Kinniya UC",
        "area_sqkm": "7.6",
        "center_lat": "8.486597",
        "center_lng": "81.187854",
        "lg_code": "22",
        "province_id": "LK-5",
        "district_id": "LK-53",
        "dsd_id": "LK-5324",
        "ed_id": "EC-14",
        "pd_id": "EC-14C"
      },
      "geometry": {
        "type": "Polygon",
        "coordinates": [
          [
            [
              81.1773,
              8.5109
            ],
            [
              81.1773,
              8.5109
            ],
            [
              81.2044,
              8.4701
            ],
            [
              81.1773,
              8.5109
            ]
          ]
        ]
      }
    },
    {
      "id": "feature_230",
      "type": "Feature",
      "properties": {
        "id": "LK-53-031",
        "name": "Gomarankadawala PS",
        "area_sqkm": "307.33",
        "center_lat": "8.749348",
        "center_lng": "80.966816",
        "lg_code": "31",
        "province_id": "LK-5",
        "district_id": "LK-53",
        "dsd_id": "LK-5309",
        "ed_id": "EC-14",
        "pd_id": "EC-14A"
      },
      "geometry": {
        "type": "Polygon",
        "coordinates": [
          [
            [
              80.9103,
              8.6676
            ],
            [
              81.0597,
              8.7336
            ],
            [
              80.9214,
              8.8487
            ],
            [
              80.9127,
              8.8326
            ],
            [
              80.9135,
              8.8271
            ],
            [
              80.8803,
              8.7508
            ],
            [
              80.9103,
              8.6676
            ]
          ]
        ]
      }
    },
    {
      "id": "feature_231",
      "type": "Feature",
      "properties": {
        "id": "LK-53-032",
        "name": "Kanthale PS",
        "area_sqkm": "412.73",
        "center_lat": "8.342622",
        "center_lng": "81.055903",
        "lg_code": "32",
        "province_id": "LK-5",
        "district_id": "LK-53",
        "dsd_id": "LK-5321",
        "ed_id": "EC-14",
        "pd_id": "EC-14A"
      },
      "geometry": {
        "type": "Polygon",
        "coordinates": [
          [
            [
              80.9687,
              8.3172
            ],
            [
              81.0553,
              8.2741
            ],
            [
              81.0553,
              8.2741
            ],
            [
              81.0553,
              8.2741
            ],
            [
              81.1818,
              8.2297
            ],
            [
              81.1949,
              8.3532
            ],
            [
              81.2092,
              8.3694
            ],
            [
              81.0936,
              8.4101
            ],
            [
              80.9625,
              8.4492
            ],
            [
              80.9412,
              8.3423
            ],
            [
              80.9687,
              8.3172
            ]
          ]
        ]
      }
    },
    {
      "id": "feature_232",
      "type": "Feature",
      "properties": {
        "id": "LK-53-033",
        "name": "Kinniya PS",
        "area_sqkm": "143.95",
        "center_lat": "8.433257",
        "center_lng": "81.158812",
        "lg_code": "33",
        "province_id": "LK-5",
        "district_id": "LK-53",
        "dsd_id": "LK-5324",
        "ed_id": "EC-14",
        "pd_id": "EC-14C"
      },
      "geometry": {
        "type": "Polygon",
        "coordinates": [
          [
            [
              81.0936,
              8.4101
            ],
            [
              81.2092,
              8.3694
            ],
            [
              81.2305,
              8.4605
            ],
            [
              81.2044,
              8.4701
            ],
            [
              81.1773,
              8.5109
            ],
            [
              81.1395,
              8.492
            ],
            [
              81.0936,
              8.4101
            ]
          ]
        ]
      }
    },
    {
      "id": "feature_233",
      "type": "Feature",
      "properties": {
        "id": "LK-53-034",
        "name": "Kuchchaveli PS",
        "area_sqkm": "446.97",
        "center_lat": "8.813051",
        "center_lng": "81.047186",
        "lg_code": "34",
        "province_id": "LK-5",
        "district_id": "LK-53",
        "dsd_id": "LK-5306",
        "ed_id": "EC-14",
        "pd_id": "EC-14B"
      },
      "geometry": {
        "type": "Polygon",
        "coordinates": [
          [
            [
              81.2164,
              8.6623
            ],
            [
              80.9672,
              8.9867
            ],
            [
              80.8962,
              8.9807
            ],
            [
              80.9214,
              8.8487
            ],
            [
              81.0597,
              8.7336
            ],
            [
              81.138,
              8.628
            ],
            [
              81.1744,
              8.6477
            ],
            [
              81.1745,
              8.6477
            ],
            [
              81.1744,
              8.6477
            ],
            [
              81.2164,
              8.6623
            ]
          ]
        ]
      }
    },
    {
      "id": "feature_234",
      "type": "Feature",
      "properties": {
        "id": "LK-53-035",
        "name": "Morawewa PS",
        "area_sqkm": "278.14",
        "center_lat": "8.625746",
        "center_lng": "81.019771",
        "lg_code": "35",
        "province_id": "LK-5",
        "district_id": "LK-53",
        "dsd_id": "LK-5312",
        "ed_id": "EC-14",
        "pd_id": "EC-14A"
      },
      "geometry": {
        "type": "Polygon",
        "coordinates": [
          [
            [
              81.138,
              8.628
            ],
            [
              81.0597,
              8.7336
            ],
            [
              80.9103,
              8.6676
            ],
            [
              80.9421,
              8.5601
            ],
            [
              81.1264,
              8.5867
            ],
            [
              81.138,
              8.628
            ]
          ]
        ]
      }
    },
    {
      "id": "feature_235",
      "type": "Feature",
      "properties": {
        "id": "LK-53-036",
        "name": "Muttur PS",
        "area_sqkm": "194.19",
        "center_lat": "8.431494",
        "center_lng": "81.291319",
        "lg_code": "36",
        "province_id": "LK-5",
        "district_id": "LK-53",
        "dsd_id": "LK-5327",
        "ed_id": "EC-14",
        "pd_id": "EC-14C"
      },
      "geometry": {
        "type": "Polygon",
        "coordinates": [
          [
            [
              81.2175,
              8.3527
            ],
            [
              81.3386,
              8.4042
            ],
            [
              81.3727,
              8.4096
            ],
            [
              81.2305,
              8.4605
            ],
            [
              81.2092,
              8.3694
            ],
            [
              81.1949,
              8.3532
            ],
            [
              81.2175,
              8.3527
            ]
          ]
        ]
      }
    },
    {
      "id": "feature_236",
      "type": "Feature",
      "properties": {
        "id": "LK-53-037",
        "name": "Padavi Sri Pura PS",
        "area_sqkm": "113.33",
        "center_lat": "8.915208",
        "center_lng": "80.855145",
        "lg_code": "37",
        "province_id": "LK-5",
        "district_id": "LK-53",
        "dsd_id": "LK-5303",
        "ed_id": "EC-14",
        "pd_id": "EC-14A"
      },
      "geometry": {
        "type": "Polygon",
        "coordinates": [
          [
            [
              80.9214,
              8.8487
            ],
            [
              80.8962,
              8.9807
            ],
            [
              80.8035,
              8.9529
            ],
            [
              80.7551,
              8.9058
            ],
            [
              80.9127,
              8.8326
            ],
            [
              80.9214,
              8.8487
            ]
          ]
        ]
      }
    },
    {
      "id": "feature_237",
      "type": "Feature",
      "properties": {
        "id": "LK-53-038",
        "name": "Seruvila PS",
        "area_sqkm": "293.32",
        "center_lat": "8.287808",
        "center_lng": "81.25641",
        "lg_code": "38",
        "province_id": "LK-5",
        "district_id": "LK-53",
        "dsd_id": "LK-5330",
        "ed_id": "EC-14",
        "pd_id": "EC-14A"
      },
      "geometry": {
        "type": "Polygon",
        "coordinates": [
          [
            [
              81.1924,
              8.1516
            ],
            [
              81.3114,
              8.2519
            ],
            [
              81.3248,
              8.2626
            ],
            [
              81.3386,
              8.4042
            ],
            [
              81.2175,
              8.3527
            ],
            [
              81.1949,
              8.3532
            ],
            [
              81.1818,
              8.2297
            ],
            [
              81.1924,
              8.1516
            ]
          ]
        ]
      }
    },
    {
      "id": "feature_238",
      "type": "Feature",
      "properties": {
        "id": "LK-53-039",
        "name": "Thambalagamuwa PS",
        "area_sqkm": "274.19",
        "center_lat": "8.509573",
        "center_lng": "81.042854",
        "lg_code": "39",
        "province_id": "LK-5",
        "district_id": "LK-53",
        "dsd_id": "LK-5318",
        "ed_id": "EC-14",
        "pd_id": ""
      },
      "geometry": {
        "type": "Polygon",
        "coordinates": [
          [
            [
              80.9625,
              8.4492
            ],
            [
              81.0936,
              8.4101
            ],
            [
              81.1395,
              8.492
            ],
            [
              81.1329,
              8.5124
            ],
            [
              81.1264,
              8.5867
            ],
            [
              80.9421,
              8.5601
            ],
            [
              80.9625,
              8.4492
            ]
          ]
        ]
      }
    },
    {
      "id": "feature_239",
      "type": "Feature",
      "properties": {
        "id": "LK-53-040",
        "name": "Trincomalee Town and Gravets  PS",
        "area_sqkm": "115.79",
        "center_lat": "8.583752",
        "center_lng": "81.168726",
        "lg_code": "40",
        "province_id": "LK-5",
        "district_id": "LK-53",
        "dsd_id": "LK-5315",
        "ed_id": "EC-14",
        "pd_id": "EC-14B"
      },
      "geometry": {
        "type": "Polygon",
        "coordinates": [
          [
            [
              81.1329,
              8.5124
            ],
            [
              81.1986,
              8.5775
            ],
            [
              81.2215,
              8.6029
            ],
            [
              81.2164,
              8.6623
            ],
            [
              81.1744,
              8.6477
            ],
            [
              81.1745,
              8.6477
            ],
            [
              81.1744,
              8.6477
            ],
            [
              81.138,
              8.628
            ],
            [
              81.1264,
              8.5867
            ],
            [
              81.1329,
              8.5124
            ]
          ]
        ]
      }
    },
    {
      "id": "feature_240",
      "type": "Feature",
      "properties": {
        "id": "LK-53-041",
        "name": "Verugal PS",
        "area_sqkm": "90.54",
        "center_lat": "8.318232",
        "center_lng": "81.363485",
        "lg_code": "41",
        "province_id": "LK-5",
        "district_id": "LK-53",
        "dsd_id": "LK-5333",
        "ed_id": "EC-14",
        "pd_id": "EC-14A"
      },
      "geometry": {
        "type": "Polygon",
        "coordinates": [
          [
            [
              81.3248,
              8.2626
            ],
            [
              81.4037,
              8.266
            ],
            [
              81.3727,
              8.4096
            ],
            [
              81.3386,
              8.4042
            ],
            [
              81.3248,
              8.2626
            ]
          ]
        ]
      }
    },
    {
      "id": "feature_241",
      "type": "Feature",
      "properties": {
        "id": "LK-61-011",
        "name": "Kurunegala MC",
        "area_sqkm": "11.14",
        "center_lat": "7.487294",
        "center_lng": "80.364933",
        "lg_code": "11",
        "province_id": "LK-6",
        "district_id": "LK-61",
        "dsd_id": "LK-6154",
        "ed_id": "EC-15",
        "pd_id": "EC-15L"
      },
      "geometry": {
        "type": "Polygon",
        "coordinates": [
          [
            [
              80.371,
              7.4762
            ],
            [
              80.3792,
              7.5025
            ],
            [
              80.3482,
              7.4997
            ],
            [
              80.3457,
              7.4766
            ],
            [
              80.371,
              7.4762
            ]
          ]
        ]
      }
    },
    {
      "id": "feature_242",
      "type": "Feature",
      "properties": {
        "id": "LK-61-021",
        "name": "Kuliyapitiya UC/ Kuliyapitiya PS",
        "area_sqkm": "4.55",
        "center_lat": "7.469177",
        "center_lng": "80.03641",
        "lg_code": "21/37",
        "province_id": "LK-6",
        "district_id": "LK-61",
        "dsd_id": "LK-6172",
        "ed_id": "EC-15",
        "pd_id": "EC-15I"
      },
      "geometry": {
        "type": "Polygon",
        "coordinates": [
          [
            [
              80.0356,
              7.4756
            ],
            [
              80.0147,
              7.4583
            ],
            [
              80.0634,
              7.4651
            ],
            [
              80.0458,
              7.48
            ],
            [
              80.0356,
              7.4756
            ]
          ]
        ]
      }
    },
    {
      "id": "feature_243",
      "type": "Feature",
      "properties": {
        "id": "LK-61-031",
        "name": "Alawwa PS",
        "area_sqkm": "130.25",
        "center_lat": "7.32858",
        "center_lng": "80.217429",
        "lg_code": "31",
        "province_id": "LK-6",
        "district_id": "LK-61",
        "dsd_id": "LK-6184",
        "ed_id": "EC-15",
        "pd_id": "EC-15J"
      },
      "geometry": {
        "type": "Polygon",
        "coordinates": [
          [
            [
              80.1482,
              7.3136
            ],
            [
              80.196,
              7.2582
            ],
            [
              80.2789,
              7.3181
            ],
            [
              80.2636,
              7.3656
            ],
            [
              80.2636,
              7.3656
            ],
            [
              80.2636,
              7.3656
            ],
            [
              80.2648,
              7.3962
            ],
            [
              80.1482,
              7.3136
            ]
          ]
        ]
      }
    },
    {
      "id": "feature_244",
      "type": "Feature",
      "properties": {
        "id": "LK-61-032",
        "name": "Bingiriya PS",
        "area_sqkm": "193.62",
        "center_lat": "7.607565",
        "center_lng": "79.968083",
        "lg_code": "32",
        "province_id": "LK-6",
        "district_id": "LK-61",
        "dsd_id": "LK-6142",
        "ed_id": "EC-15",
        "pd_id": "EC-15G"
      },
      "geometry": {
        "type": "Polygon",
        "coordinates": [
          [
            [
              79.9002,
              7.5571
            ],
            [
              79.9802,
              7.5318
            ],
            [
              79.9802,
              7.5318
            ],
            [
              79.9874,
              7.5253
            ],
            [
              80.0336,
              7.5544
            ],
            [
              80.0479,
              7.6792
            ],
            [
              79.9984,
              7.6975
            ],
            [
              79.9634,
              7.6868
            ],
            [
              79.9059,
              7.6169
            ],
            [
              79.9059,
              7.6167
            ],
            [
              79.9002,
              7.5571
            ]
          ]
        ]
      }
    },
    {
      "id": "feature_245",
      "type": "Feature",
      "properties": {
        "id": "LK-61-033",
        "name": "Galgamuwa PS",
        "area_sqkm": "444.72",
        "center_lat": "7.998266",
        "center_lng": "80.298164",
        "lg_code": "33",
        "province_id": "LK-6",
        "district_id": "LK-61",
        "dsd_id": "",
        "ed_id": "EC-15",
        "pd_id": "EC-15A"
      },
      "geometry": {
        "type": "Polygon",
        "coordinates": [
          [
            [
              80.141,
              7.9548
            ],
            [
              80.1696,
              7.9493
            ],
            [
              80.3678,
              7.8799
            ],
            [
              80.4177,
              7.9498
            ],
            [
              80.3617,
              8.0671
            ],
            [
              80.2772,
              8.1165
            ],
            [
              80.2567,
              8.1284
            ],
            [
              80.1474,
              8.0518
            ],
            [
              80.141,
              7.9548
            ]
          ]
        ]
      }
    },
    {
      "id": "feature_246",
      "type": "Feature",
      "properties": {
        "id": "LK-61-034",
        "name": "Giribawa PS",
        "area_sqkm": "205.37",
        "center_lat": "8.103672",
        "center_lng": "80.183754",
        "lg_code": "34",
        "province_id": "LK-6",
        "district_id": "LK-61",
        "dsd_id": "LK-6103",
        "ed_id": "EC-15",
        "pd_id": "EC-15A"
      },
      "geometry": {
        "type": "Polygon",
        "coordinates": [
          [
            [
              80.1474,
              8.0518
            ],
            [
              80.2567,
              8.1284
            ],
            [
              80.1001,
              8.1979
            ],
            [
              80.1101,
              8.1314
            ],
            [
              80.1101,
              8.1314
            ],
            [
              80.1101,
              8.1314
            ],
            [
              80.1256,
              8.0822
            ],
            [
              80.1474,
              8.0518
            ]
          ]
        ]
      }
    },
    {
      "id": "feature_247",
      "type": "Feature",
      "properties": {
        "id": "LK-61-035",
        "name": "Ibbagamuwa PS",
        "area_sqkm": "367.43",
        "center_lat": "7.633648",
        "center_lng": "80.430185",
        "lg_code": "35",
        "province_id": "LK-6",
        "district_id": "LK-61",
        "dsd_id": "",
        "ed_id": "EC-15",
        "pd_id": "EC-15D"
      },
      "geometry": {
        "type": "Polygon",
        "coordinates": [
          [
            [
              80.3456,
              7.6159
            ],
            [
              80.4291,
              7.5189
            ],
            [
              80.4411,
              7.5074
            ],
            [
              80.5566,
              7.6344
            ],
            [
              80.5538,
              7.6692
            ],
            [
              80.5408,
              7.7089
            ],
            [
              80.344,
              7.7408
            ],
            [
              80.2778,
              7.7104
            ],
            [
              80.3456,
              7.6159
            ]
          ]
        ]
      }
    },
    {
      "id": "feature_248",
      "type": "Feature",
      "properties": {
        "id": "LK-61-036",
        "name": "Kobeigane PS",
        "area_sqkm": "130.28",
        "center_lat": "7.684376",
        "center_lng": "80.100321",
        "lg_code": "36",
        "province_id": "LK-6",
        "district_id": "LK-61",
        "dsd_id": "LK-6139",
        "ed_id": "EC-15",
        "pd_id": "EC-15B"
      },
      "geometry": {
        "type": "Polygon",
        "coordinates": [
          [
            [
              80.0479,
              7.6792
            ],
            [
              80.1753,
              7.6337
            ],
            [
              80.1588,
              7.7193
            ],
            [
              79.9984,
              7.6975
            ],
            [
              80.0479,
              7.6792
            ]
          ]
        ]
      }
    },
    {
      "id": "feature_249",
      "type": "Feature",
      "properties": {
        "id": "LK-61-037",
        "name": "Kuliyapitiya PS",
        "area_sqkm": "274.72",
        "center_lat": "7.471199",
        "center_lng": "80.102369",
        "lg_code": "37",
        "province_id": "LK-6",
        "district_id": "LK-61",
        "dsd_id": "",
        "ed_id": "EC-15",
        "pd_id": "EC-15I"
      },
      "geometry": {
        "type": "Polygon",
        "coordinates": [
          [
            [
              79.9973,
              7.4322
            ],
            [
              80.1537,
              7.4147
            ],
            [
              80.1537,
              7.4147
            ],
            [
              80.1573,
              7.3944
            ],
            [
              80.2188,
              7.4652
            ],
            [
              80.2138,
              7.5196
            ],
            [
              80.1752,
              7.5465
            ],
            [
              80.0336,
              7.5544
            ],
            [
              79.9874,
              7.5253
            ],
            [
              79.9973,
              7.4322
            ]
          ],
          [
            [
              80.0356,
              7.4756
            ],
            [
              80.0458,
              7.48
            ],
            [
              80.0634,
              7.4651
            ],
            [
              80.0147,
              7.4583
            ],
            [
              80.0356,
              7.4756
            ]
          ]
        ]
      }
    },
    {
      "id": "feature_250",
      "type": "Feature",
      "properties": {
        "id": "LK-61-038",
        "name": "Kurunegala PS",
        "area_sqkm": "232.17",
        "center_lat": "7.511441",
        "center_lng": "80.357635",
        "lg_code": "38",
        "province_id": "LK-6",
        "district_id": "LK-61",
        "dsd_id": "",
        "ed_id": "EC-15",
        "pd_id": ""
      },
      "geometry": {
        "type": "Polygon",
        "coordinates": [
          [
            [
              80.3167,
              7.4833
            ],
            [
              80.3482,
              7.3871
            ],
            [
              80.4071,
              7.3866
            ],
            [
              80.4291,
              7.5189
            ],
            [
              80.3456,
              7.6159
            ],
            [
              80.3043,
              7.5028
            ],
            [
              80.3167,
              7.4833
            ],
            [
              80.3167,
              7.4833
            ],
            [
              80.3167,
              7.4833
            ]
          ],
          [
            [
              80.3581,
              7.5015
            ],
            [
              80.3792,
              7.5025
            ],
            [
              80.3846,
              7.4758
            ],
            [
              80.3457,
              7.4766
            ],
            [
              80.3581,
              7.5015
            ]
          ]
        ]
      }
    },
    {
      "id": "feature_251",
      "type": "Feature",
      "properties": {
        "id": "LK-61-039",
        "name": "Maho PS",
        "area_sqkm": "401.73",
        "center_lat": "7.841195",
        "center_lng": "80.267615",
        "lg_code": "39",
        "province_id": "LK-6",
        "district_id": "LK-61",
        "dsd_id": "",
        "ed_id": "EC-15",
        "pd_id": "EC-15C"
      },
      "geometry": {
        "type": "Polygon",
        "coordinates": [
          [
            [
              80.2019,
              7.8156
            ],
            [
              80.2362,
              7.7356
            ],
            [
              80.2778,
              7.7104
            ],
            [
              80.344,
              7.7408
            ],
            [
              80.3678,
              7.8799
            ],
            [
              80.1696,
              7.9493
            ],
            [
              80.2008,
              7.8369
            ],
            [
              80.2008,
              7.8369
            ],
            [
              80.2008,
              7.8369
            ],
            [
              80.1964,
              7.8343
            ],
            [
              80.1965,
              7.8343
            ],
            [
              80.1964,
              7.8343
            ],
            [
              80.2019,
              7.8156
            ]
          ]
        ]
      }
    },
    {
      "id": "feature_252",
      "type": "Feature",
      "properties": {
        "id": "LK-61-040",
        "name": "Mawathagama PS",
        "area_sqkm": "108.43",
        "center_lat": "7.424469",
        "center_lng": "80.444918",
        "lg_code": "40",
        "province_id": "LK-6",
        "district_id": "LK-61",
        "dsd_id": "LK-6160",
        "ed_id": "EC-15",
        "pd_id": "EC-15M"
      },
      "geometry": {
        "type": "Polygon",
        "coordinates": [
          [
            [
              80.4212,
              7.3562
            ],
            [
              80.5192,
              7.3896
            ],
            [
              80.5174,
              7.4141
            ],
            [
              80.4411,
              7.5074
            ],
            [
              80.4291,
              7.5189
            ],
            [
              80.4071,
              7.3866
            ],
            [
              80.4212,
              7.3562
            ]
          ]
        ]
      }
    },
    {
      "id": "feature_253",
      "type": "Feature",
      "properties": {
        "id": "LK-61-041",
        "name": "Nikaweratiya PS",
        "area_sqkm": "465.44",
        "center_lat": "7.80567",
        "center_lng": "80.104616",
        "lg_code": "41",
        "province_id": "LK-6",
        "district_id": "LK-61",
        "dsd_id": "",
        "ed_id": "EC-15",
        "pd_id": "EC-15B"
      },
      "geometry": {
        "type": "Polygon",
        "coordinates": [
          [
            [
              80.1099,
              7.95
            ],
            [
              79.9634,
              7.6868
            ],
            [
              79.9984,
              7.6975
            ],
            [
              80.1588,
              7.7193
            ],
            [
              80.2362,
              7.7356
            ],
            [
              80.2019,
              7.8156
            ],
            [
              80.1964,
              7.8343
            ],
            [
              80.1965,
              7.8343
            ],
            [
              80.1964,
              7.8343
            ],
            [
              80.2008,
              7.8369
            ],
            [
              80.2008,
              7.8369
            ],
            [
              80.2008,
              7.8369
            ],
            [
              80.1696,
              7.9493
            ],
            [
              80.141,
              7.9548
            ],
            [
              80.1099,
              7.95
            ]
          ]
        ]
      }
    },
    {
      "id": "feature_254",
      "type": "Feature",
      "properties": {
        "id": "LK-61-042",
        "name": "Panduwasnuwara PS",
        "area_sqkm": "283.47",
        "center_lat": "7.584134",
        "center_lng": "80.101591",
        "lg_code": "42",
        "province_id": "LK-6",
        "district_id": "LK-61",
        "dsd_id": "",
        "ed_id": "EC-15",
        "pd_id": "EC-15F"
      },
      "geometry": {
        "type": "Polygon",
        "coordinates": [
          [
            [
              80.0336,
              7.5544
            ],
            [
              80.1752,
              7.5465
            ],
            [
              80.1753,
              7.6337
            ],
            [
              80.0479,
              7.6792
            ],
            [
              80.0336,
              7.5544
            ]
          ]
        ]
      }
    },
    {
      "id": "feature_255",
      "type": "Feature",
      "properties": {
        "id": "LK-61-043",
        "name": "Pannala PS",
        "area_sqkm": "282.22",
        "center_lat": "7.362153",
        "center_lng": "80.030535",
        "lg_code": "43",
        "province_id": "LK-6",
        "district_id": "LK-61",
        "dsd_id": "LK-6178",
        "ed_id": "EC-15",
        "pd_id": "EC-15H"
      },
      "geometry": {
        "type": "Polygon",
        "coordinates": [
          [
            [
              79.9416,
              7.2762
            ],
            [
              80.0948,
              7.3076
            ],
            [
              80.1252,
              7.3301
            ],
            [
              80.1573,
              7.3944
            ],
            [
              80.1537,
              7.4147
            ],
            [
              80.1537,
              7.4147
            ],
            [
              79.9973,
              7.4322
            ],
            [
              79.9239,
              7.4119
            ],
            [
              79.9302,
              7.3792
            ],
            [
              79.9416,
              7.2762
            ]
          ]
        ]
      }
    },
    {
      "id": "feature_256",
      "type": "Feature",
      "properties": {
        "id": "LK-61-044",
        "name": "Polgahawela PS",
        "area_sqkm": "188.4",
        "center_lat": "7.419139",
        "center_lng": "80.291174",
        "lg_code": "44",
        "province_id": "LK-6",
        "district_id": "LK-61",
        "dsd_id": "",
        "ed_id": "EC-15",
        "pd_id": "EC-15K"
      },
      "geometry": {
        "type": "Polygon",
        "coordinates": [
          [
            [
              80.2636,
              7.3656
            ],
            [
              80.2789,
              7.3181
            ],
            [
              80.2868,
              7.3153
            ],
            [
              80.3059,
              7.3193
            ],
            [
              80.3482,
              7.3871
            ],
            [
              80.3167,
              7.4833
            ],
            [
              80.3167,
              7.4833
            ],
            [
              80.3167,
              7.4833
            ],
            [
              80.3043,
              7.5028
            ],
            [
              80.2138,
              7.5196
            ],
            [
              80.2188,
              7.4652
            ],
            [
              80.2648,
              7.3962
            ],
            [
              80.2636,
              7.3656
            ],
            [
              80.2636,
              7.3656
            ],
            [
              80.2636,
              7.3656
            ]
          ]
        ]
      }
    },
    {
      "id": "feature_257",
      "type": "Feature",
      "properties": {
        "id": "LK-61-045",
        "name": "Polpithigama PS",
        "area_sqkm": "415.64",
        "center_lat": "7.803271",
        "center_lng": "80.428893",
        "lg_code": "45",
        "province_id": "LK-6",
        "district_id": "LK-61",
        "dsd_id": "LK-6127",
        "ed_id": "EC-15",
        "pd_id": ""
      },
      "geometry": {
        "type": "Polygon",
        "coordinates": [
          [
            [
              80.344,
              7.7408
            ],
            [
              80.5408,
              7.7089
            ],
            [
              80.5013,
              7.8169
            ],
            [
              80.4603,
              7.9456
            ],
            [
              80.4177,
              7.9498
            ],
            [
              80.3678,
              7.8799
            ],
            [
              80.344,
              7.7408
            ]
          ]
        ]
      }
    },
    {
      "id": "feature_258",
      "type": "Feature",
      "properties": {
        "id": "LK-61-046",
        "name": "Rideegama PS",
        "area_sqkm": "225.15",
        "center_lat": "7.517219",
        "center_lng": "80.518459",
        "lg_code": "46",
        "province_id": "LK-6",
        "district_id": "LK-61",
        "dsd_id": "LK-6163",
        "ed_id": "EC-15",
        "pd_id": "EC-15N"
      },
      "geometry": {
        "type": "Polygon",
        "coordinates": [
          [
            [
              80.4411,
              7.5074
            ],
            [
              80.5174,
              7.4141
            ],
            [
              80.5656,
              7.4584
            ],
            [
              80.5747,
              7.4833
            ],
            [
              80.5775,
              7.6043
            ],
            [
              80.5775,
              7.6059
            ],
            [
              80.5678,
              7.6177
            ],
            [
              80.5566,
              7.6344
            ],
            [
              80.4411,
              7.5074
            ]
          ]
        ]
      }
    },
    {
      "id": "feature_259",
      "type": "Feature",
      "properties": {
        "id": "LK-61-047",
        "name": "Wariyapola PS",
        "area_sqkm": "312.53",
        "center_lat": "7.621927",
        "center_lng": "80.244165",
        "lg_code": "47",
        "province_id": "LK-6",
        "district_id": "LK-61",
        "dsd_id": "",
        "ed_id": "EC-15",
        "pd_id": "EC-15E"
      },
      "geometry": {
        "type": "Polygon",
        "coordinates": [
          [
            [
              80.1752,
              7.5465
            ],
            [
              80.2138,
              7.5196
            ],
            [
              80.3043,
              7.5028
            ],
            [
              80.3456,
              7.6159
            ],
            [
              80.2778,
              7.7104
            ],
            [
              80.2362,
              7.7356
            ],
            [
              80.1588,
              7.7193
            ],
            [
              80.1753,
              7.6337
            ],
            [
              80.1752,
              7.5465
            ]
          ]
        ]
      }
    },
    {
      "id": "feature_260",
      "type": "Feature",
      "properties": {
        "id": "LK-61-048",
        "name": "Udubaddawa PS",
        "area_sqkm": "119.9",
        "center_lat": "7.480501",
        "center_lng": "79.947547",
        "lg_code": "48",
        "province_id": "LK-6",
        "district_id": "LK-61",
        "dsd_id": "LK-6175",
        "ed_id": "EC-15",
        "pd_id": "EC-15G"
      },
      "geometry": {
        "type": "Polygon",
        "coordinates": [
          [
            [
              79.907,
              7.4855
            ],
            [
              79.9239,
              7.4119
            ],
            [
              79.9973,
              7.4322
            ],
            [
              79.9874,
              7.5253
            ],
            [
              79.9802,
              7.5318
            ],
            [
              79.9802,
              7.5318
            ],
            [
              79.9002,
              7.5571
            ],
            [
              79.907,
              7.4855
            ]
          ]
        ]
      }
    },
    {
      "id": "feature_261",
      "type": "Feature",
      "properties": {
        "id": "LK-61-049",
        "name": "Narammala PS",
        "area_sqkm": "108.53",
        "center_lat": "7.397099",
        "center_lng": "80.193118",
        "lg_code": "49",
        "province_id": "LK-6",
        "district_id": "LK-61",
        "dsd_id": "LK-6181",
        "ed_id": "EC-15",
        "pd_id": "EC-15J"
      },
      "geometry": {
        "type": "Polygon",
        "coordinates": [
          [
            [
              80.1482,
              7.3136
            ],
            [
              80.2648,
              7.3962
            ],
            [
              80.2188,
              7.4652
            ],
            [
              80.1573,
              7.3944
            ],
            [
              80.1252,
              7.3301
            ],
            [
              80.1482,
              7.3136
            ]
          ]
        ]
      }
    },
    {
      "id": "feature_262",
      "type": "Feature",
      "properties": {
        "id": "LK-62-011",
        "name": "Puttalam MC",
        "area_sqkm": "23.51",
        "center_lat": "8.033618",
        "center_lng": "79.847591",
        "lg_code": "11",
        "province_id": "LK-6",
        "district_id": "LK-62",
        "dsd_id": "LK-6215",
        "ed_id": "EC-16",
        "pd_id": "EC-16A"
      },
      "geometry": {
        "type": "Polygon",
        "coordinates": [
          [
            [
              79.8327,
              8.0042
            ],
            [
              79.8327,
              8.0042
            ],
            [
              79.8207,
              8.0398
            ],
            [
              79.8327,
              8.0042
            ]
          ]
        ]
      }
    },
    {
      "id": "feature_263",
      "type": "Feature",
      "properties": {
        "id": "LK-62-021",
        "name": "Chilaw UC",
        "area_sqkm": "6.53",
        "center_lat": "7.581366",
        "center_lng": "79.793511",
        "lg_code": "21",
        "province_id": "LK-6",
        "district_id": "LK-62",
        "dsd_id": "LK-6233",
        "ed_id": "EC-16",
        "pd_id": "EC-16C"
      },
      "geometry": {
        "type": "Polygon",
        "coordinates": [
          [
            [
              79.7884,
              7.5533
            ],
            [
              79.7907,
              7.605
            ],
            [
              79.7861,
              7.6042
            ],
            [
              79.7884,
              7.5533
            ]
          ]
        ]
      }
    },
    {
      "id": "feature_264",
      "type": "Feature",
      "properties": {
        "id": "LK-62-031",
        "name": "Anamaduwa PS",
        "area_sqkm": "528.15",
        "center_lat": "7.853184",
        "center_lng": "79.956619",
        "lg_code": "31",
        "province_id": "LK-6",
        "district_id": "LK-62",
        "dsd_id": "",
        "ed_id": "EC-16",
        "pd_id": "EC-16B"
      },
      "geometry": {
        "type": "Polygon",
        "coordinates": [
          [
            [
              79.9059,
              7.6169
            ],
            [
              79.9634,
              7.6868
            ],
            [
              80.1099,
              7.95
            ],
            [
              79.9983,
              7.9625
            ],
            [
              79.9208,
              8.0014
            ],
            [
              79.8595,
              7.8728
            ],
            [
              79.8595,
              7.8728
            ],
            [
              79.8595,
              7.8728
            ],
            [
              79.8407,
              7.7686
            ],
            [
              79.9059,
              7.6169
            ]
          ]
        ]
      }
    },
    {
      "id": "feature_265",
      "type": "Feature",
      "properties": {
        "id": "LK-62-032",
        "name": "Arachchikattuwa PS",
        "area_sqkm": "213.46",
        "center_lat": "7.697364",
        "center_lng": "79.852802",
        "lg_code": "32",
        "province_id": "LK-6",
        "district_id": "LK-62",
        "dsd_id": "",
        "ed_id": "EC-16",
        "pd_id": ""
      },
      "geometry": {
        "type": "Polygon",
        "coordinates": [
          [
            [
              79.7907,
              7.605
            ],
            [
              79.9059,
              7.6167
            ],
            [
              79.9059,
              7.6169
            ],
            [
              79.8407,
              7.7686
            ],
            [
              79.826,
              7.7652
            ],
            [
              79.7986,
              7.7757
            ],
            [
              79.7848,
              7.7717
            ],
            [
              79.7861,
              7.6042
            ],
            [
              79.7907,
              7.605
            ]
          ]
        ]
      }
    },
    {
      "id": "feature_266",
      "type": "Feature",
      "properties": {
        "id": "LK-62-033",
        "name": "Chilaw PS",
        "area_sqkm": "179.38",
        "center_lat": "7.547642",
        "center_lng": "79.853315",
        "lg_code": "33",
        "province_id": "LK-6",
        "district_id": "LK-62",
        "dsd_id": "",
        "ed_id": "EC-16",
        "pd_id": "EC-16C"
      },
      "geometry": {
        "type": "Polygon",
        "coordinates": [
          [
            [
              79.7931,
              7.5199
            ],
            [
              79.907,
              7.4855
            ],
            [
              79.9002,
              7.5571
            ],
            [
              79.9059,
              7.6167
            ],
            [
              79.7907,
              7.605
            ],
            [
              79.7884,
              7.5533
            ],
            [
              79.7931,
              7.5199
            ]
          ]
        ]
      }
    },
    {
      "id": "feature_267",
      "type": "Feature",
      "properties": {
        "id": "LK-62-034",
        "name": "Kalpitiya PS",
        "area_sqkm": "253.75",
        "center_lat": "8.037997",
        "center_lng": "79.757327",
        "lg_code": "34",
        "province_id": "LK-6",
        "district_id": "LK-62",
        "dsd_id": "",
        "ed_id": "EC-16",
        "pd_id": "EC-16A"
      },
      "geometry": {
        "type": "MultiPolygon",
        "coordinates": [
          [
            [
              [
                79.823,
                7.9785
              ],
              [
                79.7859,
                8.3839
              ],
              [
                79.7747,
                8.3766
              ],
              [
                79.7341,
                8.2339
              ],
              [
                79.6924,
                8.2077
              ],
              [
                79.7848,
                7.7717
              ],
              [
                79.7986,
                7.7757
              ],
              [
                79.8044,
                7.8501
              ],
              [
                79.823,
                7.9785
              ]
            ]
          ],
          [
            [
              [
                79.8027,
                8.339
              ],
              [
                79.8067,
                8.3204
              ],
              [
                79.8139,
                8.3202
              ],
              [
                79.8103,
                8.3389
              ],
              [
                79.8027,
                8.339
              ]
            ]
          ],
          [
            [
              [
                79.8104,
                8.4033
              ],
              [
                79.809,
                8.4484
              ],
              [
                79.7803,
                8.493
              ],
              [
                79.786,
                8.5471
              ],
              [
                79.7763,
                8.5021
              ],
              [
                79.7863,
                8.4692
              ],
              [
                79.7997,
                8.4495
              ],
              [
                79.8061,
                8.4453
              ],
              [
                79.806,
                8.4065
              ],
              [
                79.8104,
                8.4033
              ]
            ]
          ],
          [
            [
              [
                79.7936,
                8.304
              ],
              [
                79.7994,
                8.2944
              ],
              [
                79.8023,
                8.3045
              ],
              [
                79.7951,
                8.306
              ],
              [
                79.7936,
                8.304
              ]
            ]
          ],
          [
            [
              [
                79.79,
                8.2861
              ],
              [
                79.7909,
                8.2832
              ],
              [
                79.7952,
                8.2831
              ],
              [
                79.7935,
                8.2853
              ],
              [
                79.79,
                8.2861
              ]
            ]
          ],
          [
            [
              [
                79.7862,
                8.274
              ],
              [
                79.7869,
                8.2745
              ],
              [
                79.7858,
                8.2753
              ],
              [
                79.7855,
                8.2745
              ],
              [
                79.7862,
                8.274
              ]
            ]
          ],
          [
            [
              [
                79.7789,
                8.2738
              ],
              [
                79.775,
                8.2675
              ],
              [
                79.7818,
                8.2623
              ],
              [
                79.7859,
                8.2681
              ],
              [
                79.7789,
                8.2738
              ]
            ]
          ],
          [
            [
              [
                79.7832,
                8.2188
              ],
              [
                79.782,
                8.2159
              ],
              [
                79.7855,
                8.2151
              ],
              [
                79.7847,
                8.2174
              ],
              [
                79.7832,
                8.2188
              ]
            ]
          ],
          [
            [
              [
                79.781,
                8.2414
              ],
              [
                79.7808,
                8.2412
              ],
              [
                79.7797,
                8.2406
              ],
              [
                79.7813,
                8.2407
              ],
              [
                79.781,
                8.2414
              ]
            ]
          ],
          [
            [
              [
                79.7779,
                8.2336
              ],
              [
                79.7801,
                8.2347
              ],
              [
                79.7795,
                8.2382
              ],
              [
                79.7783,
                8.2365
              ],
              [
                79.7779,
                8.2336
              ]
            ]
          ],
          [
            [
              [
                79.7767,
                8.1903
              ],
              [
                79.7753,
                8.187
              ],
              [
                79.7553,
                8.1732
              ],
              [
                79.7792,
                8.1882
              ],
              [
                79.7767,
                8.1903
              ]
            ]
          ],
          [
            [
              [
                79.7751,
                8.2449
              ],
              [
                79.7759,
                8.2444
              ],
              [
                79.7764,
                8.2455
              ],
              [
                79.7755,
                8.2457
              ],
              [
                79.7751,
                8.2449
              ]
            ]
          ],
          [
            [
              [
                79.7731,
                8.2753
              ],
              [
                79.7727,
                8.2779
              ],
              [
                79.772,
                8.2787
              ],
              [
                79.7737,
                8.2722
              ],
              [
                79.7731,
                8.2753
              ]
            ]
          ],
          [
            [
              [
                79.7651,
                8.2126
              ],
              [
                79.7689,
                8.2075
              ],
              [
                79.7715,
                8.2141
              ],
              [
                79.7701,
                8.2147
              ],
              [
                79.7651,
                8.2126
              ]
            ]
          ],
          [
            [
              [
                79.7645,
                8.2745
              ],
              [
                79.7684,
                8.2784
              ],
              [
                79.7601,
                8.2783
              ],
              [
                79.7627,
                8.2747
              ],
              [
                79.7645,
                8.2745
              ]
            ]
          ],
          [
            [
              [
                79.7563,
                8.1778
              ],
              [
                79.7572,
                8.1791
              ],
              [
                79.7555,
                8.1807
              ],
              [
                79.7547,
                8.1796
              ],
              [
                79.7563,
                8.1778
              ]
            ]
          ],
          [
            [
              [
                79.749,
                8.1727
              ],
              [
                79.7515,
                8.1761
              ],
              [
                79.7507,
                8.1776
              ],
              [
                79.7483,
                8.1768
              ],
              [
                79.749,
                8.1727
              ]
            ]
          ],
          [
            [
              [
                79.7494,
                8.1799
              ],
              [
                79.7489,
                8.1799
              ],
              [
                79.7489,
                8.1787
              ],
              [
                79.7493,
                8.179
              ],
              [
                79.7494,
                8.1799
              ]
            ]
          ]
        ]
      }
    },
    {
      "id": "feature_268",
      "type": "Feature",
      "properties": {
        "id": "LK-62-035",
        "name": "Karuwalagaswewa PS",
        "area_sqkm": "499.76",
        "center_lat": "8.119648",
        "center_lng": "79.999768",
        "lg_code": "35",
        "province_id": "LK-6",
        "district_id": "LK-62",
        "dsd_id": "LK-6209",
        "ed_id": "EC-16",
        "pd_id": "EC-16B"
      },
      "geometry": {
        "type": "Polygon",
        "coordinates": [
          [
            [
              79.9983,
              7.9625
            ],
            [
              80.1256,
              8.0822
            ],
            [
              80.1101,
              8.1314
            ],
            [
              80.1101,
              8.1314
            ],
            [
              80.1101,
              8.1314
            ],
            [
              80.1001,
              8.1979
            ],
            [
              80.0786,
              8.2234
            ],
            [
              80.0,
              8.2278
            ],
            [
              79.8796,
              8.098
            ],
            [
              79.9208,
              8.0014
            ],
            [
              79.9983,
              7.9625
            ]
          ]
        ]
      }
    },
    {
      "id": "feature_269",
      "type": "Feature",
      "properties": {
        "id": "LK-62-036",
        "name": "Nattandiya PS",
        "area_sqkm": "150.97",
        "center_lat": "7.424983",
        "center_lng": "79.862933",
        "lg_code": "36",
        "province_id": "LK-6",
        "district_id": "LK-62",
        "dsd_id": "",
        "ed_id": "EC-16",
        "pd_id": "EC-16D"
      },
      "geometry": {
        "type": "Polygon",
        "coordinates": [
          [
            [
              79.7931,
              7.5199
            ],
            [
              79.8271,
              7.3562
            ],
            [
              79.9302,
              7.3792
            ],
            [
              79.9239,
              7.4119
            ],
            [
              79.907,
              7.4855
            ],
            [
              79.7931,
              7.5199
            ]
          ]
        ]
      }
    },
    {
      "id": "feature_270",
      "type": "Feature",
      "properties": {
        "id": "LK-62-037",
        "name": "Nawagattegama PS",
        "area_sqkm": "171.5",
        "center_lat": "8.013076",
        "center_lng": "80.088937",
        "lg_code": "37",
        "province_id": "LK-6",
        "district_id": "LK-62",
        "dsd_id": "LK-6212",
        "ed_id": "EC-16",
        "pd_id": "EC-16B"
      },
      "geometry": {
        "type": "Polygon",
        "coordinates": [
          [
            [
              79.9983,
              7.9625
            ],
            [
              80.1099,
              7.95
            ],
            [
              80.141,
              7.9548
            ],
            [
              80.1474,
              8.0518
            ],
            [
              80.1256,
              8.0822
            ],
            [
              79.9983,
              7.9625
            ]
          ]
        ]
      }
    },
    {
      "id": "feature_271",
      "type": "Feature",
      "properties": {
        "id": "LK-62-038",
        "name": "Puttalam PS",
        "area_sqkm": "251.5",
        "center_lat": "7.96573",
        "center_lng": "79.85345",
        "lg_code": "38",
        "province_id": "LK-6",
        "district_id": "LK-62",
        "dsd_id": "",
        "ed_id": "EC-16",
        "pd_id": ""
      },
      "geometry": {
        "type": "Polygon",
        "coordinates": [
          [
            [
              79.8407,
              7.7686
            ],
            [
              79.8595,
              7.8728
            ],
            [
              79.8595,
              7.8728
            ],
            [
              79.8595,
              7.8728
            ],
            [
              79.9208,
              8.0014
            ],
            [
              79.8796,
              8.098
            ],
            [
              79.8179,
              8.1089
            ],
            [
              79.8207,
              8.0398
            ],
            [
              79.8327,
              8.0042
            ],
            [
              79.823,
              7.9785
            ],
            [
              79.8044,
              7.8501
            ],
            [
              79.826,
              7.7652
            ],
            [
              79.8407,
              7.7686
            ]
          ]
        ]
      }
    },
    {
      "id": "feature_272",
      "type": "Feature",
      "properties": {
        "id": "LK-62-039",
        "name": "Vanathawilluwa PS",
        "area_sqkm": "737.44",
        "center_lat": "8.340926",
        "center_lng": "79.896228",
        "lg_code": "39",
        "province_id": "LK-6",
        "district_id": "LK-62",
        "dsd_id": "LK-6206",
        "ed_id": "EC-16",
        "pd_id": ""
      },
      "geometry": {
        "type": "MultiPolygon",
        "coordinates": [
          [
            [
              [
                79.8179,
                8.1089
              ],
              [
                79.8796,
                8.098
              ],
              [
                80.0,
                8.2278
              ],
              [
                80.033,
                8.5264
              ],
              [
                79.9205,
                8.567
              ],
              [
                79.8179,
                8.1089
              ]
            ]
          ],
          [
            [
              [
                79.8052,
                8.1752
              ],
              [
                79.808,
                8.1648
              ],
              [
                79.8106,
                8.1619
              ],
              [
                79.8125,
                8.1651
              ],
              [
                79.8052,
                8.1752
              ]
            ]
          ]
        ]
      }
    },
    {
      "id": "feature_273",
      "type": "Feature",
      "properties": {
        "id": "LK-62-040",
        "name": "Wennappuwa PS",
        "area_sqkm": "117.92",
        "center_lat": "7.321939",
        "center_lng": "79.887929",
        "lg_code": "40",
        "province_id": "LK-6",
        "district_id": "LK-62",
        "dsd_id": "",
        "ed_id": "EC-16",
        "pd_id": "EC-16E"
      },
      "geometry": {
        "type": "Polygon",
        "coordinates": [
          [
            [
              79.841,
              7.2729
            ],
            [
              79.8609,
              7.27
            ],
            [
              79.9126,
              7.2678
            ],
            [
              79.9416,
              7.2762
            ],
            [
              79.9302,
              7.3792
            ],
            [
              79.8271,
              7.3562
            ],
            [
              79.841,
              7.2729
            ]
          ]
        ]
      }
    },
    {
      "id": "feature_274",
      "type": "Feature",
      "properties": {
        "id": "LK-71-011",
        "name": "Anuradhapura MC/ Nuwaragam Palatha Central PS",
        "area_sqkm": "61.81",
        "center_lat": "8.33876",
        "center_lng": "80.406469",
        "lg_code": "11/41",
        "province_id": "LK-7",
        "district_id": "LK-71",
        "dsd_id": "",
        "ed_id": "EC-17",
        "pd_id": ""
      },
      "geometry": {
        "type": "Polygon",
        "coordinates": [
          [
            [
              80.3712,
              8.3355
            ],
            [
              80.4376,
              8.3357
            ],
            [
              80.4422,
              8.3565
            ],
            [
              80.4422,
              8.3565
            ],
            [
              80.4422,
              8.3565
            ],
            [
              80.4405,
              8.3659
            ],
            [
              80.3876,
              8.3735
            ],
            [
              80.3876,
              8.3735
            ],
            [
              80.3876,
              8.3735
            ],
            [
              80.3712,
              8.3355
            ]
          ]
        ]
      }
    },
    {
      "id": "feature_275",
      "type": "Feature",
      "properties": {
        "id": "LK-71-031",
        "name": "Galenbindunuwewa PS",
        "area_sqkm": "292.54",
        "center_lat": "8.268046",
        "center_lng": "80.708793",
        "lg_code": "31",
        "province_id": "LK-7",
        "district_id": "LK-71",
        "dsd_id": "LK-7127",
        "ed_id": "EC-17",
        "pd_id": ""
      },
      "geometry": {
        "type": "Polygon",
        "coordinates": [
          [
            [
              80.6621,
              8.1868
            ],
            [
              80.7895,
              8.2304
            ],
            [
              80.8228,
              8.2791
            ],
            [
              80.8074,
              8.3291
            ],
            [
              80.6569,
              8.3305
            ],
            [
              80.6286,
              8.3032
            ],
            [
              80.6555,
              8.1645
            ],
            [
              80.6621,
              8.1868
            ],
            [
              80.6622,
              8.1868
            ],
            [
              80.6621,
              8.1868
            ]
          ]
        ]
      }
    },
    {
      "id": "feature_276",
      "type": "Feature",
      "properties": {
        "id": "LK-71-032",
        "name": "Galnewa PS",
        "area_sqkm": "138.58",
        "center_lat": "8.019713",
        "center_lng": "80.450037",
        "lg_code": "32",
        "province_id": "LK-7",
        "district_id": "LK-71",
        "dsd_id": "LK-7163",
        "ed_id": "EC-17",
        "pd_id": "EC-17E"
      },
      "geometry": {
        "type": "Polygon",
        "coordinates": [
          [
            [
              80.4177,
              7.9498
            ],
            [
              80.4603,
              7.9456
            ],
            [
              80.5169,
              8.0055
            ],
            [
              80.4105,
              8.0884
            ],
            [
              80.3617,
              8.0671
            ],
            [
              80.4177,
              7.9498
            ]
          ]
        ]
      }
    },
    {
      "id": "feature_277",
      "type": "Feature",
      "properties": {
        "id": "LK-71-033",
        "name": "Horowpothana PS",
        "area_sqkm": "832.95",
        "center_lat": "8.5158",
        "center_lng": "80.852802",
        "lg_code": "33",
        "province_id": "LK-7",
        "district_id": "LK-71",
        "dsd_id": "LK-7124",
        "ed_id": "EC-17",
        "pd_id": "EC-17B"
      },
      "geometry": {
        "type": "Polygon",
        "coordinates": [
          [
            [
              80.7126,
              8.572
            ],
            [
              80.8074,
              8.3291
            ],
            [
              80.8228,
              8.2791
            ],
            [
              80.9412,
              8.3423
            ],
            [
              80.9625,
              8.4492
            ],
            [
              80.9421,
              8.5601
            ],
            [
              80.9103,
              8.6676
            ],
            [
              80.8803,
              8.7508
            ],
            [
              80.7126,
              8.572
            ]
          ]
        ]
      }
    },
    {
      "id": "feature_278",
      "type": "Feature",
      "properties": {
        "id": "LK-71-034",
        "name": "Ipalogama PS",
        "area_sqkm": "141.67",
        "center_lat": "8.085235",
        "center_lng": "80.507736",
        "lg_code": "34",
        "province_id": "LK-7",
        "district_id": "LK-71",
        "dsd_id": "LK-7160",
        "ed_id": "EC-17",
        "pd_id": ""
      },
      "geometry": {
        "type": "Polygon",
        "coordinates": [
          [
            [
              80.4105,
              8.0884
            ],
            [
              80.5169,
              8.0055
            ],
            [
              80.5414,
              7.9953
            ],
            [
              80.5497,
              8.1306
            ],
            [
              80.4914,
              8.1395
            ],
            [
              80.4341,
              8.1057
            ],
            [
              80.4341,
              8.1057
            ],
            [
              80.4341,
              8.1057
            ],
            [
              80.4105,
              8.0884
            ]
          ]
        ]
      }
    },
    {
      "id": "feature_279",
      "type": "Feature",
      "properties": {
        "id": "LK-71-035",
        "name": "Kahatagasdigiliya PS",
        "area_sqkm": "370.25",
        "center_lat": "8.423981",
        "center_lng": "80.711353",
        "lg_code": "35",
        "province_id": "LK-7",
        "district_id": "LK-71",
        "dsd_id": "LK-7121",
        "ed_id": "EC-17",
        "pd_id": ""
      },
      "geometry": {
        "type": "Polygon",
        "coordinates": [
          [
            [
              80.6569,
              8.3305
            ],
            [
              80.8074,
              8.3291
            ],
            [
              80.7126,
              8.572
            ],
            [
              80.6602,
              8.5534
            ],
            [
              80.5969,
              8.3998
            ],
            [
              80.62,
              8.3861
            ],
            [
              80.6199,
              8.3861
            ],
            [
              80.62,
              8.3861
            ],
            [
              80.6569,
              8.3305
            ]
          ]
        ]
      }
    },
    {
      "id": "feature_280",
      "type": "Feature",
      "properties": {
        "id": "LK-71-036",
        "name": "Kebithigollewa PS",
        "area_sqkm": "613.68",
        "center_lat": "8.712242",
        "center_lng": "80.715528",
        "lg_code": "36",
        "province_id": "LK-7",
        "district_id": "LK-71",
        "dsd_id": "LK-7106",
        "ed_id": "EC-17",
        "pd_id": "EC-17A"
      },
      "geometry": {
        "type": "Polygon",
        "coordinates": [
          [
            [
              80.7126,
              8.572
            ],
            [
              80.8803,
              8.7508
            ],
            [
              80.9135,
              8.8271
            ],
            [
              80.6682,
              8.872
            ],
            [
              80.5963,
              8.8699
            ],
            [
              80.6316,
              8.8283
            ],
            [
              80.5688,
              8.7002
            ],
            [
              80.6262,
              8.5881
            ],
            [
              80.6602,
              8.5534
            ],
            [
              80.7126,
              8.572
            ]
          ]
        ]
      }
    },
    {
      "id": "feature_281",
      "type": "Feature",
      "properties": {
        "id": "LK-71-037",
        "name": "Kekirawa PS",
        "area_sqkm": "552.37",
        "center_lat": "8.06761",
        "center_lng": "80.659488",
        "lg_code": "37",
        "province_id": "LK-7",
        "district_id": "LK-71",
        "dsd_id": "",
        "ed_id": "EC-17",
        "pd_id": ""
      },
      "geometry": {
        "type": "Polygon",
        "coordinates": [
          [
            [
              80.5414,
              7.9953
            ],
            [
              80.6322,
              7.9002
            ],
            [
              80.6452,
              7.9089
            ],
            [
              80.7014,
              7.9838
            ],
            [
              80.7014,
              7.9839
            ],
            [
              80.7014,
              7.9838
            ],
            [
              80.7556,
              8.0115
            ],
            [
              80.7895,
              8.2304
            ],
            [
              80.6621,
              8.1868
            ],
            [
              80.6622,
              8.1868
            ],
            [
              80.6621,
              8.1868
            ],
            [
              80.6555,
              8.1645
            ],
            [
              80.5497,
              8.1306
            ],
            [
              80.5414,
              7.9953
            ]
          ]
        ]
      }
    },
    {
      "id": "feature_282",
      "type": "Feature",
      "properties": {
        "id": "LK-71-038",
        "name": "Medawachchiya PS",
        "area_sqkm": "489.19",
        "center_lat": "8.588785",
        "center_lng": "80.496936",
        "lg_code": "38",
        "province_id": "LK-7",
        "district_id": "LK-71",
        "dsd_id": "LK-7109",
        "ed_id": "EC-17",
        "pd_id": "EC-17A"
      },
      "geometry": {
        "type": "Polygon",
        "coordinates": [
          [
            [
              80.396,
              8.5216
            ],
            [
              80.6262,
              8.5881
            ],
            [
              80.5688,
              8.7002
            ],
            [
              80.553,
              8.696
            ],
            [
              80.525,
              8.6664
            ],
            [
              80.4039,
              8.6429
            ],
            [
              80.3887,
              8.6259
            ],
            [
              80.3799,
              8.6208
            ],
            [
              80.3811,
              8.5884
            ],
            [
              80.3465,
              8.5663
            ],
            [
              80.34,
              8.5472
            ],
            [
              80.396,
              8.5216
            ]
          ]
        ]
      }
    },
    {
      "id": "feature_283",
      "type": "Feature",
      "properties": {
        "id": "LK-71-039",
        "name": "Mihinthale PS",
        "area_sqkm": "226.79",
        "center_lat": "8.348944",
        "center_lng": "80.545733",
        "lg_code": "39",
        "province_id": "LK-7",
        "district_id": "LK-71",
        "dsd_id": "LK-7130",
        "ed_id": "EC-17",
        "pd_id": ""
      },
      "geometry": {
        "type": "Polygon",
        "coordinates": [
          [
            [
              80.4376,
              8.3357
            ],
            [
              80.5005,
              8.2875
            ],
            [
              80.6286,
              8.3032
            ],
            [
              80.6569,
              8.3305
            ],
            [
              80.62,
              8.3861
            ],
            [
              80.6199,
              8.3861
            ],
            [
              80.62,
              8.3861
            ],
            [
              80.5969,
              8.3998
            ],
            [
              80.5439,
              8.4049
            ],
            [
              80.5439,
              8.4049
            ],
            [
              80.5439,
              8.4049
            ],
            [
              80.4593,
              8.4014
            ],
            [
              80.4405,
              8.3659
            ],
            [
              80.4422,
              8.3565
            ],
            [
              80.4422,
              8.3565
            ],
            [
              80.4422,
              8.3565
            ],
            [
              80.4376,
              8.3357
            ]
          ]
        ]
      }
    },
    {
      "id": "feature_284",
      "type": "Feature",
      "properties": {
        "id": "LK-71-040",
        "name": "Nochchiyagama PS",
        "area_sqkm": "838.29",
        "center_lat": "8.333933",
        "center_lng": "80.125586",
        "lg_code": "40",
        "province_id": "LK-7",
        "district_id": "LK-71",
        "dsd_id": "LK-7139",
        "ed_id": "EC-17",
        "pd_id": "EC-17D"
      },
      "geometry": {
        "type": "Polygon",
        "coordinates": [
          [
            [
              80.1712,
              8.2207
            ],
            [
              80.2522,
              8.177
            ],
            [
              80.2593,
              8.1794
            ],
            [
              80.2593,
              8.1794
            ],
            [
              80.2675,
              8.1903
            ],
            [
              80.2675,
              8.1903
            ],
            [
              80.2675,
              8.1903
            ],
            [
              80.2957,
              8.2916
            ],
            [
              80.2904,
              8.2908
            ],
            [
              80.2904,
              8.2909
            ],
            [
              80.2904,
              8.2908
            ],
            [
              80.0519,
              8.5251
            ],
            [
              80.033,
              8.5264
            ],
            [
              80.0,
              8.2278
            ],
            [
              80.0786,
              8.2234
            ],
            [
              80.1713,
              8.2207
            ],
            [
              80.1712,
              8.2207
            ]
          ]
        ]
      }
    },
    {
      "id": "feature_285",
      "type": "Feature",
      "properties": {
        "id": "LK-71-041",
        "name": "Nuwaragam Palatha Central PS",
        "area_sqkm": "987.69",
        "center_lat": "8.497419",
        "center_lng": "80.237628",
        "lg_code": "41",
        "province_id": "LK-7",
        "district_id": "LK-71",
        "dsd_id": "",
        "ed_id": "EC-17",
        "pd_id": ""
      },
      "geometry": {
        "type": "Polygon",
        "coordinates": [
          [
            [
              80.0519,
              8.5251
            ],
            [
              80.2904,
              8.2908
            ],
            [
              80.2904,
              8.2909
            ],
            [
              80.2904,
              8.2908
            ],
            [
              80.2957,
              8.2916
            ],
            [
              80.3543,
              8.2807
            ],
            [
              80.3712,
              8.3355
            ],
            [
              80.3876,
              8.3735
            ],
            [
              80.3876,
              8.3735
            ],
            [
              80.3876,
              8.3735
            ],
            [
              80.4405,
              8.3659
            ],
            [
              80.4593,
              8.4014
            ],
            [
              80.396,
              8.5216
            ],
            [
              80.34,
              8.5472
            ],
            [
              80.2352,
              8.6804
            ],
            [
              80.1454,
              8.6574
            ],
            [
              80.0519,
              8.5251
            ]
          ]
        ]
      }
    },
    {
      "id": "feature_286",
      "type": "Feature",
      "properties": {
        "id": "LK-71-042",
        "name": "Nuwaragam Palatha East PS",
        "area_sqkm": "145.8",
        "center_lat": "8.276082",
        "center_lng": "80.427202",
        "lg_code": "42",
        "province_id": "LK-7",
        "district_id": "LK-71",
        "dsd_id": "",
        "ed_id": "EC-17",
        "pd_id": "EC-17C"
      },
      "geometry": {
        "type": "Polygon",
        "coordinates": [
          [
            [
              80.3543,
              8.2807
            ],
            [
              80.4356,
              8.211
            ],
            [
              80.452,
              8.2362
            ],
            [
              80.5005,
              8.2875
            ],
            [
              80.4376,
              8.3357
            ],
            [
              80.3712,
              8.3355
            ],
            [
              80.3543,
              8.2807
            ]
          ]
        ]
      }
    },
    {
      "id": "feature_287",
      "type": "Feature",
      "properties": {
        "id": "LK-71-043",
        "name": "Padaviya PS",
        "area_sqkm": "247.26",
        "center_lat": "8.84868",
        "center_lng": "80.78417",
        "lg_code": "43",
        "province_id": "LK-7",
        "district_id": "LK-71",
        "dsd_id": "LK-7103",
        "ed_id": "EC-17",
        "pd_id": "EC-17A"
      },
      "geometry": {
        "type": "Polygon",
        "coordinates": [
          [
            [
              80.6682,
              8.872
            ],
            [
              80.9135,
              8.8271
            ],
            [
              80.9127,
              8.8326
            ],
            [
              80.7551,
              8.9058
            ],
            [
              80.745,
              8.9032
            ],
            [
              80.6682,
              8.872
            ]
          ]
        ]
      }
    },
    {
      "id": "feature_288",
      "type": "Feature",
      "properties": {
        "id": "LK-71-044",
        "name": "Palagala PS",
        "area_sqkm": "225.47",
        "center_lat": "7.90556",
        "center_lng": "80.537532",
        "lg_code": "44",
        "province_id": "LK-7",
        "district_id": "LK-71",
        "dsd_id": "LK-7166",
        "ed_id": "EC-17",
        "pd_id": "EC-17G"
      },
      "geometry": {
        "type": "Polygon",
        "coordinates": [
          [
            [
              80.5013,
              7.8169
            ],
            [
              80.6216,
              7.8679
            ],
            [
              80.6322,
              7.9002
            ],
            [
              80.5414,
              7.9953
            ],
            [
              80.5169,
              8.0055
            ],
            [
              80.4603,
              7.9456
            ],
            [
              80.5013,
              7.8169
            ]
          ]
        ]
      }
    },
    {
      "id": "feature_289",
      "type": "Feature",
      "properties": {
        "id": "LK-71-045",
        "name": "Rajanganaya PS",
        "area_sqkm": "105.84",
        "center_lat": "8.185818",
        "center_lng": "80.180922",
        "lg_code": "45",
        "province_id": "LK-7",
        "district_id": "LK-71",
        "dsd_id": "LK-7142",
        "ed_id": "EC-17",
        "pd_id": "EC-17E"
      },
      "geometry": {
        "type": "Polygon",
        "coordinates": [
          [
            [
              80.1001,
              8.1979
            ],
            [
              80.2567,
              8.1284
            ],
            [
              80.2772,
              8.1165
            ],
            [
              80.2522,
              8.177
            ],
            [
              80.1712,
              8.2207
            ],
            [
              80.1713,
              8.2207
            ],
            [
              80.0786,
              8.2234
            ],
            [
              80.1001,
              8.1979
            ]
          ]
        ]
      }
    },
    {
      "id": "feature_290",
      "type": "Feature",
      "properties": {
        "id": "LK-71-046",
        "name": "Rambewa PS",
        "area_sqkm": "306.11",
        "center_lat": "8.475597",
        "center_lng": "80.550939",
        "lg_code": "46",
        "province_id": "LK-7",
        "district_id": "LK-71",
        "dsd_id": "LK-7118",
        "ed_id": "EC-17",
        "pd_id": ""
      },
      "geometry": {
        "type": "Polygon",
        "coordinates": [
          [
            [
              80.4593,
              8.4014
            ],
            [
              80.5439,
              8.4049
            ],
            [
              80.5439,
              8.4049
            ],
            [
              80.5439,
              8.4049
            ],
            [
              80.5969,
              8.3998
            ],
            [
              80.6602,
              8.5534
            ],
            [
              80.6262,
              8.5881
            ],
            [
              80.396,
              8.5216
            ],
            [
              80.4593,
              8.4014
            ]
          ]
        ]
      }
    },
    {
      "id": "feature_291",
      "type": "Feature",
      "properties": {
        "id": "LK-71-047",
        "name": "Thalawa PS",
        "area_sqkm": "342.09",
        "center_lat": "8.174185",
        "center_lng": "80.359337",
        "lg_code": "47",
        "province_id": "LK-7",
        "district_id": "LK-71",
        "dsd_id": "",
        "ed_id": "EC-17",
        "pd_id": ""
      },
      "geometry": {
        "type": "Polygon",
        "coordinates": [
          [
            [
              80.2772,
              8.1165
            ],
            [
              80.3617,
              8.0671
            ],
            [
              80.4105,
              8.0884
            ],
            [
              80.4341,
              8.1057
            ],
            [
              80.4341,
              8.1057
            ],
            [
              80.4341,
              8.1057
            ],
            [
              80.4914,
              8.1395
            ],
            [
              80.4356,
              8.211
            ],
            [
              80.3543,
              8.2807
            ],
            [
              80.2957,
              8.2916
            ],
            [
              80.2675,
              8.1903
            ],
            [
              80.2675,
              8.1903
            ],
            [
              80.2675,
              8.1903
            ],
            [
              80.2593,
              8.1794
            ],
            [
              80.2593,
              8.1794
            ],
            [
              80.2522,
              8.177
            ],
            [
              80.2772,
              8.1165
            ]
          ]
        ]
      }
    },
    {
      "id": "feature_292",
      "type": "Feature",
      "properties": {
        "id": "LK-71-048",
        "name": "Nuwaragam Palatha East PS",
        "area_sqkm": "299.91",
        "center_lat": "8.209425",
        "center_lng": "80.550501",
        "lg_code": "48",
        "province_id": "LK-7",
        "district_id": "LK-71",
        "dsd_id": "",
        "ed_id": "EC-17",
        "pd_id": "EC-17F"
      },
      "geometry": {
        "type": "Polygon",
        "coordinates": [
          [
            [
              80.4914,
              8.1395
            ],
            [
              80.5497,
              8.1306
            ],
            [
              80.6555,
              8.1645
            ],
            [
              80.6286,
              8.3032
            ],
            [
              80.5005,
              8.2875
            ],
            [
              80.452,
              8.2362
            ],
            [
              80.4356,
              8.211
            ],
            [
              80.4914,
              8.1395
            ]
          ]
        ]
      }
    },
    {
      "id": "feature_293",
      "type": "Feature",
      "properties": {
        "id": "LK-72-011",
        "name": "Polonnaruwa MC",
        "area_sqkm": "32.57",
        "center_lat": "7.940122",
        "center_lng": "81.010274",
        "lg_code": "11",
        "province_id": "LK-7",
        "district_id": "LK-72",
        "dsd_id": "LK-7215",
        "ed_id": "EC-18",
        "pd_id": "EC-18C"
      },
      "geometry": {
        "type": "Polygon",
        "coordinates": [
          [
            [
              81.0184,
              7.9612
            ],
            [
              80.9764,
              7.969
            ],
            [
              81.0198,
              7.9008
            ],
            [
              81.0518,
              7.9339
            ],
            [
              81.0184,
              7.9612
            ]
          ]
        ]
      }
    },
    {
      "id": "feature_294",
      "type": "Feature",
      "properties": {
        "id": "LK-72-031",
        "name": "Dimbulagala PS",
        "area_sqkm": "585.9",
        "center_lat": "7.785366",
        "center_lng": "81.126323",
        "lg_code": "31",
        "province_id": "LK-7",
        "district_id": "LK-72",
        "dsd_id": "LK-7212",
        "ed_id": "EC-18",
        "pd_id": "EC-18C"
      },
      "geometry": {
        "type": "Polygon",
        "coordinates": [
          [
            [
              81.0316,
              7.7155
            ],
            [
              81.1023,
              7.6911
            ],
            [
              81.1023,
              7.6911
            ],
            [
              81.2146,
              7.6425
            ],
            [
              81.2404,
              7.7395
            ],
            [
              81.2377,
              7.7603
            ],
            [
              81.2377,
              7.9017
            ],
            [
              81.2362,
              7.9066
            ],
            [
              81.1339,
              7.9787
            ],
            [
              81.1253,
              7.9755
            ],
            [
              80.9881,
              7.7255
            ],
            [
              80.9969,
              7.7235
            ],
            [
              80.9969,
              7.7235
            ],
            [
              80.9969,
              7.7235
            ],
            [
              81.0316,
              7.7155
            ],
            [
              81.0316,
              7.7156
            ],
            [
              81.0316,
              7.7155
            ]
          ]
        ]
      }
    },
    {
      "id": "feature_295",
      "type": "Feature",
      "properties": {
        "id": "LK-72-032",
        "name": "Elahera PS",
        "area_sqkm": "366.09",
        "center_lat": "7.815875",
        "center_lng": "80.845529",
        "lg_code": "32",
        "province_id": "LK-7",
        "district_id": "LK-72",
        "dsd_id": "LK-7218",
        "ed_id": "EC-18",
        "pd_id": "EC-18A"
      },
      "geometry": {
        "type": "Polygon",
        "coordinates": [
          [
            [
              80.8768,
              7.6829
            ],
            [
              80.8846,
              7.7143
            ],
            [
              80.915,
              7.9395
            ],
            [
              80.8326,
              7.9707
            ],
            [
              80.77,
              7.8024
            ],
            [
              80.7921,
              7.6784
            ],
            [
              80.8768,
              7.6829
            ]
          ]
        ]
      }
    },
    {
      "id": "feature_296",
      "type": "Feature",
      "properties": {
        "id": "LK-72-033",
        "name": "Hingurakgoda PS",
        "area_sqkm": "705.23",
        "center_lat": "8.114004",
        "center_lng": "80.865402",
        "lg_code": "33",
        "province_id": "LK-7",
        "district_id": "LK-72",
        "dsd_id": "LK-7203",
        "ed_id": "EC-18",
        "pd_id": "EC-18A"
      },
      "geometry": {
        "type": "Polygon",
        "coordinates": [
          [
            [
              80.8326,
              7.9707
            ],
            [
              80.915,
              7.9395
            ],
            [
              80.936,
              7.9535
            ],
            [
              80.9597,
              7.9678
            ],
            [
              80.9597,
              7.9678
            ],
            [
              80.9597,
              7.9678
            ],
            [
              81.0132,
              8.0275
            ],
            [
              81.0183,
              8.075
            ],
            [
              80.8776,
              8.1344
            ],
            [
              80.9687,
              8.3172
            ],
            [
              80.9412,
              8.3423
            ],
            [
              80.8228,
              8.2791
            ],
            [
              80.7895,
              8.2304
            ],
            [
              80.7556,
              8.0115
            ],
            [
              80.8326,
              7.9707
            ]
          ]
        ]
      }
    },
    {
      "id": "feature_297",
      "type": "Feature",
      "properties": {
        "id": "LK-72-034",
        "name": "Lankapura PS",
        "area_sqkm": "197.47",
        "center_lat": "8.058699",
        "center_lng": "81.098071",
        "lg_code": "34",
        "province_id": "LK-7",
        "district_id": "LK-72",
        "dsd_id": "LK-7209",
        "ed_id": "EC-18",
        "pd_id": "EC-18B"
      },
      "geometry": {
        "type": "Polygon",
        "coordinates": [
          [
            [
              81.0132,
              8.0275
            ],
            [
              81.1253,
              7.9755
            ],
            [
              81.1339,
              7.9787
            ],
            [
              81.1851,
              8.1458
            ],
            [
              81.0179,
              8.0771
            ],
            [
              81.0178,
              8.0771
            ],
            [
              81.0183,
              8.075
            ],
            [
              81.0132,
              8.0275
            ]
          ]
        ]
      }
    },
    {
      "id": "feature_298",
      "type": "Feature",
      "properties": {
        "id": "LK-72-035",
        "name": "Medirigiriya PS",
        "area_sqkm": "573.26",
        "center_lat": "8.185489",
        "center_lng": "81.040095",
        "lg_code": "35",
        "province_id": "LK-7",
        "district_id": "LK-72",
        "dsd_id": "LK-7206",
        "ed_id": "EC-18",
        "pd_id": "EC-18B"
      },
      "geometry": {
        "type": "Polygon",
        "coordinates": [
          [
            [
              80.9687,
              8.3172
            ],
            [
              80.8776,
              8.1344
            ],
            [
              81.0183,
              8.075
            ],
            [
              81.0178,
              8.0771
            ],
            [
              81.0179,
              8.0771
            ],
            [
              81.1851,
              8.1458
            ],
            [
              81.1924,
              8.1516
            ],
            [
              81.1818,
              8.2297
            ],
            [
              81.0553,
              8.2741
            ],
            [
              81.0553,
              8.2741
            ],
            [
              81.0553,
              8.2741
            ],
            [
              80.9687,
              8.3172
            ]
          ]
        ]
      }
    },
    {
      "id": "feature_299",
      "type": "Feature",
      "properties": {
        "id": "LK-72-037",
        "name": "Welikanda PS",
        "area_sqkm": "574.33",
        "center_lat": "8.05135",
        "center_lng": "81.240046",
        "lg_code": "37",
        "province_id": "LK-7",
        "district_id": "LK-72",
        "dsd_id": "LK-7210",
        "ed_id": "EC-18",
        "pd_id": "EC-18C"
      },
      "geometry": {
        "type": "Polygon",
        "coordinates": [
          [
            [
              81.1339,
              7.9787
            ],
            [
              81.2362,
              7.9066
            ],
            [
              81.3356,
              7.9639
            ],
            [
              81.3114,
              8.2519
            ],
            [
              81.1924,
              8.1516
            ],
            [
              81.1851,
              8.1458
            ],
            [
              81.1339,
              7.9787
            ]
          ]
        ]
      }
    },
    {
      "id": "feature_300",
      "type": "Feature",
      "properties": {
        "id": "LK-72-038",
        "name": "Polonnaruwa PS",
        "area_sqkm": "434.88",
        "center_lat": "7.878585",
        "center_lng": "80.988593",
        "lg_code": "38",
        "province_id": "LK-7",
        "district_id": "LK-72",
        "dsd_id": "LK-7215",
        "ed_id": "EC-18",
        "pd_id": "EC-18C"
      },
      "geometry": {
        "type": "Polygon",
        "coordinates": [
          [
            [
              80.9881,
              7.7255
            ],
            [
              81.1253,
              7.9755
            ],
            [
              81.0132,
              8.0275
            ],
            [
              80.9597,
              7.9678
            ],
            [
              80.9597,
              7.9678
            ],
            [
              80.9597,
              7.9678
            ],
            [
              80.936,
              7.9535
            ],
            [
              80.915,
              7.9395
            ],
            [
              80.8846,
              7.7143
            ],
            [
              80.9885,
              7.7205
            ],
            [
              80.9881,
              7.7255
            ]
          ],
          [
            [
              81.0184,
              7.9612
            ],
            [
              81.0518,
              7.9339
            ],
            [
              81.0198,
              7.9008
            ],
            [
              80.9764,
              7.969
            ],
            [
              81.0184,
              7.9612
            ]
          ]
        ]
      }
    },
    {
      "id": "feature_301",
      "type": "Feature",
      "properties": {
        "id": "LK-81-011",
        "name": "Badulla MC",
        "area_sqkm": "10.4",
        "center_lat": "6.989484",
        "center_lng": "81.057946",
        "lg_code": "11",
        "province_id": "LK-8",
        "district_id": "LK-81",
        "dsd_id": "LK-8121",
        "ed_id": "EC-19",
        "pd_id": "EC-19D"
      },
      "geometry": {
        "type": "Polygon",
        "coordinates": [
          [
            [
              81.0462,
              7.0009
            ],
            [
              81.0771,
              6.9735
            ],
            [
              81.0641,
              7.0129
            ],
            [
              81.0462,
              7.0009
            ]
          ]
        ]
      }
    },
    {
      "id": "feature_302",
      "type": "Feature",
      "properties": {
        "id": "LK-81-012",
        "name": "Bandarawela MC/ Bandarawela  PS",
        "area_sqkm": "23.05",
        "center_lat": "6.840506",
        "center_lng": "80.985134",
        "lg_code": "12/32",
        "province_id": "LK-8",
        "district_id": "LK-81",
        "dsd_id": "",
        "ed_id": "EC-19",
        "pd_id": "EC-19H"
      },
      "geometry": {
        "type": "Polygon",
        "coordinates": [
          [
            [
              80.9816,
              6.8248
            ],
            [
              81.0257,
              6.8441
            ],
            [
              81.0076,
              6.8491
            ],
            [
              80.9509,
              6.8546
            ],
            [
              80.9482,
              6.845
            ],
            [
              80.9816,
              6.8248
            ]
          ]
        ]
      }
    },
    {
      "id": "feature_303",
      "type": "Feature",
      "properties": {
        "id": "LK-81-022",
        "name": "Haputale  UC/ Haputale  PS",
        "area_sqkm": "12.4",
        "center_lat": "6.781026",
        "center_lng": "80.959263",
        "lg_code": "22/36",
        "province_id": "LK-8",
        "district_id": "LK-81",
        "dsd_id": "LK-8139",
        "ed_id": "EC-19",
        "pd_id": "EC-19I"
      },
      "geometry": {
        "type": "Polygon",
        "coordinates": [
          [
            [
              80.9531,
              6.7634
            ],
            [
              80.9839,
              6.7902
            ],
            [
              80.9756,
              6.8049
            ],
            [
              80.9448,
              6.7717
            ],
            [
              80.9448,
              6.7716
            ],
            [
              80.9448,
              6.7717
            ],
            [
              80.91,
              6.7792
            ],
            [
              80.9099,
              6.7778
            ],
            [
              80.9531,
              6.7634
            ]
          ]
        ]
      }
    },
    {
      "id": "feature_304",
      "type": "Feature",
      "properties": {
        "id": "LK-81-031",
        "name": "Badulla PS",
        "area_sqkm": "38.45",
        "center_lat": "6.986654",
        "center_lng": "81.094656",
        "lg_code": "31",
        "province_id": "LK-8",
        "district_id": "LK-81",
        "dsd_id": "LK-8121",
        "ed_id": "EC-19",
        "pd_id": "EC-19D"
      },
      "geometry": {
        "type": "Polygon",
        "coordinates": [
          [
            [
              81.0641,
              7.0129
            ],
            [
              81.0771,
              6.9735
            ],
            [
              81.1126,
              6.9449
            ],
            [
              81.1015,
              7.017
            ],
            [
              81.0641,
              7.0129
            ]
          ]
        ]
      }
    },
    {
      "id": "feature_305",
      "type": "Feature",
      "properties": {
        "id": "LK-81-032",
        "name": "Bandarawela  PS",
        "area_sqkm": "49.91",
        "center_lat": "6.825827",
        "center_lng": "81.018879",
        "lg_code": "32",
        "province_id": "LK-8",
        "district_id": "LK-81",
        "dsd_id": "LK-8133",
        "ed_id": "EC-19",
        "pd_id": "EC-19H"
      },
      "geometry": {
        "type": "MultiPolygon",
        "coordinates": [
          [
            [
              [
                81.0257,
                6.8441
              ],
              [
                80.9816,
                6.8248
              ],
              [
                80.9756,
                6.8049
              ],
              [
                80.9839,
                6.7902
              ],
              [
                81.0295,
                6.7899
              ],
              [
                81.0659,
                6.8131
              ],
              [
                81.0781,
                6.8141
              ],
              [
                81.0257,
                6.8441
              ]
            ]
          ],
          [
            [
              [
                81.0076,
                6.8491
              ],
              [
                81.0053,
                6.8746
              ],
              [
                80.9529,
                6.8764
              ],
              [
                80.9509,
                6.8546
              ],
              [
                81.0076,
                6.8491
              ]
            ]
          ]
        ]
      }
    },
    {
      "id": "feature_306",
      "type": "Feature",
      "properties": {
        "id": "LK-81-033",
        "name": "Ella  PS",
        "area_sqkm": "107.55",
        "center_lat": "6.868532",
        "center_lng": "81.066957",
        "lg_code": "33",
        "province_id": "LK-8",
        "district_id": "LK-81",
        "dsd_id": "LK-8136",
        "ed_id": "EC-19",
        "pd_id": "EC-19H"
      },
      "geometry": {
        "type": "Polygon",
        "coordinates": [
          [
            [
              81.0257,
              6.8441
            ],
            [
              81.0781,
              6.8141
            ],
            [
              81.1301,
              6.8328
            ],
            [
              81.1262,
              6.8793
            ],
            [
              81.1097,
              6.9107
            ],
            [
              81.0053,
              6.8746
            ],
            [
              81.0076,
              6.8491
            ],
            [
              81.0257,
              6.8441
            ]
          ]
        ]
      }
    },
    {
      "id": "feature_307",
      "type": "Feature",
      "properties": {
        "id": "LK-81-034",
        "name": "Haldummulla  PS",
        "area_sqkm": "415.17",
        "center_lat": "6.698806",
        "center_lng": "80.969558",
        "lg_code": "34",
        "province_id": "LK-8",
        "district_id": "LK-81",
        "dsd_id": "LK-8142",
        "ed_id": "EC-19",
        "pd_id": "EC-19I"
      },
      "geometry": {
        "type": "Polygon",
        "coordinates": [
          [
            [
              80.8274,
              6.677
            ],
            [
              80.9269,
              6.6888
            ],
            [
              81.0235,
              6.5426
            ],
            [
              81.0659,
              6.8131
            ],
            [
              81.0295,
              6.7899
            ],
            [
              80.9531,
              6.7634
            ],
            [
              80.9099,
              6.7778
            ],
            [
              80.8373,
              6.8119
            ],
            [
              80.8086,
              6.7917
            ],
            [
              80.8274,
              6.677
            ]
          ]
        ]
      }
    },
    {
      "id": "feature_308",
      "type": "Feature",
      "properties": {
        "id": "LK-81-035",
        "name": "Hali-Ela  PS",
        "area_sqkm": "170.05",
        "center_lat": "6.94587",
        "center_lng": "81.019408",
        "lg_code": "35",
        "province_id": "LK-8",
        "district_id": "LK-81",
        "dsd_id": "LK-8124",
        "ed_id": "EC-19",
        "pd_id": "EC-19E"
      },
      "geometry": {
        "type": "Polygon",
        "coordinates": [
          [
            [
              81.0053,
              6.8746
            ],
            [
              81.1097,
              6.9107
            ],
            [
              81.1126,
              6.9449
            ],
            [
              81.0771,
              6.9735
            ],
            [
              81.0462,
              7.0009
            ],
            [
              81.0058,
              7.0279
            ],
            [
              80.9662,
              7.0543
            ],
            [
              80.9544,
              6.9158
            ],
            [
              80.9529,
              6.8764
            ],
            [
              81.0053,
              6.8746
            ]
          ]
        ]
      }
    },
    {
      "id": "feature_309",
      "type": "Feature",
      "properties": {
        "id": "LK-81-036",
        "name": "Haputale  PS",
        "area_sqkm": "56.64",
        "center_lat": "6.794815",
        "center_lng": "80.962768",
        "lg_code": "36",
        "province_id": "LK-8",
        "district_id": "LK-81",
        "dsd_id": "LK-8139",
        "ed_id": "EC-19",
        "pd_id": "EC-19I"
      },
      "geometry": {
        "type": "MultiPolygon",
        "coordinates": [
          [
            [
              [
                80.9531,
                6.7634
              ],
              [
                81.0295,
                6.7899
              ],
              [
                80.9839,
                6.7902
              ],
              [
                80.9531,
                6.7634
              ]
            ]
          ],
          [
            [
              [
                80.9448,
                6.7717
              ],
              [
                80.9756,
                6.8049
              ],
              [
                80.9816,
                6.8248
              ],
              [
                80.9482,
                6.845
              ],
              [
                80.91,
                6.7792
              ],
              [
                80.9448,
                6.7717
              ],
              [
                80.9448,
                6.7716
              ],
              [
                80.9448,
                6.7717
              ]
            ]
          ]
        ]
      }
    },
    {
      "id": "feature_310",
      "type": "Feature",
      "properties": {
        "id": "LK-81-037",
        "name": "Kandaketiya PS",
        "area_sqkm": "150.72",
        "center_lat": "7.129609",
        "center_lng": "80.994256",
        "lg_code": "37",
        "province_id": "LK-8",
        "district_id": "LK-81",
        "dsd_id": "LK-8112",
        "ed_id": "EC-19",
        "pd_id": "EC-19B"
      },
      "geometry": {
        "type": "Polygon",
        "coordinates": [
          [
            [
              80.9662,
              7.0543
            ],
            [
              81.0058,
              7.0279
            ],
            [
              81.0346,
              7.0877
            ],
            [
              81.0162,
              7.2161
            ],
            [
              81.0114,
              7.2222
            ],
            [
              80.9478,
              7.2002
            ],
            [
              80.9575,
              7.0631
            ],
            [
              80.9662,
              7.0543
            ]
          ]
        ]
      }
    },
    {
      "id": "feature_311",
      "type": "Feature",
      "properties": {
        "id": "LK-81-038",
        "name": "Mahiyanganaya PS",
        "area_sqkm": "601.88",
        "center_lat": "7.43385",
        "center_lng": "81.081405",
        "lg_code": "38",
        "province_id": "LK-8",
        "district_id": "LK-81",
        "dsd_id": "LK-8103",
        "ed_id": "EC-19",
        "pd_id": "EC-19A"
      },
      "geometry": {
        "type": "Polygon",
        "coordinates": [
          [
            [
              80.9739,
              7.4884
            ],
            [
              81.0114,
              7.2222
            ],
            [
              81.0162,
              7.2161
            ],
            [
              81.0204,
              7.2161
            ],
            [
              81.0483,
              7.4109
            ],
            [
              81.2236,
              7.3316
            ],
            [
              81.1893,
              7.5728
            ],
            [
              81.0404,
              7.5044
            ],
            [
              80.9795,
              7.6216
            ],
            [
              80.9739,
              7.4884
            ]
          ]
        ]
      }
    },
    {
      "id": "feature_312",
      "type": "Feature",
      "properties": {
        "id": "LK-81-039",
        "name": "Meegahaivula PS",
        "area_sqkm": "108.82",
        "center_lat": "7.126719",
        "center_lng": "81.081054",
        "lg_code": "39",
        "province_id": "LK-8",
        "district_id": "LK-81",
        "dsd_id": "LK-8109",
        "ed_id": "EC-19",
        "pd_id": "EC-19B"
      },
      "geometry": {
        "type": "Polygon",
        "coordinates": [
          [
            [
              81.0346,
              7.0877
            ],
            [
              81.0924,
              7.0652
            ],
            [
              81.1072,
              7.0771
            ],
            [
              81.1613,
              7.1028
            ],
            [
              81.1217,
              7.16
            ],
            [
              81.0204,
              7.2161
            ],
            [
              81.0162,
              7.2161
            ],
            [
              81.0346,
              7.0877
            ]
          ]
        ]
      }
    },
    {
      "id": "feature_313",
      "type": "Feature",
      "properties": {
        "id": "LK-81-040",
        "name": "Passara PS",
        "area_sqkm": "134.59",
        "center_lat": "6.964933",
        "center_lng": "81.147248",
        "lg_code": "40",
        "province_id": "LK-8",
        "district_id": "LK-81",
        "dsd_id": "LK-8118",
        "ed_id": "EC-19",
        "pd_id": "EC-19C"
      },
      "geometry": {
        "type": "Polygon",
        "coordinates": [
          [
            [
              81.1262,
              6.8793
            ],
            [
              81.2194,
              6.9559
            ],
            [
              81.1072,
              7.0771
            ],
            [
              81.0924,
              7.0652
            ],
            [
              81.1015,
              7.017
            ],
            [
              81.1126,
              6.9449
            ],
            [
              81.1097,
              6.9107
            ],
            [
              81.1262,
              6.8793
            ]
          ]
        ]
      }
    },
    {
      "id": "feature_314",
      "type": "Feature",
      "properties": {
        "id": "LK-81-041",
        "name": "Rideemaliyadda PS",
        "area_sqkm": "437.14",
        "center_lat": "7.274411",
        "center_lng": "81.128186",
        "lg_code": "41",
        "province_id": "LK-8",
        "district_id": "LK-81",
        "dsd_id": "LK-8106",
        "ed_id": "EC-19",
        "pd_id": "EC-19A"
      },
      "geometry": {
        "type": "Polygon",
        "coordinates": [
          [
            [
              81.0204,
              7.2161
            ],
            [
              81.1217,
              7.16
            ],
            [
              81.2708,
              7.278
            ],
            [
              81.2236,
              7.3316
            ],
            [
              81.0483,
              7.4109
            ],
            [
              81.0204,
              7.2161
            ]
          ]
        ]
      }
    },
    {
      "id": "feature_315",
      "type": "Feature",
      "properties": {
        "id": "LK-81-042",
        "name": "Soranathota PS",
        "area_sqkm": "80.5",
        "center_lat": "7.045305",
        "center_lng": "81.050182",
        "lg_code": "42",
        "province_id": "LK-8",
        "district_id": "LK-81",
        "dsd_id": "LK-8115",
        "ed_id": "EC-19",
        "pd_id": "EC-19B"
      },
      "geometry": {
        "type": "Polygon",
        "coordinates": [
          [
            [
              81.0058,
              7.0279
            ],
            [
              81.0462,
              7.0009
            ],
            [
              81.0641,
              7.0129
            ],
            [
              81.1015,
              7.017
            ],
            [
              81.0924,
              7.0652
            ],
            [
              81.0346,
              7.0877
            ],
            [
              81.0058,
              7.0279
            ]
          ]
        ]
      }
    },
    {
      "id": "feature_316",
      "type": "Feature",
      "properties": {
        "id": "LK-81-043",
        "name": "Uva Paranagama  PS",
        "area_sqkm": "137.69",
        "center_lat": "6.966467",
        "center_lng": "80.917273",
        "lg_code": "43",
        "province_id": "LK-8",
        "district_id": "LK-81",
        "dsd_id": "LK-8127",
        "ed_id": "EC-19",
        "pd_id": "EC-19F"
      },
      "geometry": {
        "type": "Polygon",
        "coordinates": [
          [
            [
              80.8299,
              6.9283
            ],
            [
              80.9544,
              6.9158
            ],
            [
              80.9662,
              7.0543
            ],
            [
              80.9575,
              7.0631
            ],
            [
              80.864,
              6.9788
            ],
            [
              80.8352,
              6.9542
            ],
            [
              80.8299,
              6.9283
            ]
          ]
        ]
      }
    },
    {
      "id": "feature_317",
      "type": "Feature",
      "properties": {
        "id": "LK-81-044",
        "name": "Welimada  PS",
        "area_sqkm": "194.0",
        "center_lat": "6.860252",
        "center_lng": "80.880744",
        "lg_code": "44",
        "province_id": "LK-8",
        "district_id": "LK-81",
        "dsd_id": "LK-8130",
        "ed_id": "EC-19",
        "pd_id": "EC-19G"
      },
      "geometry": {
        "type": "Polygon",
        "coordinates": [
          [
            [
              80.8373,
              6.8119
            ],
            [
              80.9099,
              6.7778
            ],
            [
              80.91,
              6.7792
            ],
            [
              80.9482,
              6.845
            ],
            [
              80.9509,
              6.8546
            ],
            [
              80.9529,
              6.8764
            ],
            [
              80.9544,
              6.9158
            ],
            [
              80.8299,
              6.9283
            ],
            [
              80.8292,
              6.9273
            ],
            [
              80.8373,
              6.8119
            ]
          ]
        ]
      }
    },
    {
      "id": "feature_318",
      "type": "Feature",
      "properties": {
        "id": "LK-81-045",
        "name": "Lunugala PS",
        "area_sqkm": "143.01",
        "center_lat": "7.037966",
        "center_lng": "81.186128",
        "lg_code": "45",
        "province_id": "LK-8",
        "district_id": "LK-81",
        "dsd_id": "LK-8119",
        "ed_id": "EC-19",
        "pd_id": "EC-19C"
      },
      "geometry": {
        "type": "Polygon",
        "coordinates": [
          [
            [
              81.1072,
              7.0771
            ],
            [
              81.2194,
              6.9559
            ],
            [
              81.2336,
              6.9648
            ],
            [
              81.2283,
              7.0841
            ],
            [
              81.1613,
              7.1028
            ],
            [
              81.1072,
              7.0771
            ]
          ]
        ]
      }
    },
    {
      "id": "feature_319",
      "type": "Feature",
      "properties": {
        "id": "LK-82-031",
        "name": "Badalkumbura PS",
        "area_sqkm": "237.09",
        "center_lat": "6.869729",
        "center_lng": "81.216912",
        "lg_code": "31",
        "province_id": "LK-8",
        "district_id": "LK-82",
        "dsd_id": "LK-8218",
        "ed_id": "EC-20",
        "pd_id": "EC-20B"
      },
      "geometry": {
        "type": "Polygon",
        "coordinates": [
          [
            [
              81.1521,
              6.8001
            ],
            [
              81.2643,
              6.7961
            ],
            [
              81.287,
              6.9337
            ],
            [
              81.2336,
              6.9648
            ],
            [
              81.2194,
              6.9559
            ],
            [
              81.1262,
              6.8793
            ],
            [
              81.1301,
              6.8328
            ],
            [
              81.1521,
              6.8001
            ]
          ]
        ]
      }
    },
    {
      "id": "feature_320",
      "type": "Feature",
      "properties": {
        "id": "LK-82-032",
        "name": "Bibila PS",
        "area_sqkm": "466.05",
        "center_lat": "7.187842",
        "center_lng": "81.298497",
        "lg_code": "32",
        "province_id": "LK-8",
        "district_id": "LK-82",
        "dsd_id": "LK-8203",
        "ed_id": "EC-20",
        "pd_id": "EC-20A"
      },
      "geometry": {
        "type": "Polygon",
        "coordinates": [
          [
            [
              81.1613,
              7.1028
            ],
            [
              81.2283,
              7.0841
            ],
            [
              81.3774,
              7.0947
            ],
            [
              81.446,
              7.187
            ],
            [
              81.4459,
              7.187
            ],
            [
              81.446,
              7.187
            ],
            [
              81.3597,
              7.3197
            ],
            [
              81.3598,
              7.3197
            ],
            [
              81.3597,
              7.3197
            ],
            [
              81.3599,
              7.3201
            ],
            [
              81.3599,
              7.3201
            ],
            [
              81.3599,
              7.3201
            ],
            [
              81.3601,
              7.3207
            ],
            [
              81.3601,
              7.3207
            ],
            [
              81.3601,
              7.3207
            ],
            [
              81.36,
              7.34
            ],
            [
              81.2708,
              7.278
            ],
            [
              81.1217,
              7.16
            ],
            [
              81.1613,
              7.1028
            ]
          ]
        ]
      }
    },
    {
      "id": "feature_321",
      "type": "Feature",
      "properties": {
        "id": "LK-82-033",
        "name": "Buttala PS",
        "area_sqkm": "709.86",
        "center_lat": "6.660368",
        "center_lng": "81.299812",
        "lg_code": "33",
        "province_id": "LK-8",
        "district_id": "LK-82",
        "dsd_id": "LK-8224",
        "ed_id": "EC-20",
        "pd_id": "EC-20C"
      },
      "geometry": {
        "type": "Polygon",
        "coordinates": [
          [
            [
              81.2187,
              6.537
            ],
            [
              81.4942,
              6.6066
            ],
            [
              81.4096,
              6.72
            ],
            [
              81.2643,
              6.7961
            ],
            [
              81.1521,
              6.8001
            ],
            [
              81.2187,
              6.537
            ]
          ]
        ]
      }
    },
    {
      "id": "feature_322",
      "type": "Feature",
      "properties": {
        "id": "LK-82-034",
        "name": "Katharagama PS",
        "area_sqkm": "609.08",
        "center_lat": "6.494507",
        "center_lng": "81.373695",
        "lg_code": "34",
        "province_id": "LK-8",
        "district_id": "LK-82",
        "dsd_id": "LK-8227",
        "ed_id": "EC-20",
        "pd_id": "EC-20C"
      },
      "geometry": {
        "type": "Polygon",
        "coordinates": [
          [
            [
              81.2785,
              6.3657
            ],
            [
              81.6085,
              6.5801
            ],
            [
              81.4942,
              6.6066
            ],
            [
              81.2187,
              6.537
            ],
            [
              81.2244,
              6.4849
            ],
            [
              81.2777,
              6.3666
            ],
            [
              81.2785,
              6.3657
            ]
          ]
        ]
      }
    },
    {
      "id": "feature_323",
      "type": "Feature",
      "properties": {
        "id": "LK-82-035",
        "name": "Madulla PS",
        "area_sqkm": "750.32",
        "center_lat": "7.160153",
        "center_lng": "81.426163",
        "lg_code": "35",
        "province_id": "LK-8",
        "district_id": "LK-82",
        "dsd_id": "LK-8206",
        "ed_id": "EC-20",
        "pd_id": "EC-20A"
      },
      "geometry": {
        "type": "Polygon",
        "coordinates": [
          [
            [
              81.3156,
              6.9661
            ],
            [
              81.3705,
              6.9052
            ],
            [
              81.5291,
              6.9151
            ],
            [
              81.4627,
              7.0604
            ],
            [
              81.4627,
              7.0604
            ],
            [
              81.4627,
              7.0604
            ],
            [
              81.4583,
              7.1168
            ],
            [
              81.4583,
              7.1168
            ],
            [
              81.4583,
              7.1168
            ],
            [
              81.5015,
              7.1571
            ],
            [
              81.5559,
              7.2192
            ],
            [
              81.4811,
              7.3211
            ],
            [
              81.4796,
              7.4543
            ],
            [
              81.3652,
              7.3572
            ],
            [
              81.3651,
              7.3572
            ],
            [
              81.36,
              7.34
            ],
            [
              81.3601,
              7.3207
            ],
            [
              81.3601,
              7.3207
            ],
            [
              81.3601,
              7.3207
            ],
            [
              81.3599,
              7.3201
            ],
            [
              81.3599,
              7.3201
            ],
            [
              81.3599,
              7.3201
            ],
            [
              81.3597,
              7.3197
            ],
            [
              81.3598,
              7.3197
            ],
            [
              81.3597,
              7.3197
            ],
            [
              81.446,
              7.187
            ],
            [
              81.4459,
              7.187
            ],
            [
              81.446,
              7.187
            ],
            [
              81.3774,
              7.0947
            ],
            [
              81.3156,
              6.9661
            ]
          ]
        ]
      }
    },
    {
      "id": "feature_324",
      "type": "Feature",
      "properties": {
        "id": "LK-82-036",
        "name": "Medagama PS",
        "area_sqkm": "240.35",
        "center_lat": "7.053049",
        "center_lng": "81.292941",
        "lg_code": "36",
        "province_id": "LK-8",
        "district_id": "LK-82",
        "dsd_id": "LK-8209",
        "ed_id": "EC-20",
        "pd_id": "EC-20A"
      },
      "geometry": {
        "type": "Polygon",
        "coordinates": [
          [
            [
              81.2336,
              6.9648
            ],
            [
              81.287,
              6.9337
            ],
            [
              81.3156,
              6.9661
            ],
            [
              81.3774,
              7.0947
            ],
            [
              81.2283,
              7.0841
            ],
            [
              81.2336,
              6.9648
            ]
          ]
        ]
      }
    },
    {
      "id": "feature_325",
      "type": "Feature",
      "properties": {
        "id": "LK-82-037",
        "name": "Moneragala PS",
        "area_sqkm": "290.52",
        "center_lat": "6.832233",
        "center_lng": "81.353268",
        "lg_code": "37",
        "province_id": "LK-8",
        "district_id": "LK-82",
        "dsd_id": "LK-8215",
        "ed_id": "EC-20",
        "pd_id": "EC-20B"
      },
      "geometry": {
        "type": "Polygon",
        "coordinates": [
          [
            [
              81.2643,
              6.7961
            ],
            [
              81.4096,
              6.72
            ],
            [
              81.3705,
              6.9052
            ],
            [
              81.3156,
              6.9661
            ],
            [
              81.287,
              6.9337
            ],
            [
              81.2643,
              6.7961
            ]
          ]
        ]
      }
    },
    {
      "id": "feature_326",
      "type": "Feature",
      "properties": {
        "id": "LK-82-038",
        "name": "Siyambalanduwa PS",
        "area_sqkm": "1059.94",
        "center_lat": "6.845567",
        "center_lng": "81.525567",
        "lg_code": "38",
        "province_id": "LK-8",
        "district_id": "LK-82",
        "dsd_id": "LK-8212",
        "ed_id": "EC-20",
        "pd_id": "EC-20B"
      },
      "geometry": {
        "type": "Polygon",
        "coordinates": [
          [
            [
              81.6085,
              6.5801
            ],
            [
              81.6178,
              6.9811
            ],
            [
              81.5015,
              7.1571
            ],
            [
              81.4583,
              7.1168
            ],
            [
              81.4583,
              7.1168
            ],
            [
              81.4583,
              7.1168
            ],
            [
              81.4627,
              7.0604
            ],
            [
              81.4627,
              7.0604
            ],
            [
              81.4627,
              7.0604
            ],
            [
              81.5291,
              6.9151
            ],
            [
              81.3705,
              6.9052
            ],
            [
              81.4096,
              6.72
            ],
            [
              81.4942,
              6.6066
            ],
            [
              81.6085,
              6.5801
            ]
          ]
        ]
      }
    },
    {
      "id": "feature_327",
      "type": "Feature",
      "properties": {
        "id": "LK-82-039",
        "name": "Thanamalvila PS",
        "area_sqkm": "819.84",
        "center_lat": "6.473626",
        "center_lng": "80.979827",
        "lg_code": "39",
        "province_id": "LK-8",
        "district_id": "LK-82",
        "dsd_id": "",
        "ed_id": "EC-20",
        "pd_id": "EC-20C"
      },
      "geometry": {
        "type": "Polygon",
        "coordinates": [
          [
            [
              80.9321,
              6.2862
            ],
            [
              81.0461,
              6.3982
            ],
            [
              81.243,
              6.3405
            ],
            [
              81.2511,
              6.3402
            ],
            [
              81.2777,
              6.3666
            ],
            [
              81.2244,
              6.4849
            ],
            [
              81.0317,
              6.5255
            ],
            [
              81.0235,
              6.5426
            ],
            [
              80.9269,
              6.6888
            ],
            [
              80.835,
              6.5061
            ],
            [
              80.8336,
              6.4761
            ],
            [
              80.8668,
              6.3562
            ],
            [
              80.9139,
              6.3118
            ],
            [
              80.9321,
              6.2862
            ]
          ]
        ]
      }
    },
    {
      "id": "feature_328",
      "type": "Feature",
      "properties": {
        "id": "LK-82-040",
        "name": "Wellawaya PS",
        "area_sqkm": "574.94",
        "center_lat": "6.612619",
        "center_lng": "81.127975",
        "lg_code": "40",
        "province_id": "LK-8",
        "district_id": "LK-82",
        "dsd_id": "LK-8221",
        "ed_id": "EC-20",
        "pd_id": "EC-20C"
      },
      "geometry": {
        "type": "Polygon",
        "coordinates": [
          [
            [
              81.0317,
              6.5255
            ],
            [
              81.2244,
              6.4849
            ],
            [
              81.2187,
              6.537
            ],
            [
              81.1521,
              6.8001
            ],
            [
              81.1301,
              6.8328
            ],
            [
              81.0781,
              6.8141
            ],
            [
              81.0659,
              6.8131
            ],
            [
              81.0235,
              6.5426
            ],
            [
              81.0317,
              6.5255
            ]
          ]
        ]
      }
    },
    {
      "id": "feature_329",
      "type": "Feature",
      "properties": {
        "id": "LK-91-011",
        "name": "Ratnapura MC/ Ratnapura PS",
        "area_sqkm": "36.65",
        "center_lat": "6.687164",
        "center_lng": "80.411703",
        "lg_code": "11/42",
        "province_id": "LK-9",
        "district_id": "LK-91",
        "dsd_id": "",
        "ed_id": "EC-21",
        "pd_id": ""
      },
      "geometry": {
        "type": "Polygon",
        "coordinates": [
          [
            [
              80.4072,
              6.6677
            ],
            [
              80.4478,
              6.6781
            ],
            [
              80.4149,
              6.6963
            ],
            [
              80.4148,
              6.6963
            ],
            [
              80.4149,
              6.6963
            ],
            [
              80.3728,
              6.6974
            ],
            [
              80.3927,
              6.6653
            ],
            [
              80.4072,
              6.6677
            ]
          ]
        ]
      }
    },
    {
      "id": "feature_330",
      "type": "Feature",
      "properties": {
        "id": "LK-91-021",
        "name": "Balangoda UC/ Imbulpe PS",
        "area_sqkm": "39.21",
        "center_lat": "6.643726",
        "center_lng": "80.68826",
        "lg_code": "21/36",
        "province_id": "LK-9",
        "district_id": "LK-91",
        "dsd_id": "",
        "ed_id": "EC-21",
        "pd_id": "EC-21D"
      },
      "geometry": {
        "type": "MultiPolygon",
        "coordinates": [
          [
            [
              [
                80.6573,
                6.6112
              ],
              [
                80.7282,
                6.6168
              ],
              [
                80.7282,
                6.6168
              ],
              [
                80.7402,
                6.5847
              ],
              [
                80.6573,
                6.6112
              ]
            ]
          ],
          [
            [
              [
                80.7215,
                6.6491
              ],
              [
                80.7215,
                6.6491
              ],
              [
                80.6822,
                6.6769
              ],
              [
                80.7215,
                6.6491
              ]
            ]
          ]
        ]
      }
    },
    {
      "id": "feature_331",
      "type": "Feature",
      "properties": {
        "id": "LK-91-022",
        "name": "Embilipitiya UC",
        "area_sqkm": "54.82",
        "center_lat": "6.326504",
        "center_lng": "80.859512",
        "lg_code": "22",
        "province_id": "LK-9",
        "district_id": "LK-91",
        "dsd_id": "LK-9148",
        "ed_id": "EC-21",
        "pd_id": "EC-21H"
      },
      "geometry": {
        "type": "Polygon",
        "coordinates": [
          [
            [
              80.9139,
              6.3118
            ],
            [
              80.9139,
              6.3118
            ],
            [
              80.8668,
              6.3562
            ],
            [
              80.9139,
              6.3118
            ]
          ]
        ]
      }
    },
    {
      "id": "feature_332",
      "type": "Feature",
      "properties": {
        "id": "LK-91-032",
        "name": "Ayagama PS",
        "area_sqkm": "163.35",
        "center_lat": "6.650948",
        "center_lng": "80.291308",
        "lg_code": "32",
        "province_id": "LK-9",
        "district_id": "LK-91",
        "dsd_id": "LK-9130",
        "ed_id": "EC-21",
        "pd_id": "EC-21G"
      },
      "geometry": {
        "type": "Polygon",
        "coordinates": [
          [
            [
              80.2607,
              6.6224
            ],
            [
              80.3144,
              6.5706
            ],
            [
              80.3818,
              6.5811
            ],
            [
              80.2933,
              6.7251
            ],
            [
              80.2053,
              6.7305
            ],
            [
              80.1991,
              6.7266
            ],
            [
              80.204,
              6.7222
            ],
            [
              80.204,
              6.7222
            ],
            [
              80.2607,
              6.6224
            ]
          ]
        ]
      }
    },
    {
      "id": "feature_333",
      "type": "Feature",
      "properties": {
        "id": "LK-91-033",
        "name": "Balangoda PS",
        "area_sqkm": "244.24",
        "center_lat": "6.626862",
        "center_lng": "80.779359",
        "lg_code": "33",
        "province_id": "LK-9",
        "district_id": "LK-91",
        "dsd_id": "",
        "ed_id": "EC-21",
        "pd_id": "EC-21D"
      },
      "geometry": {
        "type": "Polygon",
        "coordinates": [
          [
            [
              80.6573,
              6.6112
            ],
            [
              80.7282,
              6.6168
            ],
            [
              80.7282,
              6.6168
            ],
            [
              80.7402,
              6.5847
            ],
            [
              80.835,
              6.5061
            ],
            [
              80.9269,
              6.6888
            ],
            [
              80.8274,
              6.677
            ],
            [
              80.7215,
              6.6491
            ],
            [
              80.6822,
              6.6769
            ],
            [
              80.586,
              6.7359
            ],
            [
              80.6001,
              6.6616
            ],
            [
              80.6573,
              6.6112
            ]
          ]
        ]
      }
    },
    {
      "id": "feature_334",
      "type": "Feature",
      "properties": {
        "id": "LK-91-034",
        "name": "Eheliyagoda PS",
        "area_sqkm": "140.97",
        "center_lat": "6.838464",
        "center_lng": "80.22653",
        "lg_code": "34",
        "province_id": "LK-9",
        "district_id": "LK-91",
        "dsd_id": "LK-9103",
        "ed_id": "EC-21",
        "pd_id": "EC-21A"
      },
      "geometry": {
        "type": "MultiPolygon",
        "coordinates": [
          [
            [
              [
                80.2894,
                6.8426
              ],
              [
                80.2902,
                6.8439
              ],
              [
                80.2903,
                6.8447
              ],
              [
                80.2886,
                6.8419
              ],
              [
                80.2894,
                6.8426
              ]
            ]
          ],
          [
            [
              [
                80.1965,
                6.7531
              ],
              [
                80.2854,
                6.8532
              ],
              [
                80.2111,
                6.9169
              ],
              [
                80.1777,
                6.8158
              ],
              [
                80.1965,
                6.7531
              ]
            ]
          ]
        ]
      }
    },
    {
      "id": "feature_335",
      "type": "Feature",
      "properties": {
        "id": "LK-91-035",
        "name": "Embilipitiya PS",
        "area_sqkm": "333.99",
        "center_lat": "6.359934",
        "center_lng": "80.806374",
        "lg_code": "35",
        "province_id": "LK-9",
        "district_id": "LK-91",
        "dsd_id": "LK-9148",
        "ed_id": "EC-21",
        "pd_id": "EC-21H"
      },
      "geometry": {
        "type": "Polygon",
        "coordinates": [
          [
            [
              80.6891,
              6.3082
            ],
            [
              80.8067,
              6.2674
            ],
            [
              80.9092,
              6.2386
            ],
            [
              80.9525,
              6.2405
            ],
            [
              80.9321,
              6.2862
            ],
            [
              80.9139,
              6.3118
            ],
            [
              80.8668,
              6.3562
            ],
            [
              80.8336,
              6.4761
            ],
            [
              80.7074,
              6.4902
            ],
            [
              80.7383,
              6.4359
            ],
            [
              80.7285,
              6.3573
            ],
            [
              80.7284,
              6.3573
            ],
            [
              80.7285,
              6.3573
            ],
            [
              80.6891,
              6.3082
            ]
          ]
        ]
      }
    },
    {
      "id": "feature_336",
      "type": "Feature",
      "properties": {
        "id": "LK-91-036",
        "name": "Imbulpe PS",
        "area_sqkm": "252.64",
        "center_lat": "6.715183",
        "center_lng": "80.736345",
        "lg_code": "36",
        "province_id": "LK-9",
        "district_id": "LK-91",
        "dsd_id": "LK-9115",
        "ed_id": "EC-21",
        "pd_id": "EC-21D"
      },
      "geometry": {
        "type": "Polygon",
        "coordinates": [
          [
            [
              80.7215,
              6.6491
            ],
            [
              80.8274,
              6.677
            ],
            [
              80.8086,
              6.7917
            ],
            [
              80.7754,
              6.779
            ],
            [
              80.6629,
              6.7616
            ],
            [
              80.6133,
              6.7598
            ],
            [
              80.586,
              6.7359
            ],
            [
              80.6822,
              6.6769
            ],
            [
              80.7215,
              6.6491
            ]
          ]
        ]
      }
    },
    {
      "id": "feature_337",
      "type": "Feature",
      "properties": {
        "id": "LK-91-037",
        "name": "Kalawana PS",
        "area_sqkm": "382.4",
        "center_lat": "6.46448",
        "center_lng": "80.451221",
        "lg_code": "37",
        "province_id": "LK-9",
        "district_id": "LK-91",
        "dsd_id": "LK-9133",
        "ed_id": "EC-21",
        "pd_id": "EC-21G"
      },
      "geometry": {
        "type": "Polygon",
        "coordinates": [
          [
            [
              80.3809,
              6.4261
            ],
            [
              80.4958,
              6.3682
            ],
            [
              80.621,
              6.3946
            ],
            [
              80.6231,
              6.394
            ],
            [
              80.6093,
              6.4451
            ],
            [
              80.5771,
              6.4663
            ],
            [
              80.5004,
              6.4885
            ],
            [
              80.3834,
              6.5812
            ],
            [
              80.3834,
              6.5812
            ],
            [
              80.3834,
              6.5812
            ],
            [
              80.3818,
              6.5811
            ],
            [
              80.3144,
              6.5706
            ],
            [
              80.3809,
              6.4261
            ]
          ]
        ]
      }
    },
    {
      "id": "feature_338",
      "type": "Feature",
      "properties": {
        "id": "LK-91-038",
        "name": "Kolonna PS",
        "area_sqkm": "177.85",
        "center_lat": "6.391184",
        "center_lng": "80.678904",
        "lg_code": "38",
        "province_id": "LK-9",
        "district_id": "LK-91",
        "dsd_id": "LK-9151",
        "ed_id": "EC-21",
        "pd_id": "EC-21H"
      },
      "geometry": {
        "type": "Polygon",
        "coordinates": [
          [
            [
              80.6891,
              6.3082
            ],
            [
              80.7285,
              6.3573
            ],
            [
              80.7284,
              6.3573
            ],
            [
              80.7285,
              6.3573
            ],
            [
              80.7383,
              6.4359
            ],
            [
              80.6955,
              6.4445
            ],
            [
              80.6093,
              6.4451
            ],
            [
              80.6231,
              6.394
            ],
            [
              80.621,
              6.3946
            ],
            [
              80.612,
              6.3458
            ],
            [
              80.6707,
              6.3056
            ],
            [
              80.6707,
              6.3056
            ],
            [
              80.6891,
              6.3082
            ]
          ]
        ]
      }
    },
    {
      "id": "feature_339",
      "type": "Feature",
      "properties": {
        "id": "LK-91-039",
        "name": "Kuruvita PS",
        "area_sqkm": "250.44",
        "center_lat": "6.786058",
        "center_lng": "80.329691",
        "lg_code": "39",
        "province_id": "LK-9",
        "district_id": "LK-91",
        "dsd_id": "",
        "ed_id": "EC-21",
        "pd_id": ""
      },
      "geometry": {
        "type": "Polygon",
        "coordinates": [
          [
            [
              80.2053,
              6.7305
            ],
            [
              80.2933,
              6.7251
            ],
            [
              80.3583,
              6.6982
            ],
            [
              80.4493,
              6.8306
            ],
            [
              80.3553,
              6.8455
            ],
            [
              80.2854,
              6.8532
            ],
            [
              80.1965,
              6.7531
            ],
            [
              80.2053,
              6.7305
            ]
          ],
          [
            [
              80.2894,
              6.8426
            ],
            [
              80.2886,
              6.8419
            ],
            [
              80.2903,
              6.8447
            ],
            [
              80.2902,
              6.8439
            ],
            [
              80.2894,
              6.8426
            ]
          ]
        ]
      }
    },
    {
      "id": "feature_340",
      "type": "Feature",
      "properties": {
        "id": "LK-91-040",
        "name": "Nivithigala PS",
        "area_sqkm": "239.06",
        "center_lat": "6.602993",
        "center_lng": "80.419972",
        "lg_code": "40",
        "province_id": "LK-9",
        "district_id": "LK-91",
        "dsd_id": "",
        "ed_id": "EC-21",
        "pd_id": ""
      },
      "geometry": {
        "type": "Polygon",
        "coordinates": [
          [
            [
              80.3834,
              6.5812
            ],
            [
              80.5004,
              6.4885
            ],
            [
              80.5002,
              6.5609
            ],
            [
              80.5003,
              6.5609
            ],
            [
              80.5002,
              6.5609
            ],
            [
              80.5158,
              6.5788
            ],
            [
              80.4049,
              6.6505
            ],
            [
              80.3927,
              6.6653
            ],
            [
              80.3728,
              6.6974
            ],
            [
              80.3583,
              6.6982
            ],
            [
              80.2933,
              6.7251
            ],
            [
              80.3818,
              6.5811
            ],
            [
              80.3834,
              6.5812
            ],
            [
              80.3834,
              6.5812
            ],
            [
              80.3834,
              6.5812
            ]
          ]
        ]
      }
    },
    {
      "id": "feature_341",
      "type": "Feature",
      "properties": {
        "id": "LK-91-041",
        "name": "Pelmadulla PS",
        "area_sqkm": "142.4",
        "center_lat": "6.634808",
        "center_lng": "80.511103",
        "lg_code": "41",
        "province_id": "LK-9",
        "district_id": "LK-91",
        "dsd_id": "LK-9124",
        "ed_id": "EC-21",
        "pd_id": "EC-21C"
      },
      "geometry": {
        "type": "Polygon",
        "coordinates": [
          [
            [
              80.4049,
              6.6505
            ],
            [
              80.5158,
              6.5788
            ],
            [
              80.5795,
              6.579
            ],
            [
              80.6022,
              6.5817
            ],
            [
              80.5792,
              6.6568
            ],
            [
              80.4478,
              6.6781
            ],
            [
              80.4072,
              6.6677
            ],
            [
              80.4049,
              6.6505
            ]
          ]
        ]
      }
    },
    {
      "id": "feature_342",
      "type": "Feature",
      "properties": {
        "id": "LK-91-042",
        "name": "Ratnapura PS",
        "area_sqkm": "295.36",
        "center_lat": "6.732763",
        "center_lng": "80.490139",
        "lg_code": "42",
        "province_id": "LK-9",
        "district_id": "LK-91",
        "dsd_id": "LK-9112",
        "ed_id": "EC-21",
        "pd_id": ""
      },
      "geometry": {
        "type": "MultiPolygon",
        "coordinates": [
          [
            [
              [
                80.4478,
                6.6781
              ],
              [
                80.5792,
                6.6568
              ],
              [
                80.6001,
                6.6616
              ],
              [
                80.586,
                6.7359
              ],
              [
                80.6133,
                6.7598
              ],
              [
                80.4951,
                6.832
              ],
              [
                80.4951,
                6.832
              ],
              [
                80.4951,
                6.832
              ],
              [
                80.4493,
                6.8306
              ],
              [
                80.3583,
                6.6982
              ],
              [
                80.3728,
                6.6974
              ],
              [
                80.4149,
                6.6963
              ],
              [
                80.4148,
                6.6963
              ],
              [
                80.4149,
                6.6963
              ],
              [
                80.4478,
                6.6781
              ]
            ]
          ],
          [
            [
              [
                80.4049,
                6.6505
              ],
              [
                80.4072,
                6.6677
              ],
              [
                80.3927,
                6.6653
              ],
              [
                80.4049,
                6.6505
              ]
            ]
          ]
        ]
      }
    },
    {
      "id": "feature_343",
      "type": "Feature",
      "properties": {
        "id": "LK-91-043",
        "name": "Weligepola PS",
        "area_sqkm": "277.3",
        "center_lat": "6.560933",
        "center_lng": "80.707809",
        "lg_code": "43",
        "province_id": "LK-9",
        "district_id": "LK-91",
        "dsd_id": "",
        "ed_id": "EC-21",
        "pd_id": "EC-21E"
      },
      "geometry": {
        "type": "Polygon",
        "coordinates": [
          [
            [
              80.6022,
              6.5817
            ],
            [
              80.6453,
              6.541
            ],
            [
              80.6453,
              6.541
            ],
            [
              80.6453,
              6.541
            ],
            [
              80.6447,
              6.5365
            ],
            [
              80.6447,
              6.5365
            ],
            [
              80.6447,
              6.5365
            ],
            [
              80.7074,
              6.4902
            ],
            [
              80.8336,
              6.4761
            ],
            [
              80.835,
              6.5061
            ],
            [
              80.7402,
              6.5847
            ],
            [
              80.6573,
              6.6112
            ],
            [
              80.6001,
              6.6616
            ],
            [
              80.5792,
              6.6568
            ],
            [
              80.6022,
              6.5817
            ]
          ]
        ]
      }
    },
    {
      "id": "feature_344",
      "type": "Feature",
      "properties": {
        "id": "LK-91-044",
        "name": "Godakawela PS",
        "area_sqkm": "152.12",
        "center_lat": "6.498162",
        "center_lng": "80.641823",
        "lg_code": "44",
        "province_id": "LK-9",
        "district_id": "LK-91",
        "dsd_id": "LK-9142",
        "ed_id": "EC-21",
        "pd_id": "EC-21E"
      },
      "geometry": {
        "type": "Polygon",
        "coordinates": [
          [
            [
              80.6093,
              6.4451
            ],
            [
              80.6955,
              6.4445
            ],
            [
              80.7383,
              6.4359
            ],
            [
              80.7074,
              6.4902
            ],
            [
              80.6447,
              6.5365
            ],
            [
              80.6447,
              6.5365
            ],
            [
              80.6447,
              6.5365
            ],
            [
              80.6453,
              6.541
            ],
            [
              80.6453,
              6.541
            ],
            [
              80.6453,
              6.541
            ],
            [
              80.6022,
              6.5817
            ],
            [
              80.5795,
              6.579
            ],
            [
              80.5771,
              6.4663
            ],
            [
              80.6093,
              6.4451
            ]
          ]
        ]
      }
    },
    {
      "id": "feature_345",
      "type": "Feature",
      "properties": {
        "id": "LK-91-045",
        "name": "Kahawatta PS",
        "area_sqkm": "104.25",
        "center_lat": "6.527983",
        "center_lng": "80.545154",
        "lg_code": "45",
        "province_id": "LK-9",
        "district_id": "LK-91",
        "dsd_id": "LK-9139",
        "ed_id": "EC-21",
        "pd_id": "EC-21F"
      },
      "geometry": {
        "type": "Polygon",
        "coordinates": [
          [
            [
              80.5771,
              6.4663
            ],
            [
              80.5795,
              6.579
            ],
            [
              80.5158,
              6.5788
            ],
            [
              80.5002,
              6.5609
            ],
            [
              80.5003,
              6.5609
            ],
            [
              80.5002,
              6.5609
            ],
            [
              80.5004,
              6.4885
            ],
            [
              80.5771,
              6.4663
            ]
          ]
        ]
      }
    },
    {
      "id": "feature_346",
      "type": "Feature",
      "properties": {
        "id": "LK-92-011",
        "name": "Kegalle MC",
        "area_sqkm": "7.42",
        "center_lat": "7.251102",
        "center_lng": "80.350997",
        "lg_code": "11",
        "province_id": "LK-9",
        "district_id": "LK-92",
        "dsd_id": "LK-9212",
        "ed_id": "EC-22",
        "pd_id": "EC-22C"
      },
      "geometry": {
        "type": "Polygon",
        "coordinates": [
          [
            [
              80.3172,
              7.2348
            ],
            [
              80.3673,
              7.2507
            ],
            [
              80.3673,
              7.2507
            ],
            [
              80.3339,
              7.2573
            ],
            [
              80.3293,
              7.2564
            ],
            [
              80.3176,
              7.2362
            ],
            [
              80.3172,
              7.2348
            ]
          ]
        ]
      }
    },
    {
      "id": "feature_347",
      "type": "Feature",
      "properties": {
        "id": "LK-92-031",
        "name": "Aranayaka  PS",
        "area_sqkm": "120.09",
        "center_lat": "7.167804",
        "center_lng": "80.442178",
        "lg_code": "31",
        "province_id": "LK-9",
        "district_id": "LK-92",
        "dsd_id": "LK-9209",
        "ed_id": "EC-22",
        "pd_id": "EC-22F"
      },
      "geometry": {
        "type": "MultiPolygon",
        "coordinates": [
          [
            [
              [
                80.4065,
                7.1135
              ],
              [
                80.4598,
                7.0909
              ],
              [
                80.5105,
                7.1483
              ],
              [
                80.3978,
                7.2257
              ],
              [
                80.4065,
                7.1136
              ],
              [
                80.4065,
                7.1135
              ]
            ]
          ],
          [
            [
              [
                80.3841,
                7.1765
              ],
              [
                80.3756,
                7.1716
              ],
              [
                80.3891,
                7.161
              ],
              [
                80.3908,
                7.1736
              ],
              [
                80.3841,
                7.1765
              ]
            ]
          ]
        ]
      }
    },
    {
      "id": "feature_348",
      "type": "Feature",
      "properties": {
        "id": "LK-92-032",
        "name": "Dehiovita PS",
        "area_sqkm": "193.95",
        "center_lat": "6.939454",
        "center_lng": "80.280907",
        "lg_code": "32",
        "province_id": "LK-9",
        "district_id": "LK-92",
        "dsd_id": "LK-9230",
        "ed_id": "EC-22",
        "pd_id": ""
      },
      "geometry": {
        "type": "Polygon",
        "coordinates": [
          [
            [
              80.2111,
              6.9169
            ],
            [
              80.2854,
              6.8532
            ],
            [
              80.3553,
              6.8455
            ],
            [
              80.3493,
              6.9952
            ],
            [
              80.2639,
              7.0202
            ],
            [
              80.2073,
              6.9787
            ],
            [
              80.2095,
              6.9326
            ],
            [
              80.2111,
              6.9169
            ]
          ]
        ]
      }
    },
    {
      "id": "feature_349",
      "type": "Feature",
      "properties": {
        "id": "LK-92-033",
        "name": "Deraniyagala PS",
        "area_sqkm": "222.16",
        "center_lat": "6.907025",
        "center_lng": "80.403181",
        "lg_code": "33",
        "province_id": "LK-9",
        "district_id": "LK-92",
        "dsd_id": "LK-9233",
        "ed_id": "EC-22",
        "pd_id": "EC-22I"
      },
      "geometry": {
        "type": "Polygon",
        "coordinates": [
          [
            [
              80.3553,
              6.8455
            ],
            [
              80.4493,
              6.8306
            ],
            [
              80.4951,
              6.832
            ],
            [
              80.4951,
              6.832
            ],
            [
              80.4994,
              6.8658
            ],
            [
              80.437,
              6.955
            ],
            [
              80.3493,
              6.9952
            ],
            [
              80.3553,
              6.8455
            ]
          ]
        ]
      }
    },
    {
      "id": "feature_350",
      "type": "Feature",
      "properties": {
        "id": "LK-92-034",
        "name": "Galigamuwa PS",
        "area_sqkm": "124.59",
        "center_lat": "7.216127",
        "center_lng": "80.305524",
        "lg_code": "34",
        "province_id": "LK-9",
        "district_id": "LK-92",
        "dsd_id": "LK-9215",
        "ed_id": "EC-22",
        "pd_id": "EC-22B"
      },
      "geometry": {
        "type": "Polygon",
        "coordinates": [
          [
            [
              80.286,
              7.1181
            ],
            [
              80.3142,
              7.1194
            ],
            [
              80.3421,
              7.1713
            ],
            [
              80.3172,
              7.2348
            ],
            [
              80.3176,
              7.2362
            ],
            [
              80.3293,
              7.2564
            ],
            [
              80.3339,
              7.2573
            ],
            [
              80.3555,
              7.2877
            ],
            [
              80.3059,
              7.3193
            ],
            [
              80.2868,
              7.3153
            ],
            [
              80.2652,
              7.191
            ],
            [
              80.2652,
              7.191
            ],
            [
              80.2839,
              7.1189
            ],
            [
              80.2845,
              7.1193
            ],
            [
              80.2845,
              7.1193
            ],
            [
              80.2845,
              7.1193
            ],
            [
              80.286,
              7.1181
            ]
          ]
        ]
      }
    },
    {
      "id": "feature_351",
      "type": "Feature",
      "properties": {
        "id": "LK-92-035",
        "name": "Kegalle PS",
        "area_sqkm": "98.83",
        "center_lat": "7.206006",
        "center_lng": "80.369444",
        "lg_code": "35",
        "province_id": "LK-9",
        "district_id": "LK-92",
        "dsd_id": "LK-9212",
        "ed_id": "EC-22",
        "pd_id": ""
      },
      "geometry": {
        "type": "MultiPolygon",
        "coordinates": [
          [
            [
              [
                80.3421,
                7.1713
              ],
              [
                80.4065,
                7.1135
              ],
              [
                80.4065,
                7.1136
              ],
              [
                80.3978,
                7.2257
              ],
              [
                80.3849,
                7.2531
              ],
              [
                80.3555,
                7.2877
              ],
              [
                80.3339,
                7.2573
              ],
              [
                80.3673,
                7.2507
              ],
              [
                80.3673,
                7.2507
              ],
              [
                80.3172,
                7.2348
              ],
              [
                80.3421,
                7.1713
              ]
            ],
            [
              [
                80.3755,
                7.1743
              ],
              [
                80.3908,
                7.1736
              ],
              [
                80.3891,
                7.161
              ],
              [
                80.3765,
                7.1705
              ],
              [
                80.3755,
                7.1743
              ]
            ]
          ],
          [
            [
              [
                80.3176,
                7.2362
              ],
              [
                80.3176,
                7.2362
              ],
              [
                80.3293,
                7.2564
              ],
              [
                80.3176,
                7.2362
              ]
            ]
          ]
        ]
      }
    },
    {
      "id": "feature_352",
      "type": "Feature",
      "properties": {
        "id": "LK-92-036",
        "name": "Mawanella PS",
        "area_sqkm": "120.09",
        "center_lat": "7.230038",
        "center_lng": "80.47224",
        "lg_code": "36",
        "province_id": "LK-9",
        "district_id": "LK-92",
        "dsd_id": "LK-9206",
        "ed_id": "EC-22",
        "pd_id": "EC-22E"
      },
      "geometry": {
        "type": "Polygon",
        "coordinates": [
          [
            [
              80.3978,
              7.2257
            ],
            [
              80.5105,
              7.1483
            ],
            [
              80.5413,
              7.1654
            ],
            [
              80.5433,
              7.1811
            ],
            [
              80.5093,
              7.2475
            ],
            [
              80.5081,
              7.2542
            ],
            [
              80.471,
              7.2954
            ],
            [
              80.4637,
              7.3029
            ],
            [
              80.3849,
              7.2531
            ],
            [
              80.3978,
              7.2257
            ]
          ]
        ]
      }
    },
    {
      "id": "feature_353",
      "type": "Feature",
      "properties": {
        "id": "LK-92-037",
        "name": "Rambukkana PS",
        "area_sqkm": "127.79",
        "center_lat": "7.324762",
        "center_lng": "80.386138",
        "lg_code": "37",
        "province_id": "LK-9",
        "district_id": "LK-92",
        "dsd_id": "LK-9203",
        "ed_id": "EC-22",
        "pd_id": "EC-22D"
      },
      "geometry": {
        "type": "Polygon",
        "coordinates": [
          [
            [
              80.3555,
              7.2877
            ],
            [
              80.3849,
              7.2531
            ],
            [
              80.4637,
              7.3029
            ],
            [
              80.4212,
              7.3562
            ],
            [
              80.4071,
              7.3866
            ],
            [
              80.3482,
              7.3871
            ],
            [
              80.3059,
              7.3193
            ],
            [
              80.3555,
              7.2877
            ]
          ]
        ]
      }
    },
    {
      "id": "feature_354",
      "type": "Feature",
      "properties": {
        "id": "LK-92-038",
        "name": "Ruwanwella  PS",
        "area_sqkm": "140.64",
        "center_lat": "7.064225",
        "center_lng": "80.218789",
        "lg_code": "38",
        "province_id": "LK-9",
        "district_id": "LK-92",
        "dsd_id": "LK-9221",
        "ed_id": "EC-22",
        "pd_id": "EC-22H"
      },
      "geometry": {
        "type": "Polygon",
        "coordinates": [
          [
            [
              80.2073,
              6.9787
            ],
            [
              80.2639,
              7.0202
            ],
            [
              80.2731,
              7.0643
            ],
            [
              80.2829,
              7.0848
            ],
            [
              80.2736,
              7.0943
            ],
            [
              80.2022,
              7.137
            ],
            [
              80.1648,
              7.0601
            ],
            [
              80.1793,
              6.9776
            ],
            [
              80.1835,
              6.9752
            ],
            [
              80.2073,
              6.9787
            ]
          ]
        ]
      }
    },
    {
      "id": "feature_355",
      "type": "Feature",
      "properties": {
        "id": "LK-92-039",
        "name": "Warakapola PS",
        "area_sqkm": "196.98",
        "center_lat": "7.203746",
        "center_lng": "80.231762",
        "lg_code": "39",
        "province_id": "LK-9",
        "district_id": "LK-92",
        "dsd_id": "LK-9218",
        "ed_id": "EC-22",
        "pd_id": "EC-22A"
      },
      "geometry": {
        "type": "MultiPolygon",
        "coordinates": [
          [
            [
              [
                80.1589,
                7.1364
              ],
              [
                80.2022,
                7.137
              ],
              [
                80.2736,
                7.0943
              ],
              [
                80.2839,
                7.1189
              ],
              [
                80.2652,
                7.191
              ],
              [
                80.2652,
                7.191
              ],
              [
                80.2868,
                7.3153
              ],
              [
                80.2789,
                7.3181
              ],
              [
                80.196,
                7.2582
              ],
              [
                80.157,
                7.1435
              ],
              [
                80.157,
                7.1435
              ],
              [
                80.157,
                7.1435
              ],
              [
                80.1589,
                7.1364
              ]
            ]
          ],
          [
            [
              [
                80.1671,
                7.2001
              ],
              [
                80.1628,
                7.2032
              ],
              [
                80.159,
                7.1996
              ],
              [
                80.1609,
                7.1983
              ],
              [
                80.1671,
                7.2001
              ]
            ]
          ]
        ]
      }
    },
    {
      "id": "feature_356",
      "type": "Feature",
      "properties": {
        "id": "LK-92-040",
        "name": "Yatiyanthota PS",
        "area_sqkm": "179.91",
        "center_lat": "7.029854",
        "center_lng": "80.371683",
        "lg_code": "40",
        "province_id": "LK-9",
        "district_id": "LK-92",
        "dsd_id": "LK-9227",
        "ed_id": "EC-22",
        "pd_id": "EC-22G"
      },
      "geometry": {
        "type": "MultiPolygon",
        "coordinates": [
          [
            [
              [
                80.2639,
                7.0202
              ],
              [
                80.3493,
                6.9952
              ],
              [
                80.437,
                6.955
              ],
              [
                80.4671,
                7.0222
              ],
              [
                80.4715,
                7.064
              ],
              [
                80.4659,
                7.065
              ],
              [
                80.3042,
                7.0532
              ],
              [
                80.3042,
                7.0533
              ],
              [
                80.2731,
                7.0643
              ],
              [
                80.2639,
                7.0202
              ]
            ]
          ],
          [
            [
              [
                80.2829,
                7.0848
              ],
              [
                80.286,
                7.1181
              ],
              [
                80.2845,
                7.1193
              ],
              [
                80.2845,
                7.1193
              ],
              [
                80.2845,
                7.1193
              ],
              [
                80.2839,
                7.1189
              ],
              [
                80.2736,
                7.0943
              ],
              [
                80.2829,
                7.0848
              ]
            ]
          ]
        ]
      }
    },
    {
      "id": "feature_357",
      "type": "Feature",
      "properties": {
        "id": "LK-92-041",
        "name": "Bulathkohupitiya PS",
        "area_sqkm": "125.27",
        "center_lat": "7.098344",
        "center_lng": "80.355516",
        "lg_code": "41",
        "province_id": "LK-9",
        "district_id": "LK-92",
        "dsd_id": "LK-9224",
        "ed_id": "EC-22",
        "pd_id": ""
      },
      "geometry": {
        "type": "Polygon",
        "coordinates": [
          [
            [
              80.3042,
              7.0532
            ],
            [
              80.4659,
              7.065
            ],
            [
              80.4598,
              7.0909
            ],
            [
              80.4065,
              7.1135
            ],
            [
              80.4065,
              7.1136
            ],
            [
              80.4065,
              7.1135
            ],
            [
              80.3421,
              7.1713
            ],
            [
              80.3142,
              7.1194
            ],
            [
              80.286,
              7.1181
            ],
            [
              80.2829,
              7.0848
            ],
            [
              80.2731,
              7.0643
            ],
            [
              80.3042,
              7.0533
            ],
            [
              80.3042,
              7.0532
            ]
          ]
        ]
      }
    }
  ]
}